surface,reading,source_ref
アイス,あいす,curated
苺,いちご,curated
椅子,いす,curated
犬,いぬ,curated
映画,えいが,curated
音楽,おんがく,curated
カメラ,かめら,curated
学校,がっこう,curated
キリン,きりん,curated
ギター,ぎたー,curated
クジラ,くじら,curated
毛糸,けいと,curated
公園,こうえん,curated
コアラ,こあら,curated
コーヒー,こーひー,curated
新聞,しんぶん,curated
西瓜,すいか,curated
地図,ちず,curated
手紙,てがみ,curated
トマト,とまと,curated
肉,にく,curated
庭,にわ,curated
布,ぬの,curated
猫,ねこ,curated
海苔,のり,curated
飛行機,ひこうき,curated
帽子,ぼうし,curated
マイク,まいく,curated
蜜柑,みかん,curated
虫,むし,curated
野菜,やさい,curated
指輪,ゆびわ,curated
洋服,ようふく,curated
林檎,りんご,curated
料理,りょうり,curated
留守,るす,curated
檸檬,れもん,curated
蝋燭,ろうそく,curated
和紙,わし,curated
ワニ,わに,curated
ウサギ,うさぎ,curated
ズボン,ずぼん,curated
ゴマ,ごま,curated
ラジオ,らじお,curated
虹,にじ,curated
自転車,じてんしゃ,curated
両,りょう,wnja:13743269-n
並,なみ,wnja:08430203-n
丸,まる,wnja:03032811-n
丼,どんぶり,wnja:02881193-n
乱,らん,wnja:01170502-n
乾,いぬい,wnja:10053004-n
井,い,wnja:04572344-n
交,こう,wnja:13929588-n
仙,せん,wnja:10172448-n
仲,なか,wnja:13780719-n
企,たくらみ,wnja:05905348-n
伍,ご,wnja:03670849-n
伎,き,wnja:05638063-n
伜,せがれ,wnja:10624074-n
伯,はく,wnja:10041373-n
伽,とぎ,wnja:09821831-n
佇,たたずまい,wnja:04675646-n
位,くらい,wnja:13947415-n
住,じゅう,wnja:01053920-n
佚,いつ,wnja:06773976-n
例,れい,wnja:05820620-n
供,とも,wnja:06329734-n
価,あたい,wnja:13306870-n
侮,あなどり,wnja:01225783-n
俗,ぞく,wnja:00410247-n
俤,おもかげ,wnja:05928118-n
倍,ばい,wnja:05860200-n
倖,さいわい,wnja:07526757-n
傭,やとい,wnja:01217859-n
傷,きず,wnja:00359238-n
像,ぞう,wnja:03335600-n
僕,しもべ,wnja:10292192-n
党,とう,wnja:08240633-n
兜,かぶと,wnja:03513137-n
写,うつし,wnja:03104594-n
凛,りん,wnja:05015117-n
凝,しこり,wnja:00402789-n
凡,ぼん,wnja:04795061-n
凶,きょう,wnja:00217499-n
凸,とつ,wnja:04008947-n
凹,おう,wnja:00173172-n
列,れつ,wnja:03670849-n
券,けん,wnja:06518719-n
割,わり,wnja:00164345-n
劇,げき,wnja:07006119-n
加,か,wnja:00363260-n
助,すけ,wnja:01207609-n
動,どう,wnja:00279835-n
勘,かん,wnja:05707495-n
匂,におい,wnja:04980008-n
匏,ふくべ,wnja:03449451-n
匠,たくみ,wnja:00171249-n
区,く,wnja:08540016-n
半,はん,wnja:13736799-n
卒,そつ,wnja:00212065-n
厄,やく,wnja:00217499-n
厠,かわや,wnja:04446276-n
厨,くりや,wnja:03619890-n
厩,うまや,wnja:04294879-n
参,さん,wnja:13744044-n
叉,また,wnja:05597436-n
叙,じょ,wnja:07201365-n
叫,さけび,wnja:07121157-n
右,みぎ,wnja:08625073-n
号,ごう,wnja:05095691-n
君,きみ,wnja:10388440-n
听,きん,wnja:13720096-n
吻,ふん,wnja:02452967-n
味,あじ,wnja:00882702-n
咎,とが,wnja:00735936-n
唄,うた,wnja:07048000-n
唇,くちびる,wnja:05305806-n
問,とい,wnja:06784003-n
喪,も,wnja:13989280-n
嘘,うそ,wnja:00751944-n
嘲,あざけり,wnja:01222859-n
嘴,くちばし,wnja:01758308-n
噂,うわさ,wnja:07223450-n
器,うつわ,wnja:02880940-n
噯,おくび,wnja:00117578-n
嚊,かあ,wnja:10323529-n
嚢,のう,wnja:02773037-n
回,かい,wnja:05492426-n
因,もと,wnja:07326557-n
団,だん,wnja:07975026-n
囮,おとり,wnja:05837370-n
図,ず,wnja:03179318-n
坐,ざ,wnja:04301000-n
坤,ひつじさる,wnja:13833886-n
垢,あか,wnja:14495761-n
埃,ほこり,wnja:14839846-n
埒,らち,wnja:03327234-n
域,いき,wnja:05093890-n
埴,はに,wnja:14813182-n
堆,たい,wnja:09213434-n
報,ほう,wnja:06634376-n
場,ば,wnja:00027167-n
堵,と,wnja:03327234-n
塁,るい,wnja:03386011-n
塊,かたまり,wnja:02852523-n
塗,ぬり,wnja:00717208-n
塞,さい,wnja:03160309-n
壁,かべ,wnja:04546855-n
壜,びん,wnja:02876657-n
士,し,wnja:08388966-n
失,しつ,wnja:00070965-n
夷,えびす,wnja:10103485-n
奥,おく,wnja:08625846-n
姪,めい,wnja:10357613-n
姿,すがた,wnja:00755277-n
婬,いん,wnja:00759335-n
婿,むこ,wnja:10147935-n
嫁,よめ,wnja:09874618-n
嫗,おうな,wnja:10377021-n
嬢,じょう,wnja:10084295-n
孀,やもめ,wnja:10780284-n
孤,こ,wnja:10384392-n
宅,たく,wnja:03259505-n
客,きゃく,wnja:08184861-n
害,がい,wnja:00744443-n
富,とみ,wnja:08463969-n
察,さつ,wnja:08209687-n
封,ふう,wnja:04159354-n
導,しるべ,wnja:01144876-n
小,しょう,wnja:05106633-n
尾,お,wnja:02157557-n
屁,へ,wnja:00839597-n
屎,くそ,wnja:09815188-n
屑,くず,wnja:04150668-n
層,そう,wnja:01463259-n
岩,いわ,wnja:09259025-n
岬,みさき,wnja:03974215-n
峠,とうげ,wnja:07417043-n
峰,みね,wnja:08617963-n
崖,がけ,wnja:09224725-n
嵐,あらし,wnja:11462526-n
巣,す,wnja:04568713-n
差,さ,wnja:04748836-n
巽,たつみ,wnja:13832841-n
帚,ははき,wnja:02906734-n
席,せき,wnja:04161358-n
帯,おび,wnja:02784218-n
帳,とばり,wnja:03151077-n
幅,はば,wnja:05125377-n
幕,まく,wnja:03151077-n
幟,のぼり,wnja:02788021-n
庁,ちょう,wnja:08337324-n
府,ふ,wnja:03449858-n
弁,べん,wnja:04519153-n
式,しき,wnja:01027379-n
弓,ゆみ,wnja:00547765-n
弔,とむらい,wnja:07451463-n
弾,たま,wnja:02703275-n
影,かげ,wnja:05155349-n
忌,いみ,wnja:13989280-n
念,ねん,wnja:00026192-n
怨,おん,wnja:07208708-n
恥,はじ,wnja:00273449-n
悦,えつ,wnja:05829782-n
愚,ぐ,wnja:01248075-n
愛,あい,wnja:04627000-n
慈,じ,wnja:07543288-n
慾,よく,wnja:04945057-n
憩,いこい,wnja:01064148-n
懐,ふところ,wnja:00180770-n
我,が,wnja:05613170-n
戦,いくさ,wnja:00788973-n
戯,たわむれ,wnja:00511817-n
扇,おうぎ,wnja:03320046-n
扉,とびら,wnja:03221720-n
扱,こき,wnja:00140652-n
折,おり,wnja:07309599-n
押,おし,wnja:00112312-n
指,ゆび,wnja:05566097-n
掟,おきて,wnja:05846054-n
操,みさお,wnja:04849759-n
改,あらため,wnja:01248852-n
斧,おの,wnja:02764044-n
施,せ,wnja:01089635-n
旅,たび,wnja:00312553-n
旨,むね,wnja:06605897-n
昔,むかし,wnja:15120823-n
昼,ひる,wnja:14484516-n
晩,ばん,wnja:15166462-n
景,けい,wnja:05933246-n
暴,ぼう,wnja:00965404-n
曙,あけぼの,wnja:15168790-n
杉,すぎ,wnja:11636204-n
材,ざい,wnja:03729951-n
板,いた,wnja:02856463-n
枠,わく,wnja:03779370-n
枡,ます,wnja:02884225-n
枷,かせ,wnja:01145688-n
柔,やわら,wnja:04938228-n
柩,ひつぎ,wnja:03064758-n
栃,とち,wnja:12768369-n
栖,すみか,wnja:08584218-n
栞,しおり,wnja:02871147-n
株,かぶ,wnja:04322387-n
栲,たえ,wnja:03309808-n
案,あん,wnja:05728678-n
桶,おけ,wnja:02909870-n
梟,ふくろう,wnja:01621127-n
梢,こずえ,wnja:13128003-n
梨,なし,wnja:07767847-n
梱,こり,wnja:02778456-n
棗,なつめ,wnja:07606058-n
森,もり,wnja:08438533-n
椀,わん,wnja:02881193-n
椎,しい,wnja:07772413-n
椴,とど,wnja:11621281-n
椿,つばき,wnja:12929600-n
楢,なら,wnja:12265600-n
極,きょく,wnja:03976960-n
楼,ろう,wnja:02828555-n
楽,らく,wnja:07020895-n
槍,やり,wnja:04270891-n
槐,えんじゅ,wnja:12570394-n
樅,もみ,wnja:11620673-n
横,よこ,wnja:08649345-n
樵,きこり,wnja:10276045-n
橅,ぶな,wnja:12260799-n
橙,だいだい,wnja:04965179-n
檣,ほばしら,wnja:03726760-n
欝,うつ,wnja:07533097-n
欠,けつ,wnja:05113133-n
歪,ひずみ,wnja:13867276-n
歿,ぼつ,wnja:00219575-n
残,ざん,wnja:13810818-n
毒,どく,wnja:05166397-n
比,ひ,wnja:01168961-n
毳,けば,wnja:13090091-n
汗,あせ,wnja:05405751-n
沢,さわ,wnja:09262690-n
油,あぶら,wnja:14966667-n
沼,ぬま,wnja:09347779-n
泉,いずみ,wnja:03387926-n
泣,なき,wnja:00868196-n
注,ちゅう,wnja:06744000-n
泪,なみだ,wnja:00868196-n
洗,あらい,wnja:00255710-n
流,りゅう,wnja:08681777-n
浦,うら,wnja:09215664-n
浬,かいり,wnja:13660337-n
涎,よだれ,wnja:05416678-n
液,えき,wnja:05398609-n
淀,よど,wnja:09397607-n
渇,かつ,wnja:07484265-n
減,げん,wnja:07355887-n
渠,きょ,wnja:03214253-n
渦,うず,wnja:07433145-n
港,みなと,wnja:08633957-n
湖,みずうみ,wnja:09328904-n
滓,かす,wnja:09294984-n
滴,しずく,wnja:13901585-n
漆,うるし,wnja:03593222-n
漣,さざなみ,wnja:07344663-n
澪,みお,wnja:09476331-n
濁,じょく,wnja:04854604-n
点,てん,wnja:00186634-n
烟,けむり,wnja:11508092-n
熱,ねつ,wnja:04634540-n
燭,しょく,wnja:03636248-n
牙,きば,wnja:01465593-n
牝,めす,wnja:01320872-n
牡,おす,wnja:01321230-n
狆,ちん,wnja:02085782-n
狙,ねらい,wnja:00815644-n
率,りつ,wnja:13815742-n
瓜,うり,wnja:07755411-n
甥,おい,wnja:10353355-n
用,よう,wnja:05149325-n
略,りゃく,wnja:05706954-n
疣,いぼ,wnja:13895852-n
病,やまい,wnja:14052403-n
痕,あと,wnja:04693900-n
痢,り,wnja:14371913-n
痣,あざ,wnja:04692638-n
痰,たん,wnja:05415815-n
痴,ち,wnja:04891333-n
瘤,こぶ,wnja:03520811-n
癌,がん,wnja:03520811-n
癪,しゃく,wnja:07518261-n
的,まと,wnja:04394261-n
盃,さかずき,wnja:03438257-n
眉,まゆ,wnja:05313535-n
瞳,ひとみ,wnja:05320183-n
瞼,まぶた,wnja:05313822-n
矛,ほこ,wnja:04270891-n
矢,や,wnja:02742753-n
砦,とりで,wnja:02806088-n
碇,いかり,wnja:02709367-n
礎,いしずえ,wnja:03387016-n
祖,そ,wnja:04923743-n
祟,たたり,wnja:01235463-n
福,ふく,wnja:13987423-n
秒,びょう,wnja:13611395-n
秣,まぐさ,wnja:07802026-n
稲,いね,wnja:07804323-n
穀,こく,wnja:07731952-n
窓,まど,wnja:04587648-n
窖,あなぐら,wnja:02800497-n
窟,いわや,wnja:09238926-n
笊,ざる,wnja:04582205-n
第,だい,wnja:13597280-n
筆,ふで,wnja:00614224-n
筏,いかだ,wnja:04045397-n
策,さく,wnja:00171249-n
箍,たが,wnja:01145688-n
箴,しん,wnja:07152948-n
篝,かがり,wnja:07303335-n
篭,かご,wnja:03482405-n
簪,かんざし,wnja:03499354-n
籤,くじ,wnja:03233423-n
粍,みりめーとる,wnja:13658657-n
粒,つぶ,wnja:09290777-n
粗,あら,wnja:05162642-n
粮,かて,wnja:07572353-n
糠,ぬか,wnja:07568991-n
糶,せり,wnja:00092366-n
糸,いと,wnja:01145688-n
紋,もん,wnja:13676108-n
紐,ひも,wnja:03106110-n
級,きゅう,wnja:05094565-n
紫,むらさき,wnja:04970059-n
紲,きずな,wnja:13792183-n
紺,こん,wnja:04969703-n
絵,え,wnja:03234306-n
継,つぎ,wnja:03897943-n
綬,じゅ,wnja:06706676-n
網,あみ,wnja:03819595-n
綴,つづり,wnja:03337140-n
緑,みどり,wnja:04967191-n
縄,なわ,wnja:04108268-n
縛,いましめ,wnja:00052146-n
縫,ぬい,wnja:04321238-n
纏,まとい,wnja:06467007-n
罅,ひび,wnja:09258715-n
罠,わな,wnja:00750730-n
罪,つみ,wnja:00735936-n
署,しょ,wnja:03449858-n
羮,あつもの,wnja:07587023-n
肋,あばら,wnja:05279026-n
肘,ひじ,wnja:02468368-n
肺,はい,wnja:05387544-n
脇,わき,wnja:00350380-n
脈,みゃく,wnja:02999936-n
腎,じん,wnja:05332802-n
腟,ちつ,wnja:05521111-n
腿,もも,wnja:05562249-n
膕,ひかがみ,wnja:07669891-n
膝,ひざ,wnja:03622698-n
舞,まい,wnja:00428270-n
舳,へさき,wnja:02880008-n
舵,かじ,wnja:03357716-n
艇,てい,wnja:02858304-n
艮,うしとら,wnja:06637677-n
色,いろ,wnja:04674968-n
芋,いも,wnja:10113072-n
芝,しば,wnja:08591592-n
芥,あくた,wnja:06611998-n
芽,め,wnja:13164583-n
茄,なす,wnja:07713074-n
茜,あかね,wnja:12661045-n
茶,ちゃ,wnja:04971928-n
荷,に,wnja:02964389-n
莟,つぼみ,wnja:11674914-n
莢,さや,wnja:11683556-n
莨,たばこ,wnja:04442831-n
菫,すみれ,wnja:12387839-n
萼,がく,wnja:11691523-n
落,おち,wnja:01666228-n
著,ちょ,wnja:03841417-n
葵,あおい,wnja:12173664-n
蓆,むしろ,wnja:08647616-n
蓬,よもぎ,wnja:11929027-n
蕨,わらび,wnja:13189844-n
薇,ぜんまい,wnja:12953206-n
薮,やぶ,wnja:08437515-n
藜,あかざ,wnja:11828247-n
藤,ふじ,wnja:12580457-n
虎,とら,wnja:02129604-n
虻,あぶ,wnja:02193163-n
蚤,のみ,wnja:02186153-n
蛆,うじ,wnja:02312175-n
蛯,えび,wnja:07794159-n
蛹,さなぎ,wnja:02312427-n
蛻,もぬけ,wnja:13516842-n
蜑,あま,wnja:10093658-n
蜜,みつ,wnja:07858978-n
蝟,はりねずみ,wnja:02346627-n
蝮,まむし,wnja:01753959-n
蟻,あり,wnja:02219486-n
蠍,さそり,wnja:01770393-n
衆,しゅう,wnja:07942152-n
街,まち,wnja:08627919-n
衿,えり,wnja:03068181-n
袂,たもと,wnja:04236377-n
袖,そで,wnja:04236377-n
裔,すえ,wnja:10006511-n
裸,はだか,wnja:14456138-n
裾,すそ,wnja:03513627-n
褐,かち,wnja:04969703-n
襞,ひだ,wnja:13011679-n
見,み,wnja:06195839-n
訛,なまり,wnja:06822198-n
評,ひょう,wnja:05734018-n
詠,えい,wnja:06377442-n
詫,わび,wnja:06633363-n
誂,あつらえ,wnja:07279687-n
誉,ほまれ,wnja:04869106-n
誠,まこと,wnja:04867130-n
説,せつ,wnja:05952979-n
読,よみ,wnja:05710356-n
誼,よしみ,wnja:04657407-n
論,ろん,wnja:06409562-n
諱,いみな,wnja:06333653-n
諺,ことわざ,wnja:07152948-n
謀,はかりごと,wnja:00171249-n
謎,なぞ,wnja:04028315-n
譏,そしり,wnja:06715223-n
谺,こだま,wnja:05010801-n
豆,まめ,wnja:07724943-n
豕,いのこ,wnja:02395406-n
貧,ひん,wnja:14493145-n
賄,まかない,wnja:09963320-n
賭,かけ,wnja:00430140-n
贅,ぜい,wnja:05119223-n
贋,にせ,wnja:00768921-n
趣,おもむき,wnja:00755277-n
跋,ばつ,wnja:06384371-n
路,みち,wnja:00174003-n
踊,おどり,wnja:00428270-n
蹄,ひづめ,wnja:02153959-n
躾,しつけ,wnja:00893955-n
軍,ぐん,wnja:00953559-n
軒,のき,wnja:03263076-n
軸,じく,wnja:02764614-n
輪,わ,wnja:03032811-n
轟,とどろき,wnja:07377682-n
辻,つじ,wnja:00146111-n
邦,くに,wnja:08544813-n
邸,やしき,wnja:03259505-n
部,ぶ,wnja:05867413-n
鄙,ひな,wnja:08644722-n
酉,とり,wnja:13834399-n
酔,よい,wnja:00748515-n
釘,くぎ,wnja:03804744-n
鉞,まさかり,wnja:02903006-n
鋤,すき,wnja:03967562-n
鋼,はがね,wnja:14802450-n
錆,さび,wnja:03899612-n
錘,おもり,wnja:04571088-n
錦,にしき,wnja:02904803-n
錫,すず,wnja:07267309-n
鍋,なべ,wnja:02939185-n
鍔,つば,wnja:02902079-n
鍼,はり,wnja:00710155-n
鎧,よろい,wnja:02739668-n
鎹,かすがい,wnja:03673971-n
鏡,かがみ,wnja:03688832-n
鏨,たがね,wnja:03020692-n
鑢,やすり,wnja:03336839-n
鑰,かぎ,wnja:03613294-n
閂,かんぬき,wnja:02865931-n
閏,うるう,wnja:15172664-n
閨,ねや,wnja:02821627-n
闇,やみ,wnja:08646306-n
隅,すみ,wnja:03109881-n
雀,すずめ,wnja:01539573-n
雉,きじ,wnja:01803078-n
難,なん,wnja:04709253-n
零,こぼし,wnja:13596569-n
霙,みぞれ,wnja:11507951-n
霜,しも,wnja:11440521-n
霰,あられ,wnja:11465530-n
靄,もや,wnja:11458314-n
靨,えくぼ,wnja:05599874-n
鞄,かばん,wnja:02773037-n
鞍,くら,wnja:04123740-n
鞠,まり,wnja:00107400-n
鞭,むち,wnja:04577769-n
響,ひびき,wnja:04981139-n
飢,うえ,wnja:14039534-n
飴,あめ,wnja:04973957-n
飾,かざり,wnja:03169390-n
騒,さわぎ,wnja:01176335-n
驚,おどろき,wnja:07509572-n
骸,むくろ,wnja:05217859-n
髄,ずい,wnja:05285623-n
髢,かもじ,wnja:05254795-n
髭,ひげ,wnja:05261566-n
鬼,おに,wnja:09490825-n
魔,ま,wnja:09542339-n
鮒,ふな,wnja:01443831-n
鯡,にしん,wnja:07784522-n
鰍,かじか,wnja:02645691-n
鰓,えら,wnja:02510769-n
鰤,ぶり,wnja:02578771-n
鰮,いわし,wnja:07794063-n
鰻,うなぎ,wnja:02526121-n
鱸,すずき,wnja:13614679-n
鴎,かもめ,wnja:02041246-n
鵜,う,wnja:02054036-n
鵠,くぐい,wnja:01858441-n
鵲,かささぎ,wnja:01582398-n
麓,ふもと,wnja:07094843-n
麦,むぎ,wnja:07803545-n
麹,こうじ,wnja:13025647-n
麺,めん,wnja:07699584-n
黛,まゆずみ,wnja:05313535-n
黴,かび,wnja:13077033-n
鼈,すっぽん,wnja:01667114-n
鼬,いたち,wnja:02441942-n
あほ,あほ,wnja:04891333-n
いか,いか,wnja:03621473-n
うぶ,うぶ,wnja:05613043-n
うろ,うろ,wnja:09304750-n
う蝕,うしょく,wnja:13444513-n
おじ,おじ,wnja:10736091-n
お上,おかみ,wnja:08050678-n
お伴,おとも,wnja:09821831-n
お伽,おとぎ,wnja:05632446-n
お冷,おひや,wnja:07936263-n
お客,おきゃく,wnja:08184861-n
お尻,おしり,wnja:05559256-n
お爺,おやじ,wnja:10375214-n
お玉,おたま,wnja:07840804-n
お産,おさん,wnja:00042541-n
お礼,おれい,wnja:07228971-n
お祭,おまつり,wnja:00516086-n
お腹,おなか,wnja:02157415-n
お茶,おちゃ,wnja:07577918-n
お袋,おふくろ,wnja:10278128-n
お足,おあし,wnja:13384557-n
お金,おかね,wnja:13250542-n
お頭,おつむ,wnja:10162991-n
お髪,おぐし,wnja:05254795-n
かど,かど,wnja:08659993-n
か所,かしょ,wnja:00318035-n
か条,かじょう,wnja:06392935-n
がせ,がせ,wnja:03318438-n
がれ,がれ,wnja:09454153-n
き印,きじるし,wnja:10276764-n
き損,きそん,wnja:00403092-n
くど,くど,wnja:04246633-n
くび,くび,wnja:00216174-n
ぐう,ぐう,wnja:05565064-n
ぐる,ぐる,wnja:09958892-n
けが,けが,wnja:07313636-n
けち,けち,wnja:04833458-n
けり,けり,wnja:07291312-n
こと,こと,wnja:00029378-n
ごみ,ごみ,wnja:14857897-n
ご免,ごめん,wnja:00216174-n
ご覧,ごらん,wnja:00879271-n
ご飯,ごはん,wnja:07804323-n
さし,さし,wnja:02312175-n
ざ瘡,ざそう,wnja:14222112-n
しし,しし,wnja:14855724-n
しみ,しみ,wnja:13761407-n
すべ,すべ,wnja:00172710-n
ずれ,ずれ,wnja:04749709-n
そこ,そこ,wnja:08489627-n
そば,そば,wnja:08642632-n
ため,ため,wnja:05143077-n
たも,たも,wnja:03639077-n
だめ,だめ,wnja:00320742-n
だれ,だれ,wnja:05006285-n
だ捕,だほ,wnja:00088481-n
ちび,ちび,wnja:09917593-n
つゆ,つゆ,wnja:07583197-n
でか,でか,wnja:10009276-n
でぶ,でぶ,wnja:04999401-n
とき,とき,wnja:00028270-n
とげ,とげ,wnja:13089631-n
どす,どす,wnja:03624134-n
どぶ,どぶ,wnja:03471473-n
ねた,ねた,wnja:06635509-n
はし,はし,wnja:03025755-n
ばか,ばか,wnja:09921409-n
ばね,ばね,wnja:04288272-n
ばば,ばば,wnja:14854581-n
びく,びく,wnja:03129848-n
びら,びら,wnja:06793426-n
ふた,ふた,wnja:02954938-n
へそ,へそ,wnja:05556595-n
へた,へた,wnja:09632274-n
へぼ,へぼ,wnja:09632274-n
へま,へま,wnja:00073828-n
へら,へら,wnja:04269944-n
へり,へり,wnja:08565701-n
べべ,べべ,wnja:02728440-n
べろ,べろ,wnja:05301072-n
ほぞ,ほぞ,wnja:04409911-n
ぼぼ,ぼぼ,wnja:05521514-n
ぼろ,ぼろ,wnja:05162642-n
ぽち,ぽち,wnja:04681230-n
ぽつ,ぽつ,wnja:04681230-n
まき,まき,wnja:07969695-n
みぞ,みぞ,wnja:03214253-n
もく,もく,wnja:03030663-n
もの,もの,wnja:00002684-n
やつ,やつ,wnja:09908025-n
ゆり,ゆり,wnja:12426248-n
ろ座,ろざ,wnja:09284308-n
ろ紙,ろし,wnja:14868464-n
ろ過,ろか,wnja:13534274-n
わけ,わけ,wnja:06739990-n
わざ,わざ,wnja:05636887-n
アサ,あさ,wnja:12396924-n
アド,あど,wnja:01101329-n
アビ,あび,wnja:02049088-n
アポ,あぽ,wnja:08385009-n
アワ,あわ,wnja:12135270-n
イド,いど,wnja:05613794-n
イブ,いぶ,wnja:09586743-n
イヴ,いゔ,wnja:15156424-n
ウシ,うし,wnja:02402010-n
ウニ,うに,wnja:02319095-n
ウマ,うま,wnja:02374149-n
エア,えあ,wnja:08499057-n
エゴ,えご,wnja:05613170-n
エペ,えぺ,wnja:03292475-n
エル,える,wnja:03281821-n
オペ,おぺ,wnja:00671351-n
カキ,かき,wnja:01960459-n
カニ,かに,wnja:01976957-n
カバ,かば,wnja:02398521-n
カフ,かふ,wnja:03145843-n
カム,かむ,wnja:02941716-n
カメ,かめ,wnja:01662622-n
カモ,かも,wnja:01846331-n
カラ,から,wnja:07681450-n
カリ,かり,wnja:08733163-n
カー,かー,wnja:02959942-n
ガオ,がお,wnja:08162245-n
ガス,がす,wnja:00839597-n
ガマ,がま,wnja:12155459-n
ガム,がむ,wnja:07599998-n
ガル,がる,wnja:13648793-n
キイ,きい,wnja:03613294-n
キク,きく,wnja:11950345-n
キス,きす,wnja:00138221-n
キナ,きな,wnja:13680599-n
キビ,きび,wnja:12135898-n
キロ,きろ,wnja:06832248-n
キー,きー,wnja:03613294-n
ギア,ぎあ,wnja:03431243-n
ギグ,ぎぐ,wnja:00271155-n
ギヤ,ぎや,wnja:03431243-n
ギー,ぎー,wnja:07848936-n
クマ,くま,wnja:02131653-n
クモ,くも,wnja:01772222-n
クリ,くり,wnja:12262553-n
クワ,くわ,wnja:12399132-n
グチ,ぐち,wnja:02598878-n
ケア,けあ,wnja:00654885-n
ケシ,けし,wnja:11900569-n
ゲイ,げい,wnja:10122645-n
ゲジ,げじ,wnja:01785667-n
ゲバ,げば,wnja:00965404-n
ゲル,げる,wnja:13384557-n
コア,こあ,wnja:03108069-n
コイ,こい,wnja:01439514-n
コカ,こか,wnja:10903413-n
コケ,こけ,wnja:11537506-n
コチ,こち,wnja:02620167-n
コネ,こね,wnja:00145218-n
コマ,こま,wnja:03391464-n
コラ,こら,wnja:09569467-n
ゴム,ごむ,wnja:03088164-n
ゴロ,ごろ,wnja:00129089-n
サガ,さが,wnja:06370522-n
サケ,さけ,wnja:02534734-n
サゴ,さご,wnja:15054607-n
サド,さど,wnja:07493830-n
サバ,さば,wnja:02623445-n
サブ,さぶ,wnja:10671042-n
サボ,さぼ,wnja:03047690-n
サム,さむ,wnja:04353803-n
サメ,さめ,wnja:01482330-n
サル,さる,wnja:02470238-n
シカ,しか,wnja:02430045-n
シス,しす,wnja:08295138-n
シダ,しだ,wnja:11545714-n
シル,しる,wnja:09435232-n
シロ,しろ,wnja:01294502-n
ジグ,じぐ,wnja:00538991-n
ジブ,じぶ,wnja:03383099-n
ジム,じむ,wnja:03472112-n
ジー,じー,wnja:13648596-n
スト,すと,wnja:01243674-n
スフ,すふ,wnja:15018688-n
スリ,すり,wnja:10431907-n
セミ,せみ,wnja:02256656-n
セル,せる,wnja:00006484-n
ゼミ,ぜみ,wnja:00892145-n
ソル,そる,wnja:09561593-n
ソロ,そろ,wnja:07040939-n
ゾラ,ぞら,wnja:11407591-n
ゾル,ぞる,wnja:14590795-n
タカ,たか,wnja:01605630-n
タグ,たぐ,wnja:04495843-n
タケ,たけ,wnja:12147226-n
タコ,たこ,wnja:07782365-n
タブ,たぶ,wnja:04378123-n
タム,たむ,wnja:11330228-n
タラ,たら,wnja:02522399-n
ダニ,だに,wnja:01776313-n
ダフ,だふ,wnja:07618119-n
ダム,だむ,wnja:03160309-n
ツキ,つき,wnja:11418460-n
ツタ,つた,wnja:13148208-n
ツナ,つな,wnja:11852148-n
ツル,つる,wnja:02012849-n
テル,てる,wnja:10698649-n
テロ,てろ,wnja:00759500-n
ディ,でぃ,wnja:14484516-n
デイ,でい,wnja:10925772-n
デス,です,wnja:07355491-n
デマ,でま,wnja:07187297-n
デモ,でも,wnja:01177703-n
トス,とす,wnja:00105820-n
トビ,とび,wnja:01608432-n
トム,とむ,wnja:09638245-n
トル,とる,wnja:13711416-n
トン,とん,wnja:13721387-n
トー,とー,wnja:04444345-n
ドア,どあ,wnja:03221720-n
ドル,どる,wnja:13391967-n
ドン,どん,wnja:06340395-n
ド肝,どぎも,wnja:04838210-n
ニス,にす,wnja:04521987-n
ニレ,にれ,wnja:12405714-n
ニー,にー,wnja:05573602-n
ヌー,ぬー,wnja:02421449-n
ネガ,ねが,wnja:03817191-n
ネジ,ねじ,wnja:04153751-n
ネル,ねる,wnja:03356982-n
ノア,のあ,wnja:08129883-n
ノバ,のば,wnja:09374493-n
ノブ,のぶ,wnja:03626014-n
ノロ,のろ,wnja:02433546-n
ノー,のー,wnja:07205104-n
ハエ,はえ,wnja:02190166-n
ハス,はす,wnja:11717399-n
ハズ,はず,wnja:10193967-n
ハゼ,はぜ,wnja:02619165-n
ハタ,はた,wnja:02568959-n
ハツ,はつ,wnja:00496599-n
ハト,はと,wnja:01811909-n
ハブ,はぶ,wnja:03547658-n
ハム,はむ,wnja:07430211-n
ハラ,はら,wnja:07681450-n
ハレ,はれ,wnja:08773098-n
ハロ,はろ,wnja:04951716-n
ハー,はー,wnja:06341127-n
バウ,ばう,wnja:02880008-n
バク,ばく,wnja:02393580-n
バグ,ばぐ,wnja:14464675-n
バス,ばす,wnja:02565573-n
バタ,ばた,wnja:07848338-n
バラ,ばら,wnja:12620196-n
バロ,ばろ,wnja:11361039-n
バー,ばー,wnja:02788689-n
パイ,ぱい,wnja:02085118-n
パグ,ぱぐ,wnja:02110958-n
パス,ぱす,wnja:00065575-n
パテ,ぱて,wnja:07627310-n
パパ,ぱぱ,wnja:09988063-n
パフ,ぱふ,wnja:03994874-n
パブ,ぱぶ,wnja:04018399-n
パラ,ぱら,wnja:13671310-n
パン,ぱん,wnja:03880323-n
パー,ぱー,wnja:11224046-n
ヒシ,ひし,wnja:12348518-n
ヒス,ひす,wnja:07520507-n
ヒト,ひと,wnja:02472293-n
ヒヒ,ひひ,wnja:02486410-n
ヒマ,ひま,wnja:12924623-n
ヒレ,ひれ,wnja:07655337-n
ヒ素,ひそ,wnja:14629149-n
ビア,びあ,wnja:07886849-n
ビザ,びざ,wnja:06687883-n
ビス,びす,wnja:04153751-n
ビデ,びで,wnja:02836174-n
ビヤ,びや,wnja:07886849-n
ビル,びる,wnja:02913152-n
ビワ,びわ,wnja:07763792-n
ピカ,ぴか,wnja:01582111-n
ピケ,ぴけ,wnja:03930087-n
ピザ,ぴざ,wnja:07873807-n
ピル,ぴる,wnja:03936568-n
ピン,ぴん,wnja:02882647-n
フカ,ふか,wnja:10567172-n
フグ,ふぐ,wnja:07782204-n
ブイ,ぶい,wnja:07266178-n
ブギ,ぶぎ,wnja:07063249-n
ブタ,ぶた,wnja:02395003-n
ブユ,ぶゆ,wnja:02205673-n
ブラ,ぶら,wnja:02892767-n
プラ,ぷら,wnja:13695945-n
プル,ぷる,wnja:00114431-n
プロ,ぷろ,wnja:06674542-n
ヘア,へあ,wnja:05254795-n
ヘゴ,へご,wnja:13186654-n
ヘビ,へび,wnja:01726692-n
ヘム,へむ,wnja:03513627-n
ヘヤ,へや,wnja:05254795-n
ヘル,へる,wnja:05629682-n
ベタ,べた,wnja:06834245-n
ベラ,べら,wnja:02607862-n
ベル,べる,wnja:02824448-n
ペア,ぺあ,wnja:07767847-n
ペイ,ぺい,wnja:13279262-n
ペケ,ぺけ,wnja:14477877-n
ペソ,ぺそ,wnja:13691509-n
ペン,ぺん,wnja:00614224-n
ホブ,ほぶ,wnja:09540739-n
ホモ,ほも,wnja:02472293-n
ホン,ほん,wnja:04401088-n
ボア,ぼあ,wnja:01741943-n
ボケ,ぼけ,wnja:12624381-n
ボス,ぼす,wnja:09867956-n
ボブ,ぼぶ,wnja:05259109-n
ボム,ぼむ,wnja:02866578-n
ボラ,ぼら,wnja:02601344-n
ボー,ぼー,wnja:02879517-n
ポア,ぽあ,wnja:00219575-n
ポカ,ぽか,wnja:04802629-n
ポロ,ぽろ,wnja:00477639-n
マグ,まぐ,wnja:03797390-n
マゾ,まぞ,wnja:10297367-n
マツ,まつ,wnja:11608250-n
マネ,まね,wnja:11153887-n
マフ,まふ,wnja:03796974-n
ママ,まま,wnja:09519192-n
マン,まん,wnja:11154023-n
ミサ,みさ,wnja:01042242-n
ミス,みす,wnja:00070965-n
ミニ,みに,wnja:03770439-n
ミリ,みり,wnja:13658657-n
ミル,みる,wnja:03765561-n
メカ,めか,wnja:00098385-n
メサ,めさ,wnja:09058071-n
メモ,めも,wnja:06504462-n
メー,めー,wnja:07377931-n
モア,もあ,wnja:01523105-n
モカ,もか,wnja:07920872-n
モズ,もず,wnja:01598588-n
モル,もる,wnja:13724081-n
モー,もー,wnja:13637240-n
ヤギ,やぎ,wnja:02416519-n
ヤシ,やし,wnja:12582231-n
ヤマ,やま,wnja:06373747-n
ヨガ,よが,wnja:06239361-n
ラグ,らぐ,wnja:04118021-n
ラド,らど,wnja:13646557-n
ラバ,らば,wnja:02390101-n
ラビ,らび,wnja:10502329-n
ラフ,らふ,wnja:08640962-n
ラブ,らぶ,wnja:07543288-n
ラボ,らぼ,wnja:03629986-n
ラマ,らま,wnja:02437616-n
ラム,らむ,wnja:00495331-n
ラメ,らめ,wnja:03635330-n
ラヴ,らゔ,wnja:07543288-n
ラ音,らおん,wnja:07391240-n
リア,りあ,wnja:04059701-n
リグ,りぐ,wnja:04467665-n
リス,りす,wnja:02355227-n
リハ,りは,wnja:00897026-n
リブ,りぶ,wnja:04087126-n
リム,りむ,wnja:04092305-n
リラ,りら,wnja:09344559-n
リル,りる,wnja:09509770-n
ルポ,るぽ,wnja:06683784-n
ルー,るー,wnja:07839478-n
レア,れあ,wnja:01521399-n
レジ,れじ,wnja:02977438-n
レス,れす,wnja:06746005-n
レズ,れず,wnja:10254965-n
レフ,れふ,wnja:04069434-n
レポ,れぽ,wnja:07217924-n
レム,れむ,wnja:13646367-n
ロキ,ろき,wnja:09581680-n
ログ,ろぐ,wnja:06402031-n
ロゴ,ろご,wnja:07272084-n
ロス,ろす,wnja:05162985-n
ロゼ,ろぜ,wnja:04970916-n
ロバ,ろば,wnja:02389346-n
ロブ,ろぶ,wnja:00120804-n
ロム,ろむ,wnja:04058239-n
ロー,ろー,wnja:08441203-n
ワジ,わじ,wnja:09474010-n
ワタ,わた,wnja:12175797-n
一丸,いちがん,wnja:09307300-n
一佐,いっさ,wnja:09937250-n
一党,いっとう,wnja:08240633-n
一分,いちぶん,wnja:13738327-n
一切,いっさい,wnja:05869584-n
一刻,いっこく,wnja:15246853-n
一助,いちじょ,wnja:01207609-n
一半,いっぱん,wnja:13736799-n
一口,ひとくち,wnja:01085098-n
一品,いっぴん,wnja:06324669-n
一員,いちいん,wnja:08170686-n
一回,いちかい,wnja:07341038-n
一団,いちだん,wnja:08182379-n
一報,いっぽう,wnja:06634376-n
一塁,いちるい,wnja:00723547-n
一天,いってん,wnja:08521267-n
一存,いちぞん,wnja:01189650-n
一尉,いちい,wnja:09892513-n
一山,ひとやま,wnja:01117164-n
一巡,いちじゅん,wnja:00295172-n
一巻,いっかん,wnja:02870092-n
一帯,いったい,wnja:08630985-n
一座,いちざ,wnja:08187033-n
一廓,いっかく,wnja:08497294-n
一式,いっしき,wnja:07953827-n
一律,いちりつ,wnja:04740326-n
一徹,いってつ,wnja:04908835-n
一心,いっしん,wnja:05704266-n
一念,いちねん,wnja:07481785-n
一息,ひといき,wnja:15271008-n
一戦,いっせん,wnja:00456199-n
一指,いっし,wnja:05566504-n
一掬,いっきく,wnja:13762717-n
一揆,いっき,wnja:01170502-n
一握,いちあく,wnja:13767350-n
一撃,いちげき,wnja:00043902-n
一族,いちぞく,wnja:07969695-n
一日,ついたち,wnja:15155220-n
一服,いっぷく,wnja:00834636-n
一札,いっさつ,wnja:03217458-n
一杯,いっぱい,wnja:05115568-n
一毫,いちごう,wnja:13761407-n
一水,いっすい,wnja:13771404-n
一派,いっぱ,wnja:08149781-n
一流,いちりゅう,wnja:04730191-n
一理,いちり,wnja:06739990-n
一癖,ひとくせ,wnja:04616059-n
一皮,ひとかわ,wnja:05853449-n
一瞥,いちべつ,wnja:00877625-n
一瞬,いっしゅん,wnja:15245382-n
一端,いったん,wnja:04164989-n
一笑,いっしょう,wnja:06878071-n
一節,いっせつ,wnja:00318035-n
一級,いっきゅう,wnja:04730191-n
一緒,いっしょ,wnja:00146856-n
一群,いちぐん,wnja:05147586-n
一考,いっこう,wnja:01229793-n
一致,いっち,wnja:01086572-n
一覧,いちらん,wnja:06416206-n
一語,ひとこと,wnja:06738162-n
一連,いちれん,wnja:01010458-n
一部,いちぶ,wnja:04164989-n
一門,いちもん,wnja:07969695-n
一陣,いちじん,wnja:08215495-n
一隅,いちぐう,wnja:08544419-n
一雫,ひとしずく,wnja:13771404-n
一驚,いっきょう,wnja:07298154-n
一髪,いっぱつ,wnja:13761603-n
丁壮,ていそう,wnja:10804287-n
丁子,ちょうじ,wnja:07814487-n
丁字,ていじ,wnja:07814487-n
丁年,ていねん,wnja:10287213-n
丁稚,でっち,wnja:10591949-n
七竈,ななかまど,wnja:12305986-n
万両,まんりょう,wnja:12097396-n
万全,ばんぜん,wnja:14459422-n
万力,まんりき,wnja:03589093-n
万古,ばんこ,wnja:13956905-n
万引,まんびき,wnja:09866661-n
万斛,ばんこく,wnja:05115568-n
万有,ばんゆう,wnja:09466280-n
三下,さんした,wnja:10669991-n
三嘆,さんたん,wnja:06693198-n
三塁,さんるい,wnja:00724168-n
三春,みはる,wnja:15237044-n
三更,さんこう,wnja:15168369-n
三流,さんりゅう,wnja:04730580-n
三盆,さんぼん,wnja:07859284-n
三脚,さんきゃく,wnja:04485082-n
三頭,さんとう,wnja:02463611-n
上げ,あげ,wnja:00324384-n
上世,じょうせい,wnja:02724026-n
上人,しょうにん,wnja:10546850-n
上位,じょうい,wnja:10675876-n
上作,じょうさく,wnja:03727605-n
上前,うわまえ,wnja:07169480-n
上告,じょうこく,wnja:01185611-n
上唇,うわくちびる,wnja:05305806-n
上塗,うわぬり,wnja:03058107-n
上天,じょうてん,wnja:05627785-n
上席,じょうせき,wnja:13949576-n
上役,うわやく,wnja:10104209-n
上昇,じょうしょう,wnja:00324384-n
上智,じょうち,wnja:10546202-n
上梓,じょうし,wnja:01101958-n
上水,じょうすい,wnja:07936177-n
上演,じょうえん,wnja:00520257-n
上界,じょうかい,wnja:05627785-n
上着,うわぎ,wnja:03057021-n
上端,じょうたん,wnja:08664184-n
上等,じょうとう,wnja:04728376-n
上米,じょうまい,wnja:07804323-n
上紙,うわがみ,wnja:02840619-n
上背,うわぜい,wnja:05002352-n
上腿,じょうたい,wnja:05562249-n
上記,じょうき,wnja:06392660-n
上訴,じょうそ,wnja:01185611-n
上質,じょうしつ,wnja:04728376-n
上達,じょうたつ,wnja:00282840-n
上長,じょうちょう,wnja:10048218-n
上限,じょうげん,wnja:05124928-n
上陸,じょうりく,wnja:00052500-n
下り,くだり,wnja:00326440-n
下丘,かきゅう,wnja:05500465-n
下人,げにん,wnja:10582154-n
下側,したがわ,wnja:05852819-n
下僕,げぼく,wnja:10292192-n
下剤,げざい,wnja:04025748-n
下命,かめい,wnja:07168623-n
下品,げぼん,wnja:00737536-n
下唇,したくちびる,wnja:05305806-n
下垂,かすい,wnja:07363346-n
下士,かし,wnja:10360747-n
下婢,かひ,wnja:10282672-n
下弦,かげん,wnja:15207430-n
下役,したやく,wnja:10669991-n
下愚,かぐ,wnja:10100761-n
下方,かほう,wnja:08511570-n
下書,したがき,wnja:04227144-n
下枠,したわく,wnja:04220036-n
下疳,げかん,wnja:14184067-n
下痢,げり,wnja:14371913-n
下着,したぎ,wnja:04508163-n
下穿,したばき,wnja:03234164-n
下等,かとう,wnja:04730580-n
下紐,したひも,wnja:02827606-n
下絵,したえ,wnja:03230785-n
下緒,さげお,wnja:04374421-n
下線,かせん,wnja:06801418-n
下肥,しもごえ,wnja:14863521-n
下腿,かたい,wnja:05560787-n
下膊,かはく,wnja:05564323-n
下船,げせん,wnja:00058247-n
下落,げらく,wnja:00327366-n
下薬,げやく,wnja:04025748-n
下見,したみ,wnja:15103007-n
下足,げそく,wnja:03380867-n
下郎,げろう,wnja:10308938-n
下降,かこう,wnja:00326440-n
下院,かいん,wnja:08161971-n
下面,かめん,wnja:08511241-n
下風,かふう,wnja:08592352-n
下駄,げた,wnja:03047690-n
不予,ふよ,wnja:13988663-n
不仁,ふじん,wnja:04830102-n
不仲,ふなか,wnja:01170175-n
不作,ふさく,wnja:14477877-n
不佞,ふねい,wnja:05647772-n
不例,ふれい,wnja:14070360-n
不便,ふべん,wnja:04722715-n
不信,ふしん,wnja:04828612-n
不倫,ふりん,wnja:00848466-n
不偏,ふへん,wnja:06202686-n
不備,ふび,wnja:05113133-n
不全,ふぜん,wnja:05113133-n
不利,ふり,wnja:05161614-n
不動,ふどう,wnja:04776299-n
不参,ふさん,wnja:01234090-n
不吉,ふきつ,wnja:05162217-n
不味,ふみ,wnja:04780396-n
不和,ふわ,wnja:01170175-n
不在,ふざい,wnja:01234345-n
不埒,ふらち,wnja:00732746-n
不妊,ふにん,wnja:05148186-n
不孝,ふこう,wnja:04828485-n
不安,ふあん,wnja:04625284-n
不定,ふてい,wnja:04756887-n
不実,ふじつ,wnja:04804451-n
不帰,ふき,wnja:07355491-n
不平,ふへい,wnja:07208708-n
不徳,ふとく,wnja:00746866-n
不忠,ふちゅう,wnja:04879340-n
不快,ふかい,wnja:04779649-n
不愍,ふびん,wnja:07553741-n
不意,ふい,wnja:05060476-n
不才,ふさい,wnja:05154241-n
不払,ふばらい,wnja:01120855-n
不抜,ふばつ,wnja:04777098-n
不敬,ふけい,wnja:04828255-n
不整,ふせい,wnja:05066012-n
不文,ふぶん,wnja:10199103-n
不断,ふだん,wnja:05699172-n
不明,ふめい,wnja:04756887-n
不易,ふえき,wnja:04738641-n
不服,ふふく,wnja:07208708-n
不朽,ふきゅう,wnja:05053215-n
不死,ふし,wnja:05056102-n
不況,ふきょう,wnja:14013368-n
不浄,ふじょう,wnja:00757080-n
不渡,ふわたり,wnja:13382121-n
不満,ふまん,wnja:07502829-n
不滅,ふめつ,wnja:05043621-n
不潔,ふけつ,wnja:04896724-n
不犯,ふぼん,wnja:01069125-n
不発,ふはつ,wnja:07421749-n
不眠,ふみん,wnja:14022959-n
不知,ふち,wnja:05988282-n
不磨,ふま,wnja:05053215-n
不祥,ふしょう,wnja:07306252-n
不穏,ふおん,wnja:00737070-n
不等,ふとう,wnja:04752221-n
不精,ぶしょう,wnja:00758795-n
不納,ふのう,wnja:13300141-n
不純,ふじゅん,wnja:04770211-n
不縁,ふえん,wnja:01201271-n
不義,ふぎ,wnja:00732746-n
不老,ふろう,wnja:04742418-n
不良,ふりょう,wnja:04639732-n
不覚,ふかく,wnja:00074790-n
不評,ふひょう,wnja:04809089-n
不識,ふしき,wnja:05988282-n
不躾,ぶしつけ,wnja:01224031-n
不遇,ふぐう,wnja:11427842-n
不運,ふうん,wnja:07304852-n
不遜,ふそん,wnja:01224914-n
不適,ふてき,wnja:00737070-n
不随,ふずい,wnja:14558226-n
与力,よりき,wnja:01207609-n
与国,よこく,wnja:08305942-n
与太,よた,wnja:06607339-n
与格,よかく,wnja:06311723-n
与薬,よやく,wnja:00694990-n
世人,せじん,wnja:08179689-n
世代,せだい,wnja:08368907-n
世俗,せぞく,wnja:04621524-n
世嗣,よつぎ,wnja:05696803-n
世子,せいし,wnja:05696803-n
世才,せさい,wnja:05615500-n
世界,せかい,wnja:05809878-n
世祖,せいそ,wnja:09792555-n
世系,せいけい,wnja:13813042-n
世紀,せいき,wnja:15205532-n
世襲,せしゅう,wnja:00083585-n
世評,せひょう,wnja:06207199-n
世説,せせつ,wnja:07223450-n
世辞,せじ,wnja:06695579-n
世間,せけん,wnja:08179689-n
丘上,きゅうじょう,wnja:08584787-n
丘疹,きゅうしん,wnja:14333863-n
丘陵,きゅうりょう,wnja:09303008-n
両替,りょうがえ,wnja:01093085-n
両極,りょうきょく,wnja:13856110-n
両立,りょうりつ,wnja:04712735-n
並々,なみなみ,wnja:13920169-n
並び,ならび,wnja:03120029-n
並列,へいれつ,wnja:05075602-n
並等,なみとう,wnja:13920169-n
並置,へいち,wnja:01051801-n
並足,なみあし,wnja:00287142-n
中世,ちゅうせい,wnja:15259284-n
中人,ちゅうにん,wnja:10299875-n
中休,なかやすみ,wnja:01062997-n
中位,ちゅうい,wnja:04795061-n
中佐,ちゅうさ,wnja:09941571-n
中傷,ちゅうしょう,wnja:06719579-n
中入,なかいり,wnja:01062997-n
中分,ちゅうぶん,wnja:04795061-n
中味,なかみ,wnja:02848216-n
中品,ちゅうぼん,wnja:04795061-n
中堅,ちゅうけん,wnja:00724684-n
中天,ちゅうてん,wnja:08684769-n
中央,ちゅうおう,wnja:00725506-n
中学,ちゅうがく,wnja:08409835-n
中将,ちゅうじょう,wnja:10260166-n
中年,ちゅうねん,wnja:15153472-n
中庭,なかにわ,wnja:03120198-n
中庸,ちゅうよう,wnja:00353249-n
中心,ちゅうしん,wnja:00725506-n
中折,なかおれ,wnja:03325941-n
中指,なかゆび,wnja:05567604-n
中断,ちゅうだん,wnja:00383952-n
中景,ちゅうけい,wnja:05934550-n
中期,ちゅうき,wnja:13515149-n
中枢,ちゅうすう,wnja:00725506-n
中核,ちゅうかく,wnja:05812038-n
中次,なかつぎ,wnja:00318567-n
中止,ちゅうし,wnja:00209132-n
中毒,ちゅうどく,wnja:00224738-n
中流,ちゅうりゅう,wnja:09354511-n
中略,ちゅうりゃく,wnja:05706954-n
中皮,ちゅうひ,wnja:05240710-n
中程,なかほど,wnja:05868272-n
中稲,なかて,wnja:05593871-n
中絶,ちゅうぜつ,wnja:00230324-n
中耳,ちゅうじ,wnja:05318831-n
中肋,ちゅうろく,wnja:13098420-n
中脳,ちゅうのう,wnja:05499828-n
中興,ちゅうこう,wnja:01047338-n
中衛,ちゅうえい,wnja:10157128-n
中軸,ちゅうじく,wnja:03951971-n
中隊,ちゅうたい,wnja:08077711-n
中音,ちゅうおん,wnja:06857986-n
中頃,なかごろ,wnja:05868272-n
丸み,まるみ,wnja:05072911-n
丸型,まるがた,wnja:03032811-n
丸太,まるた,wnja:02931836-n
丸木,まるき,wnja:14942762-n
丸材,まるざい,wnja:14942762-n
丸物,まるもの,wnja:13384557-n
丸石,まるいし,wnja:03059528-n
丸秘,まるひ,wnja:06673142-n
丸薬,がんやく,wnja:03936568-n
丸裸,まるはだか,wnja:14456138-n
丸鋸,まるのこ,wnja:03034663-n
丹心,たんしん,wnja:04867130-n
丹毒,たんどく,wnja:14232299-n
丹色,にいろ,wnja:04962784-n
丹誠,たんせい,wnja:04867130-n
丹銅,たんどう,wnja:14717634-n
主事,しゅじ,wnja:04164868-n
主人,しゅじん,wnja:10054657-n
主任,しゅにん,wnja:09623038-n
主体,しゅたい,wnja:14776804-n
主催,しゅさい,wnja:01215036-n
主君,しゅくん,wnja:10298647-n
主婦,しゅふ,wnja:10189776-n
主将,しゅしょう,wnja:09892513-n
主導,しゅどう,wnja:01256417-n
主席,しゅせき,wnja:09893344-n
主張,しゅちょう,wnja:01061945-n
主役,しゅやく,wnja:05929670-n
主情,しゅじょう,wnja:04626280-n
主意,しゅい,wnja:05921123-n
主我,しゅが,wnja:05613170-n
主教,しゅきょう,wnja:09857200-n
主文,しゅぶん,wnja:06314423-n
主日,しゅじつ,wnja:15163797-n
主旨,しゅし,wnja:05919866-n
主柱,しゅちゅう,wnja:05694232-n
主根,しゅこん,wnja:05834946-n
主格,しゅかく,wnja:06311160-n
主権,しゅけん,wnja:13992935-n
主流,しゅりゅう,wnja:05122557-n
主演,しゅえん,wnja:10648696-n
主点,しゅてん,wnja:05817845-n
主管,しゅかん,wnja:10676877-n
主簿,しゅぼ,wnja:09761403-n
主義,しゅぎ,wnja:00888037-n
主語,しゅご,wnja:06309931-n
主謀,しゅぼう,wnja:10164025-n
主軸,しゅじく,wnja:06010105-n
主部,しゅぶ,wnja:06309931-n
主音,しゅおん,wnja:06857726-n
主題,しゅだい,wnja:04347225-n
丼鉢,どんぶりばち,wnja:02881193-n
乃父,だいふ,wnja:10080869-n
乗合,のりあい,wnja:02924116-n
乗員,じょういん,wnja:08273167-n
乗場,のりば,wnja:02926288-n
乗客,じょうきゃく,wnja:10403876-n
乗手,のりて,wnja:10403876-n
乗換,のりかえ,wnja:00316989-n
乗数,じょうすう,wnja:13733818-n
乗気,のりき,wnja:04644719-n
乗法,じょうほう,wnja:00871576-n
乗物,のりもの,wnja:04524313-n
乗算,じょうざん,wnja:00871576-n
乗組,のりくみ,wnja:08273167-n
乗船,じょうせん,wnja:00058337-n
乗艦,じょうかん,wnja:00058337-n
乗馬,じょうば,wnja:02377703-n
乙女,おとめ,wnja:10084295-n
九天,きゅうてん,wnja:03877845-n
九星,きゅうせい,wnja:05778131-n
九月,ながつき,wnja:15212739-n
九泉,きゅうせん,wnja:05629381-n
乱れ,みだれ,wnja:04897604-n
乱世,らんせい,wnja:13973059-n
乱交,らんこう,wnja:00856342-n
乱人,らんじん,wnja:10276764-n
乱入,らんにゅう,wnja:07429976-n
乱打,らんだ,wnja:01176115-n
乱暴,らんぼう,wnja:00773402-n
乱波,らっぱ,wnja:09879297-n
乱流,らんりゅう,wnja:11521267-n
乱用,らんよう,wnja:00947719-n
乱筆,らんぴつ,wnja:06404147-n
乱脈,らんみゃく,wnja:07507912-n
乱視,らんし,wnja:14553590-n
乱費,らんぴ,wnja:00742645-n
乱軍,らんぐん,wnja:01172441-n
乱逆,らんぎゃく,wnja:00749767-n
乱闘,らんとう,wnja:00554200-n
乱雑,らんざつ,wnja:04897428-n
乱雲,らんうん,wnja:09371686-n
乳び,にゅうび,wnja:05403849-n
乳児,にゅうじ,wnja:09827683-n
乳剤,にゅうざい,wnja:14674584-n
乳棒,にゅうぼう,wnja:03919289-n
乳歯,にゅうし,wnja:05282746-n
乳汁,にゅうじゅう,wnja:05399034-n
乳液,にゅうえき,wnja:15006118-n
乳清,にゅうせい,wnja:07849733-n
乳癌,にゅうがん,wnja:14246899-n
乳管,にゅうかん,wnja:13091227-n
乳糖,にゅうとう,wnja:14929462-n
乳腺,にゅうせん,wnja:05554189-n
乳臭,にゅうしゅう,wnja:04667076-n
乳酪,にゅうらく,wnja:07848338-n
乳酸,にゅうさん,wnja:14679780-n
乳香,にゅうこう,wnja:14873951-n
乾き,かわき,wnja:05148186-n
乾固,かんこ,wnja:00357906-n
乾季,かんき,wnja:15239174-n
乾性,かんせい,wnja:14536438-n
乾杯,かんぱい,wnja:07884413-n
乾燥,かんそう,wnja:13460568-n
乾留,かんりゅう,wnja:13464031-n
乾癬,かんせん,wnja:14231794-n
乾肉,かんにく,wnja:07664770-n
乾酪,かんらく,wnja:07850329-n
亀裂,きれつ,wnja:13907272-n
亀鑑,きかん,wnja:05938795-n
了知,りょうち,wnja:00023271-n
了簡,りょうけん,wnja:00335384-n
了解,りょうかい,wnja:06199142-n
予備,よび,wnja:13368052-n
予兆,よちょう,wnja:06646243-n
予報,よほう,wnja:06748969-n
予定,よてい,wnja:00928371-n
予審,よしん,wnja:07199013-n
予後,よご,wnja:00153665-n
予想,よそう,wnja:05775081-n
予感,よかん,wnja:05919034-n
予断,よだん,wnja:05775081-n
予期,よき,wnja:05775081-n
予測,よそく,wnja:05775081-n
予知,よち,wnja:06748969-n
予算,よさん,wnja:05803379-n
予習,よしゅう,wnja:00729108-n
予行,よこう,wnja:00897026-n
予見,よけん,wnja:05775081-n
予言,よげん,wnja:05775407-n
予選,よせん,wnja:07240925-n
予防,よぼう,wnja:01077350-n
争い,あらそい,wnja:00958896-n
争奪,そうだつ,wnja:07456188-n
争点,そうてん,wnja:05814650-n
争論,そうろん,wnja:07140978-n
争議,そうぎ,wnja:07181935-n
争闘,そうとう,wnja:00446493-n
事件,じけん,wnja:06784966-n
事例,じれい,wnja:05820620-n
事典,じてん,wnja:06418901-n
事変,じへん,wnja:00217499-n
事実,じじつ,wnja:05817396-n
事情,じじょう,wnja:05822746-n
事態,じたい,wnja:13927383-n
事故,じこ,wnja:07300960-n
事柄,ことがら,wnja:04617289-n
事業,じぎょう,wnja:00409483-n
事物,じぶつ,wnja:05671325-n
事犯,じはん,wnja:00766234-n
事理,じり,wnja:05807012-n
事由,じゆう,wnja:06739990-n
事端,じたん,wnja:07290905-n
事績,じせき,wnja:00036762-n
事訳,ことわけ,wnja:06739990-n
事象,じしょう,wnja:00029378-n
事項,じこう,wnja:03588414-n
二人,ふたり,wnja:07976936-n
二八,にはち,wnja:13747606-n
二塁,にるい,wnja:00723783-n
二形,ふたなり,wnja:10172080-n
二流,にりゅう,wnja:10205231-n
二級,にきゅう,wnja:04731207-n
二股,ふたまた,wnja:00388710-n
二葉,ふたば,wnja:13164583-n
二言,にごん,wnja:07099271-n
二豎,にじゅ,wnja:14061805-n
互助,ごじょ,wnja:13841863-n
互市,ごし,wnja:01090446-n
互換,ごかん,wnja:01109467-n
互角,ごかく,wnja:04747899-n
互譲,ごじょう,wnja:01151407-n
互選,ごせん,wnja:00164999-n
五体,ごたい,wnja:05216365-n
五徳,ごとく,wnja:04485082-n
五月,さつき,wnja:03733131-n
井堰,いせき,wnja:03160309-n
些事,さじ,wnja:04486445-n
些少,さしょう,wnja:13761407-n
亜属,あぞく,wnja:08109624-n
亜流,ありゅう,wnja:09964411-n
亜炭,あたん,wnja:14815263-n
亜目,あもく,wnja:08107191-n
亜種,あしゅ,wnja:08110648-n
亜鈴,あれい,wnja:03255030-n
亜鉛,あえん,wnja:14661977-n
亜門,あもん,wnja:08103299-n
亡八,ぼうはち,wnja:04581595-n
亡命,ぼうめい,wnja:01123095-n
亡失,ぼうしつ,wnja:05162985-n
亡者,もうじゃ,wnja:05898171-n
亡霊,ぼうれい,wnja:05898171-n
亡骸,なきがら,wnja:05217859-n
亡魂,ぼうこん,wnja:05898171-n
亢奮,こうふん,wnja:00333366-n
亢進,こうしん,wnja:00425451-n
交り,まじわり,wnja:00845523-n
交付,こうふ,wnja:00087423-n
交代,こうたい,wnja:00197772-n
交友,こうゆう,wnja:09760609-n
交合,こうごう,wnja:00845523-n
交尾,こうび,wnja:00845523-n
交差,こうさ,wnja:00146111-n
交情,こうじょう,wnja:04655442-n
交感,こうかん,wnja:07134575-n
交戦,こうせん,wnja:00953559-n
交接,こうせつ,wnja:00845523-n
交易,こうえき,wnja:01090446-n
交流,こうりゅう,wnja:00040152-n
交渉,こうしょう,wnja:00040804-n
交点,こうてん,wnja:05866653-n
交誼,こうぎ,wnja:04655929-n
交通,こうつう,wnja:00033020-n
交配,こうはい,wnja:00040545-n
交錯,こうさく,wnja:04766620-n
交際,こうさい,wnja:01081628-n
交雑,こうざつ,wnja:00849768-n
享楽,きょうらく,wnja:01072072-n
京師,けいし,wnja:08226335-n
京風,きょうふう,wnja:13548105-n
亭主,ていしゅ,wnja:10186774-n
人々,ひとびと,wnja:07942152-n
人並,ひとなみ,wnja:13942743-n
人付,ひとづき,wnja:01081628-n
人倫,じんりん,wnja:04846770-n
人出,ひとで,wnja:07987216-n
人参,にんじん,wnja:07730207-n
人口,じんこう,wnja:13779804-n
人台,じんだい,wnja:03650682-n
人名,じんめい,wnja:06333653-n
人君,じんくん,wnja:10628644-n
人品,じんぴん,wnja:04617562-n
人員,じんいん,wnja:08208016-n
人士,じんし,wnja:10127273-n
人声,ひとごえ,wnja:07382572-n
人夫,にんぷ,wnja:10241300-n
人妻,ひとづま,wnja:10780632-n
人定,じんてい,wnja:06885389-n
人家,じんか,wnja:03544360-n
人宿,ひとやど,wnja:03541696-n
人情,にんじょう,wnja:04829182-n
人望,じんぼう,wnja:04808639-n
人柄,ひとがら,wnja:04617562-n
人格,じんかく,wnja:04617562-n
人民,じんみん,wnja:07947255-n
人烟,じんえん,wnja:11508092-n
人物,じんぶつ,wnja:04617562-n
人生,じんせい,wnja:13961399-n
人祖,じんそ,wnja:10126806-n
人称,にんしょう,wnja:05217688-n
人種,じんしゅ,wnja:07967982-n
人絹,じんけん,wnja:04056932-n
人肌,ひとはだ,wnja:05238282-n
人脈,じんみゃく,wnja:08434259-n
人虱,ひとじらみ,wnja:02184473-n
人言,じんげん,wnja:07223450-n
人質,ひとじち,wnja:10187557-n
人跡,じんせき,wnja:06645039-n
人造,じんぞう,wnja:14901959-n
人道,じんどう,wnja:04215402-n
人里,ひとざと,wnja:08226699-n
人集,ひとあつめ,wnja:07975026-n
人離,ひとがれ,wnja:04656748-n
人類,じんるい,wnja:02472987-n
人魚,にんぎょ,wnja:09489601-n
什器,じゅうき,wnja:02729837-n
什宝,じゅうほう,wnja:08463969-n
什物,じゅうもつ,wnja:04516672-n
仁心,じんしん,wnja:01226679-n
仁恕,じんじょ,wnja:01226679-n
仁愛,じんあい,wnja:04829182-n
仁慈,じんじ,wnja:07554500-n
仇名,あだな,wnja:06337693-n
仇敵,きゅうてき,wnja:07946851-n
仇野,あだしの,wnja:08521623-n
今人,こんじん,wnja:10326551-n
今夜,こんや,wnja:15263045-n
今宵,こよい,wnja:15263045-n
今後,こんご,wnja:15121625-n
今時,いまどき,wnja:15119536-n
今晩,こんばん,wnja:15263045-n
介入,かいにゅう,wnja:00785263-n
介助,かいじょ,wnja:05693919-n
介在,かいざい,wnja:01052215-n
介意,かいい,wnja:05703956-n
介殻,かいかく,wnja:14758536-n
仏寺,ぶつじ,wnja:04407435-n
仏教,ぶっきょう,wnja:06240244-n
仏陀,ぶつだ,wnja:09532214-n
仏頂,ぶっちょう,wnja:04641869-n
仔牛,こうし,wnja:01887896-n
仔犬,こいぬ,wnja:01322604-n
仔猫,こねこ,wnja:02122948-n
仔細,しさい,wnja:00562280-n
仔羊,こひつじ,wnja:02412440-n
仕え,つかえ,wnja:00098625-n
仕上,しあげ,wnja:00211110-n
仕事,しごと,wnja:00575741-n
仕儀,しぎ,wnja:07292694-n
仕口,しぐち,wnja:00174003-n
仕払,しはらい,wnja:01120448-n
仕方,しかた,wnja:00172710-n
仕様,しよう,wnja:00172710-n
仕法,しほう,wnja:04928903-n
仕種,しぐさ,wnja:04910135-n
仕組,しくみ,wnja:00098385-n
仕置,しおき,wnja:01160342-n
仕訳,しわけ,wnja:01012712-n
他律,たりつ,wnja:13996300-n
他愛,たあい,wnja:04833276-n
他界,たかい,wnja:00219575-n
付人,つきびと,wnja:09821831-n
付帯,ふたい,wnja:07284554-n
付庸,ふよう,wnja:08499840-n
付替,つけかえ,wnja:00197772-n
付札,つけふだ,wnja:07272172-n
付添,つきそい,wnja:00827782-n
付箋,ふせん,wnja:07272172-n
付近,ふきん,wnja:08641113-n
付録,ふろく,wnja:02671421-n
仙椎,せんつい,wnja:05589596-n
仙薬,せんやく,wnja:07883384-n
仙骨,せんこつ,wnja:05279407-n
代人,だいにん,wnja:05696425-n
代価,だいか,wnja:03008275-n
代償,だいしょう,wnja:00259643-n
代品,だいひん,wnja:05696425-n
代員,だいいん,wnja:05696425-n
代弁,だいべん,wnja:01217499-n
代役,だいやく,wnja:05696425-n
代打,だいだ,wnja:10434160-n
代数,だいすう,wnja:06012726-n
代書,だいしょ,wnja:09964805-n
代案,だいあん,wnja:07162424-n
代理,だいり,wnja:00898518-n
代行,だいこう,wnja:09777353-n
代表,だいひょう,wnja:00898518-n
代言,だいげん,wnja:01214171-n
代診,だいしん,wnja:10269289-n
代謝,たいしゃ,wnja:01047937-n
代金,だいきん,wnja:05145118-n
令名,れいめい,wnja:14437386-n
令嬢,れいじょう,wnja:09992837-n
令孫,れいそん,wnja:10141590-n
令室,れいしつ,wnja:10780632-n
令息,れいそく,wnja:10624074-n
令閨,れいけい,wnja:10780632-n
以後,いご,wnja:15121625-n
仮初,かりそめ,wnja:00739270-n
仮定,かてい,wnja:05779712-n
仮寝,かりね,wnja:00858377-n
仮想,かそう,wnja:05779712-n
仮数,かすう,wnja:06813115-n
仮根,かこん,wnja:12974826-n
仮眠,かみん,wnja:00858377-n
仮託,かたく,wnja:05769930-n
仮設,かせつ,wnja:05893356-n
仮象,かしょう,wnja:04673965-n
仮足,かそく,wnja:01427848-n
仮骨,かこつ,wnja:14363785-n
仮髪,かはつ,wnja:03917327-n
仰せ,おおせ,wnja:08106934-n
仰天,ぎょうてん,wnja:07509572-n
仲介,ちゅうかい,wnja:01240432-n
仲仕,なかし,wnja:10655169-n
仲働,なかばたらき,wnja:10282672-n
仲合,なからい,wnja:13780449-n
仲居,なかい,wnja:10763620-n
仲立,なかだち,wnja:01240210-n
仲裁,ちゅうさい,wnja:01190884-n
仲買,なかがい,wnja:10222497-n
仲間,なかま,wnja:05845888-n
件名,けんめい,wnja:06346461-n
件数,けんすう,wnja:06326526-n
任侠,にんきょう,wnja:01085937-n
任務,にんむ,wnja:00584769-n
任命,にんめい,wnja:00152018-n
任意,にんい,wnja:05198756-n
任期,にんき,wnja:15291498-n
任限,にんげん,wnja:15291498-n
企て,くわだて,wnja:00171249-n
企劃,きかく,wnja:00928371-n
企図,きと,wnja:05728678-n
企業,きぎょう,wnja:01094725-n
伉儷,こうれい,wnja:07989373-n
伊吹,いぶき,wnja:11921395-n
伍長,ごちょう,wnja:09966139-n
伎倆,ぎりょう,wnja:00720951-n
伏角,ふっかく,wnja:13892897-n
伐採,ばっさい,wnja:01262441-n
休み,やすみ,wnja:01062997-n
休会,きゅうかい,wnja:01062997-n
休息,きゅうそく,wnja:01062997-n
休憩,きゅうけい,wnja:00188007-n
休日,きゅうじつ,wnja:15137047-n
休暇,きゅうか,wnja:01062997-n
休止,きゅうし,wnja:00188007-n
休眠,きゅうみん,wnja:01064863-n
休養,きゅうよう,wnja:00188007-n
会則,かいそく,wnja:05846054-n
会厭,ええん,wnja:05301752-n
会友,かいゆう,wnja:09935990-n
会合,かいごう,wnja:01229938-n
会同,かいどう,wnja:01229938-n
会員,かいいん,wnja:08170686-n
会商,かいしょう,wnja:07148192-n
会報,かいほう,wnja:06597466-n
会得,えとく,wnja:00364440-n
会心,かいしん,wnja:01072565-n
会期,かいき,wnja:15113229-n
会派,かいは,wnja:08147019-n
会計,かいけい,wnja:00618734-n
会話,かいわ,wnja:07110457-n
会談,かいだん,wnja:07142566-n
会議,かいぎ,wnja:01229938-n
会釈,えしゃく,wnja:06630017-n
会長,かいちょう,wnja:10468559-n
会陰,えいん,wnja:05538494-n
会頭,かいとう,wnja:10468559-n
会館,かいかん,wnja:03478756-n
伝え,つたえ,wnja:06371413-n
伝令,でんれい,wnja:01108402-n
伝単,でんたん,wnja:13154077-n
伝導,でんどう,wnja:11512818-n
伝心,でんしん,wnja:07255998-n
伝承,でんしょう,wnja:06371413-n
伝搬,でんぱん,wnja:05088056-n
伝染,でんせん,wnja:06282383-n
伝票,でんぴょう,wnja:06517942-n
伝統,でんとう,wnja:04801532-n
伝言,でんごん,wnja:06634376-n
伝記,でんき,wnja:06515827-n
伝話,でんわ,wnja:06371413-n
伝説,でんせつ,wnja:06371413-n
伝送,でんそう,wnja:01108753-n
伝達,でんたつ,wnja:01108753-n
伝馬,てんま,wnja:02387722-n
伯爵,はくしゃく,wnja:09969218-n
估券,こけん,wnja:04886881-n
伴侶,はんりょ,wnja:09760609-n
伴奏,ばんそう,wnja:07031752-n
伴性,はんせい,wnja:11506549-n
伶人,れいじん,wnja:10099093-n
伸び,のび,wnja:00341243-n
伸展,しんてん,wnja:00365709-n
伸張,しんちょう,wnja:00365709-n
伸筋,しんきん,wnja:05294606-n
伺い,うかがい,wnja:07185325-n
似絵,にせえ,wnja:03987079-n
似顔,にがお,wnja:03668642-n
伽藍,がらん,wnja:02984061-n
但書,ただしがき,wnja:06755947-n
位地,いち,wnja:00586262-n
位相,いそう,wnja:06017594-n
低下,ていか,wnja:00327366-n
低劣,ていれつ,wnja:04730580-n
低圧,ていあつ,wnja:14576468-n
低地,ていち,wnja:08891889-n
低木,ていぼく,wnja:13112664-n
低減,ていげん,wnja:00192300-n
低温,ていおん,wnja:05015117-n
低級,ていきゅう,wnja:04730580-n
低能,ていのう,wnja:10197525-n
低落,ていらく,wnja:07427728-n
低質,ていしつ,wnja:04730580-n
住人,じゅうにん,wnja:01315062-n
住宅,じゅうたく,wnja:03259505-n
住家,じゅうか,wnja:03259505-n
住居,じゅうきょ,wnja:03259505-n
住所,じゅうしょ,wnja:06787150-n
住民,じゅうみん,wnja:08179879-n
佐官,さかん,wnja:10087080-n
体付,からだつき,wnja:04998530-n
体位,たいい,wnja:05002822-n
体制,たいせい,wnja:01008378-n
体型,たいけい,wnja:04998966-n
体幹,たいかん,wnja:05549830-n
体得,たいとく,wnja:00061917-n
体操,たいそう,wnja:00433802-n
体格,たいかく,wnja:04998530-n
体毛,たいもう,wnja:01898731-n
体液,たいえき,wnja:05397468-n
体温,たいおん,wnja:05011790-n
体現,たいげん,wnja:00933000-n
体積,たいせき,wnja:00720951-n
体節,たいせつ,wnja:02665812-n
体罰,たいばつ,wnja:01161161-n
体育,たいいく,wnja:05756888-n
体腔,たいこう,wnja:05606801-n
体臭,たいしゅう,wnja:04616059-n
体裁,ていさい,wnja:00755277-n
体調,たいちょう,wnja:14546227-n
体貌,たいぼう,wnja:00755277-n
体質,たいしつ,wnja:14531056-n
体躯,たいく,wnja:04998530-n
体重,たいじゅう,wnja:05027135-n
体量,たいりょう,wnja:05027135-n
体面,たいめん,wnja:14431902-n
体験,たいけん,wnja:05984584-n
何事,なにごと,wnja:04808516-n
余り,あまり,wnja:13810818-n
余分,よぶん,wnja:03307981-n
余剰,よじょう,wnja:05119714-n
余割,よかつ,wnja:13789002-n
余勢,よせい,wnja:00104249-n
余命,よめい,wnja:15140892-n
余慶,よけい,wnja:05142863-n
余接,よせつ,wnja:13788369-n
余暇,よか,wnja:01065286-n
余滴,よてき,wnja:07673249-n
余白,よはく,wnja:06389398-n
余裕,よゆう,wnja:05120683-n
余論,よろん,wnja:06766092-n
作人,さくにん,wnja:10078806-n
作品,さくひん,wnja:03841417-n
作図,さくず,wnja:00873381-n
作土,さくど,wnja:14695737-n
作家,さっか,wnja:09812338-n
作意,さくい,wnja:00163233-n
作成,さくせい,wnja:00923995-n
作戦,さくせん,wnja:00168237-n
作文,さくぶん,wnja:00614224-n
作曲,さっきょく,wnja:00939452-n
作条,さくじょう,wnja:13893786-n
作業,さぎょう,wnja:00575741-n
作用,さよう,wnja:00157081-n
作画,さくが,wnja:00903559-n
作目,さくもく,wnja:05817845-n
作者,さくしゃ,wnja:10794014-n
作表,さくひょう,wnja:00652659-n
作詩,さくし,wnja:07093603-n
作話,さくわ,wnja:05935535-n
作風,さくふう,wnja:04929422-n
佝僂,くる,wnja:10192412-n
佞人,ねいじん,wnja:10095869-n
佩物,おびもの,wnja:02671780-n
佳人,かじん,wnja:10613996-n
佳境,かきょう,wnja:06373747-n
佳局,かきょく,wnja:06373747-n
佳話,かわ,wnja:06779310-n
併合,へいごう,wnja:00078536-n
併呑,へいどん,wnja:00373418-n
併発,へいはつ,wnja:04766620-n
併設,へいせつ,wnja:03297735-n
使嗾,しそう,wnja:00156625-n
使役,しえき,wnja:00568430-n
使徒,しと,wnja:09798811-n
使節,しせつ,wnja:00594260-n
使者,ししゃ,wnja:10052694-n
例外,れいがい,wnja:05821246-n
例示,れいじ,wnja:06880533-n
例解,れいかい,wnja:06880533-n
例証,れいしょう,wnja:05765901-n
例題,れいだい,wnja:00729919-n
侍僧,じそう,wnja:09763349-n
侍祭,じさい,wnja:09763349-n
侍者,じしゃ,wnja:09785891-n
侍臣,じしん,wnja:09971839-n
侍衛,じえい,wnja:08215801-n
侏儒,しゅじゅ,wnja:09541125-n
供え,そなえ,wnja:01086081-n
供与,きょうよ,wnja:00087423-n
供人,ともびと,wnja:09760609-n
供出,きょうしゅつ,wnja:01108753-n
供給,きょうきゅう,wnja:01057200-n
依怙,えこ,wnja:01153548-n
依頼,いらい,wnja:07185325-n
価格,かかく,wnja:05138488-n
価額,かがく,wnja:05145118-n
侮蔑,ぶべつ,wnja:01225783-n
侮言,ぶげん,wnja:06715223-n
侮辱,ぶじょく,wnja:01222859-n
侯爵,こうしゃく,wnja:10295371-n
侵入,しんにゅう,wnja:00733483-n
侵冦,しんこう,wnja:00975452-n
侵害,しんがい,wnja:00733753-n
侵掠,しんりゃく,wnja:00964569-n
侵犯,しんぱん,wnja:00733483-n
侵蝕,しんしょく,wnja:07429976-n
侵襲,しんしゅう,wnja:00964569-n
侶伴,りょはん,wnja:09760609-n
便利,べんり,wnja:04718563-n
便器,べんき,wnja:02821202-n
便宜,べんぎ,wnja:04718563-n
便座,べんざ,wnja:04447861-n
便意,べんい,wnja:13459088-n
便所,べんじょ,wnja:04446276-n
便法,べんぽう,wnja:00177448-n
便益,べんえき,wnja:04718563-n
便秘,べんぴ,wnja:14371161-n
便箋,びんせん,wnja:06258852-n
便通,べんつう,wnja:13441387-n
係属,けいぞく,wnja:00145218-n
係数,けいすう,wnja:13586122-n
促進,そくしん,wnja:00249780-n
俄雨,にわかあめ,wnja:11502497-n
俊傑,しゅんけつ,wnja:10126926-n
俊才,しゅんさい,wnja:05619743-n
俊豪,しゅんごう,wnja:05624461-n
俊足,しゅんそく,wnja:10126926-n
俎豆,そとう,wnja:04898087-n
俗人,ぞくじん,wnja:10250527-n
俗悪,ぞくあく,wnja:04817280-n
俗物,ぞくぶつ,wnja:10423031-n
俗界,ぞっかい,wnja:08562067-n
俗習,ぞくしゅう,wnja:00413239-n
俗言,ぞくげん,wnja:07223450-n
俗語,ぞくご,wnja:07075172-n
俗間,ぞっかん,wnja:07947255-n
俘虜,ふりょ,wnja:10476086-n
俚俗,りぞく,wnja:04817280-n
俚諺,りげん,wnja:07153838-n
保健,ほけん,wnja:04790070-n
保全,ほぜん,wnja:00267522-n
保存,ほぞん,wnja:00811355-n
保守,ほしゅ,wnja:00267522-n
保持,ほじ,wnja:00810598-n
保有,ほゆう,wnja:00809465-n
保留,ほりゅう,wnja:00820091-n
保管,ほかん,wnja:00372607-n
保育,ほいく,wnja:01209963-n
保証,ほしょう,wnja:06685754-n
保護,ほご,wnja:00784755-n
保身,ほしん,wnja:00819958-n
保釈,ほしゃく,wnja:05903445-n
保養,ほよう,wnja:07290144-n
信任,しんにん,wnja:13929852-n
信受,しんじゅ,wnja:05946687-n
信号,しんごう,wnja:04171208-n
信奉,しんぽう,wnja:05946687-n
信実,しんじつ,wnja:04867130-n
信徒,しんと,wnja:07991364-n
信心,しんじん,wnja:01206553-n
信念,しんねん,wnja:01207187-n
信憑,しんぴょう,wnja:06193727-n
信教,しんきょう,wnja:05946687-n
信書,しんしょ,wnja:06624161-n
信望,しんぼう,wnja:04808639-n
信条,しんじょう,wnja:05941423-n
信用,しんよう,wnja:04895246-n
信者,しんじゃ,wnja:09678009-n
信託,しんたく,wnja:13929852-n
信証,しんしょう,wnja:05823932-n
修交,しゅうこう,wnja:04655929-n
修学,しゅうがく,wnja:05755883-n
修得,しゅうとく,wnja:05752544-n
修復,しゅうふく,wnja:00266806-n
修整,しゅうせい,wnja:00199707-n
修文,しゅうぶん,wnja:05755883-n
修煉,しゅうれん,wnja:00411048-n
修築,しゅうちく,wnja:00266806-n
修繕,しゅうぜん,wnja:00258854-n
修羅,しゅら,wnja:00953559-n
修行,しゅぎょう,wnja:00893836-n
修補,しゅうほ,wnja:00266806-n
修訂,しゅうてい,wnja:00258854-n
修造,しゅうぞう,wnja:00266806-n
修飾,しゅうしょく,wnja:00262249-n
修養,しゅうよう,wnja:01129363-n
俳人,はいじん,wnja:10444194-n
俳優,はいゆう,wnja:09765278-n
俳句,はいく,wnja:06380495-n
俸禄,ほうろく,wnja:13279262-n
俸給,ほうきゅう,wnja:13279262-n
倉卒,そうそつ,wnja:05060189-n
倉庫,そうこ,wnja:03443543-n
倉皇,そうこう,wnja:07513711-n
個々,ここ,wnja:10203839-n
個人,こじん,wnja:00007846-n
個体,こたい,wnja:10203839-n
個室,こしつ,wnja:02991555-n
個性,こせい,wnja:04617562-n
個眼,こがん,wnja:05312614-n
倍増,ばいぞう,wnja:13469526-n
倍数,ばいすう,wnja:05859991-n
倍音,ばいおん,wnja:05719804-n
倒壊,とうかい,wnja:07361128-n
倒影,とうえい,wnja:04068976-n
倒懸,とうけん,wnja:07495551-n
倒産,とうさん,wnja:07364573-n
倒立,とうりつ,wnja:00436187-n
倒置,とうち,wnja:00335653-n
倒錯,とうさく,wnja:00335653-n
倖せ,しあわせ,wnja:07189411-n
候補,こうほ,wnja:09889691-n
倚子,いし,wnja:03001627-n
借主,かりぬし,wnja:09867633-n
借入,かりいれ,wnja:01111133-n
借料,しゃくりょう,wnja:13295657-n
借方,かりかた,wnja:09867633-n
借款,しゃっかん,wnja:13397174-n
借用,しゃくよう,wnja:00084371-n
借財,しゃくざい,wnja:06293460-n
借金,しゃっきん,wnja:06293460-n
借銀,しゃくぎん,wnja:13397174-n
借銭,しゃくせん,wnja:13397174-n
値引,ねびき,wnja:00362103-n
値打,ねうち,wnja:04807050-n
値札,ねふだ,wnja:07273024-n
値段,ねだん,wnja:05145118-n
値遇,ちぐう,wnja:07414922-n
値鞘,ねざや,wnja:13260762-n
倦怠,けんたい,wnja:07484109-n
倨傲,きょごう,wnja:04887912-n
倫理,りんり,wnja:04846770-n
倶発,ぐはつ,wnja:05048301-n
倹約,けんやく,wnja:00192613-n
偉人,いじん,wnja:09938991-n
偉力,いりょく,wnja:05194151-n
偉勲,いくん,wnja:00036762-n
偉容,いよう,wnja:04910684-n
偉才,いさい,wnja:05619743-n
偉業,いぎょう,wnja:00036762-n
偏り,かたより,wnja:00335384-n
偏人,へんじん,wnja:09909060-n
偏光,へんこう,wnja:11492014-n
偏差,へんさ,wnja:00737399-n
偏愛,へんあい,wnja:01153548-n
偏流,へんりゅう,wnja:13469674-n
偏物,へんぶつ,wnja:09909060-n
偏狭,へんきょう,wnja:04642746-n
偏見,へんけん,wnja:06201908-n
偏頗,へんぱ,wnja:06199446-n
停会,ていかい,wnja:01067070-n
停戦,ていせん,wnja:13970912-n
停滞,ていたい,wnja:14012667-n
停留,ていりゅう,wnja:01063697-n
停車,ていしゃ,wnja:01063697-n
停電,ていでん,wnja:07422036-n
健啖,けんたん,wnja:04886101-n
健康,けんこう,wnja:13923779-n
健忘,けんぼう,wnja:05673209-n
健診,けんしん,wnja:00142361-n
側ら,かたわら,wnja:08649345-n
側女,そばめ,wnja:10323752-n
側室,そくしつ,wnja:10323752-n
側廊,そくろう,wnja:02694045-n
側溝,そっこう,wnja:03471473-n
側端,そくたん,wnja:03264542-n
側線,そくせん,wnja:02465929-n
側転,そくてん,wnja:00434657-n
側辺,そくへん,wnja:08641113-n
側面,そくめん,wnja:04214649-n
偵察,ていさつ,wnja:00654234-n
偶人,ぐうじん,wnja:04025130-n
偶像,ぐうぞう,wnja:03265874-n
偶然,ぐうぜん,wnja:07316999-n
偸盗,ちゅうとう,wnja:00780889-n
偽り,いつわり,wnja:00751944-n
偽作,ぎさく,wnja:00768921-n
偽名,ぎめい,wnja:06338158-n
偽善,ぎぜん,wnja:04868148-n
偽書,ぎしょ,wnja:00768921-n
偽者,にせもの,wnja:10256537-n
偽装,ぎそう,wnja:01049266-n
偽言,ぎげん,wnja:00751944-n
偽計,ぎけい,wnja:00750730-n
偽証,ぎしょう,wnja:00772381-n
偽誓,ぎせい,wnja:00772381-n
偽造,ぎぞう,wnja:00751145-n
偽金,にせがね,wnja:14701826-n
傍受,ぼうじゅ,wnja:00654400-n
傍役,わきやく,wnja:05929363-n
傍流,ぼうりゅう,wnja:09267602-n
傍証,ぼうしょう,wnja:05825245-n
傍輩,ほうばい,wnja:09760609-n
傑作,けっさく,wnja:03727605-n
備付,そなえつけ,wnja:02730568-n
備品,びひん,wnja:02730568-n
備忘,びぼう,wnja:09771855-n
備考,びこう,wnja:06764380-n
備蓄,びちく,wnja:00372607-n
催し,もよおし,wnja:07288639-n
催物,もよおしもの,wnja:07288639-n
催眠,さいみん,wnja:14026592-n
傭主,ようしゅ,wnja:10054657-n
傭人,ようにん,wnja:10053808-n
傭兵,ようへい,wnja:10309614-n
傭役,ようえき,wnja:01217859-n
傲り,おごり,wnja:07508486-n
債主,さいしゅ,wnja:09976728-n
債券,さいけん,wnja:13339844-n
債務,さいむ,wnja:06773347-n
傷み,いたみ,wnja:07494363-n
傷口,きずぐち,wnja:04693900-n
傷害,しょうがい,wnja:00403092-n
傷心,しょうしん,wnja:05833683-n
傷痍,しょうい,wnja:00403783-n
傷跡,きずあと,wnja:04693900-n
傾き,かたむき,wnja:00335384-n
傾倒,けいとう,wnja:00076884-n
傾向,けいこう,wnja:00335384-n
傾国,けいこく,wnja:10485440-n
傾城,けいせい,wnja:09965134-n
傾度,けいど,wnja:00335384-n
傾斜,けいしゃ,wnja:00335384-n
傾注,けいちゅう,wnja:01206553-n
傾眠,けいみん,wnja:14014990-n
傾角,けいかく,wnja:00335384-n
僅差,きんさ,wnja:05121095-n
僚友,りょうゆう,wnja:09935990-n
僚属,りょうぞく,wnja:10669991-n
僚船,りょうせん,wnja:04224543-n
僥倖,ぎょうこう,wnja:07316856-n
僧侶,そうりょ,wnja:10471250-n
僧堂,そうどう,wnja:03478756-n
僧寺,そうじ,wnja:04407435-n
僧都,そうず,wnja:10471250-n
僧院,そういん,wnja:03781244-n
僭上,せんじょう,wnja:04838510-n
僭主,せんしゅ,wnja:10742546-n
僭称,せんしょう,wnja:04788982-n
僭越,せんえつ,wnja:06721813-n
僻地,へきち,wnja:08502672-n
僻見,へきけん,wnja:06201908-n
儀典,ぎてん,wnja:00568430-n
儀式,ぎしき,wnja:00414790-n
儀礼,ぎれい,wnja:06664845-n
儀表,ぎひょう,wnja:05925366-n
億兆,おくちょう,wnja:13776432-n
償い,つぐない,wnja:00095121-n
償却,しょうきゃく,wnja:01121070-n
償還,しょうかん,wnja:00089351-n
償金,しょうきん,wnja:13282550-n
優位,ゆうい,wnja:05122099-n
優先,ゆうせん,wnja:05047279-n
優勝,ゆうしょう,wnja:07473441-n
優勢,ゆうせい,wnja:04707409-n
優待,ゆうたい,wnja:06631322-n
優柔,ゆうじゅう,wnja:05699172-n
優越,ゆうえつ,wnja:05122099-n
優遇,ゆうぐう,wnja:06631506-n
優雅,ゆうが,wnja:04812268-n
儲け,もうけ,wnja:13254805-n
儲蓄,ちょちく,wnja:13359572-n
允可,いんか,wnja:06689297-n
允許,いんきょ,wnja:06549661-n
元凶,げんきょう,wnja:10126177-n
元始,げんし,wnja:07290905-n
元帥,げんすい,wnja:10086821-n
元帳,もとちょう,wnja:03165211-n
元手,もとで,wnja:13353607-n
元日,がんじつ,wnja:15182189-n
元旦,がんたん,wnja:15182189-n
元本,がんぽん,wnja:13353607-n
元気,げんき,wnja:04633453-n
元祖,がんそ,wnja:04923743-n
元種,もとだね,wnja:14596700-n
元素,げんそ,wnja:14622893-n
元締,もとじめ,wnja:09761403-n
元老,げんろう,wnja:09824609-n
元高,もとだか,wnja:13400662-n
兄い,にい,wnja:09876454-n
兄者,あにじゃ,wnja:09876454-n
兄貴,あにき,wnja:09876454-n
充実,じゅうじつ,wnja:14451911-n
充満,じゅうまん,wnja:14452151-n
充溢,じゅういつ,wnja:05115040-n
充血,じゅうけつ,wnja:14320984-n
充電,じゅうでん,wnja:09185612-n
兆し,きざし,wnja:06646243-n
兆候,ちょうこう,wnja:06646243-n
兆域,ちょういき,wnja:08521623-n
兇変,きょうへん,wnja:14476290-n
兇徒,きょうと,wnja:09977660-n
兇手,きょうしゅ,wnja:09813696-n
兇漢,きょうかん,wnja:09879297-n
兇行,きょうこう,wnja:00766234-n
兇賊,きょうぞく,wnja:09879297-n
先々,さきざき,wnja:15121625-n
先人,せんじん,wnja:09792555-n
先代,せんだい,wnja:10464711-n
先任,せんにん,wnja:10464711-n
先例,せんれい,wnja:05821486-n
先公,せんこう,wnja:10694258-n
先兵,せんぺい,wnja:08215495-n
先制,せんせい,wnja:00160297-n
先妻,せんさい,wnja:10020533-n
先導,せんどう,wnja:01144876-n
先棒,さきぼう,wnja:10209616-n
先決,せんけつ,wnja:00155970-n
先番,せんばん,wnja:13949802-n
先発,せんぱつ,wnja:00241699-n
先登,せんとう,wnja:06209419-n
先祖,せんぞ,wnja:09792555-n
先端,せんたん,wnja:03624497-n
先覚,せんかく,wnja:10434424-n
先触,さきぶれ,wnja:06646243-n
先輩,せんぱい,wnja:10048218-n
先途,せんど,wnja:00219575-n
先進,せんしん,wnja:00364260-n
先達,せんだつ,wnja:10151570-n
先鋒,せんぽう,wnja:08215495-n
先駆,せんく,wnja:06802571-n
光年,こうねん,wnja:13656520-n
光景,こうけい,wnja:05933054-n
光束,こうそく,wnja:11428023-n
光沢,こうたく,wnja:04954683-n
光源,こうげん,wnja:03665366-n
光球,こうきゅう,wnja:09391386-n
光画,こうが,wnja:03925226-n
光芒,こうぼう,wnja:11428023-n
光輪,こうりん,wnja:04951716-n
克復,こくふく,wnja:13452347-n
兌換,だかん,wnja:00400083-n
免官,めんかん,wnja:00216174-n
免役,めんえき,wnja:00213903-n
免状,めんじょう,wnja:06471345-n
免罪,めんざい,wnja:01193886-n
免職,めんしょく,wnja:00216174-n
免許,めんきょ,wnja:01138670-n
免訴,めんそ,wnja:01190172-n
免責,めんせき,wnja:06552639-n
免除,めんじょ,wnja:00213903-n
兎座,うさぎざ,wnja:02326237-n
兎馬,うさぎうま,wnja:02389346-n
児女,じじょ,wnja:10084295-n
児孫,じそん,wnja:08369220-n
児戯,じぎ,wnja:00431893-n
児童,じどう,wnja:09917593-n
党人,とうじん,wnja:10403633-n
党派,とうは,wnja:08240633-n
党閥,とうばつ,wnja:08241798-n
兜蟹,かぶとがに,wnja:01787835-n
入力,にゅうりょく,wnja:07264820-n
入口,いりぐち,wnja:03221720-n
入夫,にゅうふ,wnja:10193967-n
入射,にゅうしゃ,wnja:11467996-n
入庫,にゅうこ,wnja:00372607-n
入所,にゅうしょ,wnja:13998576-n
入手,にゅうしゅ,wnja:00041899-n
入方,いりがた,wnja:15169248-n
入木,じゅぼく,wnja:06403969-n
入札,にゅうさつ,wnja:07165086-n
入植,にゅうしょく,wnja:00056311-n
入歯,いれば,wnja:03176386-n
入江,いりえ,wnja:09215664-n
入浴,にゅうよく,wnja:00257770-n
入海,いりうみ,wnja:09313716-n
入滅,にゅうめつ,wnja:00219575-n
入物,いれもの,wnja:02974697-n
入用,にゅうよう,wnja:05145118-n
入目,いりめ,wnja:01122601-n
入相,いりあい,wnja:15166462-n
入神,にゅうしん,wnja:01261845-n
入費,にゅうひ,wnja:01122601-n
入道,にゅうどう,wnja:10471250-n
入金,にゅうきん,wnja:00372448-n
入門,にゅうもん,wnja:06421301-n
入院,にゅういん,wnja:00658627-n
全て,すべて,wnja:05869584-n
全乳,ぜんにゅう,wnja:07846802-n
全人,ぜんじん,wnja:10325243-n
全体,ぜんたい,wnja:00003553-n
全備,ぜんび,wnja:14459422-n
全快,ぜんかい,wnja:13452347-n
全数,ぜんすう,wnja:13591998-n
全景,ぜんけい,wnja:05933246-n
全滅,ぜんめつ,wnja:01245061-n
全盛,ぜんせい,wnja:15295045-n
全知,ぜんち,wnja:14458943-n
全米,ぜんべい,wnja:08355791-n
全能,ぜんのう,wnja:14459185-n
全般,ぜんぱん,wnja:00003553-n
全血,ぜんけつ,wnja:05402961-n
全裸,ぜんら,wnja:14456138-n
全角,ぜんかく,wnja:13712428-n
全身,ぜんしん,wnja:05219097-n
全部,ぜんぶ,wnja:05869584-n
全音,ぜんおん,wnja:06859056-n
八丁,はっちょう,wnja:05640433-n
八十,やそ,wnja:13750164-n
八苦,はっく,wnja:07495551-n
公会,こうかい,wnja:08308497-n
公僕,こうぼく,wnja:09925459-n
公党,こうとう,wnja:08256968-n
公共,こうきょう,wnja:13240839-n
公判,こうはん,wnja:01195867-n
公務,こうむ,wnja:00585660-n
公国,こうこく,wnja:08557131-n
公報,こうほう,wnja:06682794-n
公売,こうばい,wnja:00092366-n
公安,こうあん,wnja:14539524-n
公害,こうがい,wnja:14516743-n
公家,くげ,wnja:08388207-n
公庫,こうこ,wnja:13356985-n
公式,こうしき,wnja:01204055-n
公方,くぼう,wnja:08051946-n
公民,こうみん,wnja:08160276-n
公準,こうじゅん,wnja:06753299-n
公理,こうり,wnja:05989479-n
公社,こうしゃ,wnja:08337324-n
公租,こうそ,wnja:13308999-n
公算,こうさん,wnja:04756172-n
公署,こうしょ,wnja:03449858-n
公職,こうしょく,wnja:08357258-n
公表,こうひょう,wnja:06253140-n
公許,こうきょ,wnja:01139194-n
公認,こうにん,wnja:01138670-n
公課,こうか,wnja:13308999-n
公論,こうろん,wnja:05949726-n
公領,こうりょう,wnja:08557131-n
共作,きょうさく,wnja:01205156-n
共同,きょうどう,wnja:01205156-n
共学,きょうがく,wnja:00884202-n
共振,きょうしん,wnja:11477921-n
共晶,きょうしょう,wnja:14589114-n
共有,きょうゆう,wnja:13240839-n
共犯,きょうはん,wnja:09958892-n
共生,きょうせい,wnja:13842622-n
共著,きょうちょ,wnja:01205156-n
共謀,きょうぼう,wnja:05908882-n
共通,きょうつう,wnja:13843401-n
共鳴,きょうめい,wnja:06199142-n
兵刃,へいじん,wnja:04373894-n
兵力,へいりょく,wnja:05203649-n
兵卒,へいそつ,wnja:08398179-n
兵員,へいいん,wnja:08397255-n
兵器,へいき,wnja:04565375-n
兵団,へいだん,wnja:08212527-n
兵士,へいし,wnja:02207647-n
兵家,へいか,wnja:02207647-n
兵役,へいえき,wnja:00579977-n
兵曹,へいそう,wnja:10420809-n
兵粮,ひょうろう,wnja:07572353-n
兵船,へいせん,wnja:04552696-n
兵長,へいちょう,wnja:10244665-n
兵隊,へいたい,wnja:02207647-n
兵革,へいかく,wnja:00973077-n
兵馬,へいば,wnja:00953559-n
其々,それぞれ,wnja:10203839-n
具体,ぐたい,wnja:05941210-n
具現,ぐげん,wnja:00933000-n
具象,ぐしょう,wnja:05941210-n
具足,ぐそく,wnja:02739668-n
典儀,てんぎ,wnja:01027379-n
典型,てんけい,wnja:05924519-n
典拠,てんきょ,wnja:06411592-n
典獄,てんごく,wnja:00605812-n
典礼,てんれい,wnja:01027379-n
典範,てんぱん,wnja:07260623-n
兼併,けんぺい,wnja:04743370-n
兼職,けんしょく,wnja:05965749-n
冀望,きぼう,wnja:00836788-n
冀求,ききゅう,wnja:01061333-n
内乱,ないらん,wnja:00962567-n
内偵,ないてい,wnja:00654234-n
内分,ないぶん,wnja:06672953-n
内包,ないほう,wnja:05923566-n
内反,ないはん,wnja:14468870-n
内合,ないごう,wnja:07415396-n
内向,ないこう,wnja:10213429-n
内君,ないくん,wnja:10243137-n
内含,ないがん,wnja:05780885-n
内在,ないざい,wnja:13957974-n
内地,ないち,wnja:09346120-n
内容,ないよう,wnja:05809192-n
内密,ないみつ,wnja:04622932-n
内径,ないけい,wnja:05103283-n
内心,ないしん,wnja:05919263-n
内応,ないおう,wnja:00749767-n
内懐,うちぶところ,wnja:05553486-n
内戦,ないせん,wnja:00962567-n
内所,ないしょ,wnja:03619890-n
内気,うちき,wnja:04860759-n
内燃,ないねん,wnja:13501261-n
内皮,ないひ,wnja:05240522-n
内省,ないせい,wnja:05786655-n
内積,ないせき,wnja:05864884-n
内耳,ないじ,wnja:05321307-n
内腔,ないくう,wnja:05254077-n
内膜,ないまく,wnja:05319760-n
内臓,ないぞう,wnja:05298729-n
内装,ないそう,wnja:01120348-n
内観,ないかん,wnja:05786655-n
内角,ないかく,wnja:13890391-n
内記,ないき,wnja:06981818-n
内訳,うちわけ,wnja:01148904-n
内転,ないてん,wnja:00333203-n
内通,ないつう,wnja:00749767-n
内金,うちきん,wnja:13349834-n
内陣,ないじん,wnja:03004824-n
円丘,えんきゅう,wnja:09326662-n
円光,えんこう,wnja:04951716-n
円卓,えんたく,wnja:04114554-n
円周,えんしゅう,wnja:05101261-n
円型,えんけい,wnja:03032811-n
円弧,えんこ,wnja:13874384-n
円板,えんばん,wnja:03208556-n
円熟,えんじゅく,wnja:14424780-n
円環,えんかん,wnja:13875392-n
円窓,まるまど,wnja:05325786-n
円筒,えんとう,wnja:13899804-n
円蓋,えんがい,wnja:03035252-n
円貨,えんか,wnja:13709591-n
円転,えんてん,wnja:00342028-n
円頂,えんちょう,wnja:03148727-n
再会,さいかい,wnja:00382474-n
再刊,さいかん,wnja:01102574-n
再審,さいしん,wnja:01197258-n
再思,さいし,wnja:05790012-n
再戦,さいせん,wnja:07343195-n
再来,さいらい,wnja:07321247-n
再演,さいえん,wnja:01018630-n
再燃,さいねん,wnja:01047338-n
再版,さいはん,wnja:06270308-n
再現,さいげん,wnja:00551913-n
再生,さいせい,wnja:01020770-n
再発,さいはつ,wnja:00566298-n
再編,さいへん,wnja:01137987-n
再考,さいこう,wnja:05790012-n
再臨,さいりん,wnja:07322550-n
再議,さいぎ,wnja:07139532-n
再起,さいき,wnja:00051077-n
冒涜,ぼうとく,wnja:00746587-n
冒険,ぼうけん,wnja:00796315-n
冒頭,ぼうとう,wnja:05868051-n
冗語,じょうご,wnja:07090938-n
冗談,じょうだん,wnja:00431005-n
冗費,じょうひ,wnja:00742645-n
写像,しゃぞう,wnja:03265874-n
写実,しゃじつ,wnja:05962785-n
写本,しゃほん,wnja:03104594-n
写生,しゃせい,wnja:00900726-n
写象,しゃしょう,wnja:03265874-n
冠座,かんむりざ,wnja:09257141-n
冠毛,かんもう,wnja:11692604-n
冠状,かんじょう,wnja:14102831-n
冠詞,かんし,wnja:06324669-n
冥利,みょうり,wnja:01132327-n
冥加,みょうが,wnja:01132327-n
冥土,めいど,wnja:05629381-n
冥府,めいふ,wnja:05629381-n
冥界,めいかい,wnja:05629381-n
冥護,みょうご,wnja:01132327-n
冬季,とうき,wnja:15237782-n
冬木,ふゆき,wnja:13099833-n
冬眠,とうみん,wnja:14013981-n
冬至,とうじ,wnja:15223190-n
冬草,ふゆくさ,wnja:12108871-n
冴え,さえ,wnja:05619743-n
冶金,やきん,wnja:06125698-n
冷え,ひえ,wnja:05015117-n
冷光,れいこう,wnja:05018785-n
冷凍,れいとう,wnja:13484644-n
冷却,れいきゃく,wnja:00707344-n
冷寒,れいかん,wnja:05015117-n
冷戦,れいせん,wnja:13982000-n
冷房,れいぼう,wnja:02686379-n
冷気,れいき,wnja:05725676-n
冷涼,れいりょう,wnja:05015678-n
冷淡,れいたん,wnja:04629604-n
冷温,れいおん,wnja:05015117-n
冷罵,れいば,wnja:06715223-n
冷菓,れいか,wnja:07611358-n
冷遇,れいぐう,wnja:06631661-n
冷酷,れいこく,wnja:04844625-n
冷静,れいせい,wnja:04629604-n
凄惨,せいさん,wnja:04798020-n
凄腕,すごうで,wnja:10194566-n
准将,じゅんしょう,wnja:09875540-n
准尉,じゅんい,wnja:10768391-n
准看,じゅんかん,wnja:10258304-n
凋落,ちょうらく,wnja:07318133-n
凌辱,りょうじょく,wnja:00773402-n
凍傷,とうしょう,wnja:14294678-n
凍原,とうげん,wnja:09463226-n
凍瘡,とうそう,wnja:14294678-n
凍結,とうけつ,wnja:00808767-n
凍餒,とうたい,wnja:01150200-n
凝乳,ぎょうにゅう,wnja:07849912-n
凝固,ぎょうこ,wnja:13454479-n
凝塊,ぎょうかい,wnja:05402091-n
凝結,ぎょうけつ,wnja:11440521-n
凝縮,ぎょうしゅく,wnja:07313241-n
凝視,ぎょうし,wnja:00878456-n
凝議,ぎょうぎ,wnja:07143137-n
凝集,ぎょうしゅう,wnja:11446242-n
几帳,きちょう,wnja:03894379-n
凡そ,およそ,wnja:06467007-n
凡人,ぼんじん,wnja:10656120-n
凡俗,ぼんぞく,wnja:04795061-n
凡夫,ぼんぷ,wnja:10656120-n
凡庸,ぼんよう,wnja:04764741-n
凡愚,ぼんぐ,wnja:04795061-n
処分,しょぶん,wnja:00043609-n
処刑,しょけい,wnja:01160342-n
処方,しょほう,wnja:06788785-n
処理,しょり,wnja:13541167-n
処置,しょち,wnja:00658082-n
処罰,しょばつ,wnja:01160342-n
処遇,しょぐう,wnja:01135372-n
凶事,きょうじ,wnja:14476290-n
凸凹,でこぼこ,wnja:04752221-n
凹み,へこみ,wnja:07537485-n
凹凸,おうとつ,wnja:04772388-n
凹地,おうち,wnja:09366017-n
出世,しゅっせ,wnja:00198451-n
出丸,でまる,wnja:03386011-n
出仕,しゅっし,wnja:01233397-n
出会,であい,wnja:00147187-n
出先,でさき,wnja:06787150-n
出兵,しゅっぺい,wnja:00309647-n
出典,しゅってん,wnja:05923314-n
出刃,でば,wnja:03623556-n
出力,しゅつりょく,wnja:03287178-n
出口,でぐち,wnja:00058519-n
出奔,しゅっぽん,wnja:00046177-n
出女,でおんな,wnja:10485440-n
出帆,しゅっぱん,wnja:00057657-n
出師,すいし,wnja:00309647-n
出席,しゅっせき,wnja:01233397-n
出廷,しゅってい,wnja:01233627-n
出挙,すいこ,wnja:01093666-n
出捐,しゅつえん,wnja:01089778-n
出撃,しゅつげき,wnja:00971309-n
出方,でかた,wnja:06193203-n
出様,でよう,wnja:13828343-n
出物,でもの,wnja:00839597-n
出現,しゅつげん,wnja:00044455-n
出産,しゅっさん,wnja:00042541-n
出番,でばん,wnja:06396468-n
出発,しゅっぱつ,wnja:00042757-n
出窓,でまど,wnja:02813399-n
出端,ではな,wnja:05868051-n
出自,しゅつじ,wnja:13813042-n
出航,しゅっこう,wnja:00057657-n
出色,しゅっしょく,wnja:04728376-n
出芽,しゅつが,wnja:13441959-n
出荷,しゅっか,wnja:00061290-n
出費,しゅっぴ,wnja:01122149-n
出金,しゅっきん,wnja:13278375-n
出頭,しゅっとう,wnja:01233627-n
出願,しゅつがん,wnja:01061333-n
出鼻,でばな,wnja:04008947-n
刀圭,とうけい,wnja:00612160-n
刀自,とじ,wnja:10188715-n
刃物,はもの,wnja:03153375-n
分ち,わかち,wnja:01201021-n
分与,ぶんよ,wnja:01083504-n
分会,ぶんかい,wnja:08228665-n
分体,ぶんたい,wnja:13481224-n
分冊,ぶんさつ,wnja:06391902-n
分割,ぶんかつ,wnja:00385791-n
分化,ぶんか,wnja:13559782-n
分周,ぶんしゅう,wnja:00397953-n
分営,ぶんえい,wnja:03860741-n
分団,ぶんだん,wnja:08228665-n
分娩,ぶんべん,wnja:00042541-n
分子,ぶんし,wnja:13732871-n
分岐,ぶんき,wnja:00388392-n
分布,ぶんぷ,wnja:05729036-n
分店,ぶんてん,wnja:08401248-n
分担,ぶんたん,wnja:00787465-n
分散,ぶんさん,wnja:00368592-n
分数,ぶんすう,wnja:13732078-n
分析,ぶんせき,wnja:00634276-n
分母,ぶんぼ,wnja:13733066-n
分派,ぶんぱ,wnja:08149781-n
分流,ぶんりゅう,wnja:09267602-n
分秒,ふんびょう,wnja:06022509-n
分立,ぶんりつ,wnja:00383606-n
分節,ぶんせつ,wnja:13911151-n
分裂,ぶんれつ,wnja:00385501-n
分路,ぶんろ,wnja:04211001-n
分遣,ぶんけん,wnja:08404549-n
分配,ぶんぱい,wnja:00397953-n
分野,ぶんや,wnja:00397953-n
分量,ぶんりょう,wnja:05107765-n
分針,ふんしん,wnja:03772584-n
分銅,ふんどう,wnja:04571088-n
分院,ぶんいん,wnja:08401248-n
分陰,ふんいん,wnja:15246853-n
分離,ぶんり,wnja:00359492-n
分類,ぶんるい,wnja:01012360-n
切傷,きりきず,wnja:00388065-n
切口,きりくち,wnja:04241940-n
切味,きれあじ,wnja:04705324-n
切地,きれじ,wnja:03309808-n
切子,きりこ,wnja:03153145-n
切岸,きりぎし,wnja:09398677-n
切抜,きりぬき,wnja:06612649-n
切掛,きっかけ,wnja:06643763-n
切換,きりかえ,wnja:07415730-n
切断,せつだん,wnja:00359492-n
切望,せつぼう,wnja:04945254-n
切杭,きりくい,wnja:13111504-n
切株,きりかぶ,wnja:13111504-n
切片,せっぺん,wnja:06011793-n
切目,きりめ,wnja:00188007-n
切石,きりいし,wnja:02747541-n
切端,きりは,wnja:04150668-n
切線,せっせん,wnja:13871134-n
切腹,せっぷく,wnja:00223362-n
切言,せつげん,wnja:07245125-n
切諌,せっかん,wnja:07225167-n
切身,きりみ,wnja:07654667-n
切込,きりこみ,wnja:04241940-n
切迫,せっぱく,wnja:04705536-n
切通,きりどおし,wnja:00489475-n
切開,せっかい,wnja:00678010-n
切除,せつじょ,wnja:00392709-n
切願,せつがん,wnja:07187150-n
刊行,かんこう,wnja:01103614-n
刎頸,ふんけい,wnja:00228181-n
刑吏,けいり,wnja:10069427-n
刑律,けいりつ,wnja:06539178-n
刑戮,けいりく,wnja:01160342-n
刑期,けいき,wnja:15224692-n
刑法,けいほう,wnja:06539178-n
刑罰,けいばつ,wnja:01160342-n
列伍,れつご,wnja:08426461-n
列島,れっとう,wnja:09203827-n
列席,れっせき,wnja:01233397-n
列座,れつざ,wnja:01233397-n
列聖,れっせい,wnja:01040390-n
列車,れっしゃ,wnja:02959942-n
初め,はじめ,wnja:05868051-n
初乳,しょにゅう,wnja:05399356-n
初口,しょくち,wnja:07290905-n
初夜,しょや,wnja:15223048-n
初恋,はつこい,wnja:07544351-n
初手,しょて,wnja:08507558-n
初期,しょき,wnja:05868051-n
初段,しょだん,wnja:05861716-n
初演,しょえん,wnja:07329363-n
初潮,しょちょう,wnja:07325762-n
初発,しょはつ,wnja:15143012-n
初耳,はつみみ,wnja:06642356-n
初頭,しょとう,wnja:05868051-n
判こ,はんこ,wnja:04159058-n
判事,はんじ,wnja:10225219-n
判別,はんべつ,wnja:05748054-n
判士,はんし,wnja:10225787-n
判定,はんてい,wnja:00087663-n
判断,はんだん,wnja:00162632-n
判決,はんけつ,wnja:01187810-n
判者,はんじゃ,wnja:10066732-n
判読,はんどく,wnja:05766247-n
別れ,わかれ,wnja:00053097-n
別刷,べつずり,wnja:06270308-n
別墅,べっしょ,wnja:04535252-n
別嬪,べっぴん,wnja:10613996-n
別居,べっきょ,wnja:00383606-n
別当,べっとう,wnja:10147935-n
別懇,べっこん,wnja:04655442-n
別業,べつぎょう,wnja:04535252-n
別様,べつよう,wnja:04749709-n
別物,べつもの,wnja:05821246-n
別珍,べっちん,wnja:04525191-n
別称,べっしょう,wnja:06338158-n
別種,べっしゅ,wnja:04751305-n
別荘,べっそう,wnja:04517408-n
別離,べつり,wnja:00383606-n
別館,べっかん,wnja:02713594-n
利他,りた,wnja:04833276-n
利便,りべん,wnja:04718563-n
利器,りき,wnja:02729965-n
利己,りこ,wnja:04834605-n
利息,りそく,wnja:13318584-n
利権,りけん,wnja:13286801-n
利欲,りよく,wnja:00758525-n
利潤,りじゅん,wnja:13254805-n
利点,りてん,wnja:04807050-n
利率,りりつ,wnja:13319032-n
利用,りよう,wnja:00947128-n
利発,りはつ,wnja:05159948-n
利運,りうん,wnja:11418460-n
利鞘,りざや,wnja:13261242-n
到着,とうちゃく,wnja:00048374-n
到達,とうたつ,wnja:00048225-n
刳舟,くりふね,wnja:03254374-n
制作,せいさく,wnja:00908492-n
制勝,せいしょう,wnja:07473441-n
制圧,せいあつ,wnja:00421047-n
制定,せいてい,wnja:00237078-n
制度,せいど,wnja:05669350-n
制御,せいぎょ,wnja:00803617-n
制服,せいふく,wnja:04509592-n
制法,せいほう,wnja:06535222-n
制球,せいきゅう,wnja:06657202-n
制約,せいやく,wnja:00808182-n
制裁,せいさい,wnja:01124246-n
制覇,せいは,wnja:00089027-n
制限,せいげん,wnja:00808182-n
刷子,ぶらし,wnja:02908217-n
刷新,さっしん,wnja:00260622-n
刹那,せつな,wnja:06022509-n
刺傷,ししょう,wnja:14297870-n
刺戟,しげき,wnja:00853835-n
刺毛,しもう,wnja:13090248-n
刺繍,ししゅう,wnja:03282933-n
刺身,さしみ,wnja:07879350-n
刻み,きざみ,wnja:00387897-n
刻下,こっか,wnja:15119536-n
刻印,こくいん,wnja:06855207-n
刻銘,こくめい,wnja:06405699-n
刻限,こくげん,wnja:15129927-n
剃刀,かみそり,wnja:04057047-n
剃毛,ていもう,wnja:00254769-n
剃髪,ていはつ,wnja:00254922-n
削剥,さくはく,wnja:14518924-n
削減,さくげん,wnja:00192300-n
削片,さくへん,wnja:04692908-n
削除,さくじょ,wnja:00394610-n
前任,ぜんにん,wnja:10464711-n
前例,ぜんれい,wnja:05821486-n
前借,ぜんしゃく,wnja:06293460-n
前兆,ぜんちょう,wnja:06646243-n
前史,ぜんし,wnja:15254550-n
前垂,まえだれ,wnja:02730930-n
前夫,ぜんぷ,wnja:10194231-n
前奏,ぜんそう,wnja:06396930-n
前庭,ぜんてい,wnja:03399852-n
前戯,ぜんぎ,wnja:00853835-n
前掛,まえかけ,wnja:02730930-n
前文,ぜんぶん,wnja:06397903-n
前期,ぜんき,wnja:13542374-n
前板,まえいた,wnja:03399579-n
前栽,せんざい,wnja:03417345-n
前歯,まえば,wnja:05306190-n
前歴,ぜんれき,wnja:15121406-n
前科,ぜんか,wnja:06490173-n
前線,ぜんせん,wnja:08506641-n
前者,ぜんしゃ,wnja:13846356-n
前脚,まえあし,wnja:02464785-n
前腕,ぜんわん,wnja:05564323-n
前菜,ぜんさい,wnja:07581346-n
前衛,ぜんえい,wnja:08215495-n
前表,ぜんぴょう,wnja:06646243-n
前説,ぜんせつ,wnja:06414849-n
前貸,まえがし,wnja:13375891-n
前蹤,ぜんしょう,wnja:05821486-n
前輪,ぜんりん,wnja:03980178-n
前面,ぜんめん,wnja:03313333-n
前額,ぜんがく,wnja:05602548-n
前髪,まえがみ,wnja:01900006-n
剔抉,てっけつ,wnja:00907340-n
剛勇,ごうゆう,wnja:04857083-n
剛強,ごうきょう,wnja:04777852-n
剛性,ごうせい,wnja:04660261-n
剛愎,ごうふく,wnja:04908835-n
剛毅,ごうき,wnja:04666837-n
剛毛,ごうもう,wnja:01901610-n
剛球,ごうきゅう,wnja:00108181-n
剣士,けんし,wnja:10085217-n
剣奴,けんど,wnja:10131815-n
剣戟,けんげき,wnja:00953559-n
剣舞,けんぶ,wnja:00538510-n
剣術,けんじゅつ,wnja:01171644-n
剥奪,はくだつ,wnja:01115017-n
剥片,はくへん,wnja:09222051-n
剥身,すきみ,wnja:07654667-n
剥離,はくり,wnja:11445564-n
剪定,せんてい,wnja:00360143-n
剪断,せんだん,wnja:11506738-n
副尺,ふくしゃく,wnja:04529108-n
副手,ふくしゅ,wnja:07284848-n
副書,ふくしょ,wnja:03257343-n
副木,ふくぼく,wnja:02887209-n
副本,ふくほん,wnja:03257343-n
副腎,ふくじん,wnja:05331171-n
副詞,ふくし,wnja:06319157-n
副長,ふくちょう,wnja:10751265-n
副題,ふくだい,wnja:06345320-n
剰余,じょうよ,wnja:05119714-n
割れ,われ,wnja:09285254-n
割下,わりした,wnja:07583197-n
割前,わりまえ,wnja:06660396-n
割合,わりあい,wnja:13285176-n
割増,わりまし,wnja:13272059-n
割引,わりびき,wnja:00362103-n
割当,わりあて,wnja:00164345-n
割振,わりふり,wnja:00164345-n
割烹,かっぽう,wnja:00243918-n
割球,かっきゅう,wnja:01459664-n
割目,われめ,wnja:04241940-n
割礼,かつれい,wnja:00395654-n
割算,わりざん,wnja:00397953-n
割線,かっせん,wnja:13871338-n
割腹,かっぷく,wnja:00223362-n
割譲,かつじょう,wnja:00213052-n
創作,そうさく,wnja:00908492-n
創傷,そうしょう,wnja:14298815-n
創出,そうしゅつ,wnja:00908492-n
創始,そうし,wnja:00237078-n
創建,そうけん,wnja:00237078-n
創意,そうい,wnja:05634613-n
創案,そうあん,wnja:00908492-n
創業,そうぎょう,wnja:00237078-n
創生,そうせい,wnja:00908492-n
創痕,そうこん,wnja:04693900-n
創立,そうりつ,wnja:00237078-n
創設,そうせつ,wnja:00237078-n
創造,そうぞう,wnja:00908492-n
剽盗,ひょうとう,wnja:10175507-n
剽窃,ひょうせつ,wnja:00750405-n
劃一,かくいつ,wnja:01158690-n
劃期,かっき,wnja:15248269-n
劇場,げきじょう,wnja:04417809-n
劇変,げきへん,wnja:13977732-n
劇談,げきだん,wnja:07242104-n
劈頭,へきとう,wnja:15265518-n
力作,りきさく,wnja:03841417-n
力倆,りきりょう,wnja:05200169-n
力場,りきば,wnja:11456760-n
力士,りきし,wnja:10674713-n
力点,りきてん,wnja:07085375-n
力線,りきせん,wnja:11457057-n
力者,りきしゃ,wnja:10674713-n
力説,りきせつ,wnja:05037394-n
功労,こうろう,wnja:00037200-n
功勲,こうくん,wnja:00036762-n
功名,こうみょう,wnja:00036762-n
功業,こうぎょう,wnja:00036762-n
功績,こうせき,wnja:00036762-n
功能,こうのう,wnja:05199869-n
加入,かにゅう,wnja:01082061-n
加味,かみ,wnja:07809368-n
加増,かぞう,wnja:00363260-n
加害,かがい,wnja:00403092-n
加役,かやく,wnja:05693919-n
加担,かたん,wnja:05693919-n
加湿,かしつ,wnja:00278040-n
加硫,かりゅう,wnja:13573915-n
加筆,かひつ,wnja:00258854-n
加算,かさん,wnja:00872107-n
加齢,かれい,wnja:13429006-n
劣化,れっか,wnja:14561618-n
劣情,れつじょう,wnja:00759335-n
助け,たすけ,wnja:00093483-n
助力,じょりょく,wnja:00819024-n
助勢,じょせい,wnja:01207609-n
助命,じょめい,wnja:14522408-n
助手,じょしゅ,wnja:09815790-n
助産,じょさん,wnja:00186549-n
助祭,じょさい,wnja:09994520-n
助長,じょちょう,wnja:00249780-n
努め,つとめ,wnja:00719494-n
努力,どりょく,wnja:00621627-n
劫掠,ごうりゃく,wnja:00965895-n
励み,はげみ,wnja:06691442-n
労り,いたわり,wnja:00568430-n
労作,ろうさく,wnja:03841417-n
労働,ろうどう,wnja:00584367-n
労力,ろうりょく,wnja:00621627-n
労務,ろうむ,wnja:00568430-n
労役,ろうえき,wnja:00620752-n
労苦,ろうく,wnja:00621627-n
労賃,ろうちん,wnja:13279262-n
労連,ろうれん,wnja:08233056-n
効き,きき,wnja:05199869-n
効力,こうりょく,wnja:04809642-n
効率,こうりつ,wnja:13820993-n
効用,こうよう,wnja:05149325-n
効目,ききめ,wnja:05199869-n
勃発,ぼっぱつ,wnja:07434942-n
勃起,ぼっき,wnja:01025411-n
勅令,ちょくれい,wnja:06539770-n
勇名,ゆうめい,wnja:14438898-n
勇気,ゆうき,wnja:04838210-n
勇猛,ゆうもう,wnja:04857083-n
勇者,ゆうしゃ,wnja:07944754-n
勇魚,いさな,wnja:02062744-n
勉学,べんがく,wnja:05755883-n
勉強,べんきょう,wnja:05755883-n
動き,うごき,wnja:00165942-n
動乱,どうらん,wnja:00333366-n
動体,どうたい,wnja:14939445-n
動作,どうさ,wnja:07309781-n
動勢,どうせい,wnja:00024720-n
動向,どうこう,wnja:06197664-n
動員,どういん,wnja:01156438-n
動径,どうけい,wnja:05865174-n
動悸,どうき,wnja:07401726-n
動揺,どうよう,wnja:00327824-n
動物,どうぶつ,wnja:00015388-n
動産,どうさん,wnja:13245626-n
動画,どうが,wnja:06277803-n
動脈,どうみゃく,wnja:05333777-n
動詞,どうし,wnja:06318062-n
動議,どうぎ,wnja:07163593-n
動転,どうてん,wnja:05684440-n
勘弁,かんべん,wnja:01227190-n
勘忍,かんにん,wnja:01227190-n
勘所,かんどころ,wnja:06606618-n
勘検,かんけん,wnja:05800611-n
勝者,しょうしゃ,wnja:09762821-n
勝負,しょうぶ,wnja:00456199-n
募金,ぼきん,wnja:06513764-n
勢い,いきおい,wnja:00129743-n
勢威,せいい,wnja:05194151-n
勤仕,きんし,wnja:00098625-n
勤倹,きんけん,wnja:00633329-n
勤勉,きんべん,wnja:00633329-n
勤務,きんむ,wnja:00568430-n
勧め,すすめ,wnja:06671484-n
勧告,かんこく,wnja:06671484-n
勧奨,かんしょう,wnja:01211019-n
勧誘,かんゆう,wnja:07139700-n
勲章,くんしょう,wnja:00262249-n
勾引,こういん,wnja:00160532-n
勾欄,こうらん,wnja:02788148-n
勿怪,もっけ,wnja:07300960-n
包含,ほうがん,wnja:00373130-n
包囲,ほうい,wnja:00741685-n
包帯,ほうたい,wnja:02785648-n
包括,ほうかつ,wnja:00373130-n
包摂,ほうせつ,wnja:05736002-n
包皮,ほうひ,wnja:05526957-n
包装,ほうそう,wnja:00322228-n
匍匐,ほふく,wnja:00294868-n
化け,ばけ,wnja:04679074-n
化物,ばけもの,wnja:05898171-n
化現,けげん,wnja:10418302-n
化石,かせき,wnja:00201269-n
化膿,かのう,wnja:05417472-n
化身,けしん,wnja:00933000-n
北側,きたがわ,wnja:08650305-n
北東,ほくとう,wnja:13831843-n
北洋,ほくよう,wnja:09374036-n
北西,ほくせい,wnja:13834885-n
北部,ほくぶ,wnja:08562990-n
匪賊,ひぞく,wnja:09837088-n
区処,くしょ,wnja:00397953-n
区分,くぶん,wnja:00397953-n
区切,くぎり,wnja:01062817-n
区別,くべつ,wnja:01012712-n
区劃,くかく,wnja:00397953-n
区域,くいき,wnja:02735688-n
区間,くかん,wnja:00306900-n
医員,いいん,wnja:10020890-n
医官,いかん,wnja:10305635-n
医療,いりょう,wnja:00657604-n
医者,いしゃ,wnja:10020890-n
医薬,いやく,wnja:03740161-n
医術,いじゅつ,wnja:00612160-n
医道,いどう,wnja:00612160-n
匿名,とくめい,wnja:14436285-n
十全,じゅうぜん,wnja:14459422-n
千古,せんこ,wnja:13956905-n
千金,せんきん,wnja:13250680-n
千鳥,ちどり,wnja:02023341-n
升席,ますせき,wnja:02884225-n
午刻,ごこく,wnja:15165490-n
午前,ごぜん,wnja:15165289-n
午後,ごご,wnja:15166191-n
午時,うまどき,wnja:15165490-n
午睡,ごすい,wnja:00858631-n
午餐,ごさん,wnja:07575076-n
半々,はんはん,wnja:07847706-n
半ば,なかば,wnja:05868272-n
半ぱ,はんぱ,wnja:10100761-n
半休,はんきゅう,wnja:15138496-n
半円,はんえん,wnja:13874251-n
半分,はんぶん,wnja:13736799-n
半券,はんけん,wnja:06520429-n
半周,はんしゅう,wnja:13874251-n
半夜,はんや,wnja:15168185-n
半島,はんとう,wnja:09388848-n
半径,はんけい,wnja:05102101-n
半数,はんすう,wnja:13736799-n
半期,はんき,wnja:15138241-n
半盲,はんもう,wnja:14554459-n
半神,はんしん,wnja:09506216-n
半衿,はんえり,wnja:03815482-n
半角,はんかく,wnja:13712592-n
半輪,はんりん,wnja:13874251-n
半面,はんめん,wnja:08613202-n
半音,はんおん,wnja:06859175-n
半額,はんがく,wnja:13736799-n
卑劣,ひれつ,wnja:04845684-n
卑屈,ひくつ,wnja:04906712-n
卑怯,ひきょう,wnja:04845684-n
卑猥,ひわい,wnja:04903368-n
卑陋,ひろう,wnja:04817280-n
卒中,そっちゅう,wnja:14082303-n
卒倒,そっとう,wnja:07478318-n
卒去,そっきょ,wnja:00219575-n
卒業,そつぎょう,wnja:00212065-n
卒爾,そつじ,wnja:07298154-n
卒論,そつろん,wnja:06409085-n
卓出,たくしゅつ,wnja:04728376-n
卓抜,たくばつ,wnja:04728376-n
卓球,たっきゅう,wnja:00499263-n
卓越,たくえつ,wnja:04728376-n
協会,きょうかい,wnja:08049401-n
協力,きょうりょく,wnja:00411384-n
協定,きょうてい,wnja:00939628-n
協約,きょうやく,wnja:05795044-n
協調,きょうちょう,wnja:01151407-n
協議,きょうぎ,wnja:07142566-n
協賛,きょうさん,wnja:05693919-n
南側,みなみがわ,wnja:08650507-n
南東,なんとう,wnja:13832841-n
南洋,なんよう,wnja:09441875-n
南西,なんせい,wnja:13833886-n
南面,なんめん,wnja:08650507-n
単位,たんい,wnja:13583724-n
単価,たんか,wnja:13303214-n
単利,たんり,wnja:13318934-n
単婚,たんこん,wnja:13966007-n
単式,たんしき,wnja:00619419-n
単打,たんだ,wnja:00132601-n
単数,たんすう,wnja:06299916-n
単文,たんぶん,wnja:06285435-n
単球,たんきゅう,wnja:05453267-n
単眼,たんがん,wnja:05312306-n
単簡,たんかん,wnja:05053042-n
単糖,たんとう,wnja:14954284-n
単葉,たんよう,wnja:13156083-n
単語,たんご,wnja:06286395-n
単調,たんちょう,wnja:04740326-n
単車,たんしゃ,wnja:03790512-n
単音,たんおん,wnja:04740326-n
博徒,ばくと,wnja:10118844-n
博戯,はくぎ,wnja:00430140-n
博打,ばくち,wnja:00430140-n
卜占,ぼくせん,wnja:07286014-n
卜者,ぼくしゃ,wnja:10020031-n
占い,うらない,wnja:05776212-n
占師,うらないし,wnja:10020031-n
占拠,せんきょ,wnja:00088481-n
占有,せんゆう,wnja:00086809-n
占者,せんしゃ,wnja:10020031-n
占領,せんりょう,wnja:00088481-n
印判,いんばん,wnja:04159058-n
印刷,いんさつ,wnja:06590210-n
印形,いんぎょう,wnja:04159058-n
印環,いんかん,wnja:04218271-n
印相,いんそう,wnja:00335285-n
印税,いんぜい,wnja:13257982-n
印章,いんしょう,wnja:04159058-n
印篭,いんろう,wnja:03937633-n
印肉,いんにく,wnja:03872885-n
危地,きち,wnja:14540765-n
危害,きがい,wnja:00744443-n
危局,ききょく,wnja:07417644-n
危惧,きぐ,wnja:07524529-n
危殆,きたい,wnja:00802238-n
危疑,きぎ,wnja:07524529-n
危険,きけん,wnja:00802238-n
危難,きなん,wnja:00802238-n
即今,そっこん,wnja:15119919-n
即位,そくい,wnja:07453638-n
即座,そくざ,wnja:05059525-n
即応,そくおう,wnja:01203676-n
即時,そくじ,wnja:05059525-n
即答,そくとう,wnja:07199922-n
即興,そっきょう,wnja:00099588-n
却下,きゃっか,wnja:01190172-n
卵割,らんかつ,wnja:13449156-n
卵型,たまごがた,wnja:13878306-n
卵巣,らんそう,wnja:05515287-n
卵殻,らんかく,wnja:09432430-n
卵白,らんぱく,wnja:07841037-n
卵管,らんかん,wnja:05518870-n
卵黄,らんおう,wnja:01464844-n
卸商,おろししょう,wnja:10222497-n
厄介,やっかい,wnja:00623862-n
厄災,やくさい,wnja:00217499-n
厄難,やくなん,wnja:05144663-n
厚み,あつみ,wnja:05094863-n
厚意,こうい,wnja:04640356-n
厚板,あついた,wnja:15101854-n
厚紙,あつがみ,wnja:08878708-n
厚薄,こうはく,wnja:04936403-n
厚顔,こうがん,wnja:04838510-n
原作,げんさく,wnja:07009946-n
原初,げんしょ,wnja:07325190-n
原則,げんそく,wnja:05793210-n
原告,げんこく,wnja:09762385-n
原因,げんいん,wnja:00042311-n
原型,げんけい,wnja:05938400-n
原拠,げんきょ,wnja:05823932-n
原文,げんぶん,wnja:06387980-n
原料,げんりょう,wnja:14580897-n
原本,げんぽん,wnja:03727274-n
原案,げんあん,wnja:06390962-n
原毛,げんもう,wnja:15104488-n
原油,げんゆ,wnja:14980579-n
原潜,げんせん,wnja:03811295-n
原点,げんてん,wnja:06009086-n
原爆,げんばく,wnja:02753044-n
原版,げんぱん,wnja:03727274-n
原物,げんぶつ,wnja:03727274-n
原理,げんり,wnja:05793210-n
原稿,げんこう,wnja:06390962-n
原簿,げんぼ,wnja:03165211-n
原級,げんきゅう,wnja:06322468-n
原罪,げんざい,wnja:00757483-n
原腸,げんちょう,wnja:01462945-n
原色,げんしょく,wnja:04957176-n
原虫,げんちゅう,wnja:01389507-n
厨房,ちゅうぼう,wnja:03412220-n
厩舎,きゅうしゃ,wnja:04294879-n
厭み,いやみ,wnja:06777164-n
厭世,えんせい,wnja:07526002-n
厭人,えんじん,wnja:10321882-n
厭忌,えんき,wnja:07546465-n
厭悪,えんお,wnja:07501545-n
厭気,いやけ,wnja:07501545-n
厳禁,げんきん,wnja:06542047-n
厳親,げんしん,wnja:10080869-n
去勢,きょせい,wnja:00667847-n
参与,さんよ,wnja:01239064-n
参事,さんじ,wnja:04164868-n
参会,さんかい,wnja:01233397-n
参列,さんれつ,wnja:01233397-n
参加,さんか,wnja:01239064-n
参照,さんしょう,wnja:01264050-n
参画,さんかく,wnja:01239064-n
参着,さんちゃく,wnja:00048374-n
参観,さんかん,wnja:00879271-n
参謀,さんぼう,wnja:09774266-n
参議,さんぎ,wnja:09944763-n
参酌,さんしゃく,wnja:01264050-n
参集,さんしゅう,wnja:01014066-n
及第,きゅうだい,wnja:00065575-n
友交,ゆうこう,wnja:04655929-n
友人,ゆうじん,wnja:10112591-n
友垣,ともがき,wnja:10112591-n
友情,ゆうじょう,wnja:04653627-n
友朋,ゆうほう,wnja:10112591-n
友誼,ゆうぎ,wnja:04655929-n
友達,ともだち,wnja:10112591-n
双対,そうつい,wnja:13841213-n
双書,そうしょ,wnja:06593803-n
反乱,はんらん,wnja:00962129-n
反例,はんれい,wnja:05826832-n
反則,はんそく,wnja:00737188-n
反動,はんどう,wnja:00202816-n
反吐,へど,wnja:00118733-n
反対,はんたい,wnja:00202284-n
反射,はんしゃ,wnja:00863513-n
反復,はんぷく,wnja:01018630-n
反応,はんのう,wnja:00202816-n
反感,はんかん,wnja:04658106-n
反抗,はんこう,wnja:00963896-n
反撃,はんげき,wnja:00978173-n
反撥,はんぱつ,wnja:00202284-n
反映,はんえい,wnja:06880249-n
反照,はんしょう,wnja:11503060-n
反物,たんもの,wnja:03309808-n
反目,はんもく,wnja:01169744-n
反米,はんべい,wnja:09796974-n
反落,はんらく,wnja:00202816-n
反訴,はんそ,wnja:00974994-n
反論,はんろん,wnja:01177033-n
反転,はんてん,wnja:00346693-n
反逆,はんぎゃく,wnja:00749767-n
反響,はんきょう,wnja:01021119-n
反駁,はんばく,wnja:00155298-n
収入,しゅうにゅう,wnja:13255145-n
収受,しゅうじゅ,wnja:00090253-n
収差,しゅうさ,wnja:11420139-n
収束,しゅうそく,wnja:05764365-n
収益,しゅうえき,wnja:13255145-n
収監,しゅうかん,wnja:01146768-n
収税,しゅうぜい,wnja:13308999-n
収穫,しゅうかく,wnja:01015310-n
収縮,しゅうしゅく,wnja:00360485-n
収賄,しゅうわい,wnja:00159396-n
収量,しゅうりょう,wnja:04612722-n
収録,しゅうろく,wnja:00910203-n
収集,しゅうしゅう,wnja:01014066-n
取付,とりつけ,wnja:15265518-n
取巻,とりまき,wnja:08223263-n
取引,とりひき,wnja:00079398-n
取得,しゅとく,wnja:00041899-n
取扱,とりあつかい,wnja:00140652-n
取捨,しゅしゃ,wnja:00161243-n
取替,とりかえ,wnja:01109467-n
取柄,とりえ,wnja:04807050-n
取次,とりつぎ,wnja:07169480-n
取決,とりきめ,wnja:05795044-n
取消,とりけし,wnja:00232386-n
取組,とりくみ,wnja:00786195-n
取締,とりしまり,wnja:08381165-n
取舵,とりかじ,wnja:03642928-n
取調,とりしらべ,wnja:05800611-n
取高,とりだか,wnja:01085098-n
受け,うけ,wnja:00082525-n
受付,うけつけ,wnja:00139919-n
受信,じゅしん,wnja:00139919-n
受取,うけとり,wnja:00090253-n
受売,うけうり,wnja:01114458-n
受容,じゅよう,wnja:00090253-n
受手,うけて,wnja:09627906-n
受粉,じゅふん,wnja:07436986-n
受精,じゅせい,wnja:07436986-n
受肉,じゅにく,wnja:06790845-n
受胎,じゅたい,wnja:00844847-n
受諾,じゅだく,wnja:00082525-n
受難,じゅなん,wnja:07332864-n
叙事,じょじ,wnja:07201365-n
叙景,じょけい,wnja:08646787-n
叙説,じょせつ,wnja:05766247-n
叙述,じょじゅつ,wnja:00900726-n
叡智,えいち,wnja:05617107-n
叢林,そうりん,wnja:04407435-n
叢氷,そうひょう,wnja:09383901-n
口先,くちさき,wnja:02452637-n
口内,こうない,wnja:07198846-n
口前,くちまえ,wnja:07071483-n
口合,くちあい,wnja:09624559-n
口実,こうじつ,wnja:06741305-n
口座,こうざ,wnja:13359690-n
口書,くちがき,wnja:06414849-n
口気,こうき,wnja:06282651-n
口火,くちび,wnja:03939281-n
口碑,こうひ,wnja:06371413-n
口笛,くちぶえ,wnja:00547454-n
口紅,くちべに,wnja:03676483-n
口紐,くちひも,wnja:03235560-n
口絵,くちえ,wnja:03399391-n
口臭,こうしゅう,wnja:14842019-n
口裂,こうれつ,wnja:01458010-n
口語,こうご,wnja:07075172-n
口調,くちょう,wnja:04987620-n
口車,くちぐるま,wnja:06695862-n
口述,こうじゅつ,wnja:06387332-n
口髭,くちひげ,wnja:05262185-n
古え,いにしえ,wnja:02724026-n
古代,こだい,wnja:15253139-n
古伝,こでん,wnja:06371413-n
古例,これい,wnja:00413239-n
古傷,ふるきず,wnja:04693900-n
古典,こてん,wnja:03038595-n
古参,こさん,wnja:10749123-n
古手,ふるて,wnja:10749123-n
古格,こかく,wnja:04801532-n
古狸,ふるだぬき,wnja:10376890-n
古老,ころう,wnja:10376523-n
古語,こご,wnja:07073447-n
古豪,こごう,wnja:10749123-n
古里,ふるさと,wnja:08510350-n
古鉄,ふるかね,wnja:15020974-n
古雅,こが,wnja:02724026-n
古顔,ふるがお,wnja:10749123-n
句点,くてん,wnja:06843520-n
句読,くとう,wnja:06841365-n
只中,ただなか,wnja:15266685-n
只今,ただいま,wnja:15119919-n
召し,めし,wnja:07192511-n
召使,めしつかい,wnja:10024119-n
召命,しょうめい,wnja:06198505-n
召天,しょうてん,wnja:07355491-n
召集,しょうしゅう,wnja:01157850-n
可動,かどう,wnja:09356639-n
可変,かへん,wnja:07271280-n
可決,かけつ,wnja:01126856-n
可聴,かちょう,wnja:00188183-n
台地,だいち,wnja:09453008-n
台帳,だいちょう,wnja:03165211-n
台座,だいざ,wnja:02797692-n
台形,だいけい,wnja:13881512-n
台所,だいどころ,wnja:03619890-n
台木,だいぎ,wnja:13127091-n
台本,だいほん,wnja:06756111-n
台紙,だいし,wnja:02769460-n
台車,だいしゃ,wnja:03484083-n
台輪,だいわ,wnja:02734835-n
台辞,だいじ,wnja:07109730-n
台風,たいふう,wnja:11521145-n
叱責,しっせき,wnja:01161017-n
史乗,しじょう,wnja:06156752-n
史官,しかん,wnja:09921168-n
史書,ししょ,wnja:06514093-n
史籍,しせき,wnja:06515662-n
右党,うとう,wnja:08416652-n
右岸,うがん,wnja:08933940-n
右折,うせつ,wnja:00351000-n
右派,うは,wnja:08416652-n
右筆,ゆうひつ,wnja:10569744-n
右翼,うよく,wnja:00724898-n
右脳,うのう,wnja:05477510-n
右舷,うげん,wnja:04303672-n
号令,ごうれい,wnja:08106934-n
号数,ごうすう,wnja:05095691-n
号笛,ごうてき,wnja:04579432-n
司令,しれい,wnja:06657202-n
司会,しかい,wnja:10299250-n
司教,しきょう,wnja:09857200-n
司直,しちょく,wnja:10225219-n
吃逆,しゃっくり,wnja:14359459-n
吃音,きつおん,wnja:14402922-n
吃驚,びっくり,wnja:07298154-n
各個,かっこ,wnja:10203839-n
各停,かくてい,wnja:03680942-n
各自,かくじ,wnja:10203839-n
各駅,かくえき,wnja:03680942-n
合せ,あわせ,wnja:00378985-n
合一,ごういつ,wnja:00381680-n
合体,がったい,wnja:00373418-n
合作,がっさく,wnja:01205156-n
合併,がっぺい,wnja:00146856-n
合力,ごうりょく,wnja:01089778-n
合口,あいくち,wnja:03624134-n
合同,ごうどう,wnja:00373278-n
合唱,がっしょう,wnja:07050177-n
合図,あいず,wnja:06791372-n
合宿,がっしゅく,wnja:02857477-n
合性,あいしょう,wnja:04712735-n
合意,ごうい,wnja:05795044-n
合格,ごうかく,wnja:00065575-n
合法,ごうほう,wnja:04809237-n
合流,ごうりゅう,wnja:00147091-n
合致,がっち,wnja:04713428-n
合計,ごうけい,wnja:04353803-n
合議,ごうぎ,wnja:07142566-n
合金,ごうきん,wnja:14586769-n
合間,あいま,wnja:06858779-n
合鴨,あいがも,wnja:01846331-n
吊橋,つりばし,wnja:04366367-n
吊革,つりかわ,wnja:04333709-n
同伴,どうはん,wnja:00827782-n
同値,どうち,wnja:13946760-n
同僚,どうりょう,wnja:07284848-n
同勢,どうぜい,wnja:08077711-n
同化,どうか,wnja:05755714-n
同坐,どうざ,wnja:04568557-n
同定,どうてい,wnja:00152018-n
同役,どうやく,wnja:09935990-n
同心,どうしん,wnja:05073723-n
同情,どうじょう,wnja:04829550-n
同意,どうい,wnja:06686736-n
同感,どうかん,wnja:06199142-n
同族,どうぞく,wnja:01328302-n
同朋,どうほう,wnja:09785042-n
同格,どうかく,wnja:01051801-n
同盟,どうめい,wnja:00381680-n
同種,どうしゅ,wnja:05845888-n
同窓,どうそう,wnja:09786338-n
同舟,どうしゅう,wnja:10590146-n
同調,どうちょう,wnja:06199142-n
同輩,どうはい,wnja:09626238-n
同類,どうるい,wnja:05845888-n
名人,めいじん,wnja:09617867-n
名作,めいさく,wnja:03727605-n
名優,めいゆう,wnja:09765278-n
名刺,めいし,wnja:05852287-n
名前,なまえ,wnja:06333653-n
名品,めいひん,wnja:03727605-n
名声,めいせい,wnja:14435809-n
名字,みょうじ,wnja:06336904-n
名家,めいか,wnja:07971449-n
名工,めいこう,wnja:09974648-n
名手,めいしゅ,wnja:09617867-n
名文,めいぶん,wnja:03038595-n
名曲,めいきょく,wnja:03727605-n
名望,めいぼう,wnja:14438125-n
名札,なふだ,wnja:03806652-n
名物,めいぶつ,wnja:06615561-n
名状,めいじょう,wnja:07201365-n
名画,めいが,wnja:03727605-n
名称,めいしょう,wnja:06333653-n
名簿,めいぼ,wnja:06481320-n
名義,めいぎ,wnja:01139636-n
名聞,みょうもん,wnja:06207029-n
名著,めいちょ,wnja:03038595-n
名親,なおや,wnja:10134982-n
名言,めいげん,wnja:07152948-n
名誉,めいよ,wnja:04869106-n
名鑑,めいかん,wnja:06423619-n
名門,めいもん,wnja:07971449-n
名題,なだい,wnja:06343520-n
后宮,きさいのみや,wnja:03494105-n
吏員,りいん,wnja:10372373-n
吐出,としゅつ,wnja:00118733-n
吐剤,とざい,wnja:03283519-n
吐息,といき,wnja:07129602-n
吐気,はきけ,wnja:14359952-n
吐瀉,としゃ,wnja:00118733-n
吐血,とけつ,wnja:00119210-n
向き,むき,wnja:06197215-n
向性,こうせい,wnja:00861611-n
君主,くんしゅ,wnja:10388440-n
君国,くんこく,wnja:08363812-n
君王,くんのう,wnja:10231515-n
君臨,くんりん,wnja:14443532-n
吝嗇,りんしょく,wnja:09912681-n
吟味,ぎんみ,wnja:00141806-n
否定,ひてい,wnja:07204240-n
否決,ひけつ,wnja:00203342-n
否認,ひにん,wnja:00874621-n
否運,ひうん,wnja:11427842-n
含意,がんい,wnja:05780885-n
含蓄,がんちく,wnja:05780885-n
吸入,きゅうにゅう,wnja:00836788-n
吸収,きゅうしゅう,wnja:10032676-n
吸引,きゅういん,wnja:00842692-n
吸気,きゅうき,wnja:01261845-n
吸物,すいもの,wnja:07583197-n
吸盤,きゅうばん,wnja:02465414-n
吸着,きゅうちゃく,wnja:13427789-n
吸筒,すいづつ,wnja:02952374-n
吸虫,きゅうちゅう,wnja:01925469-n
吹雪,ふぶき,wnja:11509570-n
吹鳴,すいめい,wnja:13439807-n
吻合,ふんごう,wnja:05249420-n
呈色,ていしょく,wnja:00274941-n
呉服,ごふく,wnja:03309808-n
告発,こくはつ,wnja:06561942-n
告白,こくはく,wnja:06628861-n
告知,こくち,wnja:06726158-n
告示,こくじ,wnja:06726158-n
告解,こっかい,wnja:01039307-n
告訴,こくそ,wnja:06561942-n
呑吐,どんと,wnja:00341435-n
周り,まわり,wnja:08641113-n
周回,しゅうかい,wnja:05101261-n
周囲,しゅうい,wnja:05101261-n
周年,しゅうねん,wnja:15250580-n
周期,しゅうき,wnja:15287830-n
周波,しゅうは,wnja:07420991-n
周知,しゅうち,wnja:04796291-n
周章,しゅうしょう,wnja:00333366-n
周縁,しゅうえん,wnja:13903576-n
周辺,しゅうへん,wnja:05101261-n
周遊,しゅうゆう,wnja:00310666-n
呪力,じゅりょく,wnja:05201060-n
呪医,じゅい,wnja:10626439-n
呪文,じゅもん,wnja:07159791-n
呪法,じゅほう,wnja:05967977-n
呪物,じゅぶつ,wnja:03603958-n
呪符,じゅふ,wnja:03009633-n
呪術,じゅじゅつ,wnja:05967977-n
呪言,ことほぎ,wnja:07233634-n
味噌,みそ,wnja:07857170-n
味蕾,みらい,wnja:05305136-n
味覚,みかく,wnja:00882702-n
呵責,かしゃく,wnja:14333433-n
呻き,うめき,wnja:07210951-n
呼出,よびだし,wnja:06272803-n
呼吸,こきゅう,wnja:00831191-n
呼子,よぶこ,wnja:04579432-n
呼称,こしょう,wnja:06333653-n
呼笛,よびぶえ,wnja:04579432-n
呼鈴,よびりん,wnja:03222516-n
命中,めいちゅう,wnja:00043902-n
命令,めいれい,wnja:06539770-n
命名,めいめい,wnja:07230502-n
命数,めいすう,wnja:14473222-n
命綱,いのちづな,wnja:03663234-n
命運,めいうん,wnja:07330007-n
命題,めいだい,wnja:05181754-n
咀嚼,そしゃく,wnja:00278810-n
咄嗟,とっさ,wnja:06022509-n
咆吼,ほうこう,wnja:07120524-n
和上,おしょう,wnja:10471250-n
和与,わよ,wnja:07178182-n
和合,わごう,wnja:13969243-n
和平,わへい,wnja:06773976-n
和服,わふく,wnja:03617480-n
和毛,にこげ,wnja:13090091-n
和解,わかい,wnja:01205827-n
咎め,とがめ,wnja:06709998-n
咎人,とがにん,wnja:09977660-n
咽喉,いんこう,wnja:05547508-n
咽頭,いんとう,wnja:05547508-n
哀れ,あわれ,wnja:07553741-n
哀哭,あいこく,wnja:01072236-n
哀悼,あいとう,wnja:06633692-n
哀情,あいじょう,wnja:04631470-n
哀惜,あいせき,wnja:05833683-n
哀愁,あいしゅう,wnja:05211254-n
哀愍,あいみん,wnja:01071411-n
哀憐,あいれん,wnja:01071411-n
哀歌,あいか,wnja:06379568-n
哀訴,あいそ,wnja:07186828-n
哀詩,あいし,wnja:06379568-n
哀願,あいがん,wnja:07186828-n
品位,ひんい,wnja:04886881-n
品定,しなさだめの,wnja:05734018-n
品性,ひんせい,wnja:04617562-n
品書,しながき,wnja:06416206-n
品柄,しながら,wnja:04728068-n
品格,ひんかく,wnja:04886881-n
品目,ひんもく,wnja:03588414-n
品種,ひんしゅ,wnja:04746262-n
品等,ひんとう,wnja:04728068-n
品薄,しなうす,wnja:14449865-n
品行,ひんこう,wnja:01220984-n
品評,ひんぴょう,wnja:05734018-n
品詞,ひんし,wnja:06317464-n
品質,ひんしつ,wnja:04723816-n
員外,いんがい,wnja:10308066-n
哨戒,しょうかい,wnja:00824808-n
哲理,てつり,wnja:06167328-n
哺乳,ほにゅう,wnja:01861778-n
唐鋤,からすき,wnja:03967562-n
唱和,しょうわ,wnja:06385582-n
唱導,しょうどう,wnja:01256417-n
唸り,うなり,wnja:07126383-n
唸声,うなりごえ,wnja:07384473-n
唾棄,だき,wnja:07546465-n
唾液,だえき,wnja:05415815-n
唾罵,だば,wnja:06715223-n
商い,あきない,wnja:01084637-n
商品,しょうひん,wnja:02745091-n
商売,しょうばい,wnja:00609953-n
商家,しょうか,wnja:04329190-n
商業,しょうぎょう,wnja:01090446-n
商標,しょうひょう,wnja:06845599-n
商況,しょうきょう,wnja:01096245-n
商法,しょうほう,wnja:01090446-n
商船,しょうせん,wnja:02878222-n
商議,しょうぎ,wnja:07142566-n
商賈,しょうこ,wnja:01090446-n
商量,しょうりょう,wnja:01229793-n
問注,もんちゅう,wnja:01199697-n
問罪,もんざい,wnja:07234230-n
問責,もんせき,wnja:06709998-n
問題,もんだい,wnja:05169242-n
啓発,けいはつ,wnja:05807933-n
啓蒙,けいもう,wnja:05987835-n
啜泣,すすりなき,wnja:00868669-n
喀痰,かくたん,wnja:05415815-n
喀血,かっけつ,wnja:14192199-n
喃語,なんご,wnja:07137461-n
善意,ぜんい,wnja:04640356-n
善書,ぜんしょ,wnja:09889170-n
喉仏,のどぼとけ,wnja:05530296-n
喉笛,のどぶえ,wnja:05531814-n
喉頸,のどくび,wnja:05546540-n
喋り,しゃべり,wnja:07134850-n
喘鳴,ぜんめい,wnja:05909384-n
喚問,かんもん,wnja:06556692-n
喜び,よろこび,wnja:00846326-n
喜劇,きげき,wnja:07015510-n
喜悦,きえつ,wnja:07491038-n
喜捨,きしゃ,wnja:01090225-n
喝采,かっさい,wnja:06691989-n
喧噪,けんそう,wnja:07122118-n
喪中,もちゅう,wnja:13989280-n
喪失,そうしつ,wnja:00205891-n
喪家,そうか,wnja:10182190-n
喪心,そうしん,wnja:07510625-n
喪服,もふく,wnja:04570532-n
喪章,もしょう,wnja:04570680-n
喫水,きっすい,wnja:05135155-n
喫煙,きつえん,wnja:00834636-n
喫驚,きっきょう,wnja:07298154-n
営み,いとなみ,wnja:00030358-n
営倉,えいそう,wnja:01162376-n
営利,えいり,wnja:01094725-n
営所,えいしょ,wnja:02944826-n
営業,えいぎょう,wnja:01094725-n
営為,えいい,wnja:00030358-n
営繕,えいぜん,wnja:00267522-n
営造,えいぞう,wnja:00911048-n
営養,えいよう,wnja:07570720-n
嗅球,きゅうきゅう,wnja:05478139-n
嗅覚,きゅうかく,wnja:05658603-n
嗚咽,おえつ,wnja:00868196-n
嗜み,たしなみ,wnja:04900121-n
嗜好,しこう,wnja:00882702-n
嗜癖,しへき,wnja:14062725-n
嗜眠,しみん,wnja:14014990-n
嗟嘆,さたん,wnja:06693198-n
嘆き,なげき,wnja:05833683-n
嘆息,たんそく,wnja:05833683-n
嘆称,たんしょう,wnja:06693198-n
嘆美,たんび,wnja:01218766-n
嘔吐,おうと,wnja:00118733-n
嘔気,おうき,wnja:14359952-n
嘱目,しょくもく,wnja:05853636-n
嘱託,しょくたく,wnja:01140471-n
嘲弄,ちょうろう,wnja:06716234-n
嘲笑,ちょうしょう,wnja:06715638-n
嘲罵,ちょうば,wnja:01222859-n
嘶き,いななき,wnja:07387316-n
噂話,うわさばなし,wnja:07223450-n
器械,きかい,wnja:02727825-n
器物,きぶつ,wnja:03094503-n
器財,きざい,wnja:03563967-n
器量,きりょう,wnja:05153520-n
噪音,そうおん,wnja:04984698-n
噴出,ふんしゅつ,wnja:07436475-n
噴射,ふんしゃ,wnja:07436100-n
噴水,ふんすい,wnja:03387815-n
噴泉,ふんせん,wnja:08508361-n
噴流,ふんりゅう,wnja:07436100-n
噴火,ふんか,wnja:07436475-n
噴煙,ふんえん,wnja:11508092-n
噴門,ふんもん,wnja:05396229-n
嚢胞,のうほう,wnja:05517578-n
嚢腫,のうしゅ,wnja:14202996-n
囀り,さえずり,wnja:06796642-n
囁き,ささやき,wnja:07130341-n
囚人,しゅうじん,wnja:09962966-n
囚徒,しゅうと,wnja:09962966-n
四散,しさん,wnja:07331759-n
四球,しきゅう,wnja:00127286-n
四辺,しへん,wnja:08641113-n
四重,しじゅう,wnja:07988089-n
四阿,あずまや,wnja:02732827-n
四駆,よんく,wnja:03389761-n
回内,かいない,wnja:00343091-n
回勅,かいちょく,wnja:06625062-n
回国,かいこく,wnja:00311687-n
回天,かいてん,wnja:00268557-n
回廊,かいろう,wnja:03112099-n
回復,かいふく,wnja:00045907-n
回想,かいそう,wnja:05761559-n
回折,かいせつ,wnja:11446934-n
回数,かいすう,wnja:13826959-n
回文,かいぶん,wnja:06294828-n
回旋,かいせん,wnja:00342028-n
回春,かいしゅん,wnja:11505546-n
回生,かいせい,wnja:01048059-n
回禄,かいろく,wnja:07302836-n
回航,かいこう,wnja:00312932-n
回虫,かいちゅう,wnja:01930112-n
回路,かいろ,wnja:03033362-n
回避,かいひ,wnja:00059127-n
回顧,かいこ,wnja:05761559-n
因子,いんし,wnja:05436752-n
因循,いんじゅん,wnja:04866465-n
因数,いんすう,wnja:13593219-n
因縁,いんねん,wnja:00031921-n
因習,いんしゅう,wnja:00413239-n
団体,だんたい,wnja:07965085-n
団員,だんいん,wnja:10307234-n
団地,だんち,wnja:08549480-n
団塊,だんかい,wnja:07961016-n
団栗,どんぐり,wnja:12267677-n
団結,だんけつ,wnja:00381680-n
困惑,こんわく,wnja:05685030-n
困窮,こんきゅう,wnja:14448333-n
困苦,こんく,wnja:14475661-n
困難,こんなん,wnja:00623862-n
囲み,かこみ,wnja:00954086-n
図体,ずうたい,wnja:05216365-n
図式,ずしき,wnja:03186399-n
図形,ずけい,wnja:00556992-n
図星,ずぼし,wnja:07262108-n
図案,ずあん,wnja:03179318-n
図版,ずはん,wnja:03561345-n
図画,ずが,wnja:00885457-n
図絵,ずえ,wnja:00936620-n
図表,ずひょう,wnja:03186399-n
図解,ずかい,wnja:03186399-n
図説,ずせつ,wnja:03186399-n
図面,ずめん,wnja:03186399-n
囹圄,れいご,wnja:04005630-n
固定,こてい,wnja:00276342-n
固形,こけい,wnja:13860793-n
固着,こちゃく,wnja:14503354-n
国主,こくしゅ,wnja:10628644-n
国債,こくさい,wnja:13338234-n
国土,こくど,wnja:08556491-n
国旗,こっき,wnja:03071923-n
国権,こっけん,wnja:13992935-n
国法,こくほう,wnja:06533648-n
国王,こくおう,wnja:10231515-n
国籍,こくせき,wnja:07949463-n
国語,こくご,wnja:06282651-n
国論,こくろん,wnja:05949726-n
国賊,こくぞく,wnja:10722965-n
圏谷,けんこく,wnja:09245515-n
園丁,えんてい,wnja:10120533-n
園地,えんち,wnja:03417345-n
園芸,えんげい,wnja:00918383-n
土人,どじん,wnja:09620794-n
土俵,どひょう,wnja:04092959-n
土台,どだい,wnja:02797692-n
土埃,つちぼこり,wnja:14839846-n
土塁,どるい,wnja:03262717-n
土壌,どじょう,wnja:05930574-n
土工,どこう,wnja:10241300-n
土性,どせい,wnja:14844693-n
土手,どて,wnja:03160309-n
土日,どにち,wnja:15170504-n
土民,どみん,wnja:09620794-n
土気,つちけ,wnja:00837965-n
土牢,つちろう,wnja:03256928-n
土用,どよう,wnja:15237567-n
土着,どちゃく,wnja:09676490-n
土筆,つくし,wnja:13219422-n
土管,どかん,wnja:03039618-n
土葬,どそう,wnja:07451687-n
土蛍,つちぼたる,wnja:02168427-n
土豚,つちぶた,wnja:02082791-n
圧制,あっせい,wnja:00421047-n
圧力,あつりょく,wnja:05195362-n
圧巻,あっかん,wnja:13810141-n
圧排,あっぱい,wnja:13935227-n
圧搾,あっさく,wnja:00356790-n
圧殺,あっさつ,wnja:01070892-n
圧点,あってん,wnja:05239039-n
圧縮,あっしゅく,wnja:00356790-n
圧覚,あっかく,wnja:05724475-n
圧迫,あっぱく,wnja:00113113-n
在位,ざいい,wnja:15260814-n
在処,ありか,wnja:08621598-n
在地,ざいち,wnja:08644722-n
在家,ざいけ,wnja:02919792-n
在庫,ざいこ,wnja:04321534-n
在所,ざいしょ,wnja:08621598-n
在方,ざいかた,wnja:08644722-n
在来,ざいらい,wnja:04801532-n
在留,ざいりゅう,wnja:01053617-n
在職,ざいしょく,wnja:13968092-n
在荷,ざいか,wnja:04321534-n
地主,じぬし,wnja:10245236-n
地位,ちい,wnja:00586262-n
地元,じもと,wnja:08490199-n
地券,ちけん,wnja:06546931-n
地割,じわり,wnja:09242389-n
地勢,ちせい,wnja:08674563-n
地区,ちく,wnja:08497294-n
地口,じぐち,wnja:00513952-n
地名,ちめい,wnja:06343838-n
地味,ちみ,wnja:04715818-n
地域,ちいき,wnja:08497294-n
地境,じざかい,wnja:08512259-n
地層,ちそう,wnja:08657249-n
地峡,ちきょう,wnja:09319604-n
地帯,ちたい,wnja:08497294-n
地所,じしょ,wnja:08674970-n
地歩,ちほ,wnja:13948136-n
地殻,ちかく,wnja:09260010-n
地溝,ちこう,wnja:09410224-n
地点,ちてん,wnja:00027167-n
地獄,じごく,wnja:05629682-n
地球,ちきゅう,wnja:09270894-n
地理,ちり,wnja:06122178-n
地界,ちかい,wnja:08512259-n
地盤,じばん,wnja:08490402-n
地神,ちじん,wnja:09536058-n
地紙,じがみ,wnja:14974264-n
地虫,じむし,wnja:02312006-n
地雷,じらい,wnja:03639675-n
地面,じめん,wnja:05930574-n
均一,きんいつ,wnja:04745370-n
均整,きんせい,wnja:05076827-n
均等,きんとう,wnja:04747899-n
均衡,きんこう,wnja:02777100-n
坊や,ぼうや,wnja:09871229-n
坊主,ぼうず,wnja:10285313-n
坐棺,ざかん,wnja:03064758-n
坐薬,ざやく,wnja:04361381-n
坐骨,ざこつ,wnja:05275466-n
坑道,こうどう,wnja:04182514-n
坩堝,るつぼ,wnja:03140126-n
坪庭,つぼにわ,wnja:03120198-n
垂木,たるき,wnja:04045644-n
垂直,すいちょく,wnja:05072208-n
垂線,すいせん,wnja:13870680-n
垂訓,すいくん,wnja:00883297-n
型枠,かたわく,wnja:03779370-n
型紙,かたがみ,wnja:05902327-n
垣根,かきね,wnja:03327234-n
埋没,まいぼつ,wnja:05704266-n
埋立,うめたて,wnja:00269018-n
埋葬,まいそう,wnja:07451687-n
城塁,じょうるい,wnja:02980441-n
城塞,じょうさい,wnja:03386011-n
城廓,じょうかく,wnja:02806088-n
執事,しつじ,wnja:09884509-n
執刀,しっとう,wnja:00671351-n
執心,しゅうしん,wnja:00147595-n
執政,しっせい,wnja:09770472-n
執筆,しっぴつ,wnja:00614224-n
執行,しっこう,wnja:01127379-n
培養,ばいよう,wnja:00658796-n
基層,きそう,wnja:06903699-n
基底,きてい,wnja:03387016-n
基数,きすう,wnja:13582013-n
基本,きほん,wnja:05793554-n
基柱,もとはしら,wnja:05694232-n
基準,きじゅん,wnja:05924920-n
基点,きてん,wnja:07258332-n
基盤,きばん,wnja:03569964-n
基礎,きそ,wnja:02797692-n
基線,きせん,wnja:13854318-n
基質,きしつ,wnja:05434053-n
基軸,きじく,wnja:07260623-n
基部,きぶ,wnja:03387016-n
基金,ききん,wnja:13358549-n
堀割,ほりわり,wnja:02947212-n
堂宇,どうう,wnja:02913152-n
堂舎,どうしゃ,wnja:02913152-n
堅塁,けんるい,wnja:03386011-n
堅実,けんじつ,wnja:05159948-n
堅忍,けんにん,wnja:01021579-n
堅果,けんか,wnja:13136556-n
堆肥,たいひ,wnja:14863521-n
堕罪,だざい,wnja:07478531-n
堕胎,だたい,wnja:00230324-n
堕落,だらく,wnja:00271263-n
堤防,ていぼう,wnja:03160309-n
報い,むくい,wnja:05142863-n
報せ,しらせ,wnja:06634376-n
報償,ほうしょう,wnja:00259643-n
報労,ほうろう,wnja:01219551-n
報告,ほうこく,wnja:06634376-n
報復,ほうふく,wnja:01235258-n
報知,ほうち,wnja:06634376-n
報道,ほうどう,wnja:05192897-n
報酬,ほうしゅう,wnja:01121855-n
場代,ばだい,wnja:13295657-n
場合,ばあい,wnja:07308889-n
場席,ばせき,wnja:08647616-n
場所,ばしょ,wnja:00027167-n
場景,じょうけい,wnja:06888944-n
場銭,ばせん,wnja:13295657-n
場面,ばめん,wnja:07009808-n
塁壁,るいへき,wnja:03386011-n
塑像,そぞう,wnja:03779621-n
塑性,そせい,wnja:05021884-n
塗布,とふ,wnja:00252020-n
塗抹,とまつ,wnja:03164532-n
塗料,とりょう,wnja:03875218-n
塗炭,とたん,wnja:14448333-n
塗膜,とまく,wnja:03058949-n
塗装,とそう,wnja:00609236-n
塚穴,つかあな,wnja:03455033-n
塩け,しおけ,wnja:07813107-n
塩分,えんぶん,wnja:04993604-n
塩味,しおあじ,wnja:07809368-n
塩屋,しおや,wnja:10549062-n
塩梅,あんばい,wnja:07809368-n
塩素,えんそ,wnja:14634591-n
塩花,しおばな,wnja:07813107-n
塩酸,えんさん,wnja:14912387-n
塩類,えんるい,wnja:07813107-n
填補,てんぽ,wnja:00259643-n
塵箱,ごみばこ,wnja:02747177-n
塵肺,じんぱい,wnja:14149963-n
塾舎,じゅくしゃ,wnja:03224893-n
境域,きょういき,wnja:08512259-n
境目,さかいめ,wnja:07417644-n
境遇,きょうぐう,wnja:13925752-n
墓地,ぼち,wnja:08521623-n
墓場,はかば,wnja:08521623-n
墓碑,ぼひ,wnja:03455488-n
墓穴,ぼけつ,wnja:03455033-n
増し,まし,wnja:00363260-n
増俸,ぞうほう,wnja:05110185-n
増分,ぞうぶん,wnja:05108947-n
増加,ぞうか,wnja:00363260-n
増大,ぞうだい,wnja:00365709-n
増幅,ぞうふく,wnja:00365329-n
増悪,ぞうあく,wnja:00374835-n
増援,ぞうえん,wnja:00971463-n
増殖,ぞうしょく,wnja:00365709-n
増減,ぞうげん,wnja:07337390-n
増補,ぞうほ,wnja:05110772-n
増進,ぞうしん,wnja:00249780-n
増量,ぞうりょう,wnja:00363260-n
増額,ぞうがく,wnja:05110185-n
墜落,ついらく,wnja:07362386-n
墨痕,ぼっこん,wnja:00614730-n
墨継,すみつぎ,wnja:03571625-n
墨跡,ぼくせき,wnja:06403393-n
墳丘,ふんきゅう,wnja:02922292-n
墳墓,ふんぼ,wnja:03455033-n
墻壁,しょうへき,wnja:03327234-n
壁板,かべいた,wnja:04547991-n
壁画,へきが,wnja:03799710-n
壁紙,かべがみ,wnja:15093938-n
壁龕,へきがん,wnja:04061969-n
壊変,かいへん,wnja:13456899-n
壊死,えし,wnja:11486708-n
壊滅,かいめつ,wnja:00217014-n
壊疽,えそ,wnja:11486708-n
壌土,じょうど,wnja:09335240-n
壕舎,ごうしゃ,wnja:02868638-n
士人,しじん,wnja:08388966-n
士卒,しそつ,wnja:10622053-n
壮丁,そうてい,wnja:09605289-n
壮語,そうご,wnja:07106502-n
壮麗,そうれい,wnja:04729328-n
声価,せいか,wnja:06207029-n
声名,せいめい,wnja:14437386-n
声域,せいいき,wnja:05126849-n
声帯,せいたい,wnja:05530429-n
声息,せいそく,wnja:06642138-n
声援,せいえん,wnja:06691442-n
声望,せいぼう,wnja:14437386-n
声楽,せいがく,wnja:00545344-n
声紋,せいもん,wnja:06646022-n
声誉,せいよ,wnja:14437386-n
声調,せいちょう,wnja:04986883-n
声部,せいぶ,wnja:07031534-n
声風,せいふう,wnja:04981941-n
売上,うりあげ,wnja:13260190-n
売人,ばいにん,wnja:09956035-n
売値,うりね,wnja:13304009-n
売却,ばいきゃく,wnja:01115162-n
売女,ばいた,wnja:09982873-n
売子,うりこ,wnja:10548227-n
売店,ばいてん,wnja:02874086-n
売春,ばいしゅん,wnja:00748155-n
売淫,ばいいん,wnja:00748155-n
売物,うりもの,wnja:06615561-n
売立,うりたて,wnja:00092366-n
売笑,ばいしょう,wnja:00748155-n
売色,ばいしょく,wnja:00748155-n
売薬,ばいやく,wnja:03898936-n
売買,ばいばい,wnja:00079398-n
変り,かわり,wnja:03005920-n
変乱,へんらん,wnja:13977366-n
変事,へんじ,wnja:07300960-n
変位,へんい,wnja:00279835-n
変則,へんそく,wnja:04770211-n
変動,へんどう,wnja:03005920-n
変型,へんけい,wnja:05840650-n
変域,へんいき,wnja:08000118-n
変奏,へんそう,wnja:07030012-n
変容,へんよう,wnja:07296428-n
変局,へんきょく,wnja:07417405-n
変態,へんたい,wnja:00398704-n
変成,へんせい,wnja:07296428-n
変換,へんかん,wnja:00400083-n
変数,へんすう,wnja:05857459-n
変易,へんえき,wnja:00191142-n
変格,へんかく,wnja:04770211-n
変死,へんし,wnja:07361576-n
変災,へんさい,wnja:00217499-n
変種,へんしゅ,wnja:05840650-n
変節,へんせつ,wnja:00204814-n
変色,へんしょく,wnja:00273690-n
変調,へんちょう,wnja:04770211-n
変貌,へんぼう,wnja:00398704-n
変質,へんしつ,wnja:07296428-n
変身,へんしん,wnja:00399846-n
変転,へんてん,wnja:07296428-n
変造,へんぞう,wnja:00199707-n
変遷,へんせん,wnja:03005920-n
変量,へんりょう,wnja:05857459-n
夏場,なつば,wnja:15237250-n
夏至,げし,wnja:15222012-n
夏蚕,なつご,wnja:02300797-n
夕べ,ゆうべ,wnja:15166462-n
夕刻,ゆうこく,wnja:15166462-n
夕方,ゆうがた,wnja:15166462-n
夕景,ゆうけい,wnja:15166462-n
夕暮,ゆうぐれ,wnja:15166462-n
夕立,ゆうだち,wnja:11502497-n
夕闇,ゆうやみ,wnja:11515935-n
夕陽,ゆうひ,wnja:15169248-n
夕餉,ゆうげ,wnja:07575726-n
外れ,はずれ,wnja:08539276-n
外乱,がいらん,wnja:07430211-n
外交,がいこう,wnja:07148573-n
外人,がいじん,wnja:10103485-n
外側,そとがわ,wnja:08613472-n
外傷,がいしょう,wnja:14285662-n
外出,がいしゅつ,wnja:00308370-n
外反,がいはん,wnja:14468693-n
外合,がいごう,wnja:07415561-n
外周,がいしゅう,wnja:13903576-n
外囲,がいい,wnja:13942875-n
外套,がいとう,wnja:03057021-n
外婚,がいこん,wnja:13965274-n
外延,がいえん,wnja:05922949-n
外形,がいけい,wnja:00027807-n
外方,がいほう,wnja:08613472-n
外殻,がいかく,wnja:01903756-n
外泊,がいはく,wnja:07455984-n
外洋,がいよう,wnja:09302804-n
外為,がいため,wnja:13378348-n
外皮,がいひ,wnja:01458616-n
外科,げか,wnja:06063588-n
外耳,がいじ,wnja:05229198-n
外聞,がいぶん,wnja:04871002-n
外膜,がいまく,wnja:05606633-n
外装,がいそう,wnja:03169390-n
外観,がいかん,wnja:00755277-n
外車,がいしゃ,wnja:03874293-n
外転,がいてん,wnja:00333037-n
外連,けれん,wnja:00753685-n
外部,がいぶ,wnja:08613593-n
外野,がいや,wnja:03859717-n
外陰,がいいん,wnja:05521636-n
外題,げだい,wnja:06333653-n
夙成,しゅくせい,wnja:05620294-n
多く,おおく,wnja:05115568-n
多党,たとう,wnja:05122557-n
多分,たぶん,wnja:13776621-n
多少,たしょう,wnja:13762717-n
多尿,たにょう,wnja:14114365-n
多年,たねん,wnja:15242955-n
多幸,たこう,wnja:04109471-n
多弁,たべん,wnja:04651382-n
多形,たけい,wnja:01328121-n
多忙,たぼう,wnja:14008050-n
多感,たかん,wnja:14530061-n
多才,たさい,wnja:05641834-n
多数,たすう,wnja:05099389-n
多欲,たよく,wnja:00758525-n
多湿,たしつ,wnja:14536085-n
多種,たしゅ,wnja:04751305-n
多肉,たにく,wnja:13084184-n
多血,たけつ,wnja:14194942-n
多調,たちょう,wnja:07025151-n
多量,たりょう,wnja:05115568-n
夜会,やかい,wnja:08253268-n
夜分,やぶん,wnja:15167027-n
夜明,よあけ,wnja:15168790-n
夜曲,やきょく,wnja:07042586-n
夜業,やぎょう,wnja:15292960-n
夜盲,やもう,wnja:14554345-n
夜警,やけい,wnja:10358322-n
夜間,やかん,wnja:15167027-n
夜食,やしょく,wnja:07575726-n
夜鳥,やちょう,wnja:01515078-n
夢想,むそう,wnja:05632446-n
夢現,ゆめうつつ,wnja:14407536-n
夢精,むせい,wnja:13522611-n
夢路,ゆめじ,wnja:05768553-n
夢魔,むま,wnja:05769062-n
大乗,だいじょう,wnja:06240865-n
大乱,たいらん,wnja:13977732-n
大体,だいたい,wnja:05891572-n
大使,たいし,wnja:09787534-n
大全,たいぜん,wnja:14459422-n
大円,だいえん,wnja:08579487-n
大凶,だいきょう,wnja:10753546-n
大半,たいはん,wnja:05122557-n
大厄,たいやく,wnja:07314838-n
大厦,たいか,wnja:02913152-n
大呼,たいこ,wnja:07120524-n
大喝,だいかつ,wnja:06713187-n
大学,だいがく,wnja:04511002-n
大宮,おおみや,wnja:04210390-n
大尾,たいび,wnja:05868477-n
大局,たいきょく,wnja:08681777-n
大徳,だいとく,wnja:09498497-n
大悟,たいご,wnja:13988224-n
大愚,たいぐ,wnja:10197525-n
大慾,たいよく,wnja:00758525-n
大戦,たいせん,wnja:01311520-n
大才,たいさい,wnja:05619743-n
大敗,たいはい,wnja:07476623-n
大旨,おおむね,wnja:05891572-n
大枝,おおえだ,wnja:13165727-n
大概,たいがい,wnja:05122557-n
大殿,おおとの,wnja:03877845-n
大気,たいき,wnja:08499057-n
大波,おおなみ,wnja:07348258-n
大洋,たいよう,wnja:09376198-n
大熱,だいねつ,wnja:05016171-n
大男,おおおとこ,wnja:09488711-n
大略,たいりゃく,wnja:05891572-n
大皿,おおざら,wnja:03206908-n
大目,おおめ,wnja:04832401-n
大砲,たいほう,wnja:02462828-n
大福,だいふく,wnja:14473655-n
大空,おおぞら,wnja:08521267-n
大筋,おおすじ,wnja:05891572-n
大筒,おおづつ,wnja:02746365-n
大罪,たいざい,wnja:00757730-n
大群,たいぐん,wnja:08182379-n
大羽,おおば,wnja:02468864-n
大脳,だいのう,wnja:05481095-n
大著,たいちょ,wnja:03727605-n
大虎,おおとら,wnja:10034201-n
大詰,おおづめ,wnja:00210797-n
大豆,だいず,wnja:07729485-n
大賊,たいぞく,wnja:10753546-n
大路,おおじ,wnja:03712729-n
大鍋,おおなべ,wnja:02939185-n
大陸,たいりく,wnja:08696737-n
大難,だいなん,wnja:07314838-n
大雨,おおあめ,wnja:11502102-n
大食,たいしょく,wnja:04886402-n
大麦,おおむぎ,wnja:07803093-n
大麻,たいま,wnja:03491724-n
大黄,だいおう,wnja:12602980-n
天々,てんてん,wnja:05538625-n
天上,てんじょう,wnja:05627785-n
天体,てんたい,wnja:09239740-n
天使,てんし,wnja:09538915-n
天候,てんこう,wnja:11524662-n
天命,てんめい,wnja:07330007-n
天堂,てんどう,wnja:05627785-n
天声,てんせい,wnja:07397355-n
天幕,てんまく,wnja:04411264-n
天心,てんしん,wnja:08684769-n
天意,てんい,wnja:14473222-n
天才,てんさい,wnja:05619743-n
天機,てんき,wnja:04623113-n
天水,てんすい,wnja:15008607-n
天涯,てんがい,wnja:08651735-n
天然,てんねん,wnja:13939353-n
天狗,てんぐ,wnja:09872066-n
天球,てんきゅう,wnja:08521267-n
天眼,てんがん,wnja:07256695-n
天秤,てんびん,wnja:04312154-n
天空,てんくう,wnja:08521267-n
天窓,てんまど,wnja:04232800-n
天罰,てんばつ,wnja:01160342-n
天誅,てんちゅう,wnja:01160342-n
天象,てんしょう,wnja:11524662-n
天賦,てんぷ,wnja:05624042-n
天質,てんしつ,wnja:04623113-n
天趣,てんしゅ,wnja:05627785-n
天辺,てっぺん,wnja:03138534-n
天運,てんうん,wnja:07330007-n
天面,てんめん,wnja:04514899-n
天頂,てんちょう,wnja:08617963-n
天鼓,てんこ,wnja:07397355-n
太后,たいごう,wnja:10500506-n
太白,たいはく,wnja:07859284-n
太祖,たいそ,wnja:10053004-n
太股,ふともも,wnja:05562249-n
太虚,たいきょ,wnja:09436708-n
太陰,たいいん,wnja:09358358-n
失体,しったい,wnja:01134479-n
失墜,しっつい,wnja:05162985-n
失心,しっしん,wnja:07478318-n
失意,しつい,wnja:07541923-n
失敗,しっぱい,wnja:00066636-n
失敬,しっけい,wnja:00746232-n
失明,しつめい,wnja:14126660-n
失望,しつぼう,wnja:07540602-n
失格,しっかく,wnja:00395503-n
失業,しつぎょう,wnja:13968308-n
失着,しっちゃく,wnja:00739270-n
失礼,しつれい,wnja:04914292-n
失禁,しっきん,wnja:13496972-n
失笑,しっしょう,wnja:07128060-n
失策,しっさく,wnja:00072068-n
失認,しつにん,wnja:14099933-n
失費,しっぴ,wnja:01122601-n
失踪,しっそう,wnja:00053609-n
失速,しっそく,wnja:07318824-n
失陥,しっかん,wnja:07427728-n
夷狄,いてき,wnja:10103485-n
奇人,きじん,wnja:09909060-n
奇利,きり,wnja:07477587-n
奇士,きし,wnja:09909060-n
奇形,きけい,wnja:07367091-n
奇才,きさい,wnja:05619743-n
奇癖,きへき,wnja:04797824-n
奇矯,ききょう,wnja:04797824-n
奇禍,きか,wnja:07314838-n
奇行,きこう,wnja:04798881-n
奇術,きじゅつ,wnja:00099951-n
奇襲,きしゅう,wnja:01246541-n
奇譚,きたん,wnja:06371413-n
奇跡,きせき,wnja:07288801-n
奇遇,きぐう,wnja:07316999-n
奈落,ならく,wnja:08582837-n
奉仕,ほうし,wnja:00098625-n
奉加,ほうが,wnja:01089778-n
奉呈,ほうてい,wnja:01086081-n
奉行,ぶぎょう,wnja:10465128-n
奉迎,ほうげい,wnja:06631322-n
奏法,そうほう,wnja:00421321-n
奏者,そうしゃ,wnja:10340312-n
契り,ちぎり,wnja:07226545-n
契合,けいごう,wnja:13971065-n
契約,けいやく,wnja:06520944-n
奔流,ほんりゅう,wnja:00329819-n
奔騰,ほんとう,wnja:07414222-n
奢侈,しゃし,wnja:14492373-n
奥方,おくがた,wnja:10242791-n
奥様,おくさま,wnja:09989290-n
奥歯,おくば,wnja:05306476-n
奥行,おくゆき,wnja:05094863-n
奨励,しょうれい,wnja:00249780-n
奪取,だっしゅ,wnja:00088481-n
奪回,だっかい,wnja:00096969-n
奪還,だっかん,wnja:00096969-n
奮励,ふんれい,wnja:00786195-n
奮発,ふんぱつ,wnja:06890000-n
奮闘,ふんとう,wnja:00622068-n
女中,じょちゅう,wnja:09906293-n
女人,にょにん,wnja:10787470-n
女優,じょゆう,wnja:09767700-n
女夫,めおと,wnja:07985628-n
女寡,おんなやもめ,wnja:10780284-n
女敵,めがたき,wnja:09772746-n
女流,じょりゅう,wnja:10787470-n
女皇,じょこう,wnja:10499355-n
女給,じょきゅう,wnja:10763620-n
女色,じょしょく,wnja:13931436-n
女衆,おんなしゅう,wnja:10282672-n
女衒,ぜげん,wnja:10479328-n
女親,おんなおや,wnja:10332385-n
奴隷,どれい,wnja:09864891-n
奸侫,かんねい,wnja:14563564-n
奸物,かんぶつ,wnja:09977660-n
奸計,かんけい,wnja:00171618-n
奸譎,かんきつ,wnja:14563564-n
奸賊,かんぞく,wnja:10753546-n
奸邪,かんじゃ,wnja:04852088-n
好運,こううん,wnja:07316856-n
妄誕,もうたん,wnja:06607339-n
妄語,もうご,wnja:06756831-n
妊娠,にんしん,wnja:00844847-n
妊孕,にんよう,wnja:00844847-n
妓楼,ぎろう,wnja:04581595-n
妖女,ようじょ,wnja:09503282-n
妖婆,ようば,wnja:10055297-n
妖婦,ようふ,wnja:09965134-n
妖怪,ようかい,wnja:05898171-n
妖異,ようい,wnja:05898171-n
妖精,ようせい,wnja:09540430-n
妖術,ようじゅつ,wnja:05967977-n
妖魔,ようま,wnja:05832621-n
妙味,みょうみ,wnja:05157574-n
妙手,みょうしゅ,wnja:09762509-n
妥協,だきょう,wnja:01205564-n
妥結,だけつ,wnja:07177924-n
妨げ,さまたげ,wnja:00562280-n
妨害,ぼうがい,wnja:00562280-n
妬み,ねたみ,wnja:07550079-n
妬心,としん,wnja:07550079-n
妹分,いもうとぶん,wnja:10486166-n
妹背,いもせ,wnja:07989373-n
妻壁,つまかべ,wnja:03409393-n
妻女,さいじょ,wnja:10780632-n
妻室,さいしつ,wnja:10780632-n
妻帯,さいたい,wnja:13963970-n
姉妹,しまい,wnja:10602985-n
始り,はじまり,wnja:05868051-n
始動,しどう,wnja:00235435-n
始末,しまつ,wnja:05789089-n
始業,しぎょう,wnja:00338641-n
始点,してん,wnja:15266164-n
始祖,しそ,wnja:09525579-n
委任,いにん,wnja:01140471-n
委縮,いしゅく,wnja:06289472-n
委託,いたく,wnja:01140471-n
委譲,いじょう,wnja:13254237-n
姦人,かんじん,wnja:10522324-n
姦夫,かんぷ,wnja:09772746-n
姦悪,かんあく,wnja:14563564-n
姦淫,かんいん,wnja:00848466-n
姦通,かんつう,wnja:00848466-n
姫蜂,ひめばち,wnja:02218371-n
姻戚,いんせき,wnja:10207169-n
姿勢,しせい,wnja:05002822-n
姿形,すがたかたち,wnja:04677514-n
姿態,したい,wnja:01901213-n
姿絵,すがたえ,wnja:03987079-n
威し,おどし,wnja:01222477-n
威令,いれい,wnja:06411592-n
威信,いしん,wnja:04886881-n
威儀,いぎ,wnja:04729984-n
威光,いこう,wnja:05194151-n
威厳,いげん,wnja:04729984-n
威名,いめい,wnja:14435809-n
威嚇,いかく,wnja:01222477-n
威圧,いあつ,wnja:07254057-n
威迫,いはく,wnja:01222477-n
威風,いふう,wnja:04729984-n
娯楽,ごらく,wnja:00426928-n
娼婦,しょうふ,wnja:10485440-n
娼楼,しょうろう,wnja:04581595-n
婚儀,こんぎ,wnja:01036996-n
婚姻,こんいん,wnja:01036996-n
婚礼,こんれい,wnja:01036996-n
婚約,こんやく,wnja:01036778-n
婦女,ふじょ,wnja:10787470-n
婦長,ふちょう,wnja:10216403-n
媒介,ばいかい,wnja:01240210-n
媒体,ばいたい,wnja:06254475-n
媒精,ばいせい,wnja:00845178-n
媒質,ばいしつ,wnja:06254475-n
媒酌,ばいしゃく,wnja:01240628-n
媚態,びたい,wnja:00512522-n
媚薬,びやく,wnja:07883661-n
媾合,まぐわい,wnja:00845523-n
媾曳,あいびき,wnja:15120223-n
嫁娶,かしゅ,wnja:01036996-n
嫉み,そねみ,wnja:07550079-n
嫉妬,しっと,wnja:07550079-n
嫌忌,けんき,wnja:07502669-n
嫌悪,けんお,wnja:07502669-n
嫌疑,けんぎ,wnja:05919034-n
嫖客,ひょうかく,wnja:10168183-n
嫡男,ちゃくなん,wnja:10671613-n
嬌態,きょうたい,wnja:00512522-n
嬌羞,きょうしゅう,wnja:04788159-n
孀婦,そうふ,wnja:10780284-n
子供,こども,wnja:09917593-n
子分,こぶん,wnja:10099375-n
子嚢,しのう,wnja:13092078-n
子女,しじょ,wnja:09918248-n
子孫,しそん,wnja:08369220-n
子守,こもり,wnja:10345100-n
子弟,してい,wnja:09918248-n
子息,しそく,wnja:10624074-n
子房,しぼう,wnja:11678635-n
子指,こゆび,wnja:05567727-n
子爵,ししゃく,wnja:10755815-n
子種,こだね,wnja:09918248-n
子袋,こぶくろ,wnja:05519085-n
子豚,こぶた,wnja:02395694-n
子馬,こうま,wnja:02382437-n
子鬼,こおに,wnja:09540739-n
孔雀,くじゃく,wnja:01805801-n
字幕,じまく,wnja:06346220-n
字引,じびき,wnja:06418901-n
字母,じぼ,wnja:06828818-n
存命,ぞんめい,wnja:13962166-n
存在,そんざい,wnja:05917174-n
存意,ぞんい,wnja:05945642-n
存続,そんぞく,wnja:15133488-n
季節,きせつ,wnja:15236475-n
孤独,こどく,wnja:07502576-n
孤立,こりつ,wnja:01239717-n
学び,まなび,wnja:05755883-n
学会,がっかい,wnja:08280124-n
学位,がくい,wnja:06697331-n
学修,がくしゅう,wnja:05755883-n
学区,がっく,wnja:08587709-n
学友,がくゆう,wnja:10560106-n
学問,がくもん,wnja:05755883-n
学園,がくえん,wnja:02669885-n
学堂,がくどう,wnja:02669885-n
学報,がくほう,wnja:06267655-n
学士,がくし,wnja:09786338-n
学寮,がくりょう,wnja:03224893-n
学年,がくねん,wnja:08238463-n
学徒,がくと,wnja:10251779-n
学期,がっき,wnja:15225249-n
学業,がくぎょう,wnja:00728975-n
学殖,がくしょく,wnja:05984287-n
学派,がくは,wnja:08275185-n
学生,がくせい,wnja:09936892-n
学監,がっかん,wnja:09997068-n
学科,がっか,wnja:05996646-n
学究,がっきゅう,wnja:10557854-n
学者,がくしゃ,wnja:10557854-n
学説,がくせつ,wnja:05989479-n
学識,がくしき,wnja:05985999-n
学費,がくひ,wnja:13323988-n
学部,がくぶ,wnja:08114861-n
学長,がくちょう,wnja:10468750-n
学院,がくいん,wnja:02669885-n
学頭,がくとう,wnja:02587618-n
孫娘,まごむすめ,wnja:10141732-n
孺子,じゅし,wnja:09917593-n
宅地,たくち,wnja:08553535-n
守備,しゅび,wnja:00126721-n
守勢,しゅせい,wnja:04843429-n
安全,あんぜん,wnja:06685754-n
安堵,あんど,wnja:07493280-n
安定,あんてい,wnja:01159025-n
安寧,あんねい,wnja:07515560-n
安心,あんしん,wnja:04904352-n
安息,あんそく,wnja:07515790-n
安慰,あんい,wnja:01211667-n
安打,あんだ,wnja:00131090-n
安泰,あんたい,wnja:06685754-n
安穏,あんのん,wnja:04904352-n
安静,あんせい,wnja:04904352-n
完了,かんりょう,wnja:00209943-n
完備,かんび,wnja:14459422-n
完璧,かんぺき,wnja:14459422-n
完結,かんけつ,wnja:00209943-n
完遂,かんすい,wnja:00035189-n
宗主,そうしゅ,wnja:08170535-n
宗家,そうけ,wnja:10126708-n
宗廟,そうびょう,wnja:03732114-n
宗教,しゅうきょう,wnja:08081668-n
宗族,そうぞく,wnja:07970721-n
宗旨,しゅうし,wnja:06790042-n
宗門,しゅうもん,wnja:08146782-n
官吏,かんり,wnja:09925459-n
官庁,かんちょう,wnja:03449858-n
官署,かんしょ,wnja:03449858-n
官能,かんのう,wnja:05651971-n
官衙,かんが,wnja:03449858-n
定め,さだめ,wnja:05846054-n
定位,ていい,wnja:13828075-n
定住,ていじゅう,wnja:01053920-n
定例,ていれい,wnja:00413239-n
定員,ていいん,wnja:00720951-n
定型,ていけい,wnja:00410247-n
定常,ていじょう,wnja:10517405-n
定式,ていしき,wnja:01027379-n
定数,ていすう,wnja:05858936-n
定款,ていかん,wnja:06470688-n
定理,ていり,wnja:05989479-n
定立,ていりつ,wnja:06755454-n
定見,ていけん,wnja:05942888-n
定規,じょうぎ,wnja:00410247-n
宝典,ほうてん,wnja:06421685-n
宝庫,ほうこ,wnja:03445120-n
宝殿,ほうでん,wnja:04133648-n
宝玉,ほうぎょく,wnja:03596787-n
宝石,ほうせき,wnja:03596787-n
宝箱,たからばこ,wnja:04340750-n
宝船,たからぶね,wnja:04477725-n
実体,じったい,wnja:00001740-n
実作,じっさく,wnja:03841417-n
実例,じつれい,wnja:05820620-n
実兄,じっけい,wnja:09876454-n
実利,じつり,wnja:05149325-n
実力,じつりょく,wnja:00720951-n
実効,じっこう,wnja:05199869-n
実在,じつざい,wnja:13954818-n
実家,じっか,wnja:03259505-n
実年,じつねん,wnja:15150384-n
実弟,じってい,wnja:09876454-n
実弾,じつだん,wnja:13386614-n
実情,じつじょう,wnja:05817743-n
実意,じつい,wnja:04867130-n
実数,じっすう,wnja:13729902-n
実施,じっし,wnja:00044150-n
実業,じつぎょう,wnja:00923444-n
実正,じっしょう,wnja:06636259-n
実母,じつぼ,wnja:10332385-n
実測,じっそく,wnja:00996969-n
実演,じつえん,wnja:06879180-n
実父,じっぷ,wnja:10080869-n
実現,じつげん,wnja:00061917-n
実直,じっちょく,wnja:04867130-n
実相,じっそう,wnja:13956097-n
実習,じっしゅう,wnja:00411048-n
実記,じっき,wnja:06514093-n
実質,じっしつ,wnja:15110096-n
実践,じっせん,wnja:00411048-n
実録,じつろく,wnja:06470073-n
実際,じっさい,wnja:00411048-n
実験,じっけん,wnja:00639556-n
客分,きゃくぶん,wnja:10150940-n
客室,きゃくしつ,wnja:03235042-n
客席,きゃくせき,wnja:08647616-n
客扱,きゃくあつかい,wnja:00098625-n
客来,きゃくらい,wnja:10757193-n
客筋,きゃくすじ,wnja:09984659-n
客船,きゃくせん,wnja:03896103-n
客車,きゃくしゃ,wnja:03895866-n
宣伝,せんでん,wnja:01101329-n
宣告,せんこく,wnja:06727616-n
宣布,せんぷ,wnja:06726158-n
宣教,せんきょう,wnja:07244305-n
宣言,せんげん,wnja:06725877-n
室外,しつがい,wnja:08613733-n
室料,しつりょう,wnja:13327136-n
室温,しつおん,wnja:05014442-n
宥免,ゆうめん,wnja:01227190-n
宥恕,ゆうじょ,wnja:01227190-n
宦官,かんがん,wnja:10066452-n
宮人,みやびと,wnja:09971839-n
宮室,きゅうしつ,wnja:03877845-n
宮廷,きゅうてい,wnja:08051946-n
宮殿,きゅうでん,wnja:03877845-n
宰相,さいしょう,wnja:09906986-n
害心,がいしん,wnja:04658106-n
害悪,がいあく,wnja:00744443-n
害毒,がいどく,wnja:00744443-n
害虫,がいちゅう,wnja:01315980-n
宴会,えんかい,wnja:07447641-n
家作,かさく,wnja:03259505-n
家僕,かぼく,wnja:10024119-n
家兎,いえうさぎ,wnja:02324045-n
家居,かきょ,wnja:03259505-n
家屋,かおく,wnja:02913152-n
家族,かぞく,wnja:07970406-n
家柄,いえがら,wnja:04922787-n
家畜,かちく,wnja:01317541-n
家督,かとく,wnja:04921308-n
家禽,かきん,wnja:07644706-n
家筋,いえすじ,wnja:04922787-n
家系,かけい,wnja:04922787-n
家職,かしょく,wnja:10655442-n
家臣,かしん,wnja:10746581-n
家蠅,いえばえ,wnja:02190790-n
家裁,かさい,wnja:08332090-n
家賃,やちん,wnja:13295657-n
家門,かもん,wnja:07969695-n
家鴨,あひる,wnja:01846331-n
容器,ようき,wnja:03094503-n
容姿,ようし,wnja:04673965-n
容疑,ようぎ,wnja:03008275-n
容積,ようせき,wnja:05025413-n
容赦,ようしゃ,wnja:01071213-n
容量,ようりょう,wnja:00720951-n
宿り,やどり,wnja:03259505-n
宿六,やどろく,wnja:10193967-n
宿命,しゅくめい,wnja:05966129-n
宿営,しゅくえい,wnja:02944826-n
宿屋,やどや,wnja:03541696-n
宿望,しゅくぼう,wnja:07484547-n
宿木,やどりぎ,wnja:01384687-n
宿泊,しゅくはく,wnja:01055360-n
宿縁,しゅくえん,wnja:07330560-n
宿舎,しゅくしゃ,wnja:03541696-n
宿運,しゅくうん,wnja:07330007-n
宿酔,しゅくすい,wnja:14447165-n
宿題,しゅくだい,wnja:00729108-n
宿願,しゅくがん,wnja:07484547-n
寂寞,せきばく,wnja:07534108-n
寂寥,せきりょう,wnja:07534108-n
寂滅,じゃくめつ,wnja:07355491-n
寄与,きよ,wnja:00568430-n
寄付,きふ,wnja:01089778-n
寄合,よりあい,wnja:08310389-n
寄手,よせて,wnja:10055847-n
寄生,きせい,wnja:13842415-n
寄留,きりゅう,wnja:01055360-n
寄算,よせざん,wnja:00872107-n
寄贈,きぞう,wnja:01089778-n
寄進,きしん,wnja:01089778-n
密事,みつじ,wnja:06673142-n
密偵,みってい,wnja:00654234-n
密売,みつばい,wnja:00092663-n
密度,みつど,wnja:04941453-n
密猟,みつりょう,wnja:00247342-n
密行,みっこう,wnja:00292125-n
密計,みっけい,wnja:05908882-n
密輸,みつゆ,wnja:01112132-n
密通,みっつう,wnja:00732746-n
富有,ふゆう,wnja:13353280-n
富者,ふしゃ,wnja:10292052-n
富豪,ふごう,wnja:10292052-n
寒け,さむけ,wnja:00867983-n
寒さ,さむさ,wnja:04629604-n
寒冷,かんれい,wnja:05015117-n
寒剤,かんざい,wnja:14826328-n
寒天,かんてん,wnja:14900008-n
寒波,かんぱ,wnja:11439924-n
寒熱,かんねつ,wnja:14340462-n
寒空,さむぞら,wnja:11440012-n
寓意,ぐうい,wnja:00651088-n
寓言,ぐうげん,wnja:06372095-n
寓話,ぐうわ,wnja:06372095-n
寛ぎ,くつろぎ,wnja:01064148-n
寛容,かんよう,wnja:01085937-n
寛恕,かんじょ,wnja:01227190-n
寛解,かんかい,wnja:07419960-n
寝室,しんしつ,wnja:02821627-n
寝巻,ねまき,wnja:03825080-n
寝棺,ねかん,wnja:03064758-n
寝殿,しんでん,wnja:03727465-n
寝袋,ねぶくろ,wnja:04235860-n
寝言,ねごと,wnja:00285387-n
寝酒,ねざけ,wnja:07912619-n
寝間,ねま,wnja:02821627-n
察し,さっし,wnja:06782680-n
察知,さっち,wnja:05807012-n
寡欲,かよく,wnja:01085937-n
寡黙,かもく,wnja:04652438-n
審問,しんもん,wnja:01199697-n
審査,しんさ,wnja:00874067-n
審理,しんり,wnja:01195867-n
審議,しんぎ,wnja:04661151-n
寮母,りょうぼ,wnja:10189059-n
寸刻,すんこく,wnja:15246853-n
寸劇,すんげき,wnja:00551508-n
寸時,すんじ,wnja:06022509-n
寸楮,すんちょ,wnja:06626286-n
寸法,すんぽう,wnja:00033615-n
寸秒,すんびょう,wnja:15246853-n
寸簡,すんかん,wnja:06626286-n
寸言,すんげん,wnja:07153727-n
寸鉄,すんてつ,wnja:07153727-n
寺子,てらこ,wnja:10559288-n
寺男,てらおとこ,wnja:10585217-n
寺院,じいん,wnja:04407435-n
寺領,じりょう,wnja:13247228-n
対偶,たいぐう,wnja:07985223-n
対処,たいしょ,wnja:01134861-n
対句,ついく,wnja:13858392-n
対峙,たいじ,wnja:07181043-n
対当,たいとう,wnja:01169744-n
対応,たいおう,wnja:04745240-n
対手,たいしゅ,wnja:09773245-n
対数,たいすう,wnja:06812631-n
対敵,たいてき,wnja:07946851-n
対案,たいあん,wnja:07162424-n
対決,たいけつ,wnja:07181043-n
対流,たいりゅう,wnja:13452614-n
対照,たいしょう,wnja:00651813-n
対空,たいくう,wnja:02715712-n
対立,たいりつ,wnja:01169744-n
対策,たいさく,wnja:00174412-n
対聯,ついれん,wnja:06378917-n
対話,たいわ,wnja:07010692-n
対談,たいだん,wnja:07136206-n
寿像,じゅぞう,wnja:04306847-n
寿命,じゅみょう,wnja:15140405-n
封印,ふういん,wnja:06855207-n
封泥,ふうでい,wnja:14706214-n
封皮,ふうひ,wnja:03291819-n
封蝋,ふうろう,wnja:04160036-n
封鎖,ふうさ,wnja:00954086-n
専修,せんしゅう,wnja:13559782-n
専務,せんむ,wnja:09770949-n
専売,せんばい,wnja:14444114-n
専念,せんねん,wnja:01206553-n
専業,せんぎょう,wnja:00583461-n
専門,せんもん,wnja:00583461-n
射光,しゃこう,wnja:11467786-n
射出,しゃしゅつ,wnja:00122661-n
射影,しゃえい,wnja:00116687-n
射撃,しゃげき,wnja:00122661-n
射的,しゃてき,wnja:00122661-n
射程,しゃてい,wnja:05125377-n
将星,しょうせい,wnja:10123844-n
将来,しょうらい,wnja:15121625-n
将校,しょうこう,wnja:09942970-n
将軍,しょうぐん,wnja:10123844-n
尊厳,そんげん,wnja:04729984-n
尊号,そんごう,wnja:06339416-n
尊大,そんだい,wnja:04817923-n
尊崇,そんすう,wnja:01043820-n
尊師,そんし,wnja:10152616-n
尊敬,そんけい,wnja:01218766-n
尊翁,そんおう,wnja:10375506-n
尊者,そんじゃ,wnja:10546850-n
尊重,そんちょう,wnja:01228877-n
尋問,じんもん,wnja:07193958-n
導き,みちびき,wnja:01144876-n
導入,どうにゅう,wnja:00320852-n
導出,どうしゅつ,wnja:05780718-n
導線,どうせん,wnja:04594489-n
小丘,しょうきゅう,wnja:09326662-n
小乗,しょうじょう,wnja:06241576-n
小便,しょうべん,wnja:13533886-n
小僧,こぞう,wnja:09871229-n
小児,しょうに,wnja:09917593-n
小冊,しょうさつ,wnja:06409290-n
小包,こづつみ,wnja:03871628-n
小咄,こばなし,wnja:06371999-n
小女,こおんな,wnja:10084295-n
小姑,こじゅうと,wnja:10603766-n
小娘,こむすめ,wnja:10247358-n
小子,しょうし,wnja:10016103-n
小学,しょうがく,wnja:08412749-n
小島,こじま,wnja:09319456-n
小憩,しょうけい,wnja:01062997-n
小数,しょうすう,wnja:13736197-n
小水,しょうすい,wnja:14855724-n
小滴,しょうてき,wnja:13771828-n
小潮,こしお,wnja:07403300-n
小爪,こづめ,wnja:05582038-n
小町,こまち,wnja:10613996-n
小癪,こしゃく,wnja:06721813-n
小石,こいし,wnja:14698884-n
小筒,こづつ,wnja:04090263-n
小箱,こばこ,wnja:02978055-n
小篇,しょうへん,wnja:06371999-n
小粒,こつぶ,wnja:09291513-n
小者,こもの,wnja:10435251-n
小胆,しょうたん,wnja:04860065-n
小脳,しょうのう,wnja:05485554-n
小腸,しょうちょう,wnja:05534712-n
小船,こぶね,wnja:02858304-n
小花,こばな,wnja:11669786-n
小蔭,こかげ,wnja:13984613-n
小言,こごと,wnja:06711855-n
小説,しょうせつ,wnja:03833065-n
小論,しょうろん,wnja:06268096-n
小道,こみち,wnja:03640589-n
小銃,しょうじゅう,wnja:03343853-n
小銭,こぜに,wnja:13388000-n
小隊,しょうたい,wnja:08214470-n
小面,こおもて,wnja:13913164-n
小頭,こがしら,wnja:10661732-n
小風,こかぜ,wnja:11431754-n
小鳥,ことり,wnja:01503061-n
小麦,こむぎ,wnja:07731952-n
少佐,しょうさ,wnja:10259997-n
少将,しょうしょう,wnja:10283663-n
少年,しょうねん,wnja:09622049-n
尖り,とがり,wnja:13902482-n
尖足,せんそく,wnja:14214938-n
尚早,しょうそう,wnja:14426736-n
尤度,ゆうど,wnja:04783724-n
尤物,ゆうぶつ,wnja:00133875-n
就任,しゅうにん,wnja:00243373-n
就労,しゅうろう,wnja:13968092-n
就業,しゅうぎょう,wnja:13968092-n
就眠,しゅうみん,wnja:14024882-n
尺度,しゃくど,wnja:03735637-n
尺牘,せきとく,wnja:06624161-n
尺骨,しゃっこつ,wnja:05593476-n
尻尾,しっぽ,wnja:02157557-n
尻足,しりあし,wnja:02464626-n
尼僧,にそう,wnja:10368009-n
尼公,にこう,wnja:10368009-n
尽力,じんりょく,wnja:00621627-n
尾板,おいた,wnja:04384593-n
尾根,おね,wnja:09409752-n
尾端,びたん,wnja:08566028-n
尾部,びぶ,wnja:04384016-n
尾骨,びこつ,wnja:05274247-n
尿管,にょうかん,wnja:05512835-n
尿素,にょうそ,wnja:15085472-n
尿膜,にょうまく,wnja:01473393-n
尿路,にょうろ,wnja:05511061-n
尿道,にょうどう,wnja:05513020-n
尿酸,にょうさん,wnja:15085682-n
尿閉,にょうへい,wnja:04942373-n
局勢,きょくせい,wnja:13927383-n
局員,きょくいん,wnja:09928451-n
局所,きょくしょ,wnja:04164989-n
局部,きょくぶ,wnja:04164989-n
局限,きょくげん,wnja:05124057-n
局面,きょくめん,wnja:03011521-n
居住,きょじゅう,wnja:01053920-n
居候,いそうろう,wnja:10004804-n
居宅,きょたく,wnja:03259505-n
居室,きょしつ,wnja:03679712-n
居留,きょりゅう,wnja:01053920-n
居間,いま,wnja:03679712-n
屈伏,くっぷく,wnja:00067707-n
屈従,くつじゅう,wnja:04906712-n
屈折,くっせつ,wnja:07310991-n
屈曲,くっきょく,wnja:00405206-n
屈筋,くっきん,wnja:05296503-n
屈辱,くつじょく,wnja:00273449-n
屋上,おくじょう,wnja:08663774-n
屋外,おくがい,wnja:08613733-n
屋根,やね,wnja:03546235-n
屋舎,おくしゃ,wnja:02913152-n
屍骸,しがい,wnja:05217859-n
屎尿,しにょう,wnja:14864170-n
屏障,びょうしょう,wnja:03894379-n
屑物,くずもの,wnja:14856263-n
屑篭,くずかご,wnja:04555700-n
展望,てんぼう,wnja:05127782-n
展示,てんじ,wnja:06887726-n
展開,てんかい,wnja:00371314-n
属国,ぞっこく,wnja:08499840-n
属性,ぞくせい,wnja:00024264-n
属格,ぞっかく,wnja:06311852-n
属領,ぞくりょう,wnja:08499840-n
屠殺,とさつ,wnja:00223854-n
層楼,そうろう,wnja:04233124-n
層流,そうりゅう,wnja:11521824-n
層雲,そううん,wnja:09448251-n
履歴,りれき,wnja:00282613-n
履物,はきもの,wnja:03380867-n
履行,りこう,wnja:00061917-n
屯所,とんしょ,wnja:03763403-n
山並,やまなみ,wnja:09403734-n
山僧,さんそう,wnja:10112129-n
山勘,やまかん,wnja:00752954-n
山型,やまがた,wnja:03015975-n
山場,やまば,wnja:06373747-n
山塞,さんさい,wnja:03386011-n
山岳,さんがく,wnja:09359803-n
山岸,やまぎし,wnja:09246464-n
山峰,さんぽう,wnja:08617963-n
山嶺,さんれい,wnja:08617963-n
山巓,さんてん,wnja:08617963-n
山師,やまし,wnja:09955015-n
山彦,やまびこ,wnja:05010801-n
山桃,やまもも,wnja:11741350-n
山橘,やまたちばな,wnja:11719286-n
山猫,やまねこ,wnja:02124623-n
山猿,やまざる,wnja:02484322-n
山男,やまおとこ,wnja:09488711-n
山稜,さんりょう,wnja:09409752-n
山立,やまだち,wnja:10193026-n
山系,さんけい,wnja:09403734-n
山脈,さんみゃく,wnja:09403734-n
山腹,さんぷく,wnja:09361517-n
山芋,やまいも,wnja:07711907-n
山葵,わさび,wnja:07857356-n
山蟻,やまあり,wnja:02221414-n
山賊,さんぞく,wnja:09837088-n
山頂,さんちょう,wnja:08617963-n
山高,やまたか,wnja:02881757-n
山鳩,やまばと,wnja:01813385-n
岩塩,がんえん,wnja:14672224-n
岩室,いわむろ,wnja:09238926-n
岩棚,いわだな,wnja:09337253-n
岩燕,いわつばめ,wnja:01595974-n
岩石,がんせき,wnja:09259025-n
岩礁,がんしょう,wnja:09406793-n
岩穴,いわあな,wnja:09238926-n
岩窟,がんくつ,wnja:09238926-n
岩綿,がんめん,wnja:14769644-n
岩魚,いわな,wnja:02538406-n
岳父,がくふ,wnja:10082043-n
岸べ,きしべ,wnja:09213565-n
岸壁,がんぺき,wnja:03933529-n
峠道,とうげみち,wnja:09386842-n
峡湾,きょうわん,wnja:09281104-n
峡谷,きょうこく,wnja:09233446-n
峡部,きょうぶ,wnja:09319604-n
崇拝,すうはい,wnja:01043989-n
崇敬,すうけい,wnja:07521039-n
崇高,すうこう,wnja:04870340-n
崩れ,くずれ,wnja:07318133-n
崩壊,ほうかい,wnja:00553362-n
崩落,ほうらく,wnja:07361128-n
嵌入,かんにゅう,wnja:00126447-n
川べ,かわべ,wnja:09415584-n
川口,かわぐち,wnja:09274500-n
川岸,かわぎし,wnja:08633683-n
川端,かわばた,wnja:09415584-n
州兵,しゅうへい,wnja:08391387-n
州府,しゅうふ,wnja:08226018-n
巡り,めぐり,wnja:07342495-n
巡回,じゅんかい,wnja:00310666-n
巡査,じゅんさ,wnja:08209687-n
巡検,じゅんけん,wnja:00824808-n
巡歴,じゅんれき,wnja:00310666-n
巡礼,じゅんれい,wnja:00311687-n
巡航,じゅんこう,wnja:00309115-n
巡視,じゅんし,wnja:00824808-n
巡覧,じゅんらん,wnja:00310666-n
巡遊,じゅんゆう,wnja:00310666-n
巡邏,じゅんら,wnja:00824808-n
巣穴,すあな,wnja:08591399-n
巣窟,そうくつ,wnja:08244346-n
巣箱,すばこ,wnja:02822865-n
工人,こうじん,wnja:09974648-n
工兵,こうへい,wnja:09809538-n
工具,こうぐ,wnja:03563967-n
工手,こうしゅ,wnja:10439087-n
工程,こうてい,wnja:01023820-n
工芸,こうげい,wnja:00891345-n
左党,さとう,wnja:08416328-n
左右,さゆう,wnja:06657202-n
左方,さほう,wnja:08625462-n
左派,さは,wnja:08416328-n
左翼,さよく,wnja:00724433-n
左脳,さのう,wnja:05477112-n
左舷,さげん,wnja:03642928-n
左遷,させん,wnja:00271263-n
巧智,こうち,wnja:05618056-n
巨万,きょまん,wnja:13775093-n
巨人,きょじん,wnja:01323781-n
巨像,きょぞう,wnja:10128909-n
巨刹,きょさつ,wnja:02984061-n
巨匠,きょしょう,wnja:09762509-n
巨漢,きょかん,wnja:01323781-n
巨石,きょせき,wnja:03743016-n
巨砲,きょほう,wnja:09843956-n
巨礫,きょれき,wnja:09227839-n
巨魁,きょかい,wnja:10164025-n
巫子,みこ,wnja:10306279-n
巫術,ふじゅつ,wnja:05978812-n
巫覡,ふげき,wnja:10306279-n
差引,さしひき,wnja:00360757-n
差損,さそん,wnja:13327231-n
差支,さしつかえ,wnja:03520811-n
差油,さしあぶら,wnja:14890945-n
差益,さえき,wnja:13261242-n
差込,さしこみ,wnja:04548771-n
差配,さはい,wnja:01133281-n
差額,さがく,wnja:13260762-n
巷談,こうだん,wnja:07223450-n
巻尺,まきじゃく,wnja:04392113-n
巻帙,かんちつ,wnja:06410904-n
巻毛,まきげ,wnja:05257737-n
巻物,まきもの,wnja:06407733-n
巻貝,まきがい,wnja:01944390-n
巻鬚,まきひげ,wnja:13102775-n
市人,いちびと,wnja:10309896-n
市域,しいき,wnja:08541130-n
市子,いちこ,wnja:10306279-n
市庭,いちば,wnja:03722288-n
市販,しはん,wnja:01112420-n
市長,しちょう,wnja:10303814-n
市電,しでん,wnja:04335435-n
布告,ふこく,wnja:06539770-n
布帛,ふはく,wnja:03309808-n
布達,ふたつ,wnja:06726158-n
帆布,ほぬの,wnja:02953673-n
帆桁,ほげた,wnja:04610676-n
帆綱,ほづな,wnja:03480863-n
帆走,はんそう,wnja:00313806-n
希釈,きしゃく,wnja:00362659-n
帝国,ていこく,wnja:08052413-n
帝王,ていおう,wnja:10053004-n
師団,しだん,wnja:00397953-n
師父,しふ,wnja:10080869-n
師表,しひょう,wnja:10324851-n
師部,しぶ,wnja:13098962-n
席代,せきだい,wnja:13321495-n
帯域,たいいき,wnja:06260518-n
帯留,おびどめ,wnja:04136800-n
帯皮,おびかわ,wnja:02827606-n
帯鋸,おびのこ,wnja:02786837-n
帰伏,きふく,wnja:00067707-n
帰依,きえ,wnja:00400083-n
帰国,きこく,wnja:00051192-n
帰宅,きたく,wnja:00051192-n
帰結,きけつ,wnja:05781541-n
帳合,ちょうあい,wnja:00619230-n
帳簿,ちょうぼ,wnja:03165211-n
帷幕,いばく,wnja:03151077-n
常例,じょうれい,wnja:00413239-n
常務,じょうむ,wnja:10015485-n
常民,じょうみん,wnja:07947255-n
常習,じょうしゅう,wnja:00410247-n
常識,じょうしき,wnja:05614657-n
常連,じょうれん,wnja:09945905-n
常食,じょうしょく,wnja:07560903-n
幅員,ふくいん,wnja:05136150-n
幇助,ほうじょ,wnja:01207609-n
幇間,ほうかん,wnja:10095869-n
幕営,ばくえい,wnja:01055165-n
幕屋,まくや,wnja:04411264-n
幕舎,ばくしゃ,wnja:02944826-n
幟旗,のぼりばた,wnja:02788021-n
幣制,へいせい,wnja:13372961-n
幣物,へいもつ,wnja:13265011-n
干与,かんよ,wnja:01239064-n
干戈,かんか,wnja:00973077-n
干満,かんまん,wnja:07402519-n
干犯,かんぱん,wnja:00770543-n
干草,ほしくさ,wnja:07802026-n
干魃,かんばつ,wnja:14537054-n
平々,へいへい,wnja:13942743-n
平俗,へいぞく,wnja:04795061-n
平凡,へいぼん,wnja:04795061-n
平和,へいわ,wnja:06773976-n
平均,へいきん,wnja:05856979-n
平坦,へいたん,wnja:03536348-n
平屋,ひらや,wnja:02919792-n
平年,へいねん,wnja:15202131-n
平底,ひらぞこ,wnja:02792552-n
平手,ひらて,wnja:04747899-n
平日,へいじつ,wnja:15136723-n
平明,へいめい,wnja:15168790-n
平易,へいい,wnja:04697267-n
平時,へいじ,wnja:15293227-n
平服,へいふく,wnja:03036469-n
平板,へいばん,wnja:04233405-n
平民,へいみん,wnja:10441251-n
平炉,へいろ,wnja:03848537-n
平版,へいはん,wnja:06679457-n
平癒,へいゆ,wnja:13452347-n
平穏,へいおん,wnja:04904352-n
平等,びょうどう,wnja:04747899-n
平行,へいこう,wnja:13880994-n
平鍋,ひらなべ,wnja:03880531-n
平面,へいめん,wnja:13861050-n
平頚,ひらくび,wnja:05546540-n
年上,としうえ,wnja:10048218-n
年下,としした,wnja:10227266-n
年代,ねんだい,wnja:04924103-n
年令,ねんれい,wnja:15145171-n
年功,ねんこう,wnja:05051734-n
年嵩,としかさ,wnja:10048218-n
年度,ねんど,wnja:15203791-n
年末,ねんまつ,wnja:15201994-n
年次,ねんじ,wnja:15203791-n
年歯,ねんし,wnja:04924103-n
年級,ねんきゅう,wnja:08238463-n
年若,としわか,wnja:07944050-n
年表,ねんぴょう,wnja:06504965-n
年譜,ねんぷ,wnja:06514093-n
年輪,ねんりん,wnja:11424816-n
年金,ねんきん,wnja:13294503-n
年鑑,ねんかん,wnja:06426279-n
年長,ねんちょう,wnja:04927890-n
年頃,としごろ,wnja:15145171-n
幸先,さいさき,wnja:06646243-n
幸福,こうふく,wnja:07526757-n
幹事,かんじ,wnja:04164868-n
幹部,かんぶ,wnja:08242100-n
幻像,げんぞう,wnja:05897553-n
幻影,げんえい,wnja:05768252-n
幻想,げんそう,wnja:05632446-n
幻日,げんじつ,wnja:11487732-n
幻滅,げんめつ,wnja:05988097-n
幻灯,げんとう,wnja:03704834-n
幻術,げんじゅつ,wnja:00099951-n
幻覚,げんかく,wnja:05812921-n
幼子,おさなご,wnja:01322221-n
幼少,ようしょう,wnja:14427065-n
幼年,ようねん,wnja:14427065-n
幼弱,ようじゃく,wnja:13773906-n
幼時,ようじ,wnja:15147097-n
幼虫,ようちゅう,wnja:02311060-n
幼魚,ようぎょ,wnja:02513560-n
幼鳥,ようちょう,wnja:01613615-n
幽囚,ゆうしゅう,wnja:01162376-n
幽居,ゆうきょ,wnja:04622932-n
幽界,ゆうかい,wnja:05629381-n
幽門,ゆうもん,wnja:05535095-n
幽閉,ゆうへい,wnja:01146768-n
幽霊,ゆうれい,wnja:05898171-n
幽魂,ゆうこん,wnja:05898171-n
庁舎,ちょうしゃ,wnja:03770316-n
広場,ひろば,wnja:02684962-n
広間,ひろま,wnja:03478907-n
床上,ゆかうえ,wnja:13452347-n
床材,ゆかざい,wnja:03366823-n
床板,ゆかいた,wnja:03366630-n
序で,ついで,wnja:14485064-n
序列,じょれつ,wnja:01009871-n
序奏,じょそう,wnja:06396930-n
序幕,じょまく,wnja:07009421-n
序数,じょすう,wnja:13597280-n
序文,じょぶん,wnja:06397903-n
序曲,じょきょく,wnja:07040820-n
序盤,じょばん,wnja:00457890-n
序章,じょしょう,wnja:05868051-n
序言,じょげん,wnja:06397903-n
序詞,じょし,wnja:06397903-n
序論,じょろん,wnja:06397903-n
底本,ていほん,wnja:06390962-n
底盤,ていばん,wnja:14932303-n
底荷,そこに,wnja:02779845-n
底辺,ていへん,wnja:09215315-n
底部,ていぶ,wnja:09215315-n
底面,ていめん,wnja:02798574-n
底魚,そこうお,wnja:02513355-n
庖厨,ほうちゅう,wnja:03619890-n
店借,たながり,wnja:10700201-n
店先,みせさき,wnja:04203705-n
店員,てんいん,wnja:10548227-n
店子,たなこ,wnja:10700201-n
店番,みせばん,wnja:10577284-n
店賃,たなちん,wnja:13295657-n
店頭,てんとう,wnja:04203705-n
度合,どあい,wnja:05093890-n
度数,どすう,wnja:13598237-n
度胸,どきょう,wnja:04838210-n
座主,ざす,wnja:08550364-n
座元,ざもと,wnja:10383237-n
座具,ざぐ,wnja:04118021-n
座席,ざせき,wnja:04161358-n
座敷,ざしき,wnja:03235042-n
座標,ざひょう,wnja:06010930-n
座長,ざちょう,wnja:10468962-n
庭先,にわさき,wnja:03417749-n
庭前,ていぜん,wnja:03417749-n
庭園,ていえん,wnja:03417345-n
庭師,にわし,wnja:10120533-n
庭火,にわび,wnja:07303335-n
庵主,あんしゅ,wnja:09754217-n
庶出,しょしゅつ,wnja:13953215-n
庶子,しょし,wnja:09842823-n
庶民,しょみん,wnja:07947255-n
庸俗,ようぞく,wnja:13942743-n
廃位,はいい,wnja:00208943-n
廃棄,はいき,wnja:00231887-n
廃止,はいし,wnja:00228283-n
廃残,はいざん,wnja:07318133-n
廃水,はいすい,wnja:14857021-n
廃滅,はいめつ,wnja:07318133-n
廃物,はいぶつ,wnja:14856263-n
廃船,はいせん,wnja:03548533-n
廃虚,はいきょ,wnja:14423870-n
廃退,はいたい,wnja:13456715-n
廉潔,れんけつ,wnja:04869569-n
廉直,れんちょく,wnja:04826623-n
廊下,ろうか,wnja:03112099-n
廓清,かくせい,wnja:00252430-n
廟宇,びょうう,wnja:03732114-n
廟所,びょうしょ,wnja:03732114-n
延命,えんめい,wnja:06042312-n
延引,えんいん,wnja:01067362-n
延棒,のべぼう,wnja:04103206-n
延滞,えんたい,wnja:01066163-n
延金,のべがね,wnja:04189482-n
延髄,えんずい,wnja:05495172-n
廷臣,ていしん,wnja:09971839-n
建前,たてまえ,wnja:05168795-n
建場,たてば,wnja:08581503-n
建家,たてや,wnja:02913152-n
建材,けんざい,wnja:14786479-n
建白,けんぱく,wnja:06513366-n
建立,こんりゅう,wnja:00911048-n
建築,けんちく,wnja:00610738-n
建言,けんげん,wnja:07161429-n
建設,けんせつ,wnja:00908492-n
建造,けんぞう,wnja:00911048-n
弁え,わきまえ,wnja:05748054-n
弁償,べんしょう,wnja:13282550-n
弁別,べんべつ,wnja:05748054-n
弁口,べんこう,wnja:07071483-n
弁士,べんし,wnja:10252547-n
弁才,べんさい,wnja:07069210-n
弁明,べんめい,wnja:06633363-n
弁疏,べんそ,wnja:01198750-n
弁膜,べんまく,wnja:04519153-n
弁舌,べんぜつ,wnja:07071483-n
弁解,べんかい,wnja:06740183-n
弁論,べんろん,wnja:07138085-n
弁護,べんご,wnja:01198750-n
弁難,べんなん,wnja:01220619-n
弁駁,べんばく,wnja:00155298-n
弁髪,べんぱつ,wnja:05259823-n
弄び,もてあそび,wnja:03964744-n
弊害,へいがい,wnja:05144663-n
弊竇,へいとう,wnja:05162642-n
式事,しきじ,wnja:01027379-n
式典,しきてん,wnja:01026897-n
式微,しきび,wnja:14422488-n
式法,しきほう,wnja:04898087-n
式目,しきもく,wnja:06667317-n
弓取,ゆみとり,wnja:09805324-n
弓張,ゆみはり,wnja:13886133-n
弓手,ゆんで,wnja:05565548-n
弓矢,ゆみや,wnja:00953559-n
弓馬,きゅうば,wnja:00952963-n
弔意,ちょうい,wnja:06199142-n
弔歌,ちょうか,wnja:06379568-n
引伸,ひきのばし,wnja:00365709-n
引例,いんれい,wnja:06613056-n
引出,ひきだし,wnja:03233905-n
引分,ひきわけ,wnja:07353716-n
引剥,ひはぎ,wnja:10175507-n
引力,いんりょく,wnja:04688246-n
引合,ひきあい,wnja:01084637-n
引喩,いんゆ,wnja:06766544-n
引導,いんどう,wnja:01030152-n
引廻,ひきまわし,wnja:01144876-n
引張,ひっぱり,wnja:00114431-n
引当,ひきあて,wnja:06685754-n
引戸,ひきど,wnja:04239074-n
引掛,ひきかけ,wnja:00031921-n
引揚,ひきあげ,wnja:00363260-n
引換,ひきかえ,wnja:01109467-n
引数,ひきすう,wnja:06356299-n
引札,ひきふだ,wnja:03233423-n
引潮,ひきしお,wnja:07402271-n
引物,ひきもの,wnja:03151077-n
引率,いんそつ,wnja:01256417-n
引用,いんよう,wnja:01030642-n
引立,ひきたて,wnja:01096454-n
引締,ひきしめ,wnja:00148057-n
引舟,ひきふね,wnja:04495843-n
引越,ひっこし,wnja:00168658-n
引退,いんたい,wnja:00212205-n
引金,ひきがね,wnja:03470629-n
弥助,やすけ,wnja:07879450-n
弧灯,ことう,wnja:02735361-n
弧線,こせん,wnja:13874384-n
弯曲,わんきょく,wnja:05072663-n
弱み,よわみ,wnja:05040275-n
弱体,じゃくたい,wnja:05204982-n
弱化,じゃっか,wnja:07427337-n
弱年,じゃくねん,wnja:07944050-n
弱気,よわき,wnja:05204982-n
弱点,じゃくてん,wnja:05042283-n
弱虫,よわむし,wnja:09614047-n
弱視,じゃくし,wnja:14096598-n
弱輩,じゃくはい,wnja:09632274-n
張出,はりだし,wnja:03864356-n
張力,ちょうりょく,wnja:00366675-n
張合,はりあい,wnja:01168569-n
張番,はりばん,wnja:10150071-n
張紙,はりがみ,wnja:06793426-n
強さ,つよさ,wnja:05029706-n
強み,つよみ,wnja:05159225-n
強化,きょうか,wnja:00374224-n
強圧,きょうあつ,wnja:00421047-n
強堅,きょうけん,wnja:05032918-n
強壮,きょうそう,wnja:05031012-n
強奪,ごうだつ,wnja:00088481-n
強姦,ごうかん,wnja:00773402-n
強度,きょうど,wnja:05034225-n
強弱,きょうじゃく,wnja:05099796-n
強情,ごうじょう,wnja:04908835-n
強意,きょうい,wnja:06321054-n
強慾,ごうよく,wnja:00758525-n
強打,きょうだ,wnja:00134391-n
強盗,ごうとう,wnja:00781685-n
強直,きょうちょく,wnja:04870206-n
強縮,きょうしゅく,wnja:14185803-n
強要,きょうよう,wnja:00156812-n
強迫,きょうはく,wnja:00156812-n
弾み,はずみ,wnja:00120202-n
弾丸,だんがん,wnja:02703275-n
弾倉,だんそう,wnja:02973017-n
弾力,だんりょく,wnja:04659287-n
弾劾,だんがい,wnja:07232988-n
弾圧,だんあつ,wnja:00421047-n
弾子,だんし,wnja:04205759-n
弾幕,だんまく,wnja:00987863-n
弾性,だんせい,wnja:05020697-n
弾痕,だんこん,wnja:09229941-n
弾薬,だんやく,wnja:02703275-n
弾頭,だんとう,wnja:04551375-n
当て,あて,wnja:05950733-n
当り,あたり,wnja:00043902-n
当世,とうせい,wnja:15119536-n
当初,とうしょ,wnja:05868051-n
当夜,とうや,wnja:15263045-n
当局,とうきょく,wnja:08050678-n
当座,とうざ,wnja:00178551-n
当惑,とうわく,wnja:05685030-n
当番,とうばん,wnja:15292069-n
当節,とうせつ,wnja:15119536-n
当量,とうりょう,wnja:05026508-n
彗星,すいせい,wnja:09251407-n
形代,かたしろ,wnja:05696425-n
形体,けいたい,wnja:00027807-n
形像,けいぞう,wnja:04306847-n
形容,けいよう,wnja:00755277-n
形式,けいしき,wnja:01204055-n
形状,けいじょう,wnja:00027807-n
形象,けいしょう,wnja:04677514-n
形貌,けいぼう,wnja:04673965-n
形質,けいしつ,wnja:05849284-n
形跡,けいせき,wnja:06646628-n
形骸,けいがい,wnja:05218119-n
彩り,いろどり,wnja:04956594-n
彩層,さいそう,wnja:09244469-n
彩度,さいど,wnja:04975340-n
彩画,さいが,wnja:03876519-n
彩色,さいしき,wnja:00274941-n
彫像,ちょうぞう,wnja:04157320-n
彫刻,ちょうこく,wnja:00937656-n
彫塑,ちょうそ,wnja:04157320-n
彫師,ほりし,wnja:10058155-n
彫物,ほりもの,wnja:00937656-n
影画,かげえ,wnja:04219277-n
影響,えいきょう,wnja:00157081-n
役儀,やくぎ,wnja:00719494-n
役割,やくわり,wnja:00720565-n
役務,えきむ,wnja:00584891-n
役員,やくいん,wnja:10015485-n
役場,やくば,wnja:04461437-n
役夫,えきふ,wnja:10241300-n
役得,やくとく,wnja:05178715-n
役柄,やくがら,wnja:00722061-n
役目,やくめ,wnja:00584769-n
役者,やくしゃ,wnja:08237863-n
役職,やくしょく,wnja:00586262-n
彼岸,ひがん,wnja:13988224-n
彼氏,かれし,wnja:09871364-n
往年,おうねん,wnja:15120823-n
往日,おうじつ,wnja:15120823-n
往昔,おうせき,wnja:15120823-n
往時,おうじ,wnja:15120823-n
往来,おうらい,wnja:00040804-n
往生,おうじょう,wnja:07355491-n
往者,おうしゃ,wnja:15120823-n
往訪,おうほう,wnja:01233156-n
往還,おうかん,wnja:04426618-n
征伐,せいばつ,wnja:00089027-n
征戦,せいせん,wnja:00968479-n
征討,せいとう,wnja:00089027-n
征野,せいや,wnja:08506641-n
径庭,けいてい,wnja:04748836-n
径路,けいろ,wnja:00029677-n
律令,りつりょう,wnja:06564387-n
律儀,りちぎ,wnja:04672355-n
律動,りつどう,wnja:04768028-n
律呂,りつりょ,wnja:04987620-n
後れ,おくれ,wnja:01066163-n
後ろ,うしろ,wnja:00725775-n
後付,あとづけ,wnja:06390805-n
後代,こうだい,wnja:08369142-n
後側,うしろがわ,wnja:04059701-n
後先,あとさき,wnja:08106934-n
後光,ごこう,wnja:04951716-n
後味,あとあじ,wnja:00882702-n
後図,こうと,wnja:05728678-n
後室,こうしつ,wnja:10028289-n
後家,ごけ,wnja:10780284-n
後屈,こうくつ,wnja:00341890-n
後払,ごばらい,wnja:13374281-n
後書,あとがき,wnja:06399631-n
後来,こうらい,wnja:15121625-n
後根,こうこん,wnja:05365633-n
後楯,うしろだて,wnja:01213886-n
後端,こうたん,wnja:08566028-n
後続,こうぞく,wnja:00320284-n
後腸,こうちょう,wnja:05534578-n
後衛,こうえい,wnja:04059701-n
後角,こうかく,wnja:05365633-n
後部,こうぶ,wnja:04059701-n
後釜,あとがま,wnja:05696803-n
後面,こうめん,wnja:04059701-n
徐脈,じょみゃく,wnja:14362510-n
徒党,ととう,wnja:02784218-n
徒弟,とてい,wnja:09801864-n
徒者,ただもの,wnja:09879297-n
徒費,とひ,wnja:00742645-n
従僕,じゅうぼく,wnja:10582154-n
従卒,じゅうそつ,wnja:09843716-n
従士,じゅうし,wnja:10803586-n
従妹,じゅうまい,wnja:09972010-n
従属,じゅうぞく,wnja:14001728-n
従弟,じゅうてい,wnja:09972010-n
従来,じゅうらい,wnja:15120823-n
従物,じゅうぶつ,wnja:02671421-n
従犯,じゅうはん,wnja:09759875-n
従者,じゅうしゃ,wnja:09821831-n
得分,とくぶん,wnja:01085098-n
得意,とくい,wnja:07508486-n
得手,えて,wnja:05159225-n
得点,とくてん,wnja:00186634-n
得物,えもの,wnja:04565375-n
御中,おんちゅう,wnja:05395690-n
御代,みよ,wnja:05145118-n
御堂,みどう,wnja:04407435-n
御寝,ぎょしん,wnja:14024882-n
御方,みかた,wnja:10127273-n
御札,おふだ,wnja:03009633-n
御殿,ごてん,wnja:03877845-n
御湿,おしめ,wnja:03188531-n
御符,ごふ,wnja:03009633-n
御者,ぎょしゃ,wnja:09932336-n
御記,ぎょき,wnja:06636524-n
御許,おもと,wnja:08649345-n
御詠,ぎょえい,wnja:06377442-n
御負,おまけ,wnja:02679415-n
御身,おんみ,wnja:05216365-n
御遊,ぎょゆう,wnja:00426928-n
御酒,みき,wnja:07891433-n
御門,みかど,wnja:10053004-n
御陰,おかげ,wnja:05693919-n
復仇,ふっきゅう,wnja:01235258-n
復位,ふくい,wnja:00401459-n
復元,ふくげん,wnja:00266806-n
復古,ふっこ,wnja:01047338-n
復号,ふくごう,wnja:00617059-n
復唱,ふくしょう,wnja:07234881-n
復帰,ふっき,wnja:00050887-n
復活,ふっかつ,wnja:00268557-n
復習,ふくしゅう,wnja:00897811-n
復職,ふくしょく,wnja:00050887-n
復興,ふっこう,wnja:00268557-n
微傷,びしょう,wnja:04693900-n
微塵,みじん,wnja:13774115-n
微温,びおん,wnja:05016936-n
微粒,びりゅう,wnja:14585519-n
微細,びさい,wnja:05106928-n
微罪,びざい,wnja:00770270-n
微酔,びすい,wnja:14018567-n
微量,びりょう,wnja:13773361-n
微雨,びう,wnja:11502322-n
徳操,とくそう,wnja:01069125-n
徳目,とくもく,wnja:04847482-n
徴兵,ちょうへい,wnja:01157850-n
徴憑,ちょうひょう,wnja:06643408-n
徴用,ちょうよう,wnja:07192240-n
徴発,ちょうはつ,wnja:07192240-n
徴税,ちょうぜい,wnja:13308999-n
徴集,ちょうしゅう,wnja:01157850-n
徽章,きしょう,wnja:06882561-n
心付,こころづけ,wnja:13298701-n
心像,しんぞう,wnja:04677716-n
心労,しんろう,wnja:07496755-n
心嚢,しんのう,wnja:05428473-n
心因,しんいん,wnja:13543093-n
心奥,しんおう,wnja:04624826-n
心悸,しんき,wnja:07400906-n
心意,しんい,wnja:04620558-n
心慮,しんりょ,wnja:05837850-n
心拍,しんぱく,wnja:07400906-n
心持,こころもち,wnja:00026192-n
心柄,こころがら,wnja:04617562-n
心火,しんか,wnja:07517417-n
心痛,しんつう,wnja:07524242-n
心算,しんさん,wnja:00163233-n
心耳,しんじ,wnja:05392348-n
心肝,しんかん,wnja:04624826-n
心胆,しんたん,wnja:04620558-n
心膜,しんまく,wnja:05428473-n
心術,しんじゅつ,wnja:06193203-n
心配,しんぱい,wnja:05832264-n
心酔,しんすい,wnja:01043989-n
心霊,しんれい,wnja:04620558-n
心音,しんおん,wnja:07400906-n
心頭,しんとう,wnja:05919263-n
心願,しんがん,wnja:01041968-n
心髄,しんずい,wnja:05919263-n
心魂,しんこん,wnja:04620558-n
必携,ひっけい,wnja:06421301-n
必然,ひつぜん,wnja:04753455-n
必至,ひっし,wnja:04754056-n
必要,ひつよう,wnja:09367203-n
必需,ひつじゅ,wnja:09367203-n
忌中,きちゅう,wnja:13989280-n
忌服,きぶく,wnja:13989280-n
忌避,きひ,wnja:00059127-n
忍従,にんじゅう,wnja:01166926-n
忍者,にんじゃ,wnja:08389094-n
忍耐,にんたい,wnja:01021579-n
忖度,そんたく,wnja:05773923-n
志願,しがん,wnja:00836788-n
忘恩,ぼうおん,wnja:07504711-n
忘憂,ぼうゆう,wnja:00426928-n
忘我,ぼうが,wnja:07555014-n
忙中,ぼうちゅう,wnja:14008050-n
応力,おうりょく,wnja:11514805-n
応化,おうか,wnja:07369604-n
応対,おうたい,wnja:06630852-n
応急,おうきゅう,wnja:00178551-n
応援,おうえん,wnja:01068633-n
応用,おうよう,wnja:00633329-n
応答,おうとう,wnja:01234952-n
応訴,おうそ,wnja:01183373-n
応酬,おうしゅう,wnja:00341435-n
忠勤,ちゅうきん,wnja:01206153-n
忠告,ちゅうこく,wnja:06672297-n
忠節,ちゅうせつ,wnja:01206153-n
忠言,ちゅうげん,wnja:06672297-n
忠魂,ちゅうこん,wnja:07546389-n
快事,かいじ,wnja:07491708-n
快哉,かいさい,wnja:07528212-n
快癒,かいゆ,wnja:13452347-n
念い,おもい,wnja:00026192-n
念慮,ねんりょ,wnja:05770926-n
念願,ねんがん,wnja:04945057-n
忽せ,ゆるがせ,wnja:04665813-n
忽諸,こっしょ,wnja:04665813-n
忿懣,ふんまん,wnja:00418394-n
怒号,どごう,wnja:07120524-n
怒気,どき,wnja:00758972-n
怒涛,どとう,wnja:13977732-n
怖れ,おそれ,wnja:07519253-n
思召,おぼしめし,wnja:00163233-n
思念,しねん,wnja:05770926-n
思慕,しぼ,wnja:07486628-n
思慮,しりょ,wnja:05615500-n
思料,しりょう,wnja:05770926-n
思索,しさく,wnja:05770926-n
思遣,おもいやり,wnja:04829550-n
怠り,おこたり,wnja:04665813-n
怠屈,たいくつ,wnja:07539790-n
怠惰,たいだ,wnja:00758795-n
怠慢,たいまん,wnja:00074624-n
怠納,たいのう,wnja:13300141-n
急ぎ,いそぎ,wnja:05060189-n
急便,きゅうびん,wnja:00061290-n
急務,きゅうむ,wnja:01131330-n
急増,きゅうぞう,wnja:00364787-n
急変,きゅうへん,wnja:07300960-n
急所,きゅうしょ,wnja:05298313-n
急病,きゅうびょう,wnja:14081941-n
急行,きゅうこう,wnja:03306385-n
急迫,きゅうはく,wnja:05171800-n
急送,きゅうそう,wnja:00061290-n
急雨,きゅうう,wnja:11502497-n
急騰,きゅうとう,wnja:00364787-n
性交,せいこう,wnja:00844254-n
性典,せいてん,wnja:06422488-n
性分,しょうぶん,wnja:04623113-n
性別,せいべつ,wnja:05006898-n
性合,しょうあい,wnja:04620216-n
性情,せいじょう,wnja:04620216-n
性愛,せいあい,wnja:00846515-n
性慾,せいよく,wnja:00759335-n
性格,せいかく,wnja:04617562-n
性病,せいびょう,wnja:14133159-n
性癖,せいへき,wnja:04623113-n
性能,せいのう,wnja:13525549-n
性質,せいしつ,wnja:04617562-n
怨み,うらみ,wnja:05717115-n
怨嗟,えんさ,wnja:07548978-n
怨念,おんねん,wnja:07549536-n
怨恨,えんこん,wnja:07548978-n
怨言,えんげん,wnja:07208708-n
怨讐,おんしゅう,wnja:07549536-n
怨霊,おんりょう,wnja:07323436-n
怪物,かいぶつ,wnja:05898171-n
怪獣,かいじゅう,wnja:09491966-n
怯者,きょうしゃ,wnja:09614047-n
恋人,こいびと,wnja:09622302-n
恋愛,れんあい,wnja:07488340-n
恋着,れんちゃく,wnja:00147595-n
恋路,こいじ,wnja:13931436-n
恐喝,きょうかつ,wnja:00784598-n
恐嚇,きょうかく,wnja:01222477-n
恐怖,きょうふ,wnja:07519253-n
恐竜,きょうりゅう,wnja:01699831-n
恒数,こうすう,wnja:05858936-n
恙虫,つつがむし,wnja:02187554-n
恥毛,ちもう,wnja:05263587-n
恥辱,ちじょく,wnja:00273449-n
恥骨,ちこつ,wnja:05278714-n
恨事,こんじ,wnja:07305098-n
恩人,おんじん,wnja:10408324-n
恩寵,おんちょう,wnja:04640356-n
恩恵,おんけい,wnja:04640356-n
恩情,おんじょう,wnja:01071411-n
恩沢,おんたく,wnja:01089635-n
恩給,おんきゅう,wnja:13384164-n
恩賞,おんしょう,wnja:05142863-n
恩赦,おんしゃ,wnja:01249315-n
恩顧,おんこ,wnja:06200617-n
恫喝,どうかつ,wnja:01222477-n
恭敬,きょうけい,wnja:01044448-n
恭順,きょうじゅん,wnja:01166926-n
息女,そくじょ,wnja:09992837-n
息子,むすこ,wnja:10624074-n
息男,そくなん,wnja:10624074-n
恵み,めぐみ,wnja:04640356-n
恵与,けいよ,wnja:01086081-n
恵沢,けいたく,wnja:04640356-n
悋気,りんき,wnja:07550079-n
悔い,くい,wnja:07535670-n
悔み,くやみ,wnja:06633692-n
悔恨,かいこん,wnja:07536074-n
悔悟,かいご,wnja:07536074-n
悖理,はいり,wnja:06607809-n
悟り,さとり,wnja:13988224-n
悟性,ごせい,wnja:05617107-n
悟道,ごどう,wnja:13988224-n
悠久,ゆうきゅう,wnja:15243976-n
患い,わずらい,wnja:07523905-n
悦楽,えつらく,wnja:07490713-n
悩み,なやみ,wnja:06784003-n
悩乱,のうらん,wnja:07496755-n
悪事,あくじ,wnja:00732746-n
悪人,あくにん,wnja:09831962-n
悪党,あくとう,wnja:08244062-n
悪化,あっか,wnja:00374835-n
悪友,あくゆう,wnja:10441037-n
悪夢,あくむ,wnja:05769062-n
悪天,あくてん,wnja:14523090-n
悪寒,おかん,wnja:00867983-n
悪弊,あくへい,wnja:00747029-n
悪形,あくがた,wnja:10753779-n
悪役,あくやく,wnja:09831856-n
悪徒,あくと,wnja:09831856-n
悪徳,あくとく,wnja:00272448-n
悪念,あくねん,wnja:07550666-n
悪意,あくい,wnja:04842313-n
悪態,あくたい,wnja:06715223-n
悪戯,いたずら,wnja:00427580-n
悪政,あくせい,wnja:01125562-n
悪業,あくごう,wnja:00745005-n
悪気,わるぎ,wnja:04842313-n
悪玉,あくだま,wnja:09831856-n
悪用,あくよう,wnja:00742474-n
悪癖,あくへき,wnja:09181557-n
悪罵,あくば,wnja:07125096-n
悪習,あくしゅう,wnja:00747029-n
悪者,わるもの,wnja:09831856-n
悪虐,あくぎゃく,wnja:00424767-n
悪言,あくげん,wnja:06715223-n
悪計,あっけい,wnja:00171618-n
悪評,あくひょう,wnja:14439149-n
悪運,あくうん,wnja:14475405-n
悪銭,あくせん,wnja:13262663-n
悪霊,あくりょう,wnja:05898171-n
悪風,あくふう,wnja:00747029-n
悪魔,あくま,wnja:09542339-n
悲劇,ひげき,wnja:07016948-n
悲哀,ひあい,wnja:04631470-n
悲嘆,ひたん,wnja:05833683-n
悲憤,ひふん,wnja:07517737-n
悲観,ひかん,wnja:07541923-n
悲鳴,ひめい,wnja:07120524-n
情け,なさけ,wnja:01071411-n
情事,じょうじ,wnja:13931436-n
情交,じょうこう,wnja:00845523-n
情動,じょうどう,wnja:07480068-n
情味,じょうみ,wnja:04829182-n
情婦,じょうふ,wnja:09952393-n
情実,じょうじつ,wnja:04867130-n
情愛,じょうあい,wnja:07543288-n
情慾,じょうよく,wnja:00759335-n
情況,じょうきょう,wnja:13920835-n
情火,じょうか,wnja:04628192-n
情熱,じょうねつ,wnja:04628192-n
惑い,まどい,wnja:05685030-n
惑乱,わくらん,wnja:05683582-n
惑星,わくせい,wnja:09394007-n
惨劇,さんげき,wnja:07314838-n
惨害,さんがい,wnja:07314838-n
惨敗,ざんぱい,wnja:07476623-n
惨状,さんじょう,wnja:14448333-n
惨苦,さんく,wnja:07287730-n
惰性,だせい,wnja:05667404-n
惰眠,だみん,wnja:01062583-n
想念,そうねん,wnja:05837850-n
想望,そうぼう,wnja:07486628-n
想起,そうき,wnja:05760202-n
惻隠,そくいん,wnja:04829550-n
愉快,ゆかい,wnja:07491708-n
愉悦,ゆえつ,wnja:07527352-n
愉楽,ゆらく,wnja:07490713-n
意中,いちゅう,wnja:05837850-n
意匠,いしょう,wnja:00928077-n
意地,いじ,wnja:05983654-n
意慾,いよく,wnja:04634540-n
意表,いひょう,wnja:07298154-n
意見,いけん,wnja:00875246-n
意識,いしき,wnja:05675130-n
意趣,いしゅ,wnja:05982152-n
愚人,ぐじん,wnja:09921409-n
愚夫,ぐふ,wnja:09921409-n
愚妻,ぐさい,wnja:10780632-n
愚弄,ぐろう,wnja:00549610-n
愚物,ぐぶつ,wnja:09921409-n
愚者,ぐしゃ,wnja:09921409-n
愚行,ぐこう,wnja:00512843-n
愚鈍,ぐどん,wnja:04891333-n
愛人,あいじん,wnja:09622302-n
愛児,あいじ,wnja:09918248-n
愛好,あいこう,wnja:01043989-n
愛心,あいしん,wnja:07543288-n
愛念,あいねん,wnja:07543288-n
愛慕,あいぼ,wnja:00147595-n
愛慾,あいよく,wnja:00759335-n
愛撫,あいぶ,wnja:00144778-n
愛書,あいしょ,wnja:09852679-n
愛護,あいご,wnja:00784755-n
愛顧,あいこ,wnja:06200617-n
感作,かんさ,wnja:14531983-n
感冒,かんぼう,wnja:14122497-n
感動,かんどう,wnja:07528212-n
感受,かんじゅ,wnja:05708432-n
感嘆,かんたん,wnja:07500741-n
感官,かんかん,wnja:05299178-n
感度,かんど,wnja:04639732-n
感心,かんしん,wnja:01218766-n
感激,かんげき,wnja:01261845-n
感知,かんち,wnja:00876874-n
感興,かんきょう,wnja:05682950-n
感覚,かんかく,wnja:04842993-n
感触,かんしょく,wnja:04946553-n
感謝,かんしゃ,wnja:01218593-n
感銘,かんめい,wnja:04676064-n
感音,かんおん,wnja:05711503-n
慇懃,いんぎん,wnja:00844254-n
慈善,じぜん,wnja:01089635-n
慈悲,じひ,wnja:01226679-n
慈愛,じあい,wnja:07543288-n
態度,たいど,wnja:01220984-n
慎み,つつしみ,wnja:01069578-n
慕情,ぼじょう,wnja:07486628-n
慙愧,ざんき,wnja:07506569-n
慟哭,どうこく,wnja:01072236-n
慢心,まんしん,wnja:04838210-n
慣い,ならい,wnja:00413239-n
慣れ,なれ,wnja:00411048-n
慣習,かんしゅう,wnja:00413239-n
慨嘆,がいたん,wnja:07208708-n
慮り,おもんぱかり,wnja:04841358-n
慮外,りょがい,wnja:04914292-n
慰み,なぐさみ,wnja:00426928-n
慰め,なぐさめ,wnja:00354884-n
慶祝,けいしゅく,wnja:06633896-n
慶賀,けいが,wnja:06633896-n
憂い,うれい,wnja:07523905-n
憂心,ゆうしん,wnja:07524242-n
憂患,ゆうかん,wnja:07505207-n
憂慮,ゆうりょ,wnja:07521674-n
憂戚,ゆうせき,wnja:05833683-n
憂欝,ゆううつ,wnja:07533097-n
憂目,うきめ,wnja:05833683-n
憂苦,ゆうく,wnja:07494363-n
憎悪,ぞうお,wnja:07503430-n
憐み,あわれみ,wnja:04829550-n
憐情,れんじょう,wnja:01071411-n
憐愍,れんびん,wnja:01071411-n
憑依,ひょうい,wnja:09182524-n
憑拠,ひょうきょ,wnja:07420354-n
憑物,つきもの,wnja:06411592-n
憚り,はばかり,wnja:04446276-n
憤り,いきどおり,wnja:07516354-n
憤慨,ふんがい,wnja:07517737-n
憤激,ふんげき,wnja:07516997-n
憲法,けんぽう,wnja:06533648-n
憶測,おくそく,wnja:05773923-n
憶病,おくびょう,wnja:04860065-n
憶見,おっけん,wnja:05803938-n
憶説,おくせつ,wnja:05773923-n
懇切,こんせつ,wnja:04841358-n
懇志,こんし,wnja:04640356-n
懇情,こんじょう,wnja:04640356-n
懇親,こんしん,wnja:04655442-n
懇請,こんせい,wnja:01061333-n
懇願,こんがん,wnja:01061333-n
懈怠,けたい,wnja:04637108-n
懊悩,おうのう,wnja:07496755-n
懐刀,ふところがたな,wnja:03205458-n
懐妊,かいにん,wnja:00844847-n
懐旧,かいきゅう,wnja:07487375-n
懐胎,かいたい,wnja:00844847-n
懦弱,だじゃく,wnja:14547643-n
懲戒,ちょうかい,wnja:01160342-n
懲罰,ちょうばつ,wnja:01160342-n
懸垂,けんすい,wnja:00629597-n
懸崖,けんがい,wnja:09398677-n
懸巣,かけす,wnja:01580077-n
懸念,けねん,wnja:05832264-n
懸橋,かけはし,wnja:02898711-n
懸賞,けんしょう,wnja:07166281-n
懸隔,けんかく,wnja:04748836-n
懺悔,ざんげ,wnja:01039307-n
成仏,じょうぶつ,wnja:13988224-n
成分,せいぶん,wnja:03570709-n
成句,せいく,wnja:07153838-n
成員,せいいん,wnja:08400965-n
成婚,せいこん,wnja:01036996-n
成就,じょうじゅ,wnja:00035189-n
成心,せいしん,wnja:06201908-n
成熟,せいじゅく,wnja:13489037-n
成獣,せいじゅう,wnja:01321456-n
成立,せいりつ,wnja:00061598-n
成績,せいせき,wnja:00047745-n
成育,せいいく,wnja:13489037-n
成虫,せいちゅう,wnja:02312912-n
我侭,わがまま,wnja:04834605-n
我利,がり,wnja:04835028-n
我執,がしゅう,wnja:04863074-n
我慢,がまん,wnja:01021579-n
我欲,がよく,wnja:04834605-n
戒律,かいりつ,wnja:00045114-n
戒杖,かいじょう,wnja:02949202-n
戦い,たたかい,wnja:00446493-n
戦き,おののき,wnja:07520112-n
戦争,せんそう,wnja:00801125-n
戦列,せんれつ,wnja:08594714-n
戦力,せんりょく,wnja:05203649-n
戦地,せんち,wnja:08506641-n
戦域,せんいき,wnja:08506641-n
戦士,せんし,wnja:02207647-n
戦役,せんえき,wnja:00968155-n
戦意,せんい,wnja:04837425-n
戦慄,せんりつ,wnja:07520112-n
戦旗,せんき,wnja:02811842-n
戦時,せんじ,wnja:15293328-n
戦火,せんか,wnja:00953559-n
戦略,せんりゃく,wnja:00557588-n
戦線,せんせん,wnja:08595054-n
戦艦,せんかん,wnja:02812201-n
戦術,せんじゅつ,wnja:05905152-n
戦隊,せんたい,wnja:08220228-n
戦雲,せんうん,wnja:07286278-n
戯け,たわけ,wnja:06607339-n
戯場,ぎじょう,wnja:04417809-n
戯曲,ぎきょく,wnja:00041468-n
戯画,ぎが,wnja:06780069-n
戯言,ざれごと,wnja:06607339-n
戸外,こがい,wnja:08613733-n
戸板,といた,wnja:03221720-n
戸棚,とだな,wnja:02933112-n
戸閾,とじきみ,wnja:03223686-n
戻り,もどり,wnja:07419792-n
房事,ぼうじ,wnja:00844254-n
房戸,ぼうこ,wnja:03290771-n
所以,ゆえん,wnja:06739990-n
所伝,しょでん,wnja:06371413-n
所作,しょさ,wnja:04887701-n
所信,しょしん,wnja:05941423-n
所労,しょろう,wnja:14016361-n
所在,しょざい,wnja:08621598-n
所存,しょぞん,wnja:06605897-n
所属,しょぞく,wnja:01082061-n
所従,しょじゅう,wnja:10582154-n
所感,しょかん,wnja:04675314-n
所持,しょじ,wnja:00809465-n
所有,しょゆう,wnja:00032613-n
所望,しょもう,wnja:01061333-n
所産,しょさん,wnja:07294550-n
所用,しょよう,wnja:05983801-n
所蔵,しょぞう,wnja:00032613-n
所見,しょけん,wnja:05837957-n
所論,しょろん,wnja:05945642-n
所轄,しょかつ,wnja:08590369-n
所願,しょがん,wnja:04945057-n
扁桃,へんとう,wnja:05309050-n
扁舟,へんしゅう,wnja:04229480-n
扁豆,いんげん,wnja:12544539-n
扇面,せんめん,wnja:03320046-n
手並,てなみ,wnja:05637558-n
手付,てつけ,wnja:10323752-n
手伝,てつだい,wnja:01207609-n
手傷,てきず,wnja:14285662-n
手先,てさき,wnja:09884666-n
手入,ていれ,wnja:00266806-n
手口,てぐち,wnja:00167950-n
手合,てあい,wnja:07470671-n
手品,てじな,wnja:00099951-n
手巾,しゅきん,wnja:03485794-n
手帖,てちょう,wnja:06415419-n
手引,てびき,wnja:01144876-n
手当,てあて,wnja:00259643-n
手形,てがた,wnja:13377268-n
手心,てごころ,wnja:01229793-n
手懸,てかけ,wnja:05794057-n
手拭,てぬぐい,wnja:03485794-n
手控,てびかえ,wnja:06506191-n
手提,てさげ,wnja:03993180-n
手摺,てすり,wnja:02788148-n
手柄,てがら,wnja:00036762-n
手桎,てかせ,wnja:06247701-n
手桶,ておけ,wnja:02909870-n
手段,しゅだん,wnja:00172710-n
手法,しゅほう,wnja:05660268-n
手洗,てあらい,wnja:04446276-n
手淫,しゅいん,wnja:00855674-n
手玉,てだま,wnja:00485262-n
手相,てそう,wnja:05777830-n
手稿,しゅこう,wnja:06406979-n
手筆,しゅひつ,wnja:06407094-n
手筈,てはず,wnja:00939628-n
手筋,てすじ,wnja:05622456-n
手籠,てかご,wnja:02801938-n
手続,てつづき,wnja:00577068-n
手綱,たづな,wnja:04072551-n
手腕,しゅわん,wnja:05202497-n
手落,ておち,wnja:00074624-n
手蔓,てづる,wnja:05794057-n
手術,しゅじゅつ,wnja:00671351-n
手袋,てぶくろ,wnja:03441112-n
手証,てしょう,wnja:05824739-n
手話,しゅわ,wnja:06875697-n
手車,てぐるま,wnja:03483086-n
手近,てじか,wnja:05085572-n
手配,てはい,wnja:00939628-n
手金,てきん,wnja:13349834-n
手鉤,てかぎ,wnja:03532672-n
手錠,てじょう,wnja:03484576-n
手鍋,てなべ,wnja:03880531-n
手鏡,てかがみ,wnja:03485198-n
手順,てじゅん,wnja:00577068-n
手頸,てくび,wnja:05584928-n
才智,さいち,wnja:05617606-n
才能,さいのう,wnja:05153520-n
才腕,さいわん,wnja:05153520-n
才華,さいか,wnja:05619743-n
才覚,さいかく,wnja:05155476-n
打倒,だとう,wnja:01176219-n
打席,だせき,wnja:00458456-n
打手,うちて,wnja:10593115-n
打撃,だげき,wnja:00043902-n
打毀,うちこわし,wnja:00376400-n
打消,うちけし,wnja:07204240-n
打点,だてん,wnja:00189565-n
打物,うちもの,wnja:03915437-n
打率,だりつ,wnja:13817872-n
打球,だきゅう,wnja:00565302-n
打破,だは,wnja:01176219-n
打者,だしゃ,wnja:09843956-n
打鍵,だけん,wnja:00349520-n
打順,だじゅん,wnja:06486161-n
払出,はらいだし,wnja:01120448-n
払底,ふってい,wnja:05116953-n
払戻,はらいもどし,wnja:01121690-n
払暁,ふつぎょう,wnja:15168790-n
払込,はらいこみ,wnja:01120448-n
扣除,こうじょ,wnja:00360757-n
扮装,ふんそう,wnja:04679074-n
扱い,あつかい,wnja:00140652-n
批准,ひじゅん,wnja:07179943-n
批判,ひはん,wnja:04892084-n
批評,ひひょう,wnja:05734018-n
批難,ひなん,wnja:01220619-n
承引,しょういん,wnja:07175241-n
承知,しょうち,wnja:06689667-n
承諾,しょうだく,wnja:06689667-n
技工,ぎこう,wnja:05638063-n
技師,ぎし,wnja:09615807-n
技法,ぎほう,wnja:05665146-n
技能,ぎのう,wnja:00606370-n
技芸,ぎげい,wnja:05638063-n
技術,ぎじゅつ,wnja:00949619-n
抄出,しょうしゅつ,wnja:06400510-n
抄本,しょうほん,wnja:06468123-n
抄録,しょうろく,wnja:06400510-n
把手,とって,wnja:03485997-n
把捉,はそく,wnja:05194874-n
把握,はあく,wnja:00812526-n
抑え,おさえ,wnja:00954311-n
抑制,よくせい,wnja:00201923-n
抑圧,よくあつ,wnja:00420712-n
抑揚,よくよう,wnja:06822198-n
抑欝,よくうつ,wnja:14389240-n
抑止,よくし,wnja:01070892-n
抑留,よくりゅう,wnja:01146576-n
投げ,なげ,wnja:00104539-n
投下,とうか,wnja:00317709-n
投与,とうよ,wnja:00694990-n
投合,とうごう,wnja:13971065-n
投売,なげうり,wnja:13328073-n
投射,とうしゃ,wnja:00116687-n
投手,とうしゅ,wnja:10435988-n
投擲,とうてき,wnja:00104539-n
投獄,とうごく,wnja:01146768-n
投球,とうきゅう,wnja:00104539-n
投票,とうひょう,wnja:00183505-n
投稿,とうこう,wnja:01166926-n
投薬,とうやく,wnja:00694990-n
投資,とうし,wnja:01099436-n
抗争,こうそう,wnja:00958896-n
抗弁,こうべん,wnja:00155298-n
折れ,おれ,wnja:13907415-n
折中,せっちゅう,wnja:01205564-n
折助,おりすけ,wnja:10582154-n
折形,おりかた,wnja:00936456-n
折損,せっそん,wnja:14292090-n
折紙,おりがみ,wnja:00936456-n
折衝,せっしょう,wnja:07148192-n
折返,おりかえし,wnja:00346532-n
折鞄,おりかばん,wnja:02900705-n
抛擲,ほうてき,wnja:04665813-n
抛棄,ほうき,wnja:00204439-n
抜け,ぬけ,wnja:04891333-n
抜目,ぬけめ,wnja:05706815-n
抜穴,ぬけあな,wnja:06604548-n
抜粋,ばっすい,wnja:06400510-n
抜道,ぬけみち,wnja:04204953-n
抱主,かかえぬし,wnja:10054657-n
抱卵,ほうらん,wnja:13441812-n
抱擁,ほうよう,wnja:00417397-n
抱負,ほうふ,wnja:00836788-n
抵当,ていとう,wnja:13287984-n
抵抗,ていこう,wnja:00202284-n
抹殺,まっさつ,wnja:00223720-n
抹消,まっしょう,wnja:06428646-n
抹香,まっこう,wnja:14918994-n
押入,おしいれ,wnja:03148324-n
押出,おしだし,wnja:04910377-n
押印,おういん,wnja:06855207-n
押捺,おうなつ,wnja:06855985-n
抽出,ちゅうしゅつ,wnja:00392950-n
抽籤,ちゅうせん,wnja:00115667-n
担ぎ,かつぎ,wnja:08057633-n
担保,たんぽ,wnja:13344071-n
担桶,たご,wnja:04493381-n
拇指,ぼし,wnja:05567217-n
拈華,ねんげ,wnja:07255998-n
拍動,はくどう,wnja:07400906-n
拍手,はくしゅ,wnja:06691989-n
拍車,はくしゃ,wnja:04290259-n
拒否,きょひ,wnja:00209546-n
拒絶,きょぜつ,wnja:00203342-n
拗音,ようおん,wnja:07112364-n
拘禁,こうきん,wnja:13999663-n
拙悪,せつあく,wnja:04730580-n
招き,まねき,wnja:07186148-n
招宴,しょうえん,wnja:07447641-n
拝借,はいしゃく,wnja:01111133-n
拝聴,はいちょう,wnja:01072072-n
拝読,はいどく,wnja:05808794-n
拝謁,はいえつ,wnja:07143624-n
拝辞,はいじ,wnja:00053097-n
拠出,きょしゅつ,wnja:01089778-n
拠所,よりどころ,wnja:05694232-n
拠点,きょてん,wnja:08490402-n
拠金,きょきん,wnja:01089778-n
拡大,かくだい,wnja:00365709-n
拡張,かくちょう,wnja:00365709-n
拡散,かくさん,wnja:00367976-n
括り,くくり,wnja:06398401-n
拮抗,きっこう,wnja:07548366-n
拳固,げんこ,wnja:05565064-n
拳銃,けんじゅう,wnja:03343853-n
拳骨,げんこつ,wnja:05565064-n
拷問,ごうもん,wnja:00421437-n
拾物,ひろいもの,wnja:07477587-n
持ち,もち,wnja:05053688-n
持主,もちぬし,wnja:10388924-n
持分,もちぶん,wnja:01085098-n
持前,もちまえ,wnja:01085098-n
持参,じさん,wnja:00317207-n
持味,もちあじ,wnja:05849789-n
持物,もちもの,wnja:13244109-n
持続,じぞく,wnja:00819274-n
指先,ゆびさき,wnja:05567117-n
指南,しなん,wnja:00883297-n
指名,しめい,wnja:00164152-n
指図,さしず,wnja:06556481-n
指圧,しあつ,wnja:00710338-n
指数,しすう,wnja:06639674-n
指示,しじ,wnja:00152018-n
指紋,しもん,wnja:04694980-n
指頭,しとう,wnja:05567117-n
挑戦,ちょうせん,wnja:01170320-n
挙動,きょどう,wnja:14008342-n
挙止,きょし,wnja:00037396-n
挙用,きょよう,wnja:00198451-n
挙行,きょこう,wnja:00516086-n
挨拶,あいさつ,wnja:06630017-n
挫折,ざせつ,wnja:07253637-n
振作,しんさく,wnja:14474052-n
振出,ふりだし,wnja:01060234-n
振動,しんどう,wnja:07345166-n
振売,ふりうり,wnja:10411551-n
振幅,しんぷく,wnja:05098311-n
挽回,ばんかい,wnja:00268557-n
挽歌,ばんか,wnja:07050619-n
挿入,そうにゅう,wnja:00320852-n
挿木,さしき,wnja:13127473-n
挿画,そうが,wnja:03561345-n
挿絵,さしえ,wnja:03561345-n
挿話,そうわ,wnja:06396330-n
捌き,さばき,wnja:00140652-n
捕獲,ほかく,wnja:00775286-n
捕虜,ほりょ,wnja:10476086-n
捕食,ほしょく,wnja:00711897-n
捜査,そうさ,wnja:00635012-n
捨鉢,すてばち,wnja:04662390-n
捩り,もじり,wnja:03456665-n
据物,すえもの,wnja:03169390-n
据置,すえおき,wnja:00240938-n
捲線,まきせん,wnja:03065424-n
捷路,しょうろ,wnja:04204953-n
捻り,ひねり,wnja:07351909-n
捻転,ねんてん,wnja:07351909-n
授与,じゅよ,wnja:01086081-n
授乳,じゅにゅう,wnja:01058870-n
授業,じゅぎょう,wnja:00889472-n
授権,じゅけん,wnja:06556481-n
掌中,しょうちゅう,wnja:05565696-n
掌理,しょうり,wnja:13968973-n
排他,はいた,wnja:05707269-n
排便,はいべん,wnja:13459088-n
排出,はいしゅつ,wnja:00395333-n
排列,はいれつ,wnja:00939628-n
排卵,はいらん,wnja:13530237-n
排尿,はいにょう,wnja:13473097-n
排斥,はいせき,wnja:00203342-n
排泄,はいせつ,wnja:13473097-n
排液,はいえき,wnja:14856893-n
排球,はいきゅう,wnja:00480211-n
排除,はいじょ,wnja:00203342-n
掘削,くっさく,wnja:00941974-n
掛人,かかりゅうど,wnja:10004804-n
掛目,かけめ,wnja:05026843-n
掛算,かけざん,wnja:00871576-n
掠り,かすり,wnja:04693900-n
掠奪,りゃくだつ,wnja:00780889-n
採択,さいたく,wnja:00161243-n
採掘,さいくつ,wnja:00922327-n
採決,さいけつ,wnja:00183505-n
採点,さいてん,wnja:00874806-n
採用,さいよう,wnja:01263711-n
採石,さいせき,wnja:00922968-n
採録,さいろく,wnja:00910203-n
採集,さいしゅう,wnja:01014990-n
探り,さぐり,wnja:00654234-n
探偵,たんてい,wnja:00635205-n
探査,たんさ,wnja:00945777-n
探検,たんけん,wnja:00309647-n
探知,たんち,wnja:05710687-n
探索,たんさく,wnja:00637354-n
探訪,たんぼう,wnja:00637354-n
接収,せっしゅう,wnja:00085678-n
接合,せつごう,wnja:00145218-n
接吻,せっぷん,wnja:00138221-n
接客,せっきゃく,wnja:06630852-n
接待,せったい,wnja:06630852-n
接点,せってん,wnja:03093792-n
接目,はぎめ,wnja:04160372-n
接着,せっちゃく,wnja:04935528-n
接続,せつぞく,wnja:00145218-n
接見,せっけん,wnja:06630852-n
接触,せっしょく,wnja:00039297-n
接辞,せつじ,wnja:06308049-n
接近,せっきん,wnja:00280853-n
接遇,せつぐう,wnja:06630852-n
控帳,ひかえちょう,wnja:06415419-n
推力,すいりょく,wnja:00103834-n
推参,すいさん,wnja:04914292-n
推奨,すいしょう,wnja:06671637-n
推定,すいてい,wnja:05779712-n
推察,すいさつ,wnja:05773923-n
推度,すいたく,wnja:05891783-n
推敲,すいこう,wnja:00371487-n
推測,すいそく,wnja:05773923-n
推理,すいり,wnja:05774614-n
推知,すいち,wnja:06782680-n
推移,すいい,wnja:06401328-n
推計,すいけい,wnja:05803379-n
推論,すいろん,wnja:05774614-n
推進,すいしん,wnja:00045250-n
推重,すいちょう,wnja:01228877-n
掩蔽,えんぺい,wnja:01049475-n
掩護,えんご,wnja:00784755-n
措置,そち,wnja:00174412-n
措辞,そじ,wnja:07081739-n
掲示,けいじ,wnja:06793231-n
掲載,けいさい,wnja:00320852-n
掴み,つかみ,wnja:03485997-n
掻爬,そうは,wnja:00669481-n
揉め,もめ,wnja:07372565-n
描写,びょうしゃ,wnja:00898518-n
描出,びょうしゅつ,wnja:00421321-n
描画,びょうが,wnja:00936620-n
描絵,かきえ,wnja:00936620-n
提供,ていきょう,wnja:01057200-n
提出,ていしゅつ,wnja:00522736-n
提唱,ていしょう,wnja:01214171-n
提案,ていあん,wnja:00797581-n
提琴,ていきん,wnja:04536866-n
提要,ていよう,wnja:05891572-n
提議,ていぎ,wnja:07161429-n
提題,ていだい,wnja:06755454-n
揚屋,あげや,wnja:04581595-n
揚足,あげあし,wnja:06711030-n
揚陸,ようりく,wnja:00714173-n
換喩,かんゆ,wnja:07107676-n
換算,かんさん,wnja:00400083-n
握り,にぎり,wnja:03485997-n
握手,あくしゅ,wnja:06632097-n
握拳,にぎりこぶし,wnja:05565064-n
揣摩,しま,wnja:05803938-n
揮発,きはつ,wnja:15093735-n
援助,えんじょ,wnja:00654885-n
援用,えんよう,wnja:06613056-n
揶揄,やゆ,wnja:00425905-n
揺ぎ,ゆるぎ,wnja:00348571-n
揺れ,ゆれ,wnja:00345926-n
揺動,ようどう,wnja:00327824-n
揺曳,ようえい,wnja:00348571-n
揺籃,ようらん,wnja:03125729-n
揺蕩,ようとう,wnja:00327824-n
損亡,そんもう,wnja:05162985-n
損傷,そんしょう,wnja:00403092-n
損壊,そんかい,wnja:00217014-n
損失,そんしつ,wnja:05162985-n
損害,そんがい,wnja:00403092-n
損料,そんりょう,wnja:13295657-n
損金,そんきん,wnja:13327896-n
搦手,からめて,wnja:05159606-n
搭乗,とうじょう,wnja:00058337-n
搾取,さくしゅ,wnja:00418903-n
摂取,せっしゅ,wnja:00838098-n
摂理,せつり,wnja:01132327-n
摂生,せっせい,wnja:14495080-n
摘発,てきはつ,wnja:05808102-n
摘要,てきよう,wnja:05891572-n
摘記,てっき,wnja:06467007-n
摘録,てきろく,wnja:06467007-n
摩擦,まさつ,wnja:00258695-n
摩滅,まめつ,wnja:11460063-n
摩耗,まもう,wnja:14562683-n
摩訶,まか,wnja:05169601-n
摸倣,もほう,wnja:00549472-n
摸写,もしゃ,wnja:01019901-n
摸造,もぞう,wnja:03104594-n
撃ち,うち,wnja:00122661-n
撃墜,げきつい,wnja:00217593-n
撃沈,げきちん,wnja:00217593-n
撃滅,げきめつ,wnja:00217014-n
撃鉄,げきてつ,wnja:03481824-n
撓い,しない,wnja:05020358-n
撞着,どうちゃく,wnja:07206887-n
撤去,てっきょ,wnja:00216723-n
撤回,てっかい,wnja:00231887-n
撤廃,てっぱい,wnja:00228283-n
撤退,てったい,wnja:00056912-n
撮要,さつよう,wnja:06421685-n
撰文,せんぶん,wnja:06409752-n
撲滅,ぼくめつ,wnja:01245061-n
撹拌,かくはん,wnja:00333366-n
擁護,ようご,wnja:00784755-n
擂鉢,すりばち,wnja:03786901-n
操り,あやつり,wnja:00713594-n
操練,そうれん,wnja:00894359-n
操縦,そうじゅう,wnja:00140652-n
操舵,そうだ,wnja:00815173-n
擦傷,すりきず,wnja:04693900-n
擦痕,さっこん,wnja:04693900-n
擬人,ぎじん,wnja:00933259-n
擯斥,ひんせき,wnja:00203342-n
擲弾,てきだん,wnja:03458271-n
擾乱,じょうらん,wnja:01176335-n
支出,ししゅつ,wnja:01122149-n
支局,しきょく,wnja:08401248-n
支川,しせん,wnja:09278997-n
支弁,しべん,wnja:01120448-n
支援,しえん,wnja:00971463-n
支柱,しちゅう,wnja:02886599-n
支流,しりゅう,wnja:08252083-n
支脈,しみゃく,wnja:13912839-n
支配,しはい,wnja:01124794-n
改作,かいさく,wnja:06408779-n
改修,かいしゅう,wnja:00248977-n
改善,かいぜん,wnja:00248977-n
改定,かいてい,wnja:00199707-n
改廃,かいはい,wnja:01137987-n
改悪,かいあく,wnja:13464204-n
改易,かいえき,wnja:00232765-n
改案,かいあん,wnja:00399393-n
改版,かいはん,wnja:00399393-n
改組,かいそ,wnja:01137987-n
改良,かいりょう,wnja:00248977-n
改行,かいぎょう,wnja:13508183-n
改訳,かいやく,wnja:00399393-n
改造,かいぞう,wnja:00269258-n
攻撃,こうげき,wnja:00457723-n
攻略,こうりゃく,wnja:00775286-n
放佚,ほういつ,wnja:04884627-n
放免,ほうめん,wnja:01193886-n
放出,ほうしゅつ,wnja:00116687-n
放列,ほうれつ,wnja:08617516-n
放埒,ほうらつ,wnja:04884627-n
放射,ほうしゃ,wnja:01252918-n
放心,ほうしん,wnja:05701209-n
放散,ほうさん,wnja:05088056-n
放火,ほうか,wnja:00378296-n
放牧,ほうぼく,wnja:00841091-n
放胆,ほうたん,wnja:04858785-n
放蕩,ほうとう,wnja:00743641-n
放逐,ほうちく,wnja:00206927-n
政変,せいへん,wnja:01145015-n
政府,せいふ,wnja:08050678-n
政所,まんどころ,wnja:03449858-n
政略,せいりゃく,wnja:13840719-n
政見,せいけん,wnja:06149192-n
故事,こじ,wnja:06371413-n
故国,ここく,wnja:08490199-n
故殺,こさつ,wnja:00220409-n
故由,ゆえよし,wnja:06514093-n
敏捷,びんしょう,wnja:05003850-n
敏活,びんかつ,wnja:04632963-n
敏速,びんそく,wnja:05003850-n
救い,すくい,wnja:00093483-n
救出,きゅうしゅつ,wnja:00093483-n
救助,きゅうじょ,wnja:00096211-n
救援,きゅうえん,wnja:01088168-n
救済,きゅうさい,wnja:00093483-n
救護,きゅうご,wnja:05149832-n
敗け,まけ,wnja:07475364-n
敗北,はいぼく,wnja:00067526-n
敗者,はいしゃ,wnja:07946135-n
敗走,はいそう,wnja:00056912-n
敗軍,はいぐん,wnja:07475364-n
教え,おしえ,wnja:00883297-n
教典,きょうてん,wnja:06430385-n
教区,きょうく,wnja:08223688-n
教員,きょういん,wnja:10694258-n
教唆,きょうさ,wnja:00156625-n
教場,きょうじょう,wnja:03038685-n
教壇,きょうだん,wnja:03159640-n
教室,きょうしつ,wnja:03038685-n
教師,きょうし,wnja:05854812-n
教授,きょうじゅ,wnja:00598056-n
教本,きょうほん,wnja:06414372-n
教法,きょうほう,wnja:05660937-n
教派,きょうは,wnja:08146782-n
教理,きょうり,wnja:05959954-n
教練,きょうれん,wnja:00893955-n
教職,きょうしょく,wnja:06479494-n
教育,きょういく,wnja:00611433-n
教訓,きょうくん,wnja:00265773-n
教諭,きょうゆ,wnja:00593732-n
散乱,さんらん,wnja:05087297-n
散兵,さんぺい,wnja:10605848-n
散在,さんざい,wnja:07939159-n
散布,さんぷ,wnja:05088056-n
散弾,さんだん,wnja:02976641-n
散文,さんぶん,wnja:06376572-n
散歩,さんぽ,wnja:00283568-n
散瞳,さんどう,wnja:00866079-n
散策,さんさく,wnja:00283568-n
敬意,けいい,wnja:01229223-n
敬慕,けいぼ,wnja:01218766-n
敬礼,けいれい,wnja:06630017-n
敬語,けいご,wnja:07070883-n
敬重,けいちょう,wnja:01228877-n
数々,かずかず,wnja:04751305-n
数値,すうち,wnja:05856388-n
数列,すうれつ,wnja:08458912-n
数多,すうた,wnja:05115568-n
数字,すうじ,wnja:05121418-n
数式,すうしき,wnja:06731802-n
数表,すうひょう,wnja:06999647-n
数詞,すうし,wnja:06807198-n
数量,すうりょう,wnja:00033615-n
整備,せいび,wnja:00267522-n
整列,せいれつ,wnja:08460395-n
整合,せいごう,wnja:00999787-n
整数,せいすう,wnja:13728499-n
整理,せいり,wnja:00999787-n
整頓,せいとん,wnja:00939628-n
敵兵,てきへい,wnja:10055847-n
敵対,てきたい,wnja:01169744-n
敵役,かたきやく,wnja:09831856-n
敵意,てきい,wnja:04658106-n
敵愾,てきがい,wnja:04658106-n
敵手,てきしゅ,wnja:07946851-n
敵軍,てきぐん,wnja:08190482-n
敷地,しきち,wnja:08651247-n
敷妙,しきたえ,wnja:03938244-n
敷居,しきい,wnja:03223686-n
敷布,しきふ,wnja:04188179-n
敷板,しきいた,wnja:15101854-n
敷物,しきもの,wnja:03366823-n
敷石,しきいし,wnja:03901074-n
敷設,ふせつ,wnja:01104637-n
敷金,しききん,wnja:00372448-n
文句,もんく,wnja:07208708-n
文官,ぶんかん,wnja:10541833-n
文庫,ぶんこ,wnja:03660664-n
文房,ぶんぼう,wnja:04345028-n
文教,ぶんきょう,wnja:05753564-n
文案,ぶんあん,wnja:06390962-n
文民,ぶんみん,wnja:09924742-n
文法,ぶんぽう,wnja:06174404-n
文物,ぶんぶつ,wnja:08287844-n
文筆,ぶんぴつ,wnja:00929718-n
文脈,ぶんみゃく,wnja:06284898-n
文芸,ぶんげい,wnja:00610592-n
文通,ぶんつう,wnja:06623614-n
文革,ぶんかく,wnja:07424436-n
文鳥,ぶんちょう,wnja:01543632-n
斉一,せいいつ,wnja:04743024-n
斉射,せいしゃ,wnja:00988320-n
斎垣,いがき,wnja:03327234-n
斎日,さいにち,wnja:15161165-n
斑岩,はんがん,wnja:14996395-n
斑文,はんもん,wnja:04682462-n
料亭,りょうてい,wnja:04081281-n
料紙,りょうし,wnja:15105268-n
料金,りょうきん,wnja:05145118-n
斜塔,しゃとう,wnja:03652530-n
斜度,しゃど,wnja:05068716-n
斜角,しゃかく,wnja:13892383-n
斜辺,しゃへん,wnja:13897528-n
斜面,しゃめん,wnja:02833576-n
斜頚,しゃけい,wnja:14557719-n
斟酌,しんしゃく,wnja:01229793-n
斡旋,あっせん,wnja:01240210-n
斤目,きんめ,wnja:05026843-n
斤量,きんりょう,wnja:05026843-n
斥候,せっこう,wnja:08216176-n
斥力,せきりょく,wnja:11426914-n
斧鉞,ふえつ,wnja:02764044-n
断り,ことわり,wnja:00203342-n
断定,だんてい,wnja:06316813-n
断念,だんねん,wnja:00204439-n
断案,だんあん,wnja:05838176-n
断片,だんぺん,wnja:03932203-n
断種,だんしゅ,wnja:00692130-n
断章,だんしょう,wnja:06613056-n
断絶,だんぜつ,wnja:00383952-n
断言,だんげん,wnja:06725877-n
断郊,だんこう,wnja:07460793-n
断面,だんめん,wnja:08548065-n
断食,だんじき,wnja:01069980-n
新兵,しんぺい,wnja:10512201-n
新前,しんまえ,wnja:09981834-n
新参,しんざん,wnja:10355449-n
新味,しんみ,wnja:04800596-n
新婦,しんぷ,wnja:09874618-n
新星,しんせい,wnja:09374493-n
新月,しんげつ,wnja:15206943-n
新来,しんらい,wnja:10355449-n
新枕,にいまくら,wnja:15223048-n
新築,しんちく,wnja:00911048-n
新米,しんまい,wnja:07948754-n
新紙,しんし,wnja:06267145-n
新芽,しんめ,wnja:13164583-n
新顔,しんがお,wnja:10355449-n
方今,ほうこん,wnja:15119536-n
方伯,ほうはく,wnja:10245029-n
方便,ほうべん,wnja:00177448-n
方図,ほうず,wnja:08592656-n
方式,ほうしき,wnja:01024811-n
方正,ほうせい,wnja:04826623-n
方法,ほうほう,wnja:00172710-n
方略,ほうりゃく,wnja:00174412-n
方立,ほうだて,wnja:03222857-n
方策,ほうさく,wnja:00174412-n
方術,ほうじゅつ,wnja:00172710-n
方角,ほうがく,wnja:06197215-n
方言,ほうげん,wnja:07155661-n
方途,ほうと,wnja:00174003-n
方音,ほうおん,wnja:07155661-n
施し,ほどこし,wnja:01089635-n
施与,せよ,wnja:00087423-n
施主,せしゅ,wnja:09608709-n
施物,せもつ,wnja:01089635-n
施肥,せひ,wnja:07434473-n
施術,しじゅつ,wnja:00671351-n
旅先,たびさき,wnja:06787150-n
旅券,りょけん,wnja:06500937-n
旅団,りょだん,wnja:08213978-n
旅宿,りょしゅく,wnja:03541696-n
旅寓,りょぐう,wnja:03541696-n
旅烏,たびがらす,wnja:10661002-n
旅程,りょてい,wnja:00312691-n
旅籠,はたご,wnja:03541696-n
旅舎,りょしゃ,wnja:03541696-n
旅荘,りょそう,wnja:03541696-n
旅行,りょこう,wnja:00312553-n
旅路,たびじ,wnja:08616311-n
旅館,りょかん,wnja:03541696-n
旋回,せんかい,wnja:00342028-n
旋転,せんてん,wnja:00342028-n
族長,ぞくちょう,wnja:10406266-n
旗印,はたじるし,wnja:07152259-n
旗手,きしゅ,wnja:09938272-n
旗竿,はたざお,wnja:03355925-n
旗頭,はたがしら,wnja:09893344-n
旗鼓,きこ,wnja:08274354-n
既婚,きこん,wnja:13963970-n
既往,きおう,wnja:15120823-n
日付,ひづけ,wnja:15120223-n
日傘,ひがさ,wnja:03889871-n
日光,にっこう,wnja:11444038-n
日射,にっしゃ,wnja:00662972-n
日時,にちじ,wnja:15160579-n
日曜,にちよう,wnja:15163797-n
日月,じつげつ,wnja:00028270-n
日没,にちぼつ,wnja:15169248-n
日焼,ひやけ,wnja:14290534-n
日照,にっしょう,wnja:14537054-n
日程,にってい,wnja:05910940-n
日脚,ひあし,wnja:11485264-n
日蔭,ひかげ,wnja:13984613-n
日覆,ひおい,wnja:02851099-n
日記,にっき,wnja:03189707-n
日誌,にっし,wnja:06402031-n
日課,にっか,wnja:01026482-n
日輪,にちりん,wnja:09450163-n
日録,にちろく,wnja:06402031-n
日除,ひよけ,wnja:02851099-n
日頃,ひごろ,wnja:15119536-n
日食,にっしょく,wnja:07368877-n
旦那,だんな,wnja:10193967-n
旧人,きゅうじん,wnja:10749123-n
旧例,きゅうれい,wnja:00413239-n
旧名,きゅうめい,wnja:06337111-n
旧時,きゅうじ,wnja:15120823-n
旧派,きゅうは,wnja:08417572-n
旧里,きゅうり,wnja:08510350-n
旨趣,ししゅ,wnja:05919866-n
早熟,そうじゅく,wnja:05620294-n
早見,はやみ,wnja:08266235-n
早足,はやあし,wnja:00294190-n
早道,はやみち,wnja:04204953-n
昆虫,こんちゅう,wnja:02159955-n
明き,あき,wnja:01065286-n
明け,あけ,wnja:15168790-n
明り,あかり,wnja:03636248-n
明哲,めいてつ,wnja:05159948-n
明察,めいさつ,wnja:04891010-n
明方,あけがた,wnja:15168790-n
明星,みょうじょう,wnja:09762509-n
明示,めいじ,wnja:00152018-n
明達,めいたつ,wnja:04890112-n
昏睡,こんすい,wnja:05680193-n
昏迷,こんめい,wnja:13975752-n
昔人,むかしびと,wnja:09994943-n
昔噺,むかしばなし,wnja:05985602-n
昔年,せきねん,wnja:15120823-n
昔時,せきじ,wnja:15120823-n
昔者,むかしもの,wnja:10376523-n
星印,ほしじるし,wnja:06828389-n
星座,せいざ,wnja:09252970-n
星影,ほしかげ,wnja:11485186-n
星斗,せいと,wnja:09444100-n
星群,せいぐん,wnja:09208496-n
星雲,せいうん,wnja:08271042-n
星霜,せいそう,wnja:00028270-n
星食,せいしょく,wnja:07368646-n
映写,えいしゃ,wnja:00116687-n
春分,しゅんぶん,wnja:15223574-n
春季,しゅんき,wnja:15237044-n
春情,しゅんじょう,wnja:00759335-n
春暁,しゅんぎょう,wnja:15168790-n
春画,しゅんが,wnja:00747215-n
是正,ぜせい,wnja:00258854-n
是認,ぜにん,wnja:01215168-n
昵懇,じっこん,wnja:04655442-n
昵近,じっきん,wnja:04655442-n
昼げ,ひるげ,wnja:07575076-n
昼中,ひるなか,wnja:15164957-n
昼前,ひるまえ,wnja:15165289-n
昼寝,ひるね,wnja:00858631-n
昼餐,ちゅうさん,wnja:07575076-n
時下,じか,wnja:15119536-n
時人,じじん,wnja:08369406-n
時分,じぶん,wnja:15239292-n
時制,じせい,wnja:06329506-n
時刻,じこく,wnja:06022509-n
時季,じき,wnja:15239579-n
時局,じきょく,wnja:13927383-n
時空,じくう,wnja:06010737-n
時節,じせつ,wnja:14483917-n
時角,じかく,wnja:08586509-n
時間,じかん,wnja:00028270-n
晦冥,かいめい,wnja:13983515-n
晩方,ばんがた,wnja:15166462-n
晩食,ばんしょく,wnja:07575726-n
晩飯,ばんめし,wnja:07575726-n
晩餐,ばんさん,wnja:07575726-n
普通,ふつう,wnja:13942743-n
景品,けいひん,wnja:13268484-n
景況,けいきょう,wnja:13927383-n
景観,けいかん,wnja:05933246-n
景趣,けいしゅ,wnja:05933246-n
晴嵐,せいらん,wnja:11465888-n
智力,ちりょく,wnja:05617606-n
智嚢,ちのう,wnja:10126926-n
智慮,ちりょ,wnja:04890112-n
智者,ちしゃ,wnja:10546202-n
智識,ちしき,wnja:05617107-n
暁方,あかつきがた,wnja:15168790-n
暁星,ぎょうせい,wnja:03149951-n
暇乞,いとまごい,wnja:00053097-n
暑さ,あつさ,wnja:05016171-n
暖房,だんぼう,wnja:03509025-n
暖炉,だんろ,wnja:03343560-n
暖簾,のれん,wnja:13405646-n
暗号,あんごう,wnja:03142579-n
暗喩,あんゆ,wnja:07106800-n
暗室,あんしつ,wnja:03162460-n
暗愁,あんしゅう,wnja:07532832-n
暗殺,あんさつ,wnja:00221056-n
暗示,あんじ,wnja:05780885-n
暗箱,あんばこ,wnja:02943686-n
暗視,あんし,wnja:05656997-n
暗記,あんき,wnja:05755156-n
暗闇,くらやみ,wnja:08646306-n
暗黒,あんこく,wnja:04979870-n
暦年,れきねん,wnja:15202634-n
暦数,れきすう,wnja:06096600-n
暦日,れきじつ,wnja:15157041-n
暦月,れきげつ,wnja:15209413-n
暦法,れきほう,wnja:15173479-n
暮夜,ぼや,wnja:15167027-n
暮方,くれがた,wnja:15169248-n
暴力,ぼうりょく,wnja:00965404-n
暴動,ぼうどう,wnja:00963241-n
暴君,ぼうくん,wnja:10735298-n
暴徒,ぼうと,wnja:08184600-n
暴悪,ぼうあく,wnja:13979977-n
暴挙,ぼうきょ,wnja:00965404-n
暴政,ぼうせい,wnja:14443912-n
暴漢,ぼうかん,wnja:09879297-n
暴状,ぼうじょう,wnja:00965404-n
暴落,ぼうらく,wnja:07477945-n
暴虐,ぼうぎゃく,wnja:00424599-n
暴行,ぼうこう,wnja:00773402-n
暴露,ばくろ,wnja:00522537-n
暴風,ぼうふう,wnja:11462526-n
暴食,ぼうしょく,wnja:00759186-n
曇天,どんてん,wnja:14524198-n
曜日,ようび,wnja:15163005-n
曝気,ばっき,wnja:13428159-n
曩祖,のうそ,wnja:09792555-n
曰く,いわく,wnja:06514093-n
曲事,きょくじ,wnja:00744616-n
曲名,きょくめい,wnja:06343520-n
曲射,きょくしゃ,wnja:00994745-n
曲技,きょくぎ,wnja:00438065-n
曲折,きょくせつ,wnja:13907415-n
曲率,きょくりつ,wnja:05102435-n
曲筆,きょくひつ,wnja:00751145-n
曲線,きょくせん,wnja:05072663-n
曲芸,きょくげい,wnja:00438065-n
曲角,まがりかど,wnja:03109486-n
曲解,きょっかい,wnja:00073713-n
曲論,きょくろん,wnja:06755156-n
曲譜,きょくふ,wnja:06815714-n
更迭,こうてつ,wnja:01137987-n
書付,かきつけ,wnja:03217458-n
書体,しょたい,wnja:06825399-n
書冊,しょさつ,wnja:02870092-n
書判,かきはん,wnja:06404582-n
書割,かきわり,wnja:03773268-n
書取,かきとり,wnja:06349597-n
書家,しょか,wnja:09889170-n
書屋,しょおく,wnja:03660909-n
書店,しょてん,wnja:02871525-n
書式,しょしき,wnja:06473563-n
書房,しょぼう,wnja:02871525-n
書抜,かきぬき,wnja:06400510-n
書斎,しょさい,wnja:04345028-n
書机,しょづくえ,wnja:03179701-n
書棚,しょだな,wnja:02870880-n
書牘,しょとく,wnja:06624161-n
書状,しょじょう,wnja:06624161-n
書留,かきとめ,wnja:13403643-n
書置,かきおき,wnja:06544142-n
書評,しょひょう,wnja:06410391-n
書道,しょどう,wnja:06403969-n
書院,しょいん,wnja:04345028-n
書面,しょめん,wnja:06624161-n
書類,しょるい,wnja:06470073-n
曹達,そーだ,wnja:07927512-n
曹長,そうちょう,wnja:10299583-n
替玉,かえだま,wnja:05696425-n
最低,さいてい,wnja:00127672-n
最初,さいしょ,wnja:05868051-n
最前,さいぜん,wnja:13597444-n
最大,さいだい,wnja:05124928-n
最後,さいご,wnja:05868477-n
最悪,さいあく,wnja:04852534-n
最近,さいきん,wnja:15119536-n
月光,げっこう,wnja:11484861-n
月影,つきかげ,wnja:11484975-n
月明,げつめい,wnja:11484975-n
月暈,つきがさ,wnja:11487424-n
月桂,げっけい,wnja:09358358-n
月球,げっきゅう,wnja:09358358-n
月色,げっしょく,wnja:11484975-n
月謝,げっしゃ,wnja:13323988-n
月輪,げつりん,wnja:09358358-n
有事,ゆうじ,wnja:07417405-n
有情,うじょう,wnja:05005447-n
有明,ありあけ,wnja:15168790-n
有様,ありさま,wnja:00024720-n
有益,ゆうえき,wnja:05142641-n
有相,ゆうそう,wnja:04760771-n
有罪,ゆうざい,wnja:13990960-n
有限,ゆうげん,wnja:05209659-n
有髪,うはつ,wnja:10531227-n
朋友,ほうゆう,wnja:10112591-n
服地,ふくじ,wnja:03309808-n
服役,ふくえき,wnja:00579977-n
服従,ふくじゅう,wnja:01166926-n
服装,ふくそう,wnja:02756098-n
朗読,ろうどく,wnja:07234881-n
望み,のぞみ,wnja:04945057-n
望月,もちづき,wnja:15207556-n
朝げ,あさげ,wnja:07574602-n
朝寒,あさざむ,wnja:05015463-n
朝廷,ちょうてい,wnja:08051946-n
朝憲,ちょうけん,wnja:06533648-n
朝礼,ちょうれい,wnja:07246215-n
朝議,ちょうぎ,wnja:08311687-n
朝顔,あさがお,wnja:12826516-n
朝餐,ちょうさん,wnja:07574602-n
期日,きじつ,wnja:15160579-n
期限,きげん,wnja:15116095-n
木戸,きど,wnja:03290771-n
木末,こぬれ,wnja:13128003-n
木材,もくざい,wnja:14943580-n
木柱,きばしら,wnja:04436329-n
木槌,きづち,wnja:03715386-n
木槿,むくげ,wnja:12174311-n
木炭,もくたん,wnja:03007824-n
木片,もくへん,wnja:09442838-n
木版,もくはん,wnja:04597536-n
木琴,もっきん,wnja:03721384-n
木皮,もくひ,wnja:13162297-n
木管,もっかん,wnja:02860415-n
木精,もくせい,wnja:14687818-n
木肌,きはだ,wnja:13162297-n
木舞,こまい,wnja:03646148-n
木蝋,もくろう,wnja:14924786-n
木酢,もくさく,wnja:14863326-n
木鐸,ぼくたく,wnja:09623038-n
木馬,もくば,wnja:03523633-n
木鼠,きねずみ,wnja:02355227-n
未納,みのう,wnja:13300141-n
未練,みれん,wnja:00147595-n
未詳,みしょう,wnja:07271648-n
末々,すえずえ,wnja:08369220-n
末尾,まつび,wnja:05868477-n
末派,まっぱ,wnja:08149781-n
末端,まったん,wnja:08565894-n
末路,まつろ,wnja:14562960-n
本人,ほんにん,wnja:09604981-n
本元,ほんもと,wnja:10126177-n
本分,ほんぶん,wnja:14515633-n
本則,ほんそく,wnja:05846054-n
本命,ほんめい,wnja:10113753-n
本国,ほんごく,wnja:08510169-n
本土,ほんど,wnja:09346120-n
本場,ほんば,wnja:08585158-n
本塁,ほんるい,wnja:02797881-n
本局,ほんきょく,wnja:03504723-n
本屋,ほんや,wnja:02871525-n
本店,ほんてん,wnja:03504723-n
本心,ほんしん,wnja:04848492-n
本拠,ほんきょ,wnja:03504723-n
本日,ほんじつ,wnja:15119536-n
本旨,ほんし,wnja:05149325-n
本望,ほんもう,wnja:01072565-n
本棚,ほんだな,wnja:02870880-n
本気,ほんき,wnja:04646548-n
本法,ほんぽう,wnja:06533648-n
本源,ほんげん,wnja:05308310-n
本省,ほんしょう,wnja:03504723-n
本真,ほんま,wnja:06724066-n
本社,ほんしゃ,wnja:03504723-n
本箱,ほんばこ,wnja:02870880-n
本線,ほんせん,wnja:03711897-n
本署,ほんしょ,wnja:03504723-n
本職,ほんしょく,wnja:10480253-n
本能,ほんのう,wnja:05622723-n
本腰,ほんごし,wnja:04646548-n
本舗,ほんぽ,wnja:04271531-n
本論,ほんろん,wnja:06394701-n
本質,ほんしつ,wnja:04620216-n
本陣,ほんじん,wnja:04340935-n
本領,ほんりょう,wnja:06813310-n
札入,さついれ,wnja:04548362-n
朱塗,しゅぬり,wnja:04962784-n
朱色,しゅいろ,wnja:04964977-n
杉菜,すぎな,wnja:13219833-n
杏林,きょうりん,wnja:10020890-n
材料,ざいりょう,wnja:03570709-n
材木,ざいもく,wnja:14943580-n
村人,むらびと,wnja:10753442-n
村民,そんみん,wnja:10753442-n
村落,そんらく,wnja:08226699-n
村邑,そんゆう,wnja:08226699-n
村里,むらざと,wnja:08226699-n
杜絶,とぜつ,wnja:01063697-n
杜若,かきつばた,wnja:12411922-n
束ね,たばね,wnja:02919414-n
束縛,そくばく,wnja:00808182-n
束髪,そくはつ,wnja:05260240-n
条件,じょうけん,wnja:05798863-n
条目,じょうもく,wnja:03588414-n
条約,じょうやく,wnja:06773434-n
条虫,じょうちゅう,wnja:01927301-n
来世,らいせ,wnja:15143864-n
来会,らいかい,wnja:01233397-n
来光,らいこう,wnja:07343910-n
来場,らいじょう,wnja:01233397-n
来客,らいきゃく,wnja:08184861-n
来歴,らいれき,wnja:00282613-n
来由,らいゆ,wnja:06514093-n
来着,らいちゃく,wnja:00048374-n
来簡,らいかん,wnja:06624161-n
来者,らいしゃ,wnja:09887850-n
来臨,らいりん,wnja:01055954-n
来襲,らいしゅう,wnja:00734303-n
来訪,らいほう,wnja:01055954-n
来賓,らいひん,wnja:10150940-n
東側,ひがしがわ,wnja:08650073-n
東北,とうほく,wnja:13831843-n
東南,とうなん,wnja:13832841-n
東洋,とうよう,wnja:08562620-n
東部,とうぶ,wnja:08650073-n
松明,たいまつ,wnja:03356446-n
松柏,しょうはく,wnja:13099833-n
松笠,まつかさ,wnja:11683331-n
松脂,まつやに,wnja:14893652-n
松虫,まつむし,wnja:02229544-n
板元,はんもと,wnja:03619890-n
板前,いたまえ,wnja:09963320-n
板場,いたば,wnja:03619890-n
板子,いたご,wnja:15101854-n
板材,いたざい,wnja:15101854-n
板株,いたかぶ,wnja:06473168-n
板目,いため,wnja:04950952-n
板紙,いたがみ,wnja:14799601-n
枕元,まくらもと,wnja:03502200-n
枕木,まくらぎ,wnja:03673971-n
林分,りんぶん,wnja:08438384-n
林地,りんち,wnja:08438533-n
果て,はて,wnja:03264542-n
果実,かじつ,wnja:07742704-n
果柄,かへい,wnja:11677902-n
果樹,かじゅ,wnja:12651821-n
果汁,かじゅう,wnja:07924033-n
果物,くだもの,wnja:07705931-n
果肉,かにく,wnja:13096035-n
枝川,えだがわ,wnja:09228324-n
枝炭,えだずみ,wnja:14685296-n
枝肉,えだにく,wnja:01758757-n
枝角,えだづの,wnja:01325658-n
枝道,えだみち,wnja:00350380-n
枠組,わくぐみ,wnja:00941451-n
枢要,すうよう,wnja:05921123-n
枢軸,すうじく,wnja:03951971-n
枯渇,こかつ,wnja:01062255-n
枯色,かれいろ,wnja:04973957-n
枯草,かれくさ,wnja:07802026-n
枯骨,ここつ,wnja:09994943-n
架台,かだい,wnja:02669295-n
架電,かでん,wnja:06272803-n
柄頭,つかがしら,wnja:03626272-n
染色,せんしょく,wnja:00275424-n
柔弱,にゅうじゃく,wnja:04668139-n
柔術,じゅうじゅつ,wnja:00825951-n
柔道,じゅうどう,wnja:00825773-n
柱列,ちゅうれつ,wnja:03917198-n
柱廊,ちゅうろう,wnja:02733213-n
柱石,ちゅうせき,wnja:05694232-n
査問,さもん,wnja:05800611-n
査定,さてい,wnja:00874067-n
査察,ささつ,wnja:00879271-n
栄光,えいこう,wnja:04869106-n
栄典,えいてん,wnja:06700030-n
栄冠,えいかん,wnja:06705891-n
栄誉,えいよ,wnja:04869106-n
栄進,えいしん,wnja:00198451-n
栄達,えいたつ,wnja:00198631-n
栗石,くりいし,wnja:03059528-n
校閲,こうえつ,wnja:00258854-n
株主,かぶぬし,wnja:10657969-n
株券,かぶけん,wnja:13417071-n
株屋,かぶや,wnja:10657444-n
株式,かぶしき,wnja:13417071-n
核型,かくがた,wnja:05444876-n
核子,かくし,wnja:09374886-n
核心,かくしん,wnja:05814650-n
核果,かっか,wnja:13138308-n
核質,かくしつ,wnja:05434784-n
根原,こんげん,wnja:05308310-n
根号,こんごう,wnja:06812188-n
根城,ねじろ,wnja:02806088-n
根底,こんてい,wnja:05793554-n
根拠,こんきょ,wnja:05823932-n
根株,ねかぶ,wnja:13111504-n
根毛,こんもう,wnja:13126684-n
根気,こんき,wnja:01021579-n
根管,こんかん,wnja:05308481-n
根絶,こんぜつ,wnja:01245061-n
根茎,こんけい,wnja:13128582-n
根菜,こんさい,wnja:07710283-n
格差,かくさ,wnja:04752530-n
格納,かくのう,wnja:00372607-n
格言,かくげん,wnja:07152948-n
格闘,かくとう,wnja:00622266-n
栽培,さいばい,wnja:00915722-n
桂皮,けいひ,wnja:07814203-n
桃色,ももいろ,wnja:04970916-n
案件,あんけん,wnja:05814291-n
案内,あんない,wnja:01144876-n
案文,あんぶん,wnja:06390962-n
桐油,とうゆ,wnja:15086545-n
桑門,そうもん,wnja:10471250-n
桜紙,さくらがみ,wnja:15074962-n
桜肉,さくらにく,wnja:07666406-n
桜色,さくらいろ,wnja:04970916-n
桟敷,さじき,wnja:02884225-n
桟橋,さんばし,wnja:03933529-n
桧扇,ひおうぎ,wnja:01965747-n
桶屋,おけや,wnja:09963773-n
梁間,はりま,wnja:05087061-n
梅毒,ばいどく,wnja:14133985-n
梔子,くちなし,wnja:04966543-n
梢頭,しょうとう,wnja:13128003-n
梯団,ていだん,wnja:08272352-n
梱包,こんぽう,wnja:00322228-n
棄却,ききゃく,wnja:00204439-n
棄捐,きえん,wnja:01089778-n
棍棒,こんぼう,wnja:03053474-n
棒先,ぼうさき,wnja:08566028-n
棒杙,ぼうぐい,wnja:07257815-n
棒杭,ぼっくい,wnja:03988170-n
棒紅,ぼうべに,wnja:03676483-n
棒組,ぼうぐみ,wnja:10402417-n
棒線,ぼうせん,wnja:13869991-n
棒縞,ぼうじま,wnja:07269552-n
棚卸,たなおろし,wnja:01011425-n
棚氷,たなごおり,wnja:09432163-n
棟割,むねわり,wnja:04409384-n
棟木,むなぎ,wnja:04089152-n
棺桶,かんおけ,wnja:03064758-n
椋鳥,むくどり,wnja:00855407-n
植林,しょくりん,wnja:00400278-n
植民,しょくみん,wnja:01252280-n
植物,しょくぶつ,wnja:00017222-n
植生,しょくせい,wnja:08436759-n
植込,うえこみ,wnja:08649067-n
椎体,ついたい,wnja:05273684-n
椎弓,ついきゅう,wnja:05587997-n
椎骨,ついこつ,wnja:05284333-n
検事,けんじ,wnja:10484858-n
検出,けんしゅつ,wnja:00635205-n
検分,けんぶん,wnja:00635850-n
検問,けんもん,wnja:00879271-n
検定,けんてい,wnja:05738625-n
検察,けんさつ,wnja:05800611-n
検挙,けんきょ,wnja:00635544-n
検束,けんそく,wnja:13999663-n
検査,けんさ,wnja:00141806-n
検波,けんぱ,wnja:00635205-n
検疫,けんえき,wnja:01201645-n
検眼,けんがん,wnja:00632716-n
検索,けんさく,wnja:00637354-n
検討,けんとう,wnja:01229793-n
検閲,けんえつ,wnja:00397347-n
楕円,だえん,wnja:13878306-n
楫取,かじとり,wnja:01256417-n
楫枕,かじまくら,wnja:00312784-n
業主,ぎょうしゅ,wnja:10060352-n
業余,ぎょうよ,wnja:00432689-n
業務,ぎょうむ,wnja:00719705-n
業績,ぎょうせき,wnja:00036762-n
業者,ぎょうしゃ,wnja:08063446-n
極み,きわみ,wnja:13942405-n
極上,ごくじょう,wnja:04728376-n
極体,きょくたい,wnja:05458703-n
極値,きょくち,wnja:13653902-n
極刑,きょっけい,wnja:01163779-n
極印,ごくいん,wnja:06855207-n
極右,きょくう,wnja:10508475-n
極圏,きょっけん,wnja:08496655-n
極大,きょくだい,wnja:05104548-n
極寒,ごっかん,wnja:05015463-n
極度,きょくど,wnja:05098099-n
極悪,ごくあく,wnja:04830343-n
極東,きょくとう,wnja:08562757-n
極楽,ごくらく,wnja:05627785-n
極点,きょくてん,wnja:05098099-n
極端,きょくたん,wnja:05098099-n
極貧,ごくひん,wnja:14493426-n
極道,ごくどう,wnja:10753546-n
楼観,ろうかん,wnja:04460130-n
楼閣,ろうかく,wnja:04460130-n
楽人,がくじん,wnja:10340312-n
楽劇,がくげき,wnja:03849814-n
楽勝,らくしょう,wnja:07475107-n
楽団,がくだん,wnja:08249038-n
楽園,らくえん,wnja:08565506-n
楽土,らくど,wnja:08565506-n
楽天,らくてん,wnja:05211793-n
楽屋,がくや,wnja:03238131-n
楽想,がくそう,wnja:05920272-n
楽才,がくさい,wnja:05636048-n
楽曲,がっきょく,wnja:07028373-n
楽欲,ぎょうよく,wnja:07486628-n
楽章,がくしょう,wnja:07046339-n
楽観,らっかん,wnja:05211793-n
楽隊,がくたい,wnja:08249038-n
概念,がいねん,wnja:05835747-n
概括,がいかつ,wnja:05780104-n
概略,がいりゃく,wnja:05891572-n
概評,がいひょう,wnja:06762711-n
概説,がいせつ,wnja:05891572-n
概論,がいろん,wnja:05891572-n
構図,こうず,wnja:03081660-n
構文,こうぶん,wnja:06176107-n
構築,こうちく,wnja:00911048-n
構造,こうぞう,wnja:01008378-n
構音,こうおん,wnja:07131854-n
様子,ようす,wnja:00024720-n
様式,ようしき,wnja:01901213-n
様態,ようたい,wnja:00024720-n
様相,ようそう,wnja:00024720-n
槽櫪,そうれき,wnja:04294879-n
槿花,きんか,wnja:12826516-n
標号,ひょうごう,wnja:06806469-n
標定,ひょうてい,wnja:00891512-n
標木,ひょうぼく,wnja:07257815-n
標本,ひょうほん,wnja:05266879-n
標準,ひょうじゅん,wnja:03536348-n
標的,ひょうてき,wnja:04394261-n
標石,ひょうせき,wnja:07271167-n
標示,ひょうじ,wnja:06793231-n
標記,ひょうき,wnja:06346461-n
標語,ひょうご,wnja:07152259-n
標識,ひょうしき,wnja:07270179-n
標題,ひょうだい,wnja:06343520-n
標高,ひょうこう,wnja:09366317-n
模作,もさく,wnja:03104594-n
模型,もけい,wnja:00898804-n
模擬,もぎ,wnja:00549472-n
模様,もよう,wnja:03169390-n
模範,もはん,wnja:05925366-n
権利,けんり,wnja:05158296-n
権力,けんりょく,wnja:05196582-n
権勢,けんせい,wnja:05194151-n
権妻,ごんさい,wnja:10323752-n
権威,けんい,wnja:05194151-n
権現,ごんげん,wnja:10418302-n
権能,けんのう,wnja:05174653-n
権輿,けんよ,wnja:07290905-n
横列,おうれつ,wnja:08430203-n
横坑,よここう,wnja:04497962-n
横奪,おうだつ,wnja:00776732-n
横帆,おうはん,wnja:04292080-n
横幅,よこはば,wnja:05136150-n
横断,おうだん,wnja:00296946-n
横暴,おうぼう,wnja:07538674-n
横材,よこざい,wnja:03137579-n
横根,よこね,wnja:01622230-n
横槍,よこやり,wnja:01073995-n
横様,よこざま,wnja:04852750-n
横流,おうりゅう,wnja:01257542-n
横着,おうちゃく,wnja:00749574-n
横笛,よこぶえ,wnja:03334492-n
横筋,よこすじ,wnja:00350380-n
横糸,よこいと,wnja:04598965-n
横紙,よこがみ,wnja:14974264-n
横腹,よこばら,wnja:05551318-n
横行,おうこう,wnja:00554541-n
横軸,よこじく,wnja:06009233-n
横領,おうりょう,wnja:00776732-n
横顔,よこがお,wnja:06516404-n
樫鳥,かしどり,wnja:01580077-n
樹冠,じゅかん,wnja:13128003-n
樹梢,じゅしょう,wnja:13128003-n
樹液,じゅえき,wnja:15038127-n
樹皮,じゅひ,wnja:13162297-n
樽俎,そんそ,wnja:07447641-n
橈骨,とうこつ,wnja:05593318-n
橋台,きょうだい,wnja:03933933-n
橋梁,きょうりょう,wnja:02898711-n
橋脚,きょうきゃく,wnja:03933933-n
橙色,だいだいいろ,wnja:04965179-n
機動,きどう,wnja:00059552-n
機密,きみつ,wnja:06672953-n
機序,きじょ,wnja:00098385-n
機能,きのう,wnja:00578549-n
機銃,きじゅう,wnja:03701391-n
檀林,だんりん,wnja:04407435-n
檄文,げきぶん,wnja:06727224-n
欄外,らんがい,wnja:06389398-n
欄間,らんま,wnja:03320959-n
欝憤,うっぷん,wnja:00758972-n
欝積,うっせき,wnja:14012667-n
欠乏,けつぼう,wnja:05113133-n
欠勤,けっきん,wnja:01234345-n
欠場,けつじょう,wnja:01234345-n
欠失,けっしつ,wnja:05113133-n
欠如,けつじょ,wnja:01150200-n
欠席,けっせき,wnja:00067254-n
欠損,けっそん,wnja:13327231-n
欠点,けってん,wnja:05139094-n
欠缺,けんけつ,wnja:05162642-n
欠落,けつらく,wnja:14449405-n
欠陥,けっかん,wnja:05162642-n
次元,じげん,wnja:05062993-n
次数,じすう,wnja:05861317-n
次第,しだい,wnja:06485261-n
欣快,きんかい,wnja:13988101-n
欧露,おうろ,wnja:09007471-n
欲心,よくしん,wnja:04945758-n
欲念,よくねん,wnja:04945057-n
欲情,よくじょう,wnja:00759335-n
欲望,よくぼう,wnja:07485626-n
欲求,よっきゅう,wnja:04945057-n
欲深,よくふか,wnja:00758525-n
欷歔,ききょ,wnja:00868669-n
欺瞞,ぎまん,wnja:00752431-n
欺罔,きもう,wnja:00750730-n
欽仰,きんぎょう,wnja:01228877-n
欽慕,きんぼ,wnja:01218766-n
款待,かんたい,wnja:06631506-n
歌劇,かげき,wnja:03849814-n
歌声,うたごえ,wnja:06872122-n
歌姫,うたひめ,wnja:10471732-n
歌謡,かよう,wnja:07048000-n
歌集,かしゅう,wnja:06591609-n
歓迎,かんげい,wnja:06630852-n
歔欷,きょき,wnja:00868196-n
止血,しけつ,wnja:00676834-n
正切,せいせつ,wnja:13871134-n
正割,せいかつ,wnja:13788690-n
正午,しょうご,wnja:15165490-n
正味,しょうみ,wnja:07955057-n
正教,せいきょう,wnja:08086356-n
武具,ぶぐ,wnja:01902750-n
武器,ぶき,wnja:04565375-n
武家,ぶけ,wnja:08388966-n
武弁,ぶべん,wnja:02207647-n
武断,ぶだん,wnja:06221974-n
武者,むしゃ,wnja:08388966-n
武装,ぶそう,wnja:01156899-n
歩き,あるき,wnja:00283568-n
歩み,あゆみ,wnja:00283568-n
歩合,ぶあい,wnja:06478988-n
歩幅,ほはば,wnja:13757249-n
歩度,ほど,wnja:15280497-n
歩廊,ほろう,wnja:03112099-n
歩行,ほこう,wnja:00283568-n
歩道,ほどう,wnja:04215402-n
歪曲,わいきょく,wnja:00073713-n
歯元,はもと,wnja:05304932-n
歯型,はがた,wnja:03564849-n
歯根,しこん,wnja:05308310-n
歯牙,しが,wnja:04453037-n
歯肉,しにく,wnja:05304932-n
歯車,はぐるま,wnja:03430551-n
歯音,しおん,wnja:07118747-n
歯髄,しずい,wnja:05308950-n
歯齦,しぎん,wnja:05304932-n
歳晩,さいばん,wnja:15201994-n
歳月,さいげつ,wnja:00028270-n
歳次,さいじ,wnja:15203791-n
歴史,れきし,wnja:06155567-n
死刑,しけい,wnja:01163779-n
死別,しべつ,wnja:07287472-n
死去,しきょ,wnja:00219575-n
死因,しいん,wnja:14540564-n
死歿,しぼつ,wnja:07355491-n
死毒,しどく,wnja:14069541-n
死滅,しめつ,wnja:14012173-n
死産,しざん,wnja:00230324-n
死神,しにがみ,wnja:00219575-n
死罪,しざい,wnja:00768353-n
死語,しご,wnja:06283647-n
死身,しにみ,wnja:05217859-n
殆ど,ほとんど,wnja:05122557-n
殉教,じゅんきょう,wnja:07333347-n
殉難,じゅんなん,wnja:07306032-n
残り,のこり,wnja:09407346-n
残余,ざんよ,wnja:13810818-n
残像,ざんぞう,wnja:05936130-n
残務,ざんむ,wnja:00581885-n
残業,ざんぎょう,wnja:15137194-n
残渣,ざんさ,wnja:15004501-n
残物,ざんぶつ,wnja:07563509-n
残痕,ざんこん,wnja:04693900-n
残虐,ざんぎゃく,wnja:04830343-n
残酷,ざんこく,wnja:04639732-n
残金,ざんきん,wnja:13409160-n
残響,ざんきょう,wnja:05010801-n
残飯,ざんぱん,wnja:14857151-n
残骸,ざんがい,wnja:04606251-n
残高,ざんだか,wnja:13409160-n
殖財,しょくざい,wnja:00078393-n
殲滅,せんめつ,wnja:01245061-n
段々,だんだん,wnja:04298171-n
段丘,だんきゅう,wnja:09456207-n
段位,だんい,wnja:14428160-n
段落,だんらく,wnja:06399995-n
殷盛,いんせい,wnja:14474052-n
殷賑,いんしん,wnja:14474052-n
殺人,さつじん,wnja:00219012-n
殺戮,さつりく,wnja:00223983-n
殺菌,さっきん,wnja:00253919-n
殻斗,かくと,wnja:12267931-n
殻竿,からざお,wnja:03356279-n
殿下,でんか,wnja:10175090-n
殿様,とのさま,wnja:10388440-n
殿筋,でんきん,wnja:05570129-n
殿舎,でんしゃ,wnja:03877845-n
母乳,ぼにゅう,wnja:05399243-n
母体,ぼたい,wnja:08581897-n
母印,ぼいん,wnja:06644916-n
母国,ぼこく,wnja:08510169-n
母型,ぼけい,wnja:03779370-n
母性,ぼせい,wnja:04872958-n
母数,ぼすう,wnja:05859071-n
母斑,ぼはん,wnja:04692638-n
母校,ぼこう,wnja:08402339-n
母様,かあさま,wnja:10332385-n
母親,ははおや,wnja:10332385-n
母語,ぼご,wnja:06903396-n
毒念,どくねん,wnja:07550666-n
毒性,どくせい,wnja:04790942-n
毒殺,どくさつ,wnja:00224738-n
毒液,どくえき,wnja:15036916-n
毒牙,どくが,wnja:01465472-n
毒物,どくぶつ,wnja:15032376-n
毒素,どくそ,wnja:15032376-n
毒舌,どくぜつ,wnja:06710960-n
毒草,どくそう,wnja:13100156-n
毒薬,どくやく,wnja:15032376-n
比べ,くらべ,wnja:00142665-n
比倫,ひりん,wnja:04746430-n
比喩,ひゆ,wnja:07105475-n
比熱,ひねつ,wnja:11472352-n
比率,ひりつ,wnja:05863919-n
比較,ひかく,wnja:00142665-n
比重,ひじゅう,wnja:04941687-n
比類,ひるい,wnja:04746430-n
毛並,けなみ,wnja:13813042-n
毛包,もうほう,wnja:05518257-n
毛唐,けとう,wnja:10103485-n
毛孔,けあな,wnja:05245906-n
毛布,もうふ,wnja:02849154-n
毛帯,もうたい,wnja:05475562-n
毛皮,けがわ,wnja:03404149-n
毛筋,けすじ,wnja:05254795-n
毛管,もうかん,wnja:02956069-n
毛虫,けむし,wnja:02309337-n
毛髪,もうはつ,wnja:05254795-n
氏子,うじこ,wnja:10400108-n
氏族,しぞく,wnja:07969695-n
民兵,みんぺい,wnja:08390511-n
民心,みんしん,wnja:05949726-n
民意,みんい,wnja:05949726-n
民族,みんぞく,wnja:08303692-n
民衆,みんしゅう,wnja:07947255-n
民話,みんわ,wnja:07222050-n
民論,みんろん,wnja:05949726-n
民謡,みんよう,wnja:07050952-n
気位,きぐらい,wnja:04886881-n
気侭,きまま,wnja:04834605-n
気分,きぶん,wnja:00026192-n
気力,きりょく,wnja:04633453-n
気品,きひん,wnja:04870340-n
気団,きだん,wnja:14520518-n
気圧,きあつ,wnja:11429458-n
気宇,きう,wnja:06193203-n
気弱,きよわ,wnja:04860759-n
気心,きごころ,wnja:04623113-n
気息,きそく,wnja:00831191-n
気持,きもち,wnja:00026192-n
気早,きばや,wnja:05060189-n
気欝,きうつ,wnja:07533097-n
気泡,きほう,wnja:09191635-n
気温,きおん,wnja:05011790-n
気絶,きぜつ,wnja:07478318-n
気脈,きみゃく,wnja:05418717-n
気迫,きはく,wnja:04633453-n
気違,きちがい,wnja:10077593-n
気遣,きづかい,wnja:04841358-n
気門,きもん,wnja:05250310-n
気韻,きいん,wnja:04886881-n
気風,きふう,wnja:04723286-n
水先,みずさき,wnja:08681222-n
水兵,すいへい,wnja:09861395-n
水呑,みずのみ,wnja:03438257-n
水和,すいわ,wnja:13494325-n
水嚢,すいのう,wnja:03339643-n
水圏,すいけん,wnja:09307902-n
水域,すいいき,wnja:11376069-n
水屋,みずや,wnja:03619890-n
水嵩,みずかさ,wnja:05132221-n
水差,みずさし,wnja:03950228-n
水彩,すいさい,wnja:04558578-n
水桶,みずおけ,wnja:02909870-n
水槽,すいそう,wnja:02732072-n
水沫,すいまつ,wnja:09229709-n
水油,みずあぶら,wnja:03475823-n
水泳,すいえい,wnja:00442115-n
水洟,みずっぱな,wnja:00868523-n
水流,すいりゅう,wnja:07406765-n
水浴,すいよく,wnja:00255214-n
水源,すいげん,wnja:06675979-n
水準,すいじゅん,wnja:03536348-n
水溜,みずたまり,wnja:09397607-n
水爆,すいばく,wnja:03553248-n
水牛,すいぎゅう,wnja:02408429-n
水物,みずもの,wnja:07881800-n
水疱,すいほう,wnja:05517837-n
水痘,すいとう,wnja:14132975-n
水盤,すいばん,wnja:04493381-n
水着,みずぎ,wnja:04371563-n
水禽,すいきん,wnja:01844917-n
水簾,すいれん,wnja:09475292-n
水素,すいそ,wnja:14640434-n
水腫,すいしゅ,wnja:14316714-n
水苔,みずごけ,wnja:11542137-n
水虫,みずむし,wnja:02243209-n
水蝋,いぼた,wnja:12307756-n
水蝕,すいしょく,wnja:14518924-n
水路,すいろ,wnja:02732433-n
水軍,すいぐん,wnja:08191701-n
水銀,すいぎん,wnja:14645346-n
水門,すいもん,wnja:03683079-n
水飴,みずあめ,wnja:07859284-n
水黴,みずかび,wnja:12979630-n
氷原,ひょうげん,wnja:09309046-n
氷山,ひょうざん,wnja:09308572-n
氷晶,ひょうしょう,wnja:11509377-n
氷水,こおりみず,wnja:07936459-n
氷河,ひょうが,wnja:09289331-n
氷点,ひょうてん,wnja:05013967-n
氷結,ひょうけつ,wnja:11440521-n
氷袋,こおりぶくろ,wnja:03557840-n
氷雨,ひさめ,wnja:11465530-n
氷霰,こおりあられ,wnja:14915804-n
永世,えいせい,wnja:13956905-n
永代,えいたい,wnja:13956905-n
永劫,えいごう,wnja:13956905-n
永眠,えいみん,wnja:07355491-n
永続,えいぞく,wnja:05053215-n
永訣,えいけつ,wnja:13989280-n
汁椀,しるわん,wnja:02881193-n
汁液,じゅうえき,wnja:07923748-n
汁物,しるもの,wnja:07583197-n
求め,もとめ,wnja:01061333-n
求婚,きゅうこん,wnja:07161741-n
求愛,きゅうあい,wnja:07188685-n
汐時,しおどき,wnja:14483917-n
汗水,あせみず,wnja:05405751-n
汚し,よごし,wnja:00276813-n
汚名,おめい,wnja:04873939-n
汚損,おそん,wnja:00072261-n
汚染,おせん,wnja:00276987-n
汚水,おすい,wnja:04243142-n
汚泥,おでい,wnja:14956325-n
汚点,おてん,wnja:00072261-n
汚物,おぶつ,wnja:14495761-n
汚職,おしょく,wnja:00159396-n
汚行,おこう,wnja:00735936-n
汚辱,おじょく,wnja:00273449-n
決り,きまり,wnja:05667613-n
決別,けつべつ,wnja:00053097-n
決定,けってい,wnja:00151497-n
決心,けっしん,wnja:00162632-n
決意,けつい,wnja:00162632-n
決断,けつだん,wnja:00162632-n
決着,けっちゃく,wnja:05789089-n
決裁,けっさい,wnja:06686736-n
決裂,けつれつ,wnja:07313814-n
決議,けつぎ,wnja:00182213-n
決闘,けっとう,wnja:01172784-n
汽笛,きてき,wnja:04310721-n
沃度,ようど,wnja:14641397-n
沃素,ようそ,wnja:14641397-n
沈み,しずみ,wnja:04571088-n
沈下,ちんか,wnja:07361416-n
沈子,ちんし,wnja:04571088-n
沈欝,ちんうつ,wnja:07537485-n
沈殿,ちんでん,wnja:11494638-n
沈没,ちんぼつ,wnja:07363883-n
沈滞,ちんたい,wnja:01062583-n
沈着,ちんちゃく,wnja:04862236-n
沈静,ちんせい,wnja:04904352-n
沈黙,ちんもく,wnja:04651974-n
沐浴,もくよく,wnja:00255214-n
沙丘,さきゅう,wnja:09270735-n
沙漠,さばく,wnja:08505573-n
没入,ぼつにゅう,wnja:05704266-n
没収,ぼっしゅう,wnja:00085219-n
没落,ぼつらく,wnja:00217773-n
没頭,ぼっとう,wnja:05700087-n
沮止,そし,wnja:01076046-n
河畔,かはん,wnja:09415584-n
沸点,ふってん,wnja:05014099-n
沸騰,ふっとう,wnja:00247792-n
油分,ゆぶん,wnja:14966667-n
油単,ゆたん,wnja:03843438-n
油圧,ゆあつ,wnja:11496746-n
油彩,ゆさい,wnja:03844349-n
油断,ゆだん,wnja:00739270-n
油田,ゆでん,wnja:08659861-n
油画,あぶらえ,wnja:03844349-n
油脂,ゆし,wnja:14864360-n
油薬,あぶらぐすり,wnja:03128519-n
油虫,あぶらむし,wnja:02233338-n
油類,ゆるい,wnja:14966667-n
治療,ちりょう,wnja:00661091-n
治癒,ちゆ,wnja:13452347-n
沼地,ぬまち,wnja:09225943-n
沼気,しょうき,wnja:14948265-n
沿岸,えんがん,wnja:09433442-n
沿革,えんかく,wnja:06514093-n
法令,ほうれい,wnja:05846054-n
法則,ほうそく,wnja:05846054-n
法務,ほうむ,wnja:10226060-n
法律,ほうりつ,wnja:06532330-n
法悦,ほうえつ,wnja:13986372-n
法条,ほうじょう,wnja:05846054-n
法案,ほうあん,wnja:06536853-n
法王,ほうおう,wnja:10453533-n
法理,ほうり,wnja:05956651-n
法話,ほうわ,wnja:07243837-n
法談,ほうだん,wnja:07243837-n
法院,ほういん,wnja:08329453-n
泡箱,あわばこ,wnja:02909165-n
泡銭,あぶくぜに,wnja:13255883-n
波乱,はらん,wnja:00623862-n
波動,はどう,wnja:07345593-n
波数,はすう,wnja:13644047-n
波浪,はろう,wnja:07348545-n
波紋,はもん,wnja:14037480-n
波釘,なみくぎ,wnja:03112240-n
波長,はちょう,wnja:05086269-n
波面,はめん,wnja:11513631-n
波風,なみかぜ,wnja:13979064-n
泥土,でいど,wnja:14956325-n
泥坊,どろぼう,wnja:00780889-n
泥沼,どろぬま,wnja:09225943-n
泥濘,でいねい,wnja:09355850-n
泥炭,でいたん,wnja:14689493-n
泥田,どろた,wnja:08614229-n
注入,ちゅうにゅう,wnja:00889082-n
注射,ちゅうしゃ,wnja:00322634-n
注疏,ちゅうそ,wnja:06762711-n
注目,ちゅうもく,wnja:05702275-n
注釈,ちゅうしゃく,wnja:00371735-n
泰平,たいへい,wnja:06773976-n
泰斗,たいと,wnja:09824361-n
泳ぎ,およぎ,wnja:00442115-n
泳法,えいほう,wnja:00570066-n
洋傘,ようがさ,wnja:04507155-n
洋弓,ようきゅう,wnja:02879718-n
洋梨,ようなし,wnja:07767847-n
洋犬,ようけん,wnja:02084071-n
洋琴,ようきん,wnja:03928116-n
洋白,ようはく,wnja:14962387-n
洋裁,ようさい,wnja:00608162-n
洋銀,ようぎん,wnja:14962387-n
洗濯,せんたく,wnja:00251013-n
洗物,あらいもの,wnja:00255710-n
洗練,せんれん,wnja:00753472-n
洗脳,せんのう,wnja:00888960-n
洞察,どうさつ,wnja:04891010-n
洞窟,どうくつ,wnja:09238926-n
洞見,どうけん,wnja:05807306-n
津波,つなみ,wnja:07349299-n
津液,しんえき,wnja:05416198-n
洩れ,もれ,wnja:05706815-n
洪水,こうずい,wnja:01257542-n
活劇,かつげき,wnja:01172441-n
活力,かつりょく,wnja:04633453-n
活動,かつどう,wnja:00030358-n
活喩,かつゆ,wnja:07108123-n
活字,かつじ,wnja:04504486-n
活性,かっせい,wnja:14531203-n
活用,かつよう,wnja:00947128-n
活眼,かつがん,wnja:05710356-n
活花,いけばな,wnja:03368141-n
活躍,かつやく,wnja:14531203-n
派川,はせん,wnja:09267602-n
派手,はで,wnja:04699936-n
派生,はせい,wnja:08508105-n
派遣,はけん,wnja:08354352-n
派閥,はばつ,wnja:08240633-n
流し,ながし,wnja:03620889-n
流れ,ながれ,wnja:00329227-n
流体,りゅうたい,wnja:14939445-n
流俗,りゅうぞく,wnja:00413239-n
流儀,りゅうぎ,wnja:00415226-n
流入,りゅうにゅう,wnja:13499782-n
流出,りゅうしゅつ,wnja:01062255-n
流動,りゅうどう,wnja:00195938-n
流域,りゅういき,wnja:08518940-n
流布,るふ,wnja:05088056-n
流感,りゅうかん,wnja:14122497-n
流木,りゅうぼく,wnja:14837678-n
流水,りゅうすい,wnja:07406765-n
流氷,りゅうひょう,wnja:09270414-n
流派,りゅうは,wnja:08275185-n
流浪,るろう,wnja:00297062-n
流涙,りゅうるい,wnja:13505843-n
流産,りゅうざん,wnja:00230324-n
流者,ながれもの,wnja:10661002-n
流血,りゅうけつ,wnja:00221178-n
流言,りゅうげん,wnja:07223450-n
流記,るき,wnja:06636524-n
流速,りゅうそく,wnja:15282696-n
流量,りゅうりょう,wnja:11477384-n
流音,りゅうおん,wnja:07119643-n
浄め,きよめ,wnja:00251013-n
浄財,じょうざい,wnja:13269890-n
浅傷,あさで,wnja:04693900-n
浅学,せんがく,wnja:05095111-n
浅瀬,あさせ,wnja:09283623-n
浅蜊,あさり,wnja:01958346-n
浅鍋,あさなべ,wnja:03880531-n
浦波,うらなみ,wnja:07344233-n
浪費,ろうひ,wnja:00742645-n
浮き,うき,wnja:02860063-n
浮力,ふりょく,wnja:05028963-n
浮橋,うきはし,wnja:03981760-n
浮流,ふりゅう,wnja:13469674-n
浮腫,ふしゅ,wnja:14316714-n
浴室,よくしつ,wnja:02807731-n
浴槽,よくそう,wnja:02808440-n
海兵,かいへい,wnja:09861395-n
海原,うなばら,wnja:09376198-n
海図,かいず,wnja:03009920-n
海容,かいよう,wnja:01227190-n
海峡,かいきょう,wnja:03006105-n
海抜,かいばつ,wnja:05131647-n
海水,かいすい,wnja:15008847-n
海流,かいりゅう,wnja:11488387-n
海浜,かいひん,wnja:09428293-n
海燕,うみつばめ,wnja:02061217-n
海牛,うみうし,wnja:02073250-n
海端,うみばた,wnja:09428293-n
海綿,かいめん,wnja:01906749-n
海蛇,うみへび,wnja:09488006-n
海蝕,かいしょく,wnja:14518924-n
海豚,いるか,wnja:02068974-n
海賊,かいぞく,wnja:03112605-n
海軍,かいぐん,wnja:08191701-n
海運,かいうん,wnja:01105737-n
海錨,かいびょう,wnja:03245271-n
海門,かいもん,wnja:09241247-n
海際,うみぎわ,wnja:09428293-n
海難,かいなん,wnja:07353075-n
海鞘,ほや,wnja:01469103-n
海驢,あしか,wnja:02077923-n
浸出,しんしゅつ,wnja:07432119-n
浸潤,しんじゅん,wnja:13534274-n
涅槃,ねはん,wnja:13988224-n
消印,けしいん,wnja:06855985-n
消去,しょうきょ,wnja:00223720-n
消失,しょうしつ,wnja:07336346-n
消息,しょうそく,wnja:06634376-n
消散,しょうさん,wnja:07332148-n
消毒,しょうどく,wnja:00692130-n
消滅,しょうめつ,wnja:14562960-n
消磁,しょうじ,wnja:13460129-n
消費,しょうひ,wnja:00356367-n
涙腺,るいせん,wnja:05331653-n
涜神,とくしん,wnja:00746587-n
涜聖,とくせい,wnja:00746587-n
涜職,とくしょく,wnja:00159396-n
液体,えきたい,wnja:14480420-n
液晶,えきしょう,wnja:14941087-n
液果,えきか,wnja:07742704-n
液汁,えきじゅう,wnja:07923748-n
液状,えきじょう,wnja:14480420-n
淋病,りんびょう,wnja:14133543-n
淋菌,りんきん,wnja:01365885-n
淑女,しゅくじょ,wnja:09989290-n
淘汰,とうた,wnja:00395333-n
淡彩,たんさい,wnja:04974575-n
淡水,たんすい,wnja:15009326-n
淫乱,いんらん,wnja:00856733-n
淫売,いんばい,wnja:00748155-n
淫婦,いんぷ,wnja:10485440-n
淫情,いんじょう,wnja:00759335-n
淫欲,いんよく,wnja:00759335-n
淫猥,いんわい,wnja:04903368-n
淫靡,いんび,wnja:04903368-n
淫風,いんぷう,wnja:04850589-n
深さ,ふかさ,wnja:05094863-n
深み,ふかみ,wnja:05094863-n
深切,しんせつ,wnja:04841358-n
深夜,しんや,wnja:15168185-n
深度,しんど,wnja:05134547-n
深淵,しんえん,wnja:05094725-n
混一,こんいつ,wnja:00380083-n
混乱,こんらん,wnja:00379754-n
混交,こんこう,wnja:07374756-n
混同,こんどう,wnja:00072473-n
混和,こんわ,wnja:00380083-n
混在,こんざい,wnja:07374756-n
混濁,こんだく,wnja:04703698-n
混雑,こんざつ,wnja:14320394-n
添削,てんさく,wnja:00258854-n
添加,てんか,wnja:00363788-n
添物,そえもの,wnja:02679415-n
清廉,せいれん,wnja:04826623-n
清涼,せいりょう,wnja:05015678-n
清潔,せいけつ,wnja:14494893-n
清適,せいてき,wnja:07515790-n
清酒,せいしゅ,wnja:07891433-n
清閑,せいかん,wnja:07515560-n
渇仰,かつごう,wnja:01218766-n
渇望,かつぼう,wnja:04945254-n
渇水,かっすい,wnja:14537054-n
渋み,しぶみ,wnja:05717549-n
渋滞,じゅうたい,wnja:13944747-n
渋色,しぶいろ,wnja:04973386-n
渋面,じゅうめん,wnja:06877578-n
減俸,げんぽう,wnja:00352683-n
減反,げんたん,wnja:00192300-n
減圧,げんあつ,wnja:00357451-n
減少,げんしょう,wnja:00192300-n
減損,げんそん,wnja:00351638-n
減数,げんすう,wnja:07355887-n
減退,げんたい,wnja:07333649-n
減額,げんがく,wnja:00352331-n
渡し,わたし,wnja:03329663-n
渡り,わたり,wnja:01123095-n
渡渉,としょう,wnja:00293307-n
渡者,わたりもの,wnja:10661002-n
渡舟,としゅう,wnja:03329663-n
渡航,とこう,wnja:00309115-n
渡船,とせん,wnja:03329663-n
渦巻,うずまき,wnja:04279666-n
温み,ぬくみ,wnja:05016753-n
温帯,おんたい,wnja:08661878-n
温度,おんど,wnja:05011790-n
温気,うんき,wnja:05016171-n
測り,はかり,wnja:00996969-n
測定,そくてい,wnja:00996969-n
測算,そくさん,wnja:00996969-n
測量,そくりょう,wnja:00996969-n
測鉛,そくえん,wnja:04262410-n
港湾,こうわん,wnja:08639058-n
游泳,ゆうえい,wnja:00442115-n
湖水,こすい,wnja:09328904-n
湯元,ゆもと,wnja:08678615-n
湯桁,ゆげた,wnja:02808440-n
湯槽,ゆぶね,wnja:02808440-n
湯気,ゆげ,wnja:15055181-n
湯沸,ゆわかし,wnja:03612814-n
湯烟,ゆけむり,wnja:15055181-n
湯釜,ゆがま,wnja:03612814-n
湾岸,わんがん,wnja:09428293-n
湿り,しめり,wnja:14535431-n
湿原,しつげん,wnja:09347779-n
湿地,しっち,wnja:09225943-n
湿布,しっぷ,wnja:03082450-n
満月,まんげつ,wnja:15207556-n
満期,まんき,wnja:15153225-n
満潮,まんちょう,wnja:07401960-n
満点,まんてん,wnja:14459422-n
満腹,まんぷく,wnja:14452151-n
満足,まんぞく,wnja:01072565-n
源流,げんりゅう,wnja:06825399-n
準備,じゅんび,wnja:01143040-n
準則,じゅんそく,wnja:05846054-n
準拠,じゅんきょ,wnja:07260623-n
準星,じゅんせい,wnja:09402370-n
準縄,じゅんじょう,wnja:06652242-n
溜息,ためいき,wnja:07129602-n
溜池,ためいけ,wnja:04078747-n
溝川,どぶがわ,wnja:03471473-n
溢流,いつりゅう,wnja:07407272-n
溶剤,ようざい,wnja:15047313-n
溶媒,ようばい,wnja:15047313-n
溶岩,ようがん,wnja:14930989-n
溶接,ようせつ,wnja:00149508-n
溶血,ようけつ,wnja:13493213-n
溶質,ようしつ,wnja:15047849-n
溶離,ようり,wnja:13473836-n
溶食,ようしょく,wnja:14518924-n
溺水,できすい,wnja:13110915-n
滅亡,めつぼう,wnja:00217773-n
滅私,めっし,wnja:01205961-n
滋養,じよう,wnja:00021265-n
滑子,なめこ,wnja:13009085-n
滑液,かつえき,wnja:05415200-n
滑石,かっせき,wnja:04386792-n
滑稽,こっけい,wnja:04891683-n
滑膜,かつまく,wnja:05606247-n
滑走,かっそう,wnja:00328502-n
滑車,かっしゃ,wnja:03664675-n
滑面,かつめん,wnja:04247630-n
滞り,とどこおり,wnja:01066163-n
滴定,てきてい,wnja:00648237-n
滾り,たぎり,wnja:07440240-n
漁夫,ぎょふ,wnja:10093658-n
漁業,ぎょぎょう,wnja:00454121-n
漁民,ぎょみん,wnja:10093658-n
漁獲,ぎょかく,wnja:13755822-n
漁網,ぎょもう,wnja:03352628-n
漁舟,ぎょしゅう,wnja:03351262-n
漁船,ぎょせん,wnja:03351262-n
漂泊,ひょうはく,wnja:13469674-n
漂流,ひょうりゅう,wnja:13469674-n
漆喰,しっくい,wnja:03786901-n
漆器,しっき,wnja:03593362-n
漆塗,うるしぬり,wnja:03593362-n
漆黒,しっこく,wnja:04960582-n
漏出,ろうしゅつ,wnja:01253277-n
漏刻,ろうこく,wnja:04558347-n
漏電,ろうでん,wnja:04204755-n
演出,えんしゅつ,wnja:06893565-n
演劇,えんげき,wnja:00041468-n
演台,えんだい,wnja:03159640-n
演壇,えんだん,wnja:03159640-n
演奏,えんそう,wnja:00100253-n
演戯,えんぎ,wnja:00548326-n
演物,だしもの,wnja:00551407-n
演算,えんざん,wnja:00868910-n
演繹,えんえき,wnja:05774129-n
演者,えんじゃ,wnja:10631309-n
演説,えんぜつ,wnja:07238694-n
漢和,かんわ,wnja:06418901-n
漫画,まんが,wnja:06780069-n
漫遊,まんゆう,wnja:00310666-n
漸減,ぜんげん,wnja:13456567-n
漿液,しょうえき,wnja:07583197-n
漿膜,しょうまく,wnja:05605944-n
潅木,かんぼく,wnja:13112664-n
潅漑,かんがい,wnja:01057631-n
潔白,けっぱく,wnja:13990064-n
潜伏,せんぷく,wnja:14482852-n
潜入,せんにゅう,wnja:00976698-n
潜熱,せんねつ,wnja:11471097-n
潟湖,せきこ,wnja:09328746-n
潤色,じゅんしょく,wnja:03282401-n
潮合,しおあい,wnja:07402519-n
潮汐,ちょうせき,wnja:07402519-n
潮流,ちょうりゅう,wnja:05750163-n
潮路,しおじ,wnja:09458494-n
潰乱,かいらん,wnja:00215838-n
澱粉,でんぷん,wnja:15053867-n
激励,げきれい,wnja:01211019-n
激動,げきどう,wnja:13977732-n
激怒,げきど,wnja:07516905-n
激憤,げきふん,wnja:07516997-n
激流,げきりゅう,wnja:07407593-n
激痛,げきつう,wnja:14324274-n
激発,げきはつ,wnja:00554433-n
激突,げきとつ,wnja:13981137-n
激論,げきろん,wnja:07184545-n
濁り,にごり,wnja:04703698-n
濁音,だくおん,wnja:07120364-n
濃度,のうど,wnja:04941453-n
濃紺,のうこん,wnja:04969703-n
濃縮,のうしゅく,wnja:00375071-n
濡事,ぬれごと,wnja:13931436-n
濫觴,らんしょう,wnja:07290905-n
濾液,ろえき,wnja:14868564-n
瀉血,しゃけつ,wnja:00698004-n
瀑布,ばくふ,wnja:09475292-n
瀝青,れきせい,wnja:14911530-n
瀬戸,せと,wnja:09241247-n
火中,かちゅう,wnja:00378069-n
火付,ひつけ,wnja:00378296-n
火切,ひきり,wnja:03666591-n
火力,かりょく,wnja:05204004-n
火勢,かせい,wnja:05036394-n
火山,かざん,wnja:09472597-n
火影,ほかげ,wnja:11457841-n
火炎,かえん,wnja:14842847-n
火熱,かねつ,wnja:05016171-n
火皿,ひざら,wnja:02881397-n
火箸,ひばし,wnja:04450749-n
火花,ひばな,wnja:09442341-n
火車,かしゃ,wnja:11970846-n
火鉢,ひばち,wnja:03517509-n
火難,かなん,wnja:07302836-n
灯台,とうだい,wnja:02814860-n
灰塵,かいじん,wnja:14856263-n
灰殻,はいがら,wnja:14769160-n
灰汁,あく,wnja:14943814-n
灰皿,はいざら,wnja:02747802-n
灰色,はいいろ,wnja:04961691-n
灼熱,しゃくねつ,wnja:11467786-n
災い,わざわい,wnja:00623862-n
災厄,さいやく,wnja:07314838-n
災害,さいがい,wnja:00217499-n
災難,さいなん,wnja:07304852-n
炉端,ろばた,wnja:08581699-n
炉辺,ろへん,wnja:08581699-n
炊事,すいじ,wnja:00243918-n
炊夫,すいふ,wnja:09963320-n
炎症,えんしょう,wnja:14336539-n
炬火,きょか,wnja:04456115-n
炭素,たんそ,wnja:14633206-n
炭酸,たんさん,wnja:14799084-n
炭鉱,たんこう,wnja:03056368-n
炯眼,けいがん,wnja:05621808-n
炸裂,さくれつ,wnja:00377364-n
点描,てんびょう,wnja:07203016-n
点数,てんすう,wnja:00186634-n
点検,てんけん,wnja:00141806-n
点滴,てんてき,wnja:07432835-n
点線,てんせん,wnja:06800344-n
烈士,れっし,wnja:09906538-n
烏兎,うと,wnja:00028270-n
烏有,うゆう,wnja:13959931-n
烏滸,おこ,wnja:10100761-n
烙印,らくいん,wnja:06794666-n
烹炊,ほうすい,wnja:00243918-n
焙煎,ばいせん,wnja:00247442-n
焚火,たきび,wnja:07303335-n
焚物,たきもの,wnja:14875077-n
無事,ぶじ,wnja:07515560-n
無二,むに,wnja:04763650-n
無力,むりょく,wnja:05204637-n
無効,むこう,wnja:04810510-n
無口,むくち,wnja:04652438-n
無名,むめい,wnja:14436029-n
無味,むみ,wnja:04997032-n
無垢,むく,wnja:05613043-n
無学,むがく,wnja:05988282-n
無実,むじつ,wnja:13989627-n
無届,むとどけ,wnja:09757836-n
無常,むじょう,wnja:05055689-n
無形,むけい,wnja:04760296-n
無意,むい,wnja:06607339-n
無慚,むざん,wnja:07314838-n
無慾,むよく,wnja:04832951-n
無我,むが,wnja:13959818-n
無敵,むてき,wnja:05032028-n
無明,むみょう,wnja:05988282-n
無欠,むけつ,wnja:14459422-n
無法,むほう,wnja:13973059-n
無用,むよう,wnja:05139561-n
無痛,むつう,wnja:14030084-n
無礼,ぶれい,wnja:04914292-n
無窮,むきゅう,wnja:05209324-n
無線,むせん,wnja:04041544-n
無罪,むざい,wnja:13989627-n
無聊,ぶりょう,wnja:07539790-n
無能,むのう,wnja:05644922-n
無色,むしょく,wnja:04958634-n
無茶,むちゃ,wnja:06607809-n
無菌,むきん,wnja:14495230-n
無言,むごん,wnja:04651974-n
無調,むちょう,wnja:06864014-n
無謀,むぼう,wnja:04661926-n
無量,むりょう,wnja:05104548-n
無限,むげん,wnja:05209324-n
無雑,むざつ,wnja:14486767-n
無電,むでん,wnja:04041544-n
無風,むふう,wnja:07515560-n
無駄,むだ,wnja:00742645-n
焦慮,しょうりょ,wnja:07525057-n
焦眉,しょうび,wnja:07417405-n
焼印,やきいん,wnja:06795543-n
焼灼,しょうしゃく,wnja:00668112-n
焼金,やきがね,wnja:06795543-n
焼餅,やきもち,wnja:07550079-n
煉乳,れんにゅう,wnja:07846471-n
煉獄,れんごく,wnja:05631449-n
煉瓦,れんが,wnja:02897820-n
煙幕,えんまく,wnja:01050872-n
煙突,えんとつ,wnja:03017428-n
煙道,えんどう,wnja:03368878-n
煙雨,えんう,wnja:11502322-n
煙霧,えんむ,wnja:11458314-n
煤煙,ばいえん,wnja:14793533-n
照合,しょうごう,wnja:00651531-n
照度,しょうど,wnja:05018542-n
照応,しょうおう,wnja:04745240-n
照準,しょうじゅん,wnja:00815644-n
煩さ,はんさ,wnja:14406573-n
煩労,はんろう,wnja:00623862-n
煩雑,はんざつ,wnja:00623862-n
煮汁,にじる,wnja:07583197-n
煮炊,にたき,wnja:09963320-n
煽て,おだて,wnja:00156625-n
煽り,あおり,wnja:00554300-n
熊手,くまで,wnja:04050066-n
熟し,こなし,wnja:05002822-n
熟思,じゅくし,wnja:05784831-n
熟慮,じゅくりょ,wnja:04661151-n
熟成,じゅくせい,wnja:13551965-n
熟知,じゅくち,wnja:05817145-n
熟練,じゅくれん,wnja:05154114-n
熟考,じゅっこう,wnja:04661151-n
熟語,じゅくご,wnja:07015151-n
熟達,じゅくたつ,wnja:05154114-n
熱中,ねっちゅう,wnja:05700087-n
熱傷,ねっしょう,wnja:14289590-n
熱圏,ねつけん,wnja:09457367-n
熱帯,ねったい,wnja:08665281-n
熱度,ねつど,wnja:05011790-n
熱情,ねつじょう,wnja:04628192-n
熱意,ねつい,wnja:04634540-n
熱愛,ねつあい,wnja:01206553-n
熱望,ねつぼう,wnja:04644719-n
熱気,ねっき,wnja:04628192-n
熱波,ねっぱ,wnja:11472612-n
熱狂,ねっきょう,wnja:00553995-n
熱発,ねっぱつ,wnja:14365356-n
熱線,ねっせん,wnja:11472503-n
熱血,ねっけつ,wnja:04628192-n
熱誠,ねっせい,wnja:07480896-n
熱論,ねつろん,wnja:07242104-n
熾烈,しれつ,wnja:04639732-n
燃料,ねんりょう,wnja:14875077-n
燃焼,ねんしょう,wnja:00378479-n
燃費,ねんぴ,wnja:13823287-n
燎原,りょうげん,wnja:07304753-n
燎火,りょうか,wnja:07303335-n
燐寸,まっち,wnja:03728437-n
燭光,しょっこう,wnja:05100751-n
燭台,しょくだい,wnja:02947818-n
燻煙,くんえん,wnja:11508092-n
燻蒸,くんじょう,wnja:00712979-n
爆弾,ばくだん,wnja:02866578-n
爆撃,ばくげき,wnja:00974111-n
爆燃,ばくねん,wnja:13450417-n
爆発,ばくはつ,wnja:00377364-n
爆砕,ばくさい,wnja:07408171-n
爆破,ばくは,wnja:07408171-n
爆竹,ばくちく,wnja:03125352-n
爆縮,ばくしゅく,wnja:07116304-n
爆薬,ばくやく,wnja:03304730-n
爆裂,ばくれつ,wnja:00377364-n
爆雷,ばくらい,wnja:03177856-n
爆音,ばくおん,wnja:07377682-n
爆風,ばくふう,wnja:07408288-n
爪跡,つめあと,wnja:04693900-n
爪革,つまかわ,wnja:04520020-n
爬虫,はちゅう,wnja:01661091-n
爵位,しゃくい,wnja:06339416-n
父君,ふくん,wnja:10080869-n
父様,とうさま,wnja:10080869-n
父祖,ふそ,wnja:10102800-n
父親,ちちおや,wnja:10080869-n
父音,ふいん,wnja:07115021-n
片岩,へんがん,wnja:14889371-n
片影,へんえい,wnja:05934396-n
片栗,かたくり,wnja:12450344-n
片棒,かたぼう,wnja:10402417-n
片輪,かたわ,wnja:04691178-n
片陰,かたかげ,wnja:13984613-n
片隅,かたすみ,wnja:13872421-n
片雲,へんうん,wnja:09247410-n
片鬢,かたびん,wnja:05262802-n
片鱗,へんりん,wnja:05934396-n
版下,はんした,wnja:03897334-n
版画,はんが,wnja:04003597-n
牙城,がじょう,wnja:02805983-n
牛乳,ぎゅうにゅう,wnja:07844042-n
牛刀,ぎゅうとう,wnja:02927053-n
牛疫,ぎゅうえき,wnja:14272141-n
牛皮,ぎゅうひ,wnja:14762248-n
牛肉,ぎゅうにく,wnja:07663592-n
牛脂,ぎゅうし,wnja:14774397-n
牛舌,ぎゅうたん,wnja:07653126-n
牛舎,ぎゅうしゃ,wnja:03123809-n
牛蒡,ごぼう,wnja:11924445-n
牛酪,ぎゅうらく,wnja:07848338-n
牛革,ぎゅうかわ,wnja:14762248-n
牛頭,ごず,wnja:13034062-n
牝牛,めうし,wnja:02403454-n
牝犬,めすいぬ,wnja:02083672-n
牝鶏,ひんけい,wnja:01792640-n
牡牛,おうし,wnja:02403454-n
牡羊,おひつじ,wnja:02412080-n
牢屋,ろうや,wnja:03592245-n
牢獄,ろうごく,wnja:03592245-n
牢番,ろうばん,wnja:10149867-n
牢舎,ろうしゃ,wnja:03592245-n
牧師,ぼくし,wnja:00585810-n
牧歌,ぼっか,wnja:06377275-n
牧畜,ぼくちく,wnja:00920062-n
牧童,ぼくどう,wnja:09972661-n
牧草,ぼくそう,wnja:07801091-n
物事,ものごと,wnja:05671325-n
物交,ぶっこう,wnja:01109687-n
物件,ぶっけん,wnja:04424218-n
物体,ぶったい,wnja:09224911-n
物入,ものいれ,wnja:04531098-n
物品,ぶっぴん,wnja:00022903-n
物差,ものさし,wnja:03735637-n
物性,ぶっせい,wnja:04624517-n
物故,ぶっこ,wnja:07355491-n
物日,ものび,wnja:15183428-n
物書,ものかき,wnja:00929718-n
物柄,ものがら,wnja:04723816-n
物流,ぶつりゅう,wnja:01112885-n
物理,ぶつり,wnja:06090869-n
物神,ぶっしん,wnja:03603958-n
物種,ものだね,wnja:11683989-n
物置,ものおき,wnja:02755823-n
物見,ものみ,wnja:00654234-n
物証,ぶっしょう,wnja:06734322-n
物語,ものがたり,wnja:06369829-n
物議,ぶつぎ,wnja:07144190-n
物質,ぶっしつ,wnja:00019613-n
物量,ぶつりょう,wnja:05107765-n
物陰,ものかげ,wnja:13984613-n
物音,ものおと,wnja:07387509-n
特使,とくし,wnja:10631765-n
特例,とくれい,wnja:05821246-n
特免,とくめん,wnja:00213903-n
特出,とくしゅつ,wnja:04728376-n
特務,とくむ,wnja:00731222-n
特化,とっか,wnja:00583747-n
特売,とくばい,wnja:01117723-n
特大,とくだい,wnja:05096095-n
特待,とくたい,wnja:13949802-n
特徴,とくちょう,wnja:04616059-n
特急,とっきゅう,wnja:03306385-n
特恵,とっけい,wnja:05142641-n
特技,とくぎ,wnja:05159225-n
特権,とっけん,wnja:05158296-n
特約,とくやく,wnja:06524278-n
特訓,とっくん,wnja:06676709-n
特許,とっきょ,wnja:01139194-n
特質,とくしつ,wnja:04616059-n
特赦,とくしゃ,wnja:01249315-n
特集,とくしゅう,wnja:06268784-n
牽引,けんいん,wnja:00114431-n
犠飛,ぎひ,wnja:00130987-n
犬儒,けんじゅ,wnja:09986700-n
犬橇,いぬぞり,wnja:03218198-n
犬走,いぬばしり,wnja:00294190-n
犬釘,いぬくぎ,wnja:04275904-n
犯人,はんにん,wnja:09977660-n
犯意,はんい,wnja:07550666-n
犯歴,はんれき,wnja:06490173-n
犯罪,はんざい,wnja:00745005-n
状袋,じょうぶくろ,wnja:03291819-n
狂乱,きょうらん,wnja:14391876-n
狂人,きょうじん,wnja:10276764-n
狂喜,きょうき,wnja:07527817-n
狂女,きょうじょ,wnja:10279964-n
狂熱,きょうねつ,wnja:07555014-n
狂言,きょうげん,wnja:00041468-n
狐猿,きつねざる,wnja:02496913-n
狐色,きつねいろ,wnja:04973020-n
狙撃,そげき,wnja:00122661-n
狩人,かりゅうど,wnja:10193026-n
狩猟,しゅりょう,wnja:00452293-n
独修,どくしゅう,wnja:05757423-n
独占,どくせん,wnja:01128806-n
独房,どくぼう,wnja:02917742-n
独白,どくはく,wnja:07011529-n
独立,どくりつ,wnja:07474006-n
独行,どっこう,wnja:14001031-n
独話,どくわ,wnja:07160752-n
独語,どくご,wnja:07160752-n
独身,どくしん,wnja:09829923-n
狭衣,さごろも,wnja:02728440-n
狭間,はざま,wnja:05089947-n
狭霧,さぎり,wnja:11458314-n
狸藻,たぬきも,wnja:12872458-n
狼座,おおかみざ,wnja:09344449-n
狼煙,のろし,wnja:07264213-n
狼狽,ろうばい,wnja:04904664-n
狼藉,ろうぜき,wnja:01225397-n
猛威,もうい,wnja:05037813-n
猛禽,もうきん,wnja:01604330-n
猛追,もうつい,wnja:00319939-n
猟人,りょうじん,wnja:10193026-n
猟場,りょうば,wnja:08582065-n
猟期,りょうき,wnja:15241186-n
猥雑,わいざつ,wnja:07507912-n
猪牙,ちょき,wnja:02858304-n
猪首,いくび,wnja:05547313-n
猫柳,ねこやなぎ,wnja:12727101-n
猫背,ねこぜ,wnja:00336654-n
猫蚤,ねこのみ,wnja:02187279-n
献立,こんだて,wnja:06492939-n
献金,けんきん,wnja:01041498-n
猶子,ゆうし,wnja:10353355-n
猿梨,さるなし,wnja:12371202-n
猿股,さるまた,wnja:03234164-n
猿頬,さるぼお,wnja:02909870-n
獄囚,ごくしゅう,wnja:10476086-n
獄屋,ごくや,wnja:04005630-n
獄舎,ごくしゃ,wnja:03592245-n
獣医,じゅうい,wnja:10749715-n
獣姦,じゅうかん,wnja:00858060-n
獣性,じゅうせい,wnja:04623443-n
獣慾,じゅうよく,wnja:00759335-n
獣畜,じゅうちく,wnja:00015388-n
獣皮,じゅうひ,wnja:01895735-n
獣肉,じゅうにく,wnja:07649854-n
獲得,かくとく,wnja:00041899-n
玄人,くろうと,wnja:09617867-n
玄奥,げんおう,wnja:05926358-n
玄妙,げんみょう,wnja:05926358-n
玄翁,げんのう,wnja:03481172-n
玄関,げんかん,wnja:03221720-n
率先,そっせん,wnja:01144876-n
玉兎,ぎょくと,wnja:09358358-n
玉座,ぎょくざ,wnja:04429376-n
玉案,ぎょくあん,wnja:03179701-n
玉梓,たまずさ,wnja:06624161-n
玉歩,ぎょくほ,wnja:00283568-n
玉縁,たまぶち,wnja:02815237-n
玉菜,たまな,wnja:07713895-n
玉葱,たまねぎ,wnja:07722217-n
玉髄,ぎょくずい,wnja:14806333-n
王位,おうい,wnja:00605023-n
王国,おうこく,wnja:07940448-n
王女,おうじょ,wnja:10474064-n
王妃,おうひ,wnja:10499857-n
王室,おうしつ,wnja:08153437-n
王家,おうけ,wnja:08053121-n
王座,おうざ,wnja:04429376-n
王手,おうて,wnja:00167446-n
王族,おうぞく,wnja:08153437-n
王朝,おうちょう,wnja:07971582-n
王様,おうさま,wnja:08153437-n
王水,おうすい,wnja:14767477-n
珊瑚,さんご,wnja:14823036-n
珍味,ちんみ,wnja:04842029-n
珍品,ちんぴん,wnja:03149951-n
珍宝,ちんぽう,wnja:08463969-n
珍獣,ちんじゅう,wnja:00015388-n
珍重,ちんちょう,wnja:08463969-n
珠玉,しゅぎょく,wnja:03432972-n
珪藻,けいそう,wnja:01401106-n
現つ,うつつ,wnja:13955461-n
現れ,あらわれ,wnja:06797169-n
現下,げんか,wnja:15119536-n
現今,げんこん,wnja:15119536-n
現代,げんだい,wnja:15119536-n
現出,げんしゅつ,wnja:07319909-n
現地,げんち,wnja:08569777-n
現状,げんじょう,wnja:13938210-n
現生,げんせい,wnja:13386614-n
球体,きゅうたい,wnja:04274530-n
球団,きゅうだん,wnja:08079613-n
球歴,きゅうれき,wnja:00282613-n
球菌,きゅうきん,wnja:01350855-n
理事,りじ,wnja:10015485-n
理屈,りくつ,wnja:05871618-n
理性,りせい,wnja:05651680-n
理想,りそう,wnja:05923696-n
理由,りゆう,wnja:05819149-n
理知,りち,wnja:05618849-n
理科,りか,wnja:06000400-n
理解,りかい,wnja:05805475-n
理論,りろん,wnja:05871618-n
理財,りざい,wnja:05644727-n
理趣,りしゅ,wnja:06739990-n
琉璃,るり,wnja:14881303-n
琢磨,たくま,wnja:01129363-n
琥珀,こはく,wnja:04966240-n
瑜伽,ゆが,wnja:06239361-n
瓢虫,てんとうむし,wnja:02165456-n
瓦屋,かわらや,wnja:00719274-n
瓦礫,がれき,wnja:14857897-n
甘み,あまみ,wnja:04994413-n
甘口,あまくち,wnja:04994413-n
甘草,かんぞう,wnja:07607361-n
甘藍,かんらん,wnja:07713895-n
甘言,かんげん,wnja:06695862-n
甘露,かんろ,wnja:04994413-n
甚六,じんろく,wnja:10039663-n
生み,うみ,wnja:00908492-n
生れ,うまれ,wnja:13813042-n
生乳,せいにゅう,wnja:07845702-n
生剥,なまはげ,wnja:09542339-n
生国,しょうごく,wnja:08510169-n
生垣,いけがき,wnja:03511175-n
生塵,なまごみ,wnja:14857151-n
生姜,しょうが,wnja:07814925-n
生娘,きむすめ,wnja:10755257-n
生存,せいぞん,wnja:13962166-n
生成,せいせい,wnja:00908492-n
生木,なまき,wnja:12651821-n
生残,せいざん,wnja:13962166-n
生爪,なまづめ,wnja:05581693-n
生皮,なまかわ,wnja:14759588-n
生肉,せいにく,wnja:07651159-n
生血,なまち,wnja:05399847-n
生誕,せいたん,wnja:07320302-n
生贄,いけにえ,wnja:00227595-n
産出,さんしゅつ,wnja:00912960-n
産品,さんひん,wnja:04007894-n
産地,さんち,wnja:08510350-n
産婆,さんば,wnja:10314836-n
産業,さんぎょう,wnja:00923444-n
産物,さんぶつ,wnja:04007894-n
産褥,さんじょく,wnja:15142568-n
用具,ようぐ,wnja:03563967-n
用命,ようめい,wnja:01061333-n
用品,ようひん,wnja:03294048-n
用地,ようち,wnja:08651247-n
用心,ようじん,wnja:04664058-n
用木,ようぼく,wnja:14943580-n
用法,ようほう,wnja:05149325-n
用箋,ようせん,wnja:06258852-n
用途,ようと,wnja:05149325-n
田作,たづくり,wnja:10078806-n
田圃,たんぼ,wnja:08614229-n
田園,でんえん,wnja:08644722-n
田夫,でんぷ,wnja:10078806-n
田舎,いなか,wnja:08644722-n
田鼠,たねずみ,wnja:01889520-n
由来,ゆらい,wnja:04922787-n
由緒,ゆいしょ,wnja:06514093-n
甲乙,こうおつ,wnja:04891010-n
甲羅,こうら,wnja:01903756-n
甲胄,かっちゅう,wnja:02739668-n
申入,もうしいれ,wnja:05916155-n
申出,もうしで,wnja:07161429-n
申告,しんこく,wnja:06548671-n
申文,もうしぶみ,wnja:06513366-n
申状,もうしじょう,wnja:06513366-n
申込,もうしこみ,wnja:07161429-n
男優,だんゆう,wnja:09765278-n
男児,だんじ,wnja:10285313-n
男木,おぎ,wnja:13093928-n
男爵,だんしゃく,wnja:09840435-n
男神,おがみ,wnja:09505418-n
男衆,おとこしゅう,wnja:10582154-n
男親,おとこおや,wnja:10080869-n
男鰥,おとこやもめ,wnja:10780506-n
町歩,ちょうぶ,wnja:13613985-n
町民,ちょうみん,wnja:08226514-n
町着,まちぎ,wnja:04335693-n
町筋,まちすじ,wnja:04334599-n
町角,まちかど,wnja:03109486-n
町長,ちょうちょう,wnja:10303814-n
画人,がじん,wnja:09812338-n
画伯,がはく,wnja:09812338-n
画像,がぞう,wnja:03265874-n
画図,がと,wnja:00936620-n
画室,がしつ,wnja:04344246-n
画家,がか,wnja:09812338-n
画工,がこう,wnja:09812338-n
画帳,がちょう,wnja:04227370-n
画廊,がろう,wnja:03412058-n
画板,がばん,wnja:03231024-n
画策,かくさく,wnja:00059552-n
画素,がそ,wnja:03952277-n
画角,がかく,wnja:13919059-n
画趣,がしゅ,wnja:04684765-n
画鋲,がびょう,wnja:04431745-n
画題,がだい,wnja:04347225-n
界隈,かいわい,wnja:08641113-n
畏敬,いけい,wnja:06714552-n
畑作,はたさく,wnja:00916464-n
留保,りゅうほ,wnja:00361192-n
留意,りゅうい,wnja:05702726-n
留飲,りゅういん,wnja:01072565-n
畜殺,ちくさつ,wnja:00223854-n
畜生,ちくしょう,wnja:09845589-n
畜産,ちくさん,wnja:00916464-n
畜舎,ちくしゃ,wnja:02793495-n
畜類,ちくるい,wnja:01887474-n
畢生,ひっせい,wnja:15140405-n
略儀,りゃくぎ,wnja:04912052-n
略叙,りゃくじょ,wnja:05891572-n
略号,りゃくごう,wnja:06806469-n
略図,りゃくず,wnja:05891572-n
略字,りゃくじ,wnja:07091587-n
略意,りゃくい,wnja:05891572-n
略称,りゃくしょう,wnja:07091587-n
略筆,りゃくひつ,wnja:05891572-n
略言,りゃくげん,wnja:06467007-n
略記,りゃっき,wnja:05891572-n
略語,りゃくご,wnja:07091587-n
略説,りゃくせつ,wnja:05891572-n
略論,りゃくろん,wnja:05891572-n
略述,りゃくじゅつ,wnja:05891572-n
番い,つがい,wnja:05595083-n
番人,ばんにん,wnja:10150071-n
番兵,ばんぺい,wnja:10150071-n
番卒,ばんそつ,wnja:10150071-n
番号,ばんごう,wnja:06326526-n
番地,ばんち,wnja:06356515-n
番外,ばんがい,wnja:09606527-n
番太,ばんた,wnja:10770059-n
番犬,ばんけん,wnja:02103841-n
番組,ばんぐみ,wnja:00551407-n
異体,いたい,wnja:05840650-n
異変,いへん,wnja:00217499-n
異存,いぞん,wnja:04749709-n
異性,いせい,wnja:13939734-n
異教,いきょう,wnja:06212422-n
異界,いかい,wnja:05629381-n
異端,いたん,wnja:04800729-n
異臭,いしゅう,wnja:04980008-n
異論,いろん,wnja:07181358-n
異音,いおん,wnja:07111933-n
疎外,そがい,wnja:07502387-n
疎意,そい,wnja:06200741-n
疎慢,そまん,wnja:04665813-n
疎放,そほう,wnja:04665813-n
疎明,そめい,wnja:07232421-n
疎略,そりゃく,wnja:14499734-n
疎通,そつう,wnja:01142519-n
疎開,そかい,wnja:00054821-n
疎隔,そかく,wnja:07502387-n
疑い,うたがい,wnja:04756887-n
疑り,うたぐり,wnja:04756887-n
疑問,ぎもん,wnja:04757522-n
疑心,ぎしん,wnja:05698247-n
疑念,ぎねん,wnja:04756887-n
疑惑,ぎわく,wnja:04756887-n
疑惧,ぎく,wnja:04904851-n
疑獄,ぎごく,wnja:07306252-n
疑義,ぎぎ,wnja:05698247-n
疝痛,せんつう,wnja:14325732-n
疣々,いぼいぼ,wnja:13895852-n
疣贅,ゆうぜい,wnja:13895852-n
疫痢,えきり,wnja:14172217-n
疫癘,えきれい,wnja:14138691-n
疲弊,ひへい,wnja:00217773-n
疼痛,とうつう,wnja:05724694-n
疾病,しっぺい,wnja:14055408-n
疾駆,しっく,wnja:00294452-n
病人,びょうにん,wnja:07950418-n
病原,びょうげん,wnja:13533349-n
病室,びょうしつ,wnja:03541091-n
病巣,びょうそう,wnja:09371028-n
病弱,びょうじゃく,wnja:14547643-n
病患,びょうかん,wnja:14052403-n
病態,びょうたい,wnja:14204950-n
病棟,びょうとう,wnja:04549919-n
病歴,びょうれき,wnja:06515297-n
病毒,びょうどく,wnja:01328702-n
病気,びょうき,wnja:09181557-n
病理,びょうり,wnja:06060845-n
病院,びょういん,wnja:03540595-n
病魔,びょうま,wnja:14061805-n
痕跡,こんせき,wnja:04693900-n
痙攣,けいれん,wnja:14082595-n
痛事,いたごと,wnja:05832745-n
痛心,つうしん,wnja:07524242-n
痛快,つうかい,wnja:07529377-n
痛打,つうだ,wnja:00134780-n
痛罵,つうば,wnja:06715223-n
痛苦,つうく,wnja:07494363-n
痛覚,つうかく,wnja:05724694-n
痛風,つうふう,wnja:14188804-n
痰壷,たんつぼ,wnja:04281260-n
痲痺,まひ,wnja:14014621-n
痴呆,ちほう,wnja:14395403-n
痴女,ちじょ,wnja:10368798-n
痴愚,ちぐ,wnja:10197525-n
痴漢,ちかん,wnja:10327333-n
痴話,ちわ,wnja:07137461-n
痺れ,しびれ,wnja:05006519-n
瘋癲,ふうてん,wnja:10276764-n
瘢痕,はんこん,wnja:04693900-n
瘰癧,るいれき,wnja:14144247-n
瘻孔,ろうこう,wnja:05548032-n
療治,りょうじ,wnja:00661091-n
療法,りょうほう,wnja:04074482-n
癇癪,かんしゃく,wnja:04628192-n
癌腫,がんしゅ,wnja:14239918-n
癒着,ゆちゃく,wnja:13263540-n
癩病,らいびょう,wnja:14136187-n
癲狂,てんきょう,wnja:00512843-n
癲癇,てんかん,wnja:14086143-n
発作,ほっさ,wnja:14081375-n
発信,はっしん,wnja:00061290-n
発兌,はつだ,wnja:01060234-n
発出,はっしゅつ,wnja:07319909-n
発刊,はっかん,wnja:01060234-n
発券,はっけん,wnja:01060234-n
発動,はつどう,wnja:00235435-n
発句,ほっく,wnja:06380495-n
発問,はつもん,wnja:07193184-n
発声,はっせい,wnja:07032026-n
発射,はっしゃ,wnja:00103140-n
発展,はってん,wnja:00249987-n
発布,はっぷ,wnja:06746580-n
発情,はつじょう,wnja:14038264-n
発想,はっそう,wnja:05797473-n
発掘,はっくつ,wnja:00941974-n
発揮,はっき,wnja:00522145-n
発散,はっさん,wnja:01004072-n
発明,はつめい,wnja:00908492-n
発案,はつあん,wnja:07161429-n
発火,はっか,wnja:13495873-n
発熱,はつねつ,wnja:14365356-n
発狂,はっきょう,wnja:14395018-n
発現,はつげん,wnja:06798558-n
発砲,はっぽう,wnja:00123234-n
発祥,はっしょう,wnja:04923743-n
発端,ほったん,wnja:07290905-n
発給,はっきゅう,wnja:01060234-n
発育,はついく,wnja:07324673-n
発芽,はつが,wnja:13487207-n
発行,はっこう,wnja:01060234-n
発表,はっぴょう,wnja:00520257-n
発覚,はっかく,wnja:07215377-n
発話,はつわ,wnja:07109847-n
発語,はつご,wnja:07129867-n
発達,はったつ,wnja:07324673-n
発電,はつでん,wnja:00922144-n
発音,はつおん,wnja:07128692-n
登仙,とうせん,wnja:07355491-n
登山,とざん,wnja:00325785-n
登攀,とうはん,wnja:00325110-n
登録,とうろく,wnja:00050037-n
白み,しろみ,wnja:04960729-n
白丁,はくちょう,wnja:10508379-n
白亜,はくあ,wnja:04961472-n
白人,はくじん,wnja:09638875-n
白墨,はくぼく,wnja:03003091-n
白妙,しろたえ,wnja:04960729-n
白斑,はくはん,wnja:11511176-n
白昼,はくちゅう,wnja:15164957-n
白書,はくしょ,wnja:07219530-n
白樺,しらかば,wnja:12282737-n
白波,しらなみ,wnja:07344233-n
白熱,はくねつ,wnja:05017121-n
白状,はくじょう,wnja:07216083-n
白痴,はくち,wnja:05646926-n
白目,しろめ,wnja:14718099-n
白米,はくまい,wnja:07804323-n
白粉,おしろい,wnja:03314780-n
白糖,はくとう,wnja:07859284-n
白線,はくせん,wnja:07262462-n
白羽,しらは,wnja:06856487-n
白茶,しらちゃ,wnja:04972801-n
白蜜,しろみつ,wnja:07858978-n
白蟻,しろあり,wnja:02223266-n
白質,はくしつ,wnja:05483677-n
白雨,はくう,wnja:11502497-n
白霜,しろしも,wnja:14915622-n
白革,しろがわ,wnja:14761450-n
白鷺,しらさぎ,wnja:02008796-n
白黒,しろくろ,wnja:02846399-n
百千,ひゃくせん,wnja:13774404-n
百科,ひゃっか,wnja:06427387-n
的屋,てきや,wnja:10190516-n
皆無,かいむ,wnja:13740168-n
皇神,すめかみ,wnja:09505418-n
皮目,かわめ,wnja:13153888-n
皮肉,ひにく,wnja:04715075-n
皮膚,ひふ,wnja:01895735-n
皮膜,ひまく,wnja:05238282-n
皮質,ひしつ,wnja:05490578-n
皺襞,しゅうへき,wnja:05492259-n
盆地,ぼんち,wnja:08518940-n
盆栽,ぼんさい,wnja:13111881-n
益金,えききん,wnja:13254805-n
盗み,ぬすみ,wnja:00780889-n
盗品,とうひん,wnja:13262663-n
盗癖,とうへき,wnja:09182273-n
盗聴,とうちょう,wnja:00654400-n
盗賊,とうぞく,wnja:09837088-n
盛時,せいじ,wnja:07417043-n
盛栄,せいえい,wnja:14489699-n
盟約,めいやく,wnja:07226545-n
監守,かんしゅ,wnja:00818678-n
監察,かんさつ,wnja:00879271-n
監獄,かんごく,wnja:03592245-n
監督,かんとく,wnja:00652466-n
監禁,かんきん,wnja:01146576-n
盤石,ばんじゃく,wnja:09227839-n
目上,めうえ,wnja:10048218-n
目処,めど,wnja:05980875-n
目利,めきき,wnja:06528783-n
目印,めじるし,wnja:06794666-n
目安,めやす,wnja:07258332-n
目打,めうち,wnja:03915900-n
目撃,もくげき,wnja:10075299-n
目方,めかた,wnja:05026843-n
目星,めぼし,wnja:14257563-n
目木,めぎ,wnja:11698245-n
目板,めいた,wnja:03352853-n
目標,もくひょう,wnja:04394261-n
目次,もくじ,wnja:06489659-n
目玉,めだま,wnja:05311054-n
目的,もくてき,wnja:05143077-n
目盛,めもり,wnja:06801965-n
目眩,めまい,wnja:14372513-n
目礼,もくれい,wnja:06630017-n
目算,もくさん,wnja:05775081-n
目縁,まぶち,wnja:05313822-n
目色,めいろ,wnja:04674715-n
目薬,めぐすり,wnja:03309214-n
目見,まみ,wnja:04674715-n
目視,もくし,wnja:05656537-n
目覚,めざまし,wnja:02694662-n
目路,めじ,wnja:05017458-n
目途,もくと,wnja:05980875-n
目録,もくろく,wnja:01011425-n
目顔,めがお,wnja:04674715-n
目高,めだか,wnja:01446760-n
目黒,めぐろ,wnja:01560419-n
盲人,もうじん,wnja:07944408-n
盲点,もうてん,wnja:05456082-n
盲目,もうもく,wnja:14126660-n
盲者,もうしゃ,wnja:07944408-n
盲腸,もうちょう,wnja:05536370-n
直し,なおし,wnja:00199707-n
直伝,じきでん,wnja:09267227-n
直列,ちょくれつ,wnja:13791910-n
直喩,ちょくゆ,wnja:07108282-n
直径,ちょっけい,wnja:05101815-n
直情,ちょくじょう,wnja:04650731-n
直感,ちょっかん,wnja:05707495-n
直書,じきしょ,wnja:06407221-n
直流,ちょくりゅう,wnja:11447153-n
直筋,ちょくきん,wnja:05316590-n
直線,ちょくせん,wnja:08593262-n
直腸,ちょくちょう,wnja:05537806-n
直覚,ちょっかく,wnja:05707495-n
直証,ちょくしょう,wnja:06643408-n
直鎖,ちょくさ,wnja:09446012-n
相乗,そうじょう,wnja:00871576-n
相伴,しょうばん,wnja:00827782-n
相克,そうこく,wnja:00958896-n
相反,そうはん,wnja:04749709-n
相好,そうごう,wnja:04673965-n
相応,そうおう,wnja:04716864-n
相手,あいて,wnja:08077711-n
相撃,あいうち,wnja:07353716-n
相棒,あいぼう,wnja:09877951-n
相補,そうほ,wnja:05109511-n
相談,そうだん,wnja:07143137-n
相識,そうしき,wnja:09763784-n
相関,そうかん,wnja:05858407-n
省察,せいさつ,wnja:01229793-n
省略,しょうりゃく,wnja:00359135-n
眉根,まゆね,wnja:05313535-n
眉毛,まゆげ,wnja:05313535-n
眉間,みけん,wnja:05232691-n
看板,かんばん,wnja:03223553-n
看護,かんご,wnja:00664997-n
真冬,まふゆ,wnja:15238074-n
真剣,しんけん,wnja:04646548-n
真北,まきた,wnja:13831176-n
真南,まみなみ,wnja:13833375-n
真影,しんえい,wnja:03987079-n
真心,まごころ,wnja:04867130-n
真数,しんすう,wnja:06812794-n
真昼,まひる,wnja:15165490-n
真東,まひがし,wnja:13832355-n
真槍,しんそう,wnja:04270891-n
真皮,しんぴ,wnja:05238282-n
真空,しんくう,wnja:05174023-n
真菰,まこも,wnja:07804771-n
真薯,しんじょ,wnja:07641928-n
真裸,まっぱだか,wnja:14456138-n
真西,まにし,wnja:13834399-n
真言,しんごん,wnja:06466479-n
真鍮,しんちゅう,wnja:02891788-n
真顔,まがお,wnja:06878803-n
眠け,ねむけ,wnja:14030435-n
眠り,ねむり,wnja:00858188-n
眩惑,げんわく,wnja:05684561-n
眷属,けんぞく,wnja:07969695-n
眺め,ながめ,wnja:00881649-n
眺望,ちょうぼう,wnja:05933246-n
眼中,がんちゅう,wnja:08560952-n
眼光,がんこう,wnja:04891010-n
眼杯,がんぱい,wnja:02155678-n
眼球,がんきゅう,wnja:05311054-n
眼界,がんかい,wnja:05017458-n
眼病,がんびょう,wnja:14252864-n
眼目,がんもく,wnja:05817845-n
眼睛,がんせい,wnja:05320183-n
眼瞼,がんけん,wnja:05313822-n
眼窩,がんか,wnja:05285275-n
眼識,がんしき,wnja:05614476-n
着任,ちゃくにん,wnja:07453195-n
着地,ちゃくち,wnja:00052500-n
着床,ちゃくしょう,wnja:13496286-n
着想,ちゃくそう,wnja:05633385-n
着手,ちゃくしゅ,wnja:00235435-n
着服,ちゃくふく,wnja:00776732-n
着氷,ちゃくひょう,wnja:13485270-n
着物,きもの,wnja:02728440-n
着用,ちゃくよう,wnja:00830257-n
着発,ちゃくはつ,wnja:00377813-n
着衣,ちゃくい,wnja:02728440-n
着陸,ちゃくりく,wnja:00052500-n
着類,きるい,wnja:02728440-n
睡眠,すいみん,wnja:00858188-n
督促,とくそく,wnja:07188385-n
睫毛,まつげ,wnja:05314919-n
瞑想,めいそう,wnja:05785885-n
瞞着,まんちゃく,wnja:00752954-n
瞬ぎ,まじろぎ,wnja:00117959-n
瞬時,しゅんじ,wnja:06022509-n
瞬間,しゅんかん,wnja:05046009-n
矛盾,むじゅん,wnja:07206596-n
矢印,やじるし,wnja:06818121-n
矢場,やば,wnja:04581595-n
矢尻,やじり,wnja:02743050-n
矢弾,やだま,wnja:04008634-n
矢柄,やがら,wnja:04182322-n
矢筒,やづつ,wnja:04035836-n
知事,ちじ,wnja:10140314-n
知友,ちゆう,wnja:10112591-n
知合,しりあい,wnja:09763784-n
知略,ちりゃく,wnja:05633860-n
知音,ちいん,wnja:09763784-n
矩形,くけい,wnja:13883346-n
短命,たんめい,wnja:05055689-n
短慮,たんりょ,wnja:14407283-n
短所,たんしょ,wnja:05159606-n
短気,たんき,wnja:04642258-n
短波,たんぱ,wnja:11507174-n
短絡,たんらく,wnja:04204755-n
短編,たんぺん,wnja:06371999-n
短縮,たんしゅく,wnja:00192300-n
短軸,たんじく,wnja:06009857-n
短銃,たんじゅう,wnja:03343853-n
矮躯,わいく,wnja:10040344-n
石基,せっき,wnja:14891678-n
石塊,いしくれ,wnja:09416076-n
石墨,せきぼく,wnja:14796575-n
石壁,いしかべ,wnja:03252637-n
石子,いしこ,wnja:14698884-n
石弓,いしゆみ,wnja:02982232-n
石材,せきざい,wnja:04326084-n
石板,せきばん,wnja:04234670-n
石油,せきゆ,wnja:14980579-n
石炭,せきたん,wnja:14814616-n
石筆,せきひつ,wnja:04234763-n
石筍,せきじゅん,wnja:09443921-n
石臼,いしうす,wnja:03766935-n
石英,せきえい,wnja:14693733-n
石蟹,いしがに,wnja:01977485-n
砂上,さじょう,wnja:03545756-n
砂利,じゃり,wnja:14698884-n
砂場,すなば,wnja:04134339-n
砂塵,さじん,wnja:14839846-n
砂嵐,すなあらし,wnja:11448153-n
砂州,さす,wnja:09421799-n
砂浜,すなはま,wnja:09217230-n
砒酸,ひさん,wnja:14610347-n
研学,けんがく,wnja:07048627-n
研究,けんきゅう,wnja:00636921-n
砥石,といし,wnja:03460297-n
砲兵,ほうへい,wnja:08389297-n
砲塁,ほうるい,wnja:03386011-n
砲座,ほうざ,wnja:02791385-n
砲手,ほうしゅ,wnja:09811852-n
砲撃,ほうげき,wnja:00123783-n
砲金,ほうきん,wnja:14717634-n
砲門,ほうもん,wnja:03469687-n
破壊,はかい,wnja:00217014-n
破婚,はこん,wnja:01201271-n
破局,はきょく,wnja:14476290-n
破損,はそん,wnja:00403092-n
破棄,はき,wnja:00231887-n
破滅,はめつ,wnja:00217773-n
破片,はへん,wnja:04184701-n
破産,はさん,wnja:00228535-n
破綻,はたん,wnja:14478684-n
破裂,はれつ,wnja:00376715-n
破顔,はがん,wnja:06878071-n
破風,はふ,wnja:03409393-n
硝石,しょうせき,wnja:14861355-n
硝薬,しょうやく,wnja:15016314-n
硫酸,りゅうさん,wnja:15093482-n
硬さ,かたさ,wnja:04937587-n
硬度,こうど,wnja:14452442-n
硬水,こうすい,wnja:14905422-n
硬玉,こうぎょく,wnja:14678762-n
硬直,こうちょく,wnja:01025411-n
硬膜,こうまく,wnja:05482529-n
碁盤,ごばん,wnja:03443461-n
碑文,ひぶん,wnja:06405699-n
碧玉,へきぎょく,wnja:14925033-n
碧空,へきくう,wnja:09224566-n
碧落,へきらく,wnja:08556386-n
確保,かくほ,wnja:00083729-n
確度,かくど,wnja:04802907-n
確率,かくりつ,wnja:04756172-n
確証,かくしょう,wnja:05825245-n
確認,かくにん,wnja:00153961-n
磁力,じりょく,wnja:11479058-n
磁北,じほく,wnja:13831441-n
磁束,じそく,wnja:11477384-n
磁界,じかい,wnja:11477384-n
磁石,じしゃく,wnja:03080497-n
磔柱,はりき,wnja:03135532-n
磨石,すりいし,wnja:03460297-n
礎石,そせき,wnja:03110470-n
礫岩,れきがん,wnja:14863031-n
示唆,しさ,wnja:06643763-n
示威,じい,wnja:01177703-n
示度,しど,wnja:05816790-n
礼儀,れいぎ,wnja:04898087-n
礼典,れいてん,wnja:01030820-n
礼式,れいしき,wnja:01027379-n
礼法,れいほう,wnja:04898087-n
礼物,れいもつ,wnja:13265011-n
礼節,れいせつ,wnja:04898087-n
礼讃,らいさん,wnja:01218766-n
礼金,れいきん,wnja:07166281-n
社中,しゃちゅう,wnja:08240633-n
社主,しゃしゅ,wnja:10388924-n
社会,しゃかい,wnja:07965937-n
社債,しゃさい,wnja:13337770-n
社友,しゃゆう,wnja:09935990-n
社名,しゃめい,wnja:06845199-n
社告,しゃこく,wnja:06726158-n
社団,しゃだん,wnja:08049401-n
社説,しゃせつ,wnja:06268567-n
社長,しゃちょう,wnja:10015485-n
祈り,いのり,wnja:01041968-n
祈念,きねん,wnja:01041968-n
祈願,きがん,wnja:01041968-n
祖先,そせん,wnja:09792555-n
祖国,そこく,wnja:08490199-n
祝い,いわい,wnja:00516086-n
祝事,いわいごと,wnja:07450651-n
祝儀,しゅうぎ,wnja:00428000-n
祝典,しゅくてん,wnja:00428000-n
祝勝,しゅくしょう,wnja:00519118-n
祝日,しゅくじつ,wnja:15161631-n
祝杯,しゅくはい,wnja:07884413-n
祝祭,しゅくさい,wnja:00428000-n
祝祷,しゅくとう,wnja:01043693-n
祝福,しゅくふく,wnja:07189411-n
祝言,しゅうげん,wnja:01036996-n
祝賀,しゅくが,wnja:00428000-n
祝辞,しゅくじ,wnja:06633896-n
神品,しんぴん,wnja:03727605-n
神域,しんいき,wnja:04133648-n
神変,しんぺん,wnja:07288801-n
神宮,じんぐう,wnja:04210390-n
神明,しんめい,wnja:09505418-n
神業,かみわざ,wnja:07288801-n
神社,じんじゃ,wnja:04210390-n
神経,しんけい,wnja:05474346-n
神話,しんわ,wnja:06371413-n
神速,しんそく,wnja:07319549-n
祭り,まつり,wnja:00517728-n
祭壇,さいだん,wnja:02699494-n
祭日,さいじつ,wnja:15183428-n
祭殿,さいでん,wnja:04133648-n
祭礼,さいれい,wnja:00517728-n
禁令,きんれい,wnja:06542047-n
禁則,きんそく,wnja:06542047-n
禁固,きんこ,wnja:01146768-n
禁圧,きんあつ,wnja:06542047-n
禁忌,きんき,wnja:04884302-n
禁断,きんだん,wnja:06542047-n
禁欲,きんよく,wnja:01068773-n
禁物,きんもつ,wnja:04884302-n
禁獄,きんごく,wnja:01146768-n
禁秘,きんぴ,wnja:04652177-n
禁輸,きんゆ,wnja:06660520-n
禁酒,きんしゅ,wnja:01068773-n
禅尼,ぜんに,wnja:10368009-n
禅師,ぜんじ,wnja:06341773-n
禅門,ぜんもん,wnja:06242048-n
禍事,まがごと,wnja:07314838-n
禍殃,かおう,wnja:07314838-n
福利,ふくり,wnja:05142641-n
福引,ふくびき,wnja:00504844-n
福徳,ふくとく,wnja:14473655-n
福禄,ふくろく,wnja:13987423-n
福袋,ふくぶくろ,wnja:03450974-n
福運,ふくうん,wnja:07316856-n
禽舎,きんしゃ,wnja:03016389-n
禾穀,かこく,wnja:07731952-n
禿鷲,はげわし,wnja:01616764-n
禿鷹,はげたか,wnja:01616318-n
秀句,しゅうく,wnja:07153727-n
秀才,しゅうさい,wnja:05619743-n
秀抜,しゅうばつ,wnja:04728376-n
秀逸,しゅういつ,wnja:04728376-n
私学,しがく,wnja:08411170-n
私心,ししん,wnja:04835488-n
私服,しふく,wnja:10437590-n
秉燭,へいしょく,wnja:03637318-n
秋味,あきあじ,wnja:02534734-n
秋日,しゅうじつ,wnja:15236859-n
秋霜,しゅうそう,wnja:14915622-n
科罰,かばつ,wnja:01160342-n
秒針,びょうしん,wnja:04164757-n
秘伝,ひでん,wnja:06672953-n
秘儀,ひぎ,wnja:03527675-n
秘匿,ひとく,wnja:01048912-n
秘宝,ひほう,wnja:08463969-n
秘密,ひみつ,wnja:04622932-n
秘書,ひしょ,wnja:04164868-n
秘策,ひさく,wnja:05907682-n
秘薬,ひやく,wnja:03832305-n
秘計,ひけい,wnja:05907682-n
租税,そぜい,wnja:13308999-n
秦皮,とねりこ,wnja:12303462-n
秩序,ちつじょ,wnja:04768657-n
称揚,しょうよう,wnja:06691989-n
移り,うつり,wnja:00279835-n
移住,いじゅう,wnja:00056311-n
移入,いにゅう,wnja:01123095-n
移植,いしょく,wnja:00331102-n
移民,いみん,wnja:01123095-n
移流,いりゅう,wnja:13427989-n
移転,いてん,wnja:00168658-n
程度,ていど,wnja:05093890-n
税制,ぜいせい,wnja:05904010-n
税率,ぜいりつ,wnja:13309865-n
税金,ぜいきん,wnja:13308999-n
稔り,みのり,wnja:07294550-n
稚気,ちき,wnja:04928760-n
種別,しゅべつ,wnja:01012712-n
種姓,すじょう,wnja:04921417-n
種族,しゅぞく,wnja:07997703-n
種火,たねび,wnja:03939281-n
種牛,たねうし,wnja:02403325-n
種物,たねもの,wnja:11683989-n
種痘,しゅとう,wnja:00823884-n
種皮,しゅひ,wnja:11682349-n
種目,しゅもく,wnja:03588414-n
種銭,たねせん,wnja:13356002-n
種類,しゅるい,wnja:04746262-n
種馬,たねうま,wnja:02377181-n
稲妻,いなずま,wnja:07412993-n
稲田,いなだ,wnja:08614229-n
稲船,いなぶね,wnja:04229480-n
稲荷,いなり,wnja:02118333-n
稼ぎ,かせぎ,wnja:13255145-n
稼業,かぎょう,wnja:00582388-n
稿本,こうほん,wnja:06406979-n
穀物,こくもつ,wnja:04934220-n
穀粉,こくふん,wnja:07569106-n
穀類,こくるい,wnja:07802417-n
穂先,ほさき,wnja:03974215-n
積出,つみだし,wnja:00061290-n
積分,せきぶん,wnja:00871418-n
積書,せきしょ,wnja:06528783-n
積算,せきさん,wnja:05803379-n
積肥,つみごえ,wnja:14863521-n
積荷,つみに,wnja:02964389-n
積載,せきさい,wnja:03680248-n
積金,つみきん,wnja:13359572-n
積雪,せきせつ,wnja:15043763-n
積雲,せきうん,wnja:09261960-n
穎才,えいさい,wnja:05619743-n
穴兎,あなうさぎ,wnja:02324850-n
究極,きゅうきょく,wnja:05098099-n
穹窿,きゅうりゅう,wnja:03220513-n
空中,くうちゅう,wnja:08653314-n
空事,そらごと,wnja:07221939-n
空佐,くうさ,wnja:09937250-n
空合,そらあい,wnja:11524662-n
空圧,くうあつ,wnja:11429458-n
空域,くういき,wnja:08502317-n
空想,くうそう,wnja:05625465-n
空所,くうしょ,wnja:08653474-n
空欄,くうらん,wnja:06389553-n
空母,くうぼ,wnja:02687172-n
空気,くうき,wnja:04727214-n
空洞,くうどう,wnja:05303402-n
空涙,そらなみだ,wnja:06760249-n
空港,くうこう,wnja:02692232-n
空白,くうはく,wnja:03632189-n
空砲,くうほう,wnja:02848921-n
空腸,くうちょう,wnja:05535247-n
空腹,くうふく,wnja:14039534-n
空舟,からぶね,wnja:03254374-n
空色,そらいろ,wnja:04969242-n
空虚,くうきょ,wnja:05141040-n
空蝉,うつせみ,wnja:02256656-n
空論,くうろん,wnja:05779568-n
空費,くうひ,wnja:00742645-n
空路,くうろ,wnja:08492546-n
空軍,くうぐん,wnja:08196024-n
空輸,くうゆ,wnja:01105635-n
空運,くううん,wnja:01105635-n
空間,くうかん,wnja:00028651-n
空隙,くうげき,wnja:00338641-n
空際,くうさい,wnja:08585657-n
空電,くうでん,wnja:07431683-n
空音,そらね,wnja:06756831-n
突出,とっしゅつ,wnja:00116687-n
突堤,とってい,wnja:02894605-n
突撃,とつげき,wnja:00555983-n
突発,とっぱつ,wnja:00555325-n
突破,とっぱ,wnja:00975955-n
突貫,とっかん,wnja:00974762-n
突起,とっき,wnja:05470189-n
突進,とっしん,wnja:00290276-n
突風,とっぷう,wnja:11465017-n
窃盗,せっとう,wnja:00780889-n
窒息,ちっそく,wnja:00225593-n
窒素,ちっそ,wnja:14647235-n
窓口,まどぐち,wnja:04582454-n
窓掛,まどかけ,wnja:02851099-n
窓枠,まどわく,wnja:04136510-n
窪み,くぼみ,wnja:05303402-n
窪地,くぼち,wnja:09366017-n
窮乏,きゅうぼう,wnja:14493145-n
窮地,きゅうち,wnja:05686086-n
窮境,きゅうきょう,wnja:14408646-n
窮策,きゅうさく,wnja:00178972-n
窮追,きゅうつい,wnja:14451349-n
窶れ,やつれ,wnja:05001867-n
立像,りつぞう,wnja:04306847-n
立処,りっしょ,wnja:13947645-n
立地,りっち,wnja:08651247-n
立坑,たてこう,wnja:04182514-n
立場,たちば,wnja:00586262-n
立教,りっきょう,wnja:08100778-n
立案,りつあん,wnja:00928077-n
立法,りっぽう,wnja:01125693-n
立番,たちばん,wnja:10150071-n
立腹,りっぷく,wnja:00758972-n
立葵,たちあおい,wnja:12173664-n
立言,りつげん,wnja:07161429-n
立証,りっしょう,wnja:00153961-n
立論,りつろん,wnja:05773049-n
竜巻,たつまき,wnja:11519450-n
竜座,りゅうざ,wnja:01688428-n
竜眼,りゅうがん,wnja:12743352-n
竜胆,りんどう,wnja:12036939-n
竜骨,りゅうこつ,wnja:03609542-n
童女,どうじょ,wnja:10084295-n
童子,どうじ,wnja:09917593-n
竪琴,たてごと,wnja:03495258-n
竪穴,たてあな,wnja:04182514-n
端女,はしため,wnja:10282672-n
端山,はやま,wnja:09283405-n
端役,はやく,wnja:05929363-n
端書,はしがき,wnja:06397903-n
端末,たんまつ,wnja:04413419-n
端綱,はづな,wnja:03480719-n
端部,たんぶ,wnja:08565894-n
競い,きおい,wnja:01168569-n
競合,きょうごう,wnja:01168569-n
競市,せりいち,wnja:00092366-n
競馬,けいば,wnja:00450070-n
竹帛,ちくはく,wnja:06410904-n
竿秤,さおばかり,wnja:02816494-n
笑い,わらい,wnja:01072402-n
笑み,えみ,wnja:06878071-n
笑劇,しょうげき,wnja:07016250-n
笑顔,えがお,wnja:06878071-n
笛竹,ふえたけ,wnja:07020895-n
笠石,かさいし,wnja:02957427-n
筆削,ひっさく,wnja:00258854-n
筆名,ひつめい,wnja:06338158-n
筆法,ひっぽう,wnja:04928903-n
筆箱,ふでばこ,wnja:03908618-n
筆者,ひっしゃ,wnja:10794014-n
筆致,ひっち,wnja:06403393-n
筆記,ひっき,wnja:13403643-n
筆路,ひつろ,wnja:06284898-n
筆蹟,ひっせき,wnja:00614730-n
筆録,ひつろく,wnja:06502378-n
等位,とうい,wnja:14428160-n
等辺,とうへん,wnja:13862552-n
等閑,とうかん,wnja:00739270-n
筋合,すじあい,wnja:06739990-n
筋書,すじがき,wnja:05891572-n
筋目,すじめ,wnja:03965907-n
筋立,すじだて,wnja:06373314-n
筋節,きんせつ,wnja:05460163-n
筋膜,きんまく,wnja:05582513-n
筋道,すじみち,wnja:01024811-n
筒先,つつさき,wnja:03469687-n
筒音,つつおと,wnja:07391516-n
答え,こたえ,wnja:01234952-n
答弁,とうべん,wnja:01234952-n
答申,とうしん,wnja:06746005-n
策励,さくれい,wnja:01214746-n
策問,さくもん,wnja:00636461-n
策略,さくりゃく,wnja:00171249-n
策謀,さくぼう,wnja:00171618-n
箆棒,べらぼう,wnja:06607339-n
箒星,ほうきぼし,wnja:09251407-n
箔打,はくうち,wnja:10135842-n
算定,さんてい,wnja:00868910-n
算式,さんしき,wnja:06731802-n
算数,さんすう,wnja:06004067-n
算盤,そろばん,wnja:02666196-n
算術,さんじゅつ,wnja:06004067-n
管区,かんく,wnja:08538426-n
管足,かんそく,wnja:02322387-n
管轄,かんかつ,wnja:08590369-n
箱入,はこいり,wnja:08463969-n
箴言,しんげん,wnja:06437308-n
節奏,せっそう,wnja:07086518-n
節度,せつど,wnja:00353249-n
節欲,せつよく,wnja:01068773-n
節用,せつよう,wnja:00192613-n
節税,せつぜい,wnja:13313591-n
節穴,ふしあな,wnja:15102894-n
節約,せつやく,wnja:00192613-n
節電,せつでん,wnja:06104372-n
範式,はんしき,wnja:06731802-n
範疇,はんちゅう,wnja:05838765-n
篇什,へんじゅう,wnja:06377442-n
篇帙,へんちつ,wnja:02870092-n
篇目,へんもく,wnja:06346461-n
篇章,へんしょう,wnja:06410904-n
築堤,ちくてい,wnja:03160309-n
築港,ちっこう,wnja:08639058-n
築造,ちくぞう,wnja:00911048-n
篝火,かがりび,wnja:07303335-n
篤行,とっこう,wnja:04847482-n
簒奪,さんだつ,wnja:00085432-n
簡牘,かんどく,wnja:06624161-n
簡約,かんやく,wnja:05053042-n
簿価,ぼか,wnja:13337146-n
簿記,ぼき,wnja:00619230-n
籠球,ろうきゅう,wnja:00480993-n
米杉,べいすぎ,wnja:11623556-n
米穀,べいこく,wnja:07802417-n
米糠,こめぬか,wnja:14806176-n
米飯,べいはん,wnja:07804323-n
籾殻,もみがら,wnja:14805899-n
籾糠,もみぬか,wnja:14805899-n
粉乳,ふんにゅう,wnja:07846143-n
粉体,ふんたい,wnja:14997012-n
粉末,ふんまつ,wnja:03994008-n
粉本,ふんぽん,wnja:04227144-n
粉砕,ふんさい,wnja:00218753-n
粉飾,ふんしょく,wnja:00262743-n
粋人,すいじん,wnja:10625285-n
粋狂,すいきょう,wnja:04797824-n
粋筋,いきすじ,wnja:13931436-n
粒子,りゅうし,wnja:04934220-n
粒状,りゅうじょう,wnja:00925866-n
粗忽,そこつ,wnja:00074524-n
粗漏,そろう,wnja:00074624-n
粗皮,あらかわ,wnja:14805899-n
粗相,そそう,wnja:00074524-n
粗笨,そほん,wnja:14472624-n
粗筋,あらすじ,wnja:05891572-n
粗糠,あらぬか,wnja:14805899-n
粗野,そや,wnja:04817280-n
粗飯,そはん,wnja:07575726-n
粗餐,そさん,wnja:07575726-n
粘り,ねばり,wnja:04864515-n
粘力,ねんりょく,wnja:04935003-n
粘性,ねんせい,wnja:04935003-n
粘液,ねんえき,wnja:05415395-n
粘着,ねんちゃく,wnja:04935528-n
粘膜,ねんまく,wnja:05327134-n
粧飾,しょうしょく,wnja:03169390-n
粮米,ろうまい,wnja:07804323-n
精力,せいりょく,wnja:05032918-n
精励,せいれい,wnja:00633329-n
精査,せいさ,wnja:00635850-n
精油,せいゆ,wnja:03916031-n
精液,せいえき,wnja:05404336-n
精粋,せいすい,wnja:14486767-n
精緻,せいち,wnja:04803880-n
精舎,しょうじゃ,wnja:04407435-n
精通,せいつう,wnja:05641959-n
精進,しょうじん,wnja:00633329-n
精髄,せいずい,wnja:14847103-n
糊口,ここう,wnja:13366537-n
糊粉,こふん,wnja:14729953-n
糖分,とうぶん,wnja:14792703-n
糖尿,とうにょう,wnja:14117805-n
糖質,とうしつ,wnja:04994614-n
糖類,とうるい,wnja:14792703-n
糞便,ふんべん,wnja:14854262-n
糞虫,くそむし,wnja:02172182-n
糠雨,ぬかあめ,wnja:11502322-n
糧米,りょうまい,wnja:07804323-n
糧食,りょうしょく,wnja:07572353-n
糶売,せりうり,wnja:00092366-n
糸口,いとぐち,wnja:05826914-n
糸繰,いとくり,wnja:11727091-n
糸車,いとぐるま,wnja:04279462-n
糸鋸,いとのこ,wnja:03598783-n
系列,けいれつ,wnja:04922787-n
系図,けいず,wnja:04923907-n
系譜,けいふ,wnja:08102402-n
糾合,きゅうごう,wnja:01230685-n
紀伝,きでん,wnja:06515827-n
紀律,きりつ,wnja:04882968-n
紀要,きよう,wnja:07218470-n
約定,やくじょう,wnja:05795044-n
約数,やくすう,wnja:13733402-n
約束,やくそく,wnja:00939628-n
約款,やっかん,wnja:05817845-n
約言,やくげん,wnja:06467007-n
紅毛,こうもう,wnja:09638875-n
紅花,べにばな,wnja:11946051-n
紅茶,こうちゃ,wnja:07933274-n
紅鮭,べにざけ,wnja:02536165-n
紋章,もんしょう,wnja:03058726-n
紋羽,もんぱ,wnja:03115400-n
納付,のうふ,wnja:01120448-n
納入,のうにゅう,wnja:01120448-n
納受,のうじゅ,wnja:00090253-n
納屋,なや,wnja:04187547-n
納得,なっとく,wnja:05623628-n
納札,のうさつ,wnja:03009633-n
納金,のうきん,wnja:01120448-n
純利,じゅんり,wnja:13258362-n
純化,じゅんか,wnja:00252894-n
純潔,じゅんけつ,wnja:01069125-n
純白,じゅんぱく,wnja:04960729-n
純益,じゅんえき,wnja:13258362-n
純真,じゅんしん,wnja:04786595-n
純音,じゅんおん,wnja:05719605-n
紙入,かみいれ,wnja:04548362-n
紙切,かみきり,wnja:04240327-n
紙巻,かみまき,wnja:03030663-n
紙幣,しへい,wnja:13387209-n
紙鑢,かみやすり,wnja:14849880-n
級友,きゅうゆう,wnja:10560106-n
級数,きゅうすう,wnja:05862721-n
紛い,まがい,wnja:03318438-n
紛擾,ふんじょう,wnja:00623862-n
紛紜,ふんうん,wnja:13980845-n
紛議,ふんぎ,wnja:13982357-n
素人,しろうと,wnja:09786585-n
素因,そいん,wnja:07326557-n
素数,そすう,wnja:13594302-n
素朴,そぼく,wnja:04872676-n
素材,そざい,wnja:03570709-n
素案,そあん,wnja:06390962-n
素破,すっぱ,wnja:10707804-n
素肌,すはだ,wnja:05238282-n
素行,そこう,wnja:01220984-n
素裸,すっぱだか,wnja:14456138-n
素質,そしつ,wnja:04620216-n
素首,そくび,wnja:05546540-n
紡機,ぼうき,wnja:04279172-n
紡績,ぼうせき,wnja:00909193-n
索具,さくぐ,wnja:04091693-n
索引,さくいん,wnja:06491786-n
紫檀,したん,wnja:11758799-n
累加,るいか,wnja:00363260-n
累増,るいぞう,wnja:13424865-n
累次,るいじ,wnja:01010458-n
累減,るいげん,wnja:07355887-n
累積,るいせき,wnja:00372013-n
細動,さいどう,wnja:00389043-n
細君,さいくん,wnja:10780632-n
細引,ほそびき,wnja:03106110-n
細径,さいけい,wnja:03640589-n
細末,さいまつ,wnja:14997012-n
細根,ほそね,wnja:13126580-n
細流,さいりゅう,wnja:09229409-n
細糸,ほそいと,wnja:14867858-n
細胞,さいぼう,wnja:00006484-n
細蟹,ささがに,wnja:01772222-n
細論,さいろん,wnja:14461679-n
細道,ほそみち,wnja:03640589-n
細部,さいぶ,wnja:05817845-n
細雨,さいう,wnja:11502322-n
終り,おわり,wnja:00209943-n
終値,おわりね,wnja:13304340-n
終局,しゅうきょく,wnja:05868477-n
終幕,しゅうまく,wnja:00209943-n
終末,しゅうまつ,wnja:05868477-n
終板,しゅうばん,wnja:05466393-n
終決,しゅうけつ,wnja:00209943-n
終油,しゅうゆ,wnja:01039637-n
終点,しゅうてん,wnja:04413631-n
組合,くみあい,wnja:00381680-n
組員,くみいん,wnja:10307234-n
組打,くみうち,wnja:01172441-n
組曲,くみきょく,wnja:06892016-n
組替,くみかえ,wnja:07415730-n
組版,くみはん,wnja:03081660-n
組物,くみもの,wnja:07963711-n
組立,くみたて,wnja:00912001-n
組織,そしき,wnja:00237078-n
組長,くみちょう,wnja:09893344-n
経営,けいえい,wnja:01095966-n
経机,きょうづくえ,wnja:03653583-n
経歴,けいれき,wnja:00282613-n
経済,けいざい,wnja:04893358-n
経絡,けいらく,wnja:06260121-n
経線,けいせん,wnja:08598823-n
経過,けいか,wnja:00029677-n
経験,けいけん,wnja:05758059-n
結び,むすび,wnja:00209943-n
結句,けっく,wnja:06398401-n
結合,けつごう,wnja:00145218-n
結婚,けっこん,wnja:01036903-n
結尾,けつび,wnja:05868477-n
結局,けっきょく,wnja:05868477-n
結成,けっせい,wnja:00237078-n
結晶,けっしょう,wnja:07294550-n
結末,けつまつ,wnja:07291312-n
結核,けっかく,wnja:14143415-n
結構,けっこう,wnja:01104637-n
結球,けっきゅう,wnja:00073177-n
結盟,けつめい,wnja:08293982-n
結社,けっしゃ,wnja:00237078-n
結節,けっせつ,wnja:05542686-n
結紮,けっさつ,wnja:03665083-n
結腸,けっちょう,wnja:05535869-n
結膜,けつまく,wnja:05315095-n
結論,けつろん,wnja:00162632-n
結集,けっしゅう,wnja:01148283-n
絞り,しぼり,wnja:03189083-n
絞殺,こうさつ,wnja:00225786-n
絡繰,からくり,wnja:00098385-n
給与,きゅうよ,wnja:01057200-n
給付,きゅうふ,wnja:06329734-n
給水,きゅうすい,wnja:04562658-n
給油,きゅうゆ,wnja:01059719-n
給費,きゅうひ,wnja:13266170-n
給食,きゅうしょく,wnja:01057759-n
絨毛,じゅうもう,wnja:01901492-n
絨毯,じゅうたん,wnja:04118021-n
統一,とういつ,wnja:00382109-n
統帥,とうすい,wnja:08405267-n
統御,とうぎょ,wnja:04882968-n
統率,とうそつ,wnja:01256417-n
統裁,とうさい,wnja:13827205-n
統覚,とうかく,wnja:05708658-n
統轄,とうかつ,wnja:06657202-n
絵像,えぞう,wnja:03987079-n
絵具,えのぐ,wnja:03875218-n
絵図,えず,wnja:03186399-n
絵姿,えすがた,wnja:03987079-n
絵札,えふだ,wnja:03314028-n
絵柄,えがら,wnja:03178782-n
絵様,えよう,wnja:03178782-n
絵画,かいが,wnja:03234306-n
絵皿,えざら,wnja:03878674-n
絵筆,えふで,wnja:03876231-n
絶倫,ぜつりん,wnja:04728376-n
絶句,ぜっく,wnja:04982745-n
絶叫,ぜっきょう,wnja:07120524-n
絶命,ぜつめい,wnja:00219575-n
絶品,ぜっぴん,wnja:03727605-n
絶壁,ぜっぺき,wnja:09398677-n
絶対,ぜったい,wnja:04738398-n
絶崖,ぜつがい,wnja:09398677-n
絶巓,ぜってん,wnja:08677801-n
絶息,ぜっそく,wnja:07355491-n
絶望,ぜつぼう,wnja:07541923-n
絶滅,ぜつめつ,wnja:07332691-n
絶無,ぜつむ,wnja:13740168-n
絶縁,ぜつえん,wnja:07313814-n
絶賛,ぜっさん,wnja:06694149-n
絶頂,ぜっちょう,wnja:00062133-n
絶食,ぜっしょく,wnja:01069980-n
絹地,きぬじ,wnja:04219424-n
絹莢,きぬさや,wnja:07725789-n
継手,つぎて,wnja:05696803-n
継歯,つぎは,wnja:03139089-n
継目,つぎめ,wnja:03600806-n
継親,ままおや,wnja:10654932-n
続物,つづきもの,wnja:06621447-n
続篇,ぞくへん,wnja:06399503-n
続行,ぞっこう,wnja:00242003-n
綱手,つなで,wnja:04461294-n
綱目,こうもく,wnja:06468951-n
網戸,あみど,wnja:04153025-n
網棚,あみだな,wnja:03696301-n
網版,あみはん,wnja:03478400-n
網状,もうじょう,wnja:04083113-n
網膜,もうまく,wnja:05426989-n
綴方,つづりかた,wnja:06353445-n
綿埃,わたぼこり,wnja:14757754-n
綿実,めんじつ,wnja:11689815-n
綿布,めんぷ,wnja:03115180-n
綿毛,わたげ,wnja:01896561-n
綿羊,めんよう,wnja:02411705-n
緊張,きんちょう,wnja:04624959-n
緊急,きんきゅう,wnja:07417405-n
緊縮,きんしゅく,wnja:00148057-n
緋色,ひいろ,wnja:04964977-n
総代,そうだい,wnja:10000787-n
総体,そうたい,wnja:00003553-n
総勢,そうぜい,wnja:08218212-n
総帥,そうすい,wnja:10164025-n
総括,そうかつ,wnja:04083942-n
総数,そうすう,wnja:07959016-n
総有,そうゆう,wnja:13240839-n
総理,そうり,wnja:09906986-n
総督,そうとく,wnja:08164585-n
総裁,そうさい,wnja:00596807-n
総覧,そうらん,wnja:06657202-n
総計,そうけい,wnja:04353803-n
総量,そうりょう,wnja:07959016-n
総高,そうだか,wnja:07959016-n
緑地,りょくち,wnja:08615374-n
緑林,りょくりん,wnja:09294599-n
緑肥,りょくひ,wnja:14863970-n
緑茶,りょくちゃ,wnja:07935152-n
緑藻,りょくそう,wnja:01407798-n
緑青,ろくしょう,wnja:04528079-n
線描,せんびょう,wnja:03173524-n
線毛,せんもう,wnja:01902132-n
線虫,せんちゅう,wnja:01930112-n
線路,せんろ,wnja:03670849-n
緞帳,どんちょう,wnja:03151077-n
締り,しまり,wnja:05789089-n
締付,しめつけ,wnja:00148057-n
締切,しめきり,wnja:00209943-n
締結,ていけつ,wnja:06520944-n
編入,へんにゅう,wnja:00373278-n
編地,あみじ,wnja:03625355-n
編物,あみもの,wnja:03624966-n
編纂,へんさん,wnja:01014731-n
緩み,ゆるみ,wnja:07443210-n
緯線,いせん,wnja:08595720-n
練兵,れんぺい,wnja:00894359-n
練成,れんせい,wnja:00893955-n
練炭,れんたん,wnja:02902411-n
練磨,れんま,wnja:00893955-n
練習,れんしゅう,wnja:00411048-n
練鉄,れんてつ,wnja:14802262-n
縁付,えんづき,wnja:01036996-n
縁側,えんがわ,wnja:02777927-n
縁引,えんびき,wnja:09956147-n
縁戚,えんせき,wnja:10235549-n
縁由,えんゆ,wnja:09956147-n
縁組,えんぐみ,wnja:01036996-n
縁辺,えんぺん,wnja:02902250-n
縄付,なわつき,wnja:09977660-n
縄墨,じょうぼく,wnja:05924920-n
縄目,なわめ,wnja:03627232-n
縒り,より,wnja:04337974-n
縒糸,よりいと,wnja:04337974-n
縛り,しばり,wnja:15180082-n
縞馬,しまうま,wnja:02391049-n
縦列,じゅうれつ,wnja:08428756-n
縦糸,たていと,wnja:04551950-n
縦覧,じゅうらん,wnja:00879271-n
縦軸,たてじく,wnja:06009334-n
縦陣,じゅうじん,wnja:08429052-n
縦隔,じゅうかく,wnja:05324691-n
縫合,ほうごう,wnja:05542893-n
縫物,ぬいもの,wnja:00715674-n
縫目,ぬいめ,wnja:04160372-n
縫糸,ぬいいと,wnja:04367205-n
縮み,ちぢみ,wnja:00360485-n
縮図,しゅくず,wnja:05938314-n
縮尺,しゅくしゃく,wnja:13816862-n
縮毛,しゅくもう,wnja:05257737-n
縮減,しゅくげん,wnja:00351638-n
縮窄,しゅくさく,wnja:05071185-n
縮約,しゅくやく,wnja:06289472-n
縲絏,るいせつ,wnja:01162376-n
縺れ,もつれ,wnja:01076359-n
繁み,しげみ,wnja:08437515-n
繁殖,はんしょく,wnja:00849523-n
繋ぎ,つなぎ,wnja:03091374-n
繋縛,けいばく,wnja:06247701-n
織地,おりじ,wnja:03309808-n
織布,しょくふ,wnja:03309808-n
織機,しょっき,wnja:03689157-n
織物,おりもの,wnja:03309808-n
織目,おりめ,wnja:04568298-n
繭紬,けんちゅう,wnja:03980986-n
繰出,くりだし,wnja:00284798-n
繰言,くりごと,wnja:07099271-n
纏め,まとめ,wnja:06467007-n
纏り,まとまり,wnja:04743370-n
缶詰,かんづめ,wnja:07572957-n
罨法,あんぽう,wnja:03870822-n
罪悪,ざいあく,wnja:00757080-n
罪業,ざいごう,wnja:00757080-n
置屋,おきや,wnja:04581595-n
置文,おきぶみ,wnja:06544142-n
置物,おきもの,wnja:02681518-n
罰点,ばってん,wnja:06794980-n
罰金,ばっきん,wnja:13300555-n
署名,しょめい,wnja:06404582-n
罵り,ののしり,wnja:06715223-n
罵倒,ばとう,wnja:01219893-n
罵言,ばげん,wnja:06715223-n
罵詈,ばり,wnja:06715223-n
罷免,ひめん,wnja:00216174-n
罷工,ひこう,wnja:01243674-n
罷業,ひぎょう,wnja:01243674-n
羅漢,らかん,wnja:09532837-n
羊毛,ようもう,wnja:01899593-n
羊水,ようすい,wnja:05399627-n
羊皮,ようひ,wnja:14759003-n
羊膜,ようまく,wnja:01472638-n
美化,びか,wnja:00261604-n
美形,びけい,wnja:04685840-n
美点,びてん,wnja:04807050-n
美術,びじゅつ,wnja:02743547-n
美質,びしつ,wnja:04807050-n
群れ,むれ,wnja:02784218-n
群体,ぐんたい,wnja:07996010-n
群居,ぐんきょ,wnja:04653869-n
群峰,ぐんぽう,wnja:09403734-n
群島,ぐんとう,wnja:09203827-n
群落,ぐんらく,wnja:08438384-n
群衆,ぐんしゅう,wnja:07962124-n
群論,ぐんろん,wnja:06017193-n
羨望,せんぼう,wnja:07549716-n
義務,ぎむ,wnja:00719494-n
義妹,ぎまい,wnja:10603766-n
義憤,ぎふん,wnja:07517737-n
義捐,ぎえん,wnja:01089778-n
義母,ぎぼ,wnja:10106509-n
義父,ぎふ,wnja:10082043-n
義理,ぎり,wnja:14490110-n
義絶,ぎぜつ,wnja:07207860-n
義解,ぎげ,wnja:06762711-n
義足,ぎそく,wnja:03906106-n
義金,ぎきん,wnja:13269890-n
羸弱,るいじゃく,wnja:05040939-n
羽交,はがい,wnja:02468864-n
羽子,はご,wnja:07648549-n
羽毛,うもう,wnja:01896031-n
羽虫,はむし,wnja:02169497-n
羽虱,はじらみ,wnja:02256172-n
翁人,おきなびと,wnja:10375506-n
翌日,よくじつ,wnja:15155891-n
習作,しゅうさく,wnja:07048627-n
習俗,しゅうぞく,wnja:00410247-n
習字,しゅうじ,wnja:06403969-n
習律,しゅうりつ,wnja:05667951-n
習熟,しゅうじゅく,wnja:05641959-n
翳り,かげり,wnja:13984613-n
翻刻,ほんこく,wnja:06270308-n
翻字,ほんじ,wnja:06349828-n
翻案,ほんあん,wnja:06408779-n
翻訳,ほんやく,wnja:06429483-n
翼型,よくがた,wnja:02688443-n
翼賛,よくさん,wnja:01207609-n
老人,ろうじん,wnja:07943870-n
老体,ろうたい,wnja:10376523-n
老兵,ろうへい,wnja:10749123-n
老夫,ろうふ,wnja:10375506-n
老女,ろうじょ,wnja:10377021-n
老婆,ろうば,wnja:10377021-n
老媼,ろうおう,wnja:10377021-n
老嬢,ろうじょう,wnja:10636488-n
老師,ろうし,wnja:10694258-n
老年,ろうねん,wnja:15153787-n
老手,ろうしゅ,wnja:09617867-n
老眼,ろうがん,wnja:14554011-n
老衰,ろうすい,wnja:15154190-n
老輩,ろうはい,wnja:07943870-n
老骨,ろうこつ,wnja:10376523-n
老齢,ろうれい,wnja:04927792-n
考え,かんがえ,wnja:00163233-n
考慮,こうりょ,wnja:01229793-n
耆宿,きしゅく,wnja:10749123-n
耳垢,みみあか,wnja:15095103-n
耳栓,みみせん,wnja:03262072-n
耳標,じひょう,wnja:06795438-n
耳漏,じろう,wnja:14352077-n
耳目,じもく,wnja:05650579-n
耳菜,みみな,wnja:11806975-n
耳語,じご,wnja:07130341-n
耳金,みみがね,wnja:03695616-n
耽溺,たんでき,wnja:00512843-n
聖哲,せいてつ,wnja:10546202-n
聖堂,せいどう,wnja:02984061-n
聖女,せいじょ,wnja:10546850-n
聖日,せいじつ,wnja:15183802-n
聖書,せいしょ,wnja:06431740-n
聖杯,せいはい,wnja:03451909-n
聯合,れんごう,wnja:00381680-n
聯想,れんそう,wnja:05763916-n
聯盟,れんめい,wnja:08231184-n
聯立,れんりつ,wnja:01081456-n
聯絡,れんらく,wnja:00033020-n
聯繋,れんけい,wnja:07279285-n
聯邦,れんぽう,wnja:08168978-n
聯隊,れんたい,wnja:08213817-n
聴取,ちょうしゅ,wnja:00794614-n
聴聞,ちょうもん,wnja:00882159-n
聴覚,ちょうかく,wnja:00794614-n
聴診,ちょうしん,wnja:00876542-n
聴音,ちょうおん,wnja:00882159-n
職人,しょくにん,wnja:08436562-n
職分,しょくぶん,wnja:00584769-n
職務,しょくむ,wnja:00584769-n
職員,しょくいん,wnja:08208016-n
職場,しょくば,wnja:04602044-n
職安,しょくあん,wnja:08354523-n
職掌,しょくしょう,wnja:00722061-n
職業,しょくぎょう,wnja:00582388-n
職権,しょっけん,wnja:06411592-n
職歴,しょくれき,wnja:00282613-n
職能,しょくのう,wnja:05149325-n
職長,しょくちょう,wnja:10104209-n
聾唖,ろうあ,wnja:14550987-n
肉体,にくたい,wnja:05216365-n
肉叢,ししむら,wnja:05216365-n
肉屋,にくや,wnja:02927161-n
肉情,にくじょう,wnja:00759335-n
肉慾,にくよく,wnja:00759335-n
肉片,にくへん,wnja:07653394-n
肉牛,にくぎゅう,wnja:02404186-n
肉眼,にくがん,wnja:04894552-n
肉筆,にくひつ,wnja:06403393-n
肉腫,にくしゅ,wnja:14246359-n
肉薄,にくはく,wnja:05001724-n
肉質,にくしつ,wnja:05001089-n
肉類,にくるい,wnja:07649854-n
肋木,ろくぼく,wnja:04299526-n
肋材,ろくざい,wnja:04087126-n
肋筋,あばらきん,wnja:04087126-n
肋膜,ろくまく,wnja:05388115-n
肋間,ろっかん,wnja:05552287-n
肌付,はだつけ,wnja:04508949-n
肌合,はだあい,wnja:04931428-n
肌理,きめ,wnja:04946877-n
肌目,はだめ,wnja:04946877-n
肌着,はだぎ,wnja:03673450-n
肌膚,はだ,wnja:05238282-n
肌色,はだいろ,wnja:04976952-n
肘鉄,ひじてつ,wnja:01225783-n
肛門,こうもん,wnja:05538016-n
肝炎,かんえん,wnja:14130354-n
肝煎,きもいり,wnja:01215036-n
股肉,ももにく,wnja:07669891-n
肥し,こやし,wnja:14863521-n
肥大,ひだい,wnja:04999401-n
肥料,ひりょう,wnja:14859344-n
肥沃,ひよく,wnja:05147586-n
肥満,ひまん,wnja:04999401-n
肩先,かたさき,wnja:05548840-n
肩口,かたぐち,wnja:05548840-n
肩掛,かたかけ,wnja:04605446-n
肩書,かたがき,wnja:06339416-n
肩肉,かたにく,wnja:07661583-n
肩骨,けんこつ,wnja:05279688-n
育ち,そだち,wnja:01129532-n
育成,いくせい,wnja:00249780-n
育英,いくえい,wnja:04921900-n
肺炎,はいえん,wnja:14147627-n
肺病,はいびょう,wnja:14144064-n
肺癌,はいがん,wnja:14251317-n
肺胞,はいほう,wnja:05303402-n
肺臓,はいぞう,wnja:05387544-n
肺葉,はいよう,wnja:05387959-n
肺魚,はいぎょ,wnja:02516188-n
胃弱,いじゃく,wnja:14336317-n
胃液,いえき,wnja:05406128-n
胃炎,いえん,wnja:14346416-n
胃痛,いつう,wnja:14327266-n
胃腸,いちょう,wnja:05395690-n
胃袋,いぶくろ,wnja:05395690-n
胃酸,いさん,wnja:05406128-n
胆力,たんりょく,wnja:04838210-n
胆嚢,たんのう,wnja:05385161-n
胆玉,きもだま,wnja:04620558-n
胆石,たんせき,wnja:09286200-n
胆礬,たんばん,wnja:14782252-n
背丈,せたけ,wnja:05002352-n
背中,せなか,wnja:02767665-n
背信,はいしん,wnja:00749767-n
背反,はいはん,wnja:00963896-n
背嚢,はいのう,wnja:02769748-n
背子,せこ,wnja:10193967-n
背屈,はいくつ,wnja:00405892-n
背広,せびろ,wnja:03036469-n
背後,はいご,wnja:00725775-n
背教,はいきょう,wnja:14413411-n
背景,はいけい,wnja:03773268-n
背板,せいた,wnja:02768114-n
背甲,はいこう,wnja:01903756-n
背部,はいぶ,wnja:04059701-n
背面,はいめん,wnja:04059701-n
背馳,はいち,wnja:07206887-n
背骨,せぼね,wnja:02768433-n
胎便,たいべん,wnja:14855150-n
胎動,たいどう,wnja:00334174-n
胎盤,たいばん,wnja:05520699-n
胎芽,たいが,wnja:01458842-n
胎齢,たいれい,wnja:04925064-n
胚乳,はいにゅう,wnja:11682512-n
胚珠,はいしゅ,wnja:11678768-n
胚盤,はいばん,wnja:01459480-n
胚芽,はいが,wnja:01384491-n
胞胚,ほうはい,wnja:01461646-n
胞衣,えな,wnja:05520699-n
胡蝶,こちょう,wnja:02274259-n
胴中,どうなか,wnja:05555473-n
胴締,どうじめ,wnja:02827606-n
胴部,どうぶ,wnja:05549830-n
胸倉,むなぐら,wnja:05552607-n
胸像,きょうぞう,wnja:02926188-n
胸元,むなもと,wnja:05552607-n
胸先,むなさき,wnja:05552607-n
胸壁,きょうへき,wnja:03386011-n
胸板,むないた,wnja:05552607-n
胸椎,きょうつい,wnja:05589132-n
胸水,きょうすい,wnja:14320602-n
胸筋,きょうきん,wnja:05551711-n
胸腺,きょうせん,wnja:05332569-n
胸膜,きょうまく,wnja:05388115-n
胸臆,きょうおく,wnja:05919263-n
胸骨,きょうこつ,wnja:05281189-n
能力,のうりょく,wnja:00720951-n
能動,のうどう,wnja:13803158-n
能弁,のうべん,wnja:07069210-n
能才,のうさい,wnja:05202497-n
能率,のうりつ,wnja:13820993-n
能記,のうき,wnja:06290637-n
脂漏,しろう,wnja:14232596-n
脂質,ししつ,wnja:14938907-n
脂身,あぶらみ,wnja:14864360-n
脇腹,わきばら,wnja:02464223-n
脇道,わきみち,wnja:00350380-n
脈動,みゃくどう,wnja:07400906-n
脈拍,みゃくはく,wnja:07400906-n
脈管,みゃっかん,wnja:05397333-n
脈絡,みゃくらく,wnja:04821277-n
脊柱,せきちゅう,wnja:05588174-n
脊椎,せきつい,wnja:05284333-n
脊索,せきさく,wnja:01466472-n
脊髄,せきずい,wnja:05503705-n
脚夫,きゃくふ,wnja:09897696-n
脚本,きゃくほん,wnja:06376154-n
脚注,きゃくちゅう,wnja:06764244-n
脚色,きゃくしょく,wnja:00899292-n
脚部,きゃくぶ,wnja:03654576-n
脚韻,きゃくいん,wnja:07096661-n
脛肉,すねにく,wnja:07657440-n
脛骨,けいこつ,wnja:05591256-n
脱出,だっしゅつ,wnja:00058743-n
脱塩,だつえん,wnja:14210716-n
脱水,だっすい,wnja:14040846-n
脱漏,だつろう,wnja:05706954-n
脱獄,だつごく,wnja:00059989-n
脱皮,だっぴ,wnja:13516842-n
脱着,だっちゃく,wnja:13463490-n
脱税,だつぜい,wnja:00741797-n
脱穀,だっこく,wnja:00393161-n
脱線,だっせん,wnja:00350380-n
脱腸,だっちょう,wnja:14295389-n
脱臼,だっきゅう,wnja:14291561-n
脱走,だっそう,wnja:00058743-n
脱退,だったい,wnja:00384933-n
脳室,のうしつ,wnja:05502556-n
脳幹,のうかん,wnja:05501185-n
脳梁,のうりょう,wnja:05491461-n
脳死,のうし,wnja:11487078-n
脳波,のうは,wnja:07004241-n
脳炎,のうえん,wnja:14342132-n
脳病,のうびょう,wnja:14085708-n
脳症,のうしょう,wnja:14138364-n
脳髄,のうずい,wnja:05481095-n
脹満,ちょうまん,wnja:14063877-n
脾腫,ひしゅ,wnja:14368192-n
脾臓,ひぞう,wnja:05333467-n
腋臭,わきが,wnja:04980920-n
腎盂,じんう,wnja:05596442-n
腐り,くさり,wnja:11444643-n
腐れ,くされ,wnja:14560612-n
腐乱,ふらん,wnja:11444643-n
腐敗,ふはい,wnja:00159396-n
腐蝕,ふしょく,wnja:11444643-n
腓腹,ひふく,wnja:06461830-n
腓骨,ひこつ,wnja:02322817-n
腕前,うでまえ,wnja:00720951-n
腕白,わんぱく,wnja:04909563-n
腕章,わんしょう,wnja:02739427-n
腕輪,うでわ,wnja:02887970-n
腕首,うでくび,wnja:05584928-n
腫瘍,しゅよう,wnja:14235200-n
腰巻,こしまき,wnja:02896294-n
腰布,こしぬの,wnja:02896294-n
腰帯,こしおび,wnja:02827606-n
腰掛,こしかけ,wnja:03001627-n
腰椎,ようつい,wnja:05589378-n
腰痛,ようつう,wnja:14328290-n
腰肉,こしにく,wnja:07658678-n
腰部,ようぶ,wnja:05555688-n
腰骨,こしぼね,wnja:05032193-n
腱炎,けんえん,wnja:14356578-n
腱膜,けんまく,wnja:05582690-n
腸液,ちょうえき,wnja:05407772-n
腸炎,ちょうえん,wnja:14344997-n
腸詰,ちょうづめ,wnja:07675627-n
腸骨,ちょうこつ,wnja:05275315-n
腹切,はらきり,wnja:00223362-n
腹壁,ふくへき,wnja:05604434-n
腹帯,はらおび,wnja:02827020-n
腹水,ふくすい,wnja:14110025-n
腹膜,ふくまく,wnja:05427739-n
腹部,ふくぶ,wnja:02157415-n
腺癌,せんがん,wnja:14246710-n
膝掛,ひざかけ,wnja:04605446-n
膝車,ひざぐるま,wnja:05562595-n
膠着,こうちゃく,wnja:13428421-n
膣炎,ちつえん,wnja:14341253-n
膨み,ふくらみ,wnja:13894434-n
膨圧,ぼうあつ,wnja:14568762-n
膨大,ぼうだい,wnja:00365709-n
膨張,ぼうちょう,wnja:00365709-n
膨満,ぼうまん,wnja:14063633-n
膵液,すいえき,wnja:05406397-n
膵癌,すいがん,wnja:14251981-n
膵管,すいかん,wnja:05387395-n
膵臓,すいぞう,wnja:05387167-n
膿尿,のうにょう,wnja:14316583-n
膿瘍,のうよう,wnja:14312172-n
臀部,でんぶ,wnja:05556325-n
臆断,おくだん,wnja:06782680-n
臓物,ぞうもつ,wnja:07651454-n
臣民,しんみん,wnja:09625401-n
臥房,がぼう,wnja:02821627-n
臨場,りんじょう,wnja:01233397-n
臨席,りんせき,wnja:01233397-n
臨画,りんが,wnja:01019901-n
臨終,りんじゅう,wnja:15154376-n
自主,じしゅ,wnja:13992514-n
自今,じこん,wnja:15121625-n
自伝,じでん,wnja:06516087-n
自供,じきょう,wnja:07216083-n
自宅,じたく,wnja:03259505-n
自害,じがい,wnja:00222485-n
自律,じりつ,wnja:13992514-n
自恣,じし,wnja:04884627-n
自惚,うぬぼれ,wnja:07508996-n
自慢,じまん,wnja:04887129-n
自我,じが,wnja:05613170-n
自敬,じけい,wnja:04886881-n
自暴,じぼう,wnja:04662390-n
自殺,じさつ,wnja:00222485-n
自決,じけつ,wnja:00222485-n
自治,じち,wnja:13992514-n
自注,じちゅう,wnja:06763273-n
自滅,じめつ,wnja:00222766-n
自発,じはつ,wnja:04786763-n
自白,じはく,wnja:07216083-n
自筆,じひつ,wnja:06404907-n
自粛,じしゅく,wnja:01069578-n
自負,じふ,wnja:05697363-n
臭み,くさみ,wnja:04980008-n
臭味,しゅうみ,wnja:04980008-n
臭素,しゅうそ,wnja:14632129-n
至り,いたり,wnja:07417043-n
臼砲,きゅうほう,wnja:03786715-n
興味,きょうみ,wnja:00431552-n
舌人,ぜつじん,wnja:10212501-n
舌戦,ぜっせん,wnja:07183151-n
舌頭,ぜっとう,wnja:07071483-n
舌骨,ぜっこつ,wnja:05275162-n
舎利,しゃり,wnja:07804323-n
舎宅,しゃたく,wnja:04079244-n
舎密,せいみ,wnja:06084469-n
舎監,しゃかん,wnja:10188856-n
舞台,ぶたい,wnja:04296562-n
舞姫,まいひめ,wnja:09989502-n
舞踊,ぶよう,wnja:00428270-n
舞踏,ぶとう,wnja:00428270-n
舟人,ふなびと,wnja:10294602-n
舟歌,ふなうた,wnja:07050042-n
舟路,しゅうろ,wnja:00309115-n
航空,こうくう,wnja:00301192-n
航行,こうこう,wnja:00309115-n
般若,はんにゃ,wnja:05617107-n
舵柄,かじづか,wnja:03512911-n
船出,ふなで,wnja:00057657-n
船君,ふなぎみ,wnja:09893344-n
船員,せんいん,wnja:10546633-n
船外,せんがい,wnja:03859170-n
船客,せんきゃく,wnja:10403876-n
船室,せんしつ,wnja:02932019-n
船尾,せんび,wnja:04316646-n
船方,ふなかた,wnja:10294602-n
船旅,ふなたび,wnja:00309115-n
船板,ふないた,wnja:15101854-n
船舶,せんぱく,wnja:04194289-n
船荷,ふなに,wnja:02964389-n
船虫,ふなむし,wnja:01992423-n
船賃,ふなちん,wnja:13308147-n
船長,せんちょう,wnja:09892513-n
艇長,ていちょう,wnja:09893344-n
艨艟,もうどう,wnja:04552696-n
良心,りょうしん,wnja:04848492-n
良性,りょうせい,wnja:04640176-n
良能,りょうのう,wnja:05623937-n
良識,りょうしき,wnja:05614657-n
色事,いろごと,wnja:13931436-n
色合,いろあい,wnja:04956594-n
色女,いろおんな,wnja:10323752-n
色子,いろこ,wnja:10411867-n
色差,しきさ,wnja:04976952-n
色度,しきど,wnja:04975122-n
色彩,しきさい,wnja:04674968-n
色恋,いろこい,wnja:13931436-n
色情,しきじょう,wnja:00759335-n
色慾,しきよく,wnja:00759335-n
色気,いろけ,wnja:04685195-n
色盲,しきもう,wnja:14153010-n
色相,しきそう,wnja:04956594-n
色絵,いろえ,wnja:03876519-n
色艶,いろつや,wnja:04674968-n
色調,しきちょう,wnja:04956594-n
色香,いろか,wnja:04685396-n
艶事,つやごと,wnja:13931436-n
芋虫,いもむし,wnja:02309337-n
芍薬,しゃくやく,wnja:11719286-n
芝居,しばい,wnja:00548326-n
芝桜,しばざくら,wnja:12811027-n
芝生,しばふ,wnja:08591592-n
芝草,しばくさ,wnja:09463919-n
花壇,かだん,wnja:03368352-n
花婿,はなむこ,wnja:10147935-n
花嫁,はなよめ,wnja:09874618-n
花屋,はなや,wnja:03367410-n
花序,かじょ,wnja:11674332-n
花形,はながた,wnja:06890254-n
花束,はなたば,wnja:02879087-n
花柄,はながら,wnja:13132034-n
花楓,はなかえで,wnja:12753573-n
花火,はなび,wnja:03348454-n
花環,はなわ,wnja:04606014-n
花瓶,かびん,wnja:04522168-n
花畠,はなばたけ,wnja:03368637-n
花粉,かふん,wnja:11675537-n
花苔,はなごけ,wnja:12991184-n
花蜜,かみつ,wnja:14846779-n
花軸,かじく,wnja:13128976-n
花魁,おいらん,wnja:10485440-n
芳芬,ほうふん,wnja:05714466-n
芸人,げいにん,wnja:09616922-n
芸名,げいめい,wnja:06338571-n
芸子,げいこ,wnja:10122858-n
芸当,げいとう,wnja:00046344-n
芸文,げいぶん,wnja:06364641-n
芸者,げいしゃ,wnja:10122858-n
芸術,げいじゅつ,wnja:00933420-n
芽球,がきゅう,wnja:05889762-n
芽生,めばえ,wnja:13544073-n
芽胞,がほう,wnja:11547855-n
苔桃,こけもも,wnja:07744057-n
苔虫,こけむし,wnja:02313709-n
苗床,なえどこ,wnja:04167122-n
苗木,なえぎ,wnja:13108481-n
苗裔,びょうえい,wnja:10006511-n
苛々,いらいら,wnja:07552729-n
苛斂,かれん,wnja:07538674-n
若人,わこうど,wnja:07944050-n
若僧,わかぞう,wnja:09981834-n
若気,わかげ,wnja:10122645-n
若紫,わかむらさき,wnja:04970544-n
若緑,わかみどり,wnja:05116590-n
若者,わかもの,wnja:07944050-n
若衆,わかしゅ,wnja:07944050-n
若鳥,わかどり,wnja:07644967-n
苦み,にがみ,wnja:04994824-n
苦境,くきょう,wnja:05686086-n
苦心,くしん,wnja:00633329-n
苦患,くげん,wnja:07372959-n
苦悩,くのう,wnja:07305234-n
苦悶,くもん,wnja:07496755-n
苦情,くじょう,wnja:07208708-n
苦手,にがて,wnja:05159606-n
苦杯,くはい,wnja:07287730-n
苦渋,くじゅう,wnja:07496463-n
苦痛,くつう,wnja:05724694-n
苦衷,くちゅう,wnja:07495327-n
苦難,くなん,wnja:07287730-n
苧環,おだまき,wnja:11727091-n
英名,えいめい,wnja:04808639-n
英字,えいじ,wnja:06828818-n
英式,えいしき,wnja:13577731-n
英気,えいき,wnja:04633453-n
英語,えいご,wnja:06155432-n
茂り,しげり,wnja:08437515-n
茘枝,れいし,wnja:12744387-n
茴香,ういきょう,wnja:07814790-n
茶代,ちゃだい,wnja:13298701-n
茶壺,ちゃつぼ,wnja:04399158-n
茶店,ちゃみせ,wnja:02935658-n
茶房,さぼう,wnja:02935658-n
茶気,ちゃき,wnja:04649051-n
茶瓶,ちゃびん,wnja:04397768-n
茶盆,ちゃぼん,wnja:04399046-n
茶目,ちゃめ,wnja:04649261-n
茶筒,ちゃづつ,wnja:02935387-n
茶箱,ちゃばこ,wnja:04397168-n
茶色,ちゃいろ,wnja:04971928-n
茶葉,ちゃば,wnja:07932841-n
茶釜,ちゃがま,wnja:04397768-n
草創,そうそう,wnja:00239910-n
草地,くさち,wnja:08570634-n
草昧,そうまい,wnja:14472624-n
草本,そうほん,wnja:06390962-n
草臥,くたびれ,wnja:14016361-n
草花,くさばな,wnja:11665372-n
荒れ,あれ,wnja:14472624-n
荒地,あれち,wnja:08504594-n
荒布,あらめ,wnja:01397690-n
荒波,あらなみ,wnja:07372959-n
荒肝,あらぎも,wnja:04838210-n
荒鷲,あらわし,wnja:03335030-n
荘厳,しょうごん,wnja:04647826-n
荷印,にじるし,wnja:07270179-n
荷台,にだい,wnja:03695957-n
荷札,にふだ,wnja:07272172-n
荷物,にもつ,wnja:02964389-n
荷縄,になわ,wnja:04108268-n
荷船,にぶね,wnja:02878222-n
荷車,にぐるま,wnja:04543158-n
荷鞍,にぐら,wnja:03872273-n
荷馬,にうま,wnja:02386853-n
莢豆,さやまめ,wnja:11747468-n
菊花,きっか,wnja:11951271-n
菌核,きんかく,wnja:13022903-n
菌類,きんるい,wnja:12992868-n
菩提,ぼだい,wnja:13988224-n
菩薩,ぼさつ,wnja:09532384-n
華瓶,けびょう,wnja:04522168-n
菲才,ひさい,wnja:05154241-n
萌え,もえ,wnja:07497976-n
萎靡,いび,wnja:13456715-n
萱鼠,かやねずみ,wnja:02332447-n
萼片,がくへん,wnja:11690612-n
落し,おとし,wnja:05111835-n
落下,らっか,wnja:00327366-n
落命,らくめい,wnja:07355491-n
落差,らくさ,wnja:11495607-n
落度,おちど,wnja:04802629-n
落水,らくすい,wnja:09475292-n
落球,らっきゅう,wnja:00075912-n
落胆,らくたん,wnja:01076724-n
落雁,らくがん,wnja:07598734-n
落雷,らくらい,wnja:11519121-n
葉巻,はまき,wnja:03030035-n
葉書,はがき,wnja:06627938-n
葉末,はずえ,wnja:10006511-n
葉脈,ようみゃく,wnja:13098186-n
葉芽,はめ,wnja:13165286-n
葉蜂,はばち,wnja:02218713-n
葉身,ようしん,wnja:13131883-n
葉酸,ようさん,wnja:15091846-n
著作,ちょさく,wnja:00240754-n
著大,ちょだい,wnja:05104548-n
著書,ちょしょ,wnja:03841417-n
著者,ちょしゃ,wnja:10794014-n
著述,ちょじゅつ,wnja:00929718-n
葦毛,あしげ,wnja:04962395-n
蒸散,じょうさん,wnja:13569905-n
蒸溜,じょうりゅう,wnja:13468306-n
蒸発,じょうはつ,wnja:13572436-n
蒼白,そうはく,wnja:04977561-n
蒼穹,そうきゅう,wnja:09224566-n
蓄え,たくわえ,wnja:13359572-n
蓄積,ちくせき,wnja:00372013-n
蓋然,がいぜん,wnja:04756172-n
蓚酸,しゅうさん,wnja:14971022-n
蓮葉,はすば,wnja:09965134-n
蔑み,さげすみ,wnja:01225783-n
蔑視,べっし,wnja:01225783-n
蔓草,つるくさ,wnja:13100677-n
蔦漆,つたうるし,wnja:12766869-n
蔦葛,つたかずら,wnja:13100677-n
蔬菜,そさい,wnja:07707451-n
蔵入,くらいり,wnja:00372607-n
蔵匿,ぞうとく,wnja:01048912-n
蔵置,ぞうち,wnja:00372607-n
蔽い,おおい,wnja:04151940-n
蕃人,ばんじん,wnja:09676490-n
蕪雑,ぶざつ,wnja:14499262-n
薄切,うすぎり,wnja:07654667-n
薄命,はくめい,wnja:14475405-n
薄墨,うすずみ,wnja:04961691-n
薄暮,はくぼ,wnja:15169248-n
薄板,うすいた,wnja:01903346-n
薄様,うすよう,wnja:15074962-n
薄紅,うすべに,wnja:04970916-n
薄紗,はくさ,wnja:03059806-n
薄紙,うすがみ,wnja:15074962-n
薄膜,はくまく,wnja:03338648-n
薄茶,うすちゃ,wnja:04972801-n
薄鈍,うすにび,wnja:10100761-n
薫り,かおり,wnja:04980008-n
薫習,くんじゅう,wnja:00414881-n
薫陶,くんとう,wnja:04921900-n
薫風,くんぷう,wnja:11431754-n
薫香,くんこう,wnja:04980008-n
薬剤,やくざい,wnja:03740161-n
薬味,やくみ,wnja:07812184-n
薬品,やくひん,wnja:03740161-n
薬局,やっきょく,wnja:03249342-n
薬屋,くすりや,wnja:03249342-n
薬店,やくてん,wnja:03249342-n
薬指,くすりゆび,wnja:05567489-n
薬物,やくぶつ,wnja:03247620-n
薬籠,やくろう,wnja:03742115-n
薬舗,やくほ,wnja:03249342-n
薬草,やくそう,wnja:07811416-n
薬莢,やっきょう,wnja:02971691-n
薬餌,やくじ,wnja:03740161-n
藍本,らんぽん,wnja:03727274-n
藍色,あいいろ,wnja:04970398-n
藤袴,ふじばかま,wnja:11968931-n
藤豆,ふじまめ,wnja:12537569-n
藩主,はんしゅ,wnja:10085736-n
藻類,そうるい,wnja:01397114-n
蘭麝,らんじゃ,wnja:05714466-n
虎猫,とらねこ,wnja:02123045-n
虐待,ぎゃくたい,wnja:00419908-n
虐政,ぎゃくせい,wnja:14443912-n
虐殺,ぎゃくさつ,wnja:00424767-n
虚け,うつけ,wnja:09921409-n
虚偽,きょぎ,wnja:00751944-n
虚妄,きょもう,wnja:13960464-n
虚字,きょじ,wnja:07126228-n
虚実,きょじつ,wnja:00750730-n
虚弱,きょじゃく,wnja:05040939-n
虚心,きょしん,wnja:06202686-n
虚数,きょすう,wnja:13729428-n
虚栄,きょえい,wnja:04887129-n
虚脱,きょだつ,wnja:14066203-n
虚血,きょけつ,wnja:14166118-n
虚言,きょげん,wnja:00751944-n
虚誕,きょたん,wnja:06607339-n
虚説,きょせつ,wnja:06758225-n
虚飾,きょしょく,wnja:04789274-n
虜囚,りょしゅう,wnja:10476086-n
虫垂,ちゅうすい,wnja:05537576-n
虫歯,むしば,wnja:13444513-n
虫気,むしけ,wnja:07495878-n
虫螻,むしけら,wnja:02159955-n
虹鱒,にじます,wnja:02537525-n
蚕蛾,かいこが,wnja:02302459-n
蚕食,さんしょく,wnja:00733753-n
蛆虫,うじむし,wnja:02312175-n
蛇神,へびがみ,wnja:01046792-n
蛇腹,じゃばら,wnja:04088593-n
蛇蝎,だかつ,wnja:01726692-n
蛇行,だこう,wnja:09349648-n
蛇足,だそく,wnja:03299261-n
蛋白,たんぱく,wnja:14728724-n
蛍石,ほたるいし,wnja:14675356-n
蛮行,ばんこう,wnja:00424934-n
蛮骨,ばんこつ,wnja:04817564-n
蛾眉,がび,wnja:10613996-n
蜀黍,もろこし,wnja:07731952-n
蜂蜜,はちみつ,wnja:07858978-n
蜚語,ひご,wnja:07223450-n
蜜月,みつげつ,wnja:15293788-n
蜜腺,みつせん,wnja:11683838-n
蜜蝋,みつろう,wnja:15094824-n
蜥蜴,とかげ,wnja:01674464-n
蝗虫,ばった,wnja:02226429-n
蝦蛄,しゃこ,wnja:01990007-n
蝶番,ちょうつがい,wnja:03521076-n
蝶結,ちょうむすび,wnja:02880189-n
融合,ゆうごう,wnja:00699517-n
融雪,ゆうせつ,wnja:13566535-n
螺旋,らせん,wnja:04153751-n
螽斯,きりぎりす,wnja:02229544-n
蟇口,がまぐち,wnja:04026417-n
蟋蟀,こおろぎ,wnja:02229544-n
蟯虫,ぎょうちゅう,wnja:01931398-n
蟹座,かにざ,wnja:08686658-n
蟻塚,ありづか,wnja:09199101-n
蟻巻,ありまき,wnja:02252608-n
蟻蜂,ありばち,wnja:02214773-n
蟻酸,ぎさん,wnja:14873344-n
蟻食,ありくい,wnja:02460009-n
蠕動,ぜんどう,wnja:04528490-n
蠕虫,ぜんちゅう,wnja:01922303-n
蠱惑,こわく,wnja:00159620-n
血圧,けつあつ,wnja:11429968-n
血塊,けっかい,wnja:05402333-n
血尿,けつにょう,wnja:14314320-n
血族,けつぞく,wnja:07969695-n
血栓,けっせん,wnja:14373246-n
血気,けっき,wnja:04628747-n
血汐,ちしお,wnja:05399847-n
血沈,けっちん,wnja:15277462-n
血流,けつりゅう,wnja:05401951-n
血液,けつえき,wnja:05399847-n
血相,けっそう,wnja:04674715-n
血筋,ちすじ,wnja:04922787-n
血糊,ちのり,wnja:05401753-n
血縁,けつえん,wnja:13812607-n
血胸,けっきょう,wnja:14320813-n
血腫,けっしゅ,wnja:14318714-n
血色,けっしょく,wnja:04976952-n
血豆,ちまめ,wnja:14312889-n
血道,ちみち,wnja:05418717-n
衆庶,しゅうしょ,wnja:07947255-n
衆望,しゅうぼう,wnja:04808639-n
行い,おこない,wnja:00030358-n
行乞,ぎょうこつ,wnja:14494032-n
行事,ぎょうじ,wnja:07288639-n
行先,いきさき,wnja:08567877-n
行列,ぎょうれつ,wnja:00296585-n
行商,ぎょうしょう,wnja:01116968-n
行数,ぎょうすう,wnja:13326975-n
行楽,こうらく,wnja:00310201-n
行水,ぎょうずい,wnja:00257770-n
行状,ぎょうじょう,wnja:04897762-n
行脚,あんぎゃ,wnja:00310666-n
行路,こうろ,wnja:04096066-n
行違,ゆきちがい,wnja:13982357-n
術数,じゅっすう,wnja:00171618-n
術策,じゅっさく,wnja:00171618-n
術計,じゅっけい,wnja:00172598-n
術語,じゅつご,wnja:06304059-n
街区,がいく,wnja:08642145-n
街路,がいろ,wnja:04096066-n
衙門,がもん,wnja:03449858-n
衛兵,えいへい,wnja:00730538-n
衝突,しょうとつ,wnja:00126236-n
衣服,いふく,wnja:02728440-n
衣紋,えもん,wnja:02728440-n
衣蛾,いが,wnja:02291572-n
衣袂,いべい,wnja:04236377-n
衣類,いるい,wnja:02728440-n
表出,ひょうしゅつ,wnja:07069948-n
表土,ひょうど,wnja:09381880-n
表層,ひょうそう,wnja:04362025-n
表徴,ひょうちょう,wnja:05765415-n
表情,ひょうじょう,wnja:04674715-n
表戸,おもてど,wnja:03399240-n
表敬,ひょうけい,wnja:06695227-n
表明,ひょうめい,wnja:07069948-n
表札,ひょうさつ,wnja:03223553-n
表構,おもてがまえ,wnja:04673965-n
表皮,ひょうひ,wnja:05238282-n
表着,おもてぎ,wnja:03863923-n
表編,おもてあみ,wnja:04323645-n
表通,おもてどおり,wnja:04334599-n
表面,ひょうめん,wnja:00755277-n
衰え,おとろえ,wnja:07427337-n
衰亡,すいぼう,wnja:00217773-n
衰弱,すいじゃく,wnja:00341109-n
衰微,すいび,wnja:13456715-n
衰滅,すいめつ,wnja:14422488-n
衰退,すいたい,wnja:13456715-n
袋地,ふくろち,wnja:04123567-n
袋茸,ふくろたけ,wnja:13020191-n
袖口,そでぐち,wnja:04607398-n
袖珍,しゅうちん,wnja:03973170-n
被せ,かぶせ,wnja:04151940-n
被告,ひこく,wnja:09762101-n
被毛,ひもう,wnja:01898731-n
裁縫,さいほう,wnja:00608162-n
裁許,さいきょ,wnja:05176607-n
裁量,さいりょう,wnja:05198756-n
裂傷,れっしょう,wnja:14287314-n
裂離,れつり,wnja:00384658-n
装備,そうび,wnja:03294048-n
装具,そうぐ,wnja:02671780-n
装束,しょうぞく,wnja:02728440-n
装置,そうち,wnja:00240938-n
装薬,そうやく,wnja:15016314-n
装飾,そうしょく,wnja:00262249-n
裏側,うらがわ,wnja:02431441-n
裏切,うらぎり,wnja:00749767-n
裏口,うらぐち,wnja:00281291-n
裏地,うらじ,wnja:03673270-n
裏庭,うらにわ,wnja:02772197-n
裏手,うらて,wnja:04059701-n
裏方,うらかた,wnja:10780632-n
裏書,うらがき,wnja:00153961-n
裏板,うらいた,wnja:05132667-n
裏目,うらめ,wnja:00073032-n
裏窓,うらまど,wnja:04060065-n
裏表,うらおもて,wnja:13858833-n
裏門,うらもん,wnja:03989349-n
補い,おぎない,wnja:00259643-n
補佐,ほさ,wnja:01207609-n
補体,ほたい,wnja:14736201-n
補修,ほしゅう,wnja:00266806-n
補充,ほじゅう,wnja:05109511-n
補助,ほじょ,wnja:01207609-n
補強,ほきょう,wnja:04336034-n
補弼,ほひつ,wnja:09774266-n
補欠,ほけつ,wnja:10648237-n
補正,ほせい,wnja:00258854-n
補給,ほきゅう,wnja:05110772-n
補記,ほき,wnja:05110772-n
補足,ほそく,wnja:00371846-n
補選,ほせん,wnja:00183240-n
補遺,ほい,wnja:05110772-n
裨益,ひえき,wnja:05142641-n
裳瘡,もかさ,wnja:14124423-n
裳裾,もすそ,wnja:03513627-n
裸像,らぞう,wnja:03835197-n
製剤,せいざい,wnja:14873641-n
製品,せいひん,wnja:04007894-n
製図,せいず,wnja:00608037-n
製造,せいぞう,wnja:00912960-n
複写,ふくしゃ,wnja:01019524-n
複塩,ふくえん,wnja:15011987-n
複座,ふくざ,wnja:04097373-n
複数,ふくすう,wnja:06295235-n
複文,ふくぶん,wnja:06285559-n
複方,ふくほう,wnja:05634219-n
複眼,ふくがん,wnja:05312427-n
複葉,ふくよう,wnja:13156592-n
複製,ふくせい,wnja:01019703-n
複雑,ふくざつ,wnja:04766620-n
褐変,かっぺん,wnja:00246552-n
褐炭,かったん,wnja:14815263-n
褒美,ほうび,wnja:05142863-n
褒辞,ほうじ,wnja:06694149-n
褻稲,けしね,wnja:07804323-n
襟巻,えりまき,wnja:03797182-n
襟章,えりしょう,wnja:03448590-n
襟首,えりくび,wnja:05547396-n
襲撃,しゅうげき,wnja:00777324-n
襲来,しゅうらい,wnja:00777324-n
西側,にしがわ,wnja:08650593-n
西南,せいなん,wnja:13833886-n
西洋,せいよう,wnja:08682575-n
要員,よういん,wnja:08243081-n
要図,ようず,wnja:05891572-n
要害,ようがい,wnja:03386011-n
要撃,ようげき,wnja:01246926-n
要望,ようぼう,wnja:01061333-n
要点,ようてん,wnja:05921123-n
要用,ようよう,wnja:14449126-n
要略,ようりゃく,wnja:05891572-n
要石,かなめいし,wnja:05694232-n
要約,ようやく,wnja:05891572-n
要綱,ようこう,wnja:05891572-n
要脚,ようきゃく,wnja:05145118-n
要言,ようげん,wnja:06467007-n
要論,ようろん,wnja:06467007-n
要路,ようろ,wnja:14434681-n
覆刻,ふっこく,wnja:01102574-n
覆滅,ふくめつ,wnja:07318133-n
覆面,ふくめん,wnja:03724870-n
覇王,はおう,wnja:10541983-n
覇者,はしゃ,wnja:09762821-n
見え,みえ,wnja:00755277-n
見付,みつけ,wnja:04674715-n
見処,みどころ,wnja:13810141-n
見出,みだし,wnja:06343971-n
見地,けんち,wnja:05949603-n
見境,みさかい,wnja:05748054-n
見廻,みまわり,wnja:00824808-n
見張,みはり,wnja:00652466-n
見料,けんりょう,wnja:13321495-n
見晴,みはらし,wnja:05933246-n
見本,みほん,wnja:05821775-n
見直,みなおし,wnja:05747582-n
見積,みつもり,wnja:05803379-n
見立,みたて,wnja:00152727-n
見習,みならい,wnja:00588998-n
見舞,みまい,wnja:01233156-n
見解,けんかい,wnja:05837957-n
見識,けんしき,wnja:04886881-n
見込,みこみ,wnja:04756172-n
見通,みとおし,wnja:05807306-n
規模,きぼ,wnja:05090441-n
規範,きはん,wnja:05924920-n
規約,きやく,wnja:06353934-n
視力,しりょく,wnja:05654362-n
視察,しさつ,wnja:00879271-n
視覚,しかく,wnja:05654362-n
視野,しや,wnja:05017458-n
覚え,おぼえ,wnja:05651399-n
覚悟,かくご,wnja:07542433-n
覚書,おぼえがき,wnja:06504462-n
親分,おやぶん,wnja:09867956-n
親友,しんゆう,wnja:09851371-n
親密,しんみつ,wnja:04655442-n
親戚,しんせき,wnja:10235549-n
親指,おやゆび,wnja:05567217-n
親方,おやかた,wnja:10104209-n
親族,しんぞく,wnja:07969695-n
親類,しんるい,wnja:07969695-n
観客,かんきゃく,wnja:08221897-n
観念,かんねん,wnja:05807012-n
角岩,かくがん,wnja:14699068-n
角帽,かくぼう,wnja:03787032-n
角技,かくぎ,wnja:00448232-n
角材,かくざい,wnja:04143365-n
角皮,かくひ,wnja:01903756-n
角筆,かくひつ,wnja:03975232-n
角膜,かくまく,wnja:05317354-n
角袖,かくそで,wnja:03456665-n
角貝,つのがい,wnja:01941340-n
角逐,かくちく,wnja:01168569-n
角錐,かくすい,wnja:13914837-n
解剖,かいぼう,wnja:00387214-n
解散,かいさん,wnja:00215314-n
解析,かいせき,wnja:00634276-n
解毒,げどく,wnja:00699146-n
解決,かいけつ,wnja:00153809-n
解熱,げねつ,wnja:07368482-n
解読,かいどく,wnja:00617059-n
解釈,かいしゃく,wnja:00100543-n
触媒,しょくばい,wnja:09900711-n
触感,しょっかん,wnja:04946553-n
触手,しょくしゅ,wnja:02584643-n
触発,しょくはつ,wnja:09184975-n
触覚,しょっかく,wnja:05655119-n
触診,しょくしん,wnja:00143885-n
言伝,ことづて,wnja:06371413-n
言動,げんどう,wnja:04897762-n
言意,げんい,wnja:06601327-n
言明,げんめい,wnja:06722453-n
言葉,ことば,wnja:06282651-n
言訳,いいわけ,wnja:06741305-n
言説,げんせつ,wnja:06722453-n
言論,げんろん,wnja:07138085-n
言辞,げんじ,wnja:06282651-n
訂正,ていせい,wnja:00258854-n
計測,けいそく,wnja:00996969-n
計略,けいりゃく,wnja:00171249-n
計算,けいさん,wnja:00634586-n
計量,けいりょう,wnja:00996969-n
討論,とうろん,wnja:07140659-n
討議,とうぎ,wnja:07140659-n
訓令,くんれい,wnja:07170080-n
訓導,くんどう,wnja:10559840-n
訓戒,くんかい,wnja:06672297-n
訓練,くんれん,wnja:00411048-n
訓蒙,くんもう,wnja:05984287-n
訓詁,くんこ,wnja:07170753-n
託児,たくじ,wnja:01209963-n
託宣,たくせん,wnja:06750339-n
託言,かごと,wnja:06741305-n
託送,たくそう,wnja:00317917-n
記号,きごう,wnja:06353934-n
記憶,きおく,wnja:05760202-n
記録,きろく,wnja:00047745-n
訛音,かおん,wnja:07155661-n
訪れ,おとずれ,wnja:01055954-n
訪客,ほうきゃく,wnja:09887850-n
設備,せつび,wnja:00585406-n
設問,せつもん,wnja:06784003-n
設営,せつえい,wnja:00911048-n
設定,せってい,wnja:00908492-n
設立,せつりつ,wnja:00237078-n
設置,せっち,wnja:00240184-n
設計,せっけい,wnja:00928077-n
許し,ゆるし,wnja:01227190-n
許与,きょよ,wnja:01139194-n
許多,きょた,wnja:05115568-n
許状,きょじょう,wnja:06549661-n
許諾,きょだく,wnja:06687358-n
訳合,わけあい,wnja:05919866-n
訳書,やくしょ,wnja:06536389-n
訳柄,わけがら,wnja:06739990-n
訴え,うったえ,wnja:01181902-n
訴人,そにん,wnja:10437852-n
訴状,そじょう,wnja:06513366-n
訴訟,そしょう,wnja:01181902-n
訴追,そつい,wnja:01198307-n
訴願,そがん,wnja:06513366-n
診断,しんだん,wnja:00152727-n
診療,しんりょう,wnja:00152727-n
註文,ちゅうもん,wnja:01061333-n
証し,あかし,wnja:05823932-n
証券,しょうけん,wnja:13416345-n
証文,しょうもん,wnja:06520944-n
証書,しょうしょ,wnja:06471345-n
証言,しょうげん,wnja:06732710-n
詐偽,さぎ,wnja:06756831-n
詐取,さしゅ,wnja:00753685-n
詐術,さじゅつ,wnja:00750730-n
評価,ひょうか,wnja:00874067-n
評判,ひょうばん,wnja:04808639-n
評注,ひょうちゅう,wnja:06762711-n
評者,ひょうしゃ,wnja:09979321-n
評論,ひょうろん,wnja:05734018-n
評議,ひょうぎ,wnja:07140978-n
評釈,ひょうしゃく,wnja:06762711-n
詛い,のろい,wnja:07233634-n
詠唱,えいしょう,wnja:00545501-n
詠歌,えいか,wnja:06377442-n
試み,こころみ,wnja:00785959-n
試煉,しれん,wnja:00794367-n
試薬,しやく,wnja:14778982-n
試論,しろん,wnja:06409562-n
試金,しきん,wnja:05738625-n
試験,しけん,wnja:00636461-n
詩句,しく,wnja:06381869-n
詫言,わびごと,wnja:06633363-n
詭弁,きべん,wnja:00752954-n
詮索,せんさく,wnja:00637354-n
詰物,つめもの,wnja:03873064-n
話法,わほう,wnja:07071483-n
話者,わしゃ,wnja:10630188-n
話頭,わとう,wnja:06599788-n
話題,わだい,wnja:06599788-n
詳細,しょうさい,wnja:05817845-n
認可,にんか,wnja:01138670-n
認定,にんてい,wnja:01138670-n
認知,にんち,wnja:00023271-n
認許,にんきょ,wnja:01139194-n
認識,にんしき,wnja:00023271-n
誕生,たんじょう,wnja:07320302-n
誘い,さそい,wnja:00159177-n
誘因,ゆういん,wnja:07246036-n
誘導,ゆうどう,wnja:00159177-n
誘惑,ゆうわく,wnja:00159620-n
誘発,ゆうはつ,wnja:00156390-n
誘致,ゆうち,wnja:10032676-n
語い,ごい,wnja:07135734-n
語尾,ごび,wnja:06308765-n
語形,ごけい,wnja:06290637-n
語手,かたりて,wnja:10345804-n
語気,ごき,wnja:04987620-n
語法,ごほう,wnja:07081739-n
語義,ごぎ,wnja:06602801-n
語脈,ごみゃく,wnja:06284898-n
語部,かたりべ,wnja:09793352-n
語録,ごろく,wnja:06612538-n
語音,ごおん,wnja:07111047-n
語順,ごじゅん,wnja:06389947-n
誤ち,あやまち,wnja:00070965-n
誤り,あやまり,wnja:00070965-n
誤信,ごしん,wnja:05893916-n
誤想,ごそう,wnja:05895723-n
誤植,ごしょく,wnja:06769670-n
誤爆,ごばく,wnja:00990963-n
誤用,ごよう,wnja:00947719-n
誤解,ごかい,wnja:05895723-n
誤訳,ごやく,wnja:06347122-n
誤読,ごどく,wnja:07175102-n
誤謬,ごびゅう,wnja:00070965-n
説得,せっとく,wnja:07139700-n
説教,せっきょう,wnja:06712325-n
説明,せつめい,wnja:05793000-n
説法,せっぽう,wnja:06742932-n
説話,せつわ,wnja:06514093-n
説諭,せつゆ,wnja:07245125-n
読書,どくしょ,wnja:05808794-n
読物,よみもの,wnja:05808794-n
読者,どくしゃ,wnja:06415061-n
課税,かぜい,wnja:13308999-n
誹謗,ひぼう,wnja:06715223-n
調べ,しらべ,wnja:00635850-n
調号,ちょうごう,wnja:06863618-n
調味,ちょうみ,wnja:00248368-n
調和,ちょうわ,wnja:04713118-n
調弦,ちょうげん,wnja:00999588-n
調律,ちょうりつ,wnja:00999588-n
調性,ちょうせい,wnja:06863751-n
調教,ちょうきょう,wnja:00893955-n
調書,ちょうしょ,wnja:06409752-n
調査,ちょうさ,wnja:00141806-n
調理,ちょうり,wnja:00243918-n
調節,ちょうせつ,wnja:00999787-n
調練,ちょうれん,wnja:00893955-n
調達,ちょうたつ,wnja:00083729-n
談合,だんごう,wnja:07142566-n
談義,だんぎ,wnja:06284777-n
談話,だんわ,wnja:06284777-n
談論,だんろん,wnja:07138085-n
請願,せいがん,wnja:06513366-n
諌め,いさめ,wnja:06672297-n
諍い,いさかい,wnja:07183151-n
諒承,りょうしょう,wnja:06689667-n
論争,ろんそう,wnja:00958896-n
論判,ろんぱん,wnja:07140978-n
論及,ろんきゅう,wnja:06766190-n
論壇,ろんだん,wnja:03159640-n
論弁,ろんべん,wnja:07140978-n
論戦,ろんせん,wnja:07183151-n
論拠,ろんきょ,wnja:06648724-n
論文,ろんぶん,wnja:06268096-n
論法,ろんぽう,wnja:05773049-n
論点,ろんてん,wnja:05814650-n
論理,ろんり,wnja:05615028-n
論策,ろんさく,wnja:06410391-n
論考,ろんこう,wnja:06268096-n
論証,ろんしょう,wnja:00153961-n
論評,ろんぴょう,wnja:05734018-n
論詰,ろんきつ,wnja:01220619-n
論説,ろんせつ,wnja:06268567-n
論議,ろんぎ,wnja:07138085-n
論賛,ろんさん,wnja:06693198-n
論難,ろんなん,wnja:01220619-n
論駁,ろんばく,wnja:07200813-n
諜報,ちょうほう,wnja:00654234-n
諦め,あきらめ,wnja:00204439-n
諧謔,かいぎゃく,wnja:06776138-n
諷刺,ふうし,wnja:06777164-n
諷示,ふうじ,wnja:06802785-n
諸般,しょはん,wnja:04751305-n
諺語,げんご,wnja:07152948-n
謀反,むほん,wnja:00749767-n
謀略,ぼうりゃく,wnja:00171249-n
謀計,ぼうけい,wnja:00171618-n
謀議,ぼうぎ,wnja:05908882-n
謁見,えっけん,wnja:07143624-n
謂れ,いわれ,wnja:06514093-n
謄本,とうほん,wnja:03104594-n
謎々,なぞなぞ,wnja:04028315-n
謗言,ぼうげん,wnja:06715223-n
謙譲,けんじょう,wnja:04889527-n
謙遜,けんそん,wnja:04889527-n
講和,こうわ,wnja:06773976-n
講読,こうどく,wnja:06536389-n
謝儀,しゃぎ,wnja:07228971-n
謝恩,しゃおん,wnja:07504343-n
謝意,しゃい,wnja:07228971-n
謝礼,しゃれい,wnja:04640356-n
謝絶,しゃぜつ,wnja:07205573-n
謝罪,しゃざい,wnja:05821102-n
謝辞,しゃじ,wnja:06628861-n
謝金,しゃきん,wnja:13282550-n
譎詐,きっさ,wnja:06756831-n
識別,しきべつ,wnja:00152018-n
識見,しきけん,wnja:05710356-n
識閾,しきいき,wnja:05712426-n
譜面,ふめん,wnja:06815714-n
警ら,けいら,wnja:00824808-n
警備,けいび,wnja:00725673-n
警務,けいむ,wnja:08211290-n
警句,けいく,wnja:07153130-n
警察,けいさつ,wnja:03977678-n
警戒,けいかい,wnja:04664314-n
警笛,けいてき,wnja:03536761-n
警部,けいぶ,wnja:09893015-n
譫言,うわごと,wnja:06607339-n
議会,ぎかい,wnja:08163273-n
議員,ぎいん,wnja:09814381-n
議席,ぎせき,wnja:05189946-n
議決,ぎけつ,wnja:00182213-n
議論,ぎろん,wnja:07138085-n
議長,ぎちょう,wnja:10326257-n
議題,ぎだい,wnja:06482868-n
譲歩,じょうほ,wnja:01151407-n
譲渡,じょうと,wnja:00213052-n
譴責,けんせき,wnja:06711855-n
護衛,ごえい,wnja:00827782-n
讃美,さんび,wnja:01043989-n
讒口,ざんこう,wnja:06719579-n
讒臣,ざんしん,wnja:09999135-n
讒言,ざんげん,wnja:06719579-n
讒謗,ざんぼう,wnja:06715223-n
豆乳,とうにゅう,wnja:07844867-n
豆炭,まめたん,wnja:02902411-n
豆科,まめか,wnja:11747468-n
豆粕,まめかす,wnja:07569873-n
豚箱,ぶたばこ,wnja:03592245-n
豚舎,とんしゃ,wnja:04346428-n
象牙,ぞうげ,wnja:14757547-n
豪商,ごうしょう,wnja:09840217-n
豪華,ごうか,wnja:04729328-n
豪語,ごうご,wnja:07087777-n
豪邁,ごうまい,wnja:04858089-n
豪雨,ごうう,wnja:11502102-n
貝塚,かいづか,wnja:08560560-n
貝柱,かいばしら,wnja:05291728-n
貝殻,かいがら,wnja:01904182-n
貝母,ばいも,wnja:02278210-n
貝類,かいるい,wnja:01940736-n
貞淑,ていしゅく,wnja:01069125-n
貞節,ていせつ,wnja:01069125-n
負戦,まけいくさ,wnja:07475364-n
負担,ふたん,wnja:03008275-n
負方,おいかた,wnja:10272913-n
負目,おいめ,wnja:13397174-n
財利,ざいり,wnja:13254805-n
財嚢,ざいのう,wnja:04026417-n
財団,ざいだん,wnja:08406486-n
財宝,ざいほう,wnja:08463969-n
財政,ざいせい,wnja:08366753-n
財産,ざいさん,wnja:00032613-n
貢物,みつぎもの,wnja:13268842-n
貢献,こうけん,wnja:00787465-n
貧乏,びんぼう,wnja:10453357-n
貧困,ひんこん,wnja:05148399-n
貧弱,ひんじゃく,wnja:04730797-n
貧窮,ひんきゅう,wnja:14493145-n
貧者,ひんじゃ,wnja:10453357-n
貧苦,ひんく,wnja:14475661-n
貧血,ひんけつ,wnja:14195315-n
貨財,かざい,wnja:13250398-n
販売,はんばい,wnja:01112420-n
販路,はんろ,wnja:00338641-n
貪婪,どんらん,wnja:00758525-n
貪欲,とんよく,wnja:00758525-n
貪食,どんしょく,wnja:14040071-n
貫徹,かんてつ,wnja:00035189-n
貫目,かんめ,wnja:04886881-n
貫禄,かんろく,wnja:01233802-n
責任,せきにん,wnja:00719494-n
責務,せきむ,wnja:00719494-n
責問,せきもん,wnja:00421437-n
責苦,せめく,wnja:07496755-n
貯蔵,ちょぞう,wnja:00372607-n
貯金,ちょきん,wnja:03935335-n
貴族,きぞく,wnja:08387213-n
買上,かいあげ,wnja:00079018-n
買主,かいぬし,wnja:09885145-n
買値,かいね,wnja:05145118-n
買収,ばいしゅう,wnja:00079018-n
買取,かいとり,wnja:00079018-n
買手,かいて,wnja:09885145-n
買物,かいもの,wnja:00079018-n
貸与,たいよ,wnja:01093666-n
貸付,かしつけ,wnja:01093666-n
貸出,かしだし,wnja:01093666-n
貸方,かしかた,wnja:09976728-n
貸金,かしきん,wnja:13398953-n
費え,ついえ,wnja:05145118-n
費消,ひしょう,wnja:01122149-n
費用,ひよう,wnja:01122601-n
貿易,ぼうえき,wnja:01090446-n
賀宴,がえん,wnja:08253640-n
賀慶,がけい,wnja:06633896-n
賃借,ちんしゃく,wnja:01111375-n
賃料,ちんりょう,wnja:13295657-n
賃銀,ちんぎん,wnja:13279262-n
賃銭,ちんせん,wnja:13279262-n
賄方,まかないかた,wnja:09963320-n
賄賂,わいろ,wnja:13284562-n
資本,しほん,wnja:13353607-n
資源,しげん,wnja:13331778-n
賊子,ぞくし,wnja:10210137-n
賊徒,ぞくと,wnja:09837088-n
賊臣,ぞくしん,wnja:10210137-n
賛助,さんじょ,wnja:01213886-n
賛成,さんせい,wnja:01215392-n
賜物,たまもの,wnja:07294550-n
賞与,しょうよ,wnja:13268146-n
賞牌,しょうはい,wnja:06883460-n
賞玩,しょうがん,wnja:07500741-n
賠責,ばいせき,wnja:13347065-n
賢人,けんじん,wnja:10546202-n
賢哲,けんてつ,wnja:10546202-n
賢慮,けんりょ,wnja:04890112-n
賢才,けんさい,wnja:05619743-n
賢者,けんじゃ,wnja:10546202-n
賦税,ふぜい,wnja:13308999-n
質問,しつもん,wnja:05797597-n
質屋,しちや,wnja:03901974-n
質札,しちふだ,wnja:13414443-n
質朴,しつぼく,wnja:04697267-n
質草,しちぐさ,wnja:13350875-n
賭事,かけごと,wnja:00430140-n
賭博,とばく,wnja:00430140-n
賭場,とば,wnja:03413428-n
購入,こうにゅう,wnja:00079018-n
賽子,さいころ,wnja:03191029-n
贅沢,ぜいたく,wnja:05119223-n
贅物,ぜいぶつ,wnja:05119223-n
贅肉,ぜいにく,wnja:05269401-n
贈与,ぞうよ,wnja:00090779-n
贈呈,ぞうてい,wnja:01086081-n
贈物,おくりもの,wnja:01086081-n
贈答,ぞうとう,wnja:01086081-n
贈賄,ぞうわい,wnja:00159396-n
贋作,がんさく,wnja:03318438-n
贋造,がんぞう,wnja:00751944-n
赤み,あかみ,wnja:04962784-n
赤土,あかつち,wnja:14695069-n
赤外,せきがい,wnja:05056811-n
赤字,あかじ,wnja:01166092-n
赤帽,あかぼう,wnja:10455305-n
赤心,せきしん,wnja:04867130-n
赤恥,あかはじ,wnja:07506569-n
赤旗,あかはた,wnja:00425615-n
赤本,あかほん,wnja:06368321-n
赤毛,あかげ,wnja:06978180-n
赤痢,せきり,wnja:14129999-n
赤目,あかめ,wnja:02600298-n
赤紫,あかむらさき,wnja:04964287-n
赤緯,せきい,wnja:08632894-n
赤肉,あかにく,wnja:07651325-n
赤腹,あかはら,wnja:14129999-n
赤茶,あかちゃ,wnja:04973386-n
赤虫,あかむし,wnja:01937579-n
赤誠,せきせい,wnja:04867130-n
赤貝,あかがい,wnja:05514410-n
赤貧,せきひん,wnja:14493426-n
赤金,あかがね,wnja:14635722-n
赤鼻,あかはな,wnja:14397040-n
走井,はしりい,wnja:08508361-n
走狗,そうく,wnja:02087551-n
起り,おこり,wnja:07290905-n
起案,きあん,wnja:00930736-n
超人,ちょうじん,wnja:10001764-n
超俗,ちょうぞく,wnja:04621314-n
超凡,ちょうぼん,wnja:04728376-n
超勤,ちょうきん,wnja:15137194-n
超絶,ちょうぜつ,wnja:04728376-n
超越,ちょうえつ,wnja:04728376-n
趣味,しゅみ,wnja:00432689-n
趨勢,すうせい,wnja:05750163-n
足し,たし,wnja:05109511-n
足元,あしもと,wnja:00286497-n
足取,あしどり,wnja:00285557-n
足場,あしば,wnja:00036299-n
足手,あしで,wnja:05216365-n
足指,あしゆび,wnja:05577410-n
足枷,あしかせ,wnja:03520811-n
足癖,あしくせ,wnja:05003090-n
足背,そくはい,wnja:05576950-n
足蹠,そくせき,wnja:10102130-n
足軽,あしがる,wnja:10476467-n
足輪,あしわ,wnja:02785191-n
足部,そくぶ,wnja:05563266-n
足音,あしおと,wnja:07383823-n
足首,あしくび,wnja:05578442-n
跋扈,ばっこ,wnja:04765355-n
跋文,ばつぶん,wnja:06399631-n
跋語,ばつご,wnja:06399631-n
跑足,だくあし,wnja:00294190-n
跛行,はこう,wnja:14549937-n
距離,きょり,wnja:04748836-n
跡取,あととり,wnja:00083585-n
跡形,あとかた,wnja:06646628-n
跡目,あとめ,wnja:05696803-n
跡継,あとつぎ,wnja:00083585-n
跫音,きょうおん,wnja:07383823-n
路傍,ろぼう,wnja:04565233-n
路地,ろじ,wnja:02697759-n
路床,ろしょう,wnja:04096733-n
路用,ろよう,wnja:13306669-n
路盤,ろばん,wnja:02819697-n
路線,ろせん,wnja:03670849-n
路肩,ろかた,wnja:04206948-n
路面,ろめん,wnja:04097527-n
路頭,ろとう,wnja:04565233-n
跳躍,ちょうやく,wnja:00119568-n
踊場,おどりば,wnja:03638511-n
踊子,おどりこ,wnja:09989502-n
踏切,ふみきり,wnja:03659122-n
踏板,ふみいた,wnja:04314914-n
踏査,とうさ,wnja:05800611-n
踏段,ふみだん,wnja:04314914-n
踏石,ふみいし,wnja:09445435-n
踵骨,しょうこつ,wnja:05274808-n
蹄鉄,ていてつ,wnja:03539433-n
蹉跌,さてつ,wnja:00066636-n
蹴球,しゅうきゅう,wnja:00468480-n
躊躇,ちゅうちょ,wnja:05699172-n
躍起,やっき,wnja:04644719-n
躓き,つまずき,wnja:00070965-n
身丈,みたけ,wnja:05002352-n
身元,みもと,wnja:04921417-n
身分,みぶん,wnja:00586262-n
身形,みなり,wnja:04998530-n
身性,みじょう,wnja:04897762-n
身持,みもち,wnja:04897762-n
身頃,みごろ,wnja:02861387-n
躯体,くたい,wnja:03391770-n
車両,しゃりょう,wnja:02959942-n
車代,くるまだい,wnja:13308147-n
車体,しゃたい,wnja:02861886-n
車力,しゃりき,wnja:04543158-n
車寄,くるまよせ,wnja:03984381-n
車引,くるまひき,wnja:09897914-n
車検,しゃけん,wnja:00795161-n
車窓,しゃそう,wnja:02974219-n
車糖,くるまとう,wnja:07859284-n
車線,しゃせん,wnja:04466386-n
車軸,しゃじく,wnja:02764779-n
車輪,しゃりん,wnja:04039041-n
車道,しゃどう,wnja:02969323-n
車馬,しゃば,wnja:04524313-n
車駕,しゃが,wnja:04524313-n
軋み,きしみ,wnja:13979064-n
軋轢,あつれき,wnja:01167710-n
軍人,ぐんじん,wnja:02207647-n
軍備,ぐんび,wnja:01156899-n
軍兵,ぐんびょう,wnja:08397255-n
軍務,ぐんむ,wnja:00579977-n
軍勢,ぐんぜい,wnja:08199025-n
軍医,ぐんい,wnja:10305635-n
軍卒,ぐんそつ,wnja:02207647-n
軍営,ぐんえい,wnja:02944826-n
軍器,ぐんき,wnja:04565375-n
軍団,ぐんだん,wnja:08212527-n
軍士,ぐんし,wnja:10125786-n
軍夫,ぐんぷ,wnja:09890192-n
軍役,ぐんえき,wnja:00579977-n
軍律,ぐんりつ,wnja:08454818-n
軍旅,ぐんりょ,wnja:00973077-n
軍曹,ぐんそう,wnja:10580772-n
軍略,ぐんりゃく,wnja:06248968-n
軍神,ぐんしん,wnja:10767654-n
軍籍,ぐんせき,wnja:14431471-n
軍縮,ぐんしゅく,wnja:01157557-n
軍船,ぐんせん,wnja:04552696-n
軍艦,ぐんかん,wnja:02812201-n
軍配,ぐんばい,wnja:05905802-n
軍馬,ぐんば,wnja:02378625-n
軍鶏,しゃも,wnja:01514752-n
軟化,なんか,wnja:13557766-n
軟弱,なんじゃく,wnja:05204982-n
軟水,なんすい,wnja:15046716-n
軟泥,なんでい,wnja:14956661-n
軟派,なんぱ,wnja:00754280-n
軟膏,なんこう,wnja:03128519-n
軟膜,なんまく,wnja:05482800-n
軟質,なんしつ,wnja:04938228-n
軟風,なんぷう,wnja:11431754-n
軟骨,なんこつ,wnja:05288091-n
転借,てんしゃく,wnja:13248928-n
転出,てんしゅつ,wnja:00168658-n
転勤,てんきん,wnja:01107932-n
転座,てんざ,wnja:13569464-n
転瞬,てんしゅん,wnja:00117959-n
転落,てんらく,wnja:00271263-n
転覆,てんぷく,wnja:00215683-n
軸木,じくぎ,wnja:03729826-n
軸索,じくさく,wnja:05468849-n
軽便,けいべん,wnja:04718563-n
軽信,けいしん,wnja:04881156-n
軽口,かるくち,wnja:06777794-n
軽子,かるこ,wnja:09897696-n
軽業,かるわざ,wnja:00438065-n
軽油,けいゆ,wnja:14685881-n
軽減,けいげん,wnja:00354884-n
軽石,かるいし,wnja:14700438-n
軽蔑,けいべつ,wnja:04915687-n
軽薄,けいはく,wnja:04648866-n
軽風,けいふう,wnja:11431754-n
軽食,けいしょく,wnja:07577374-n
輓近,ばんきん,wnja:15119536-n
輝き,かがやき,wnja:04951875-n
輪作,りんさく,wnja:05045381-n
輪唱,りんしょう,wnja:07053089-n
輪廓,りんかく,wnja:05891572-n
輪形,りんけい,wnja:13875392-n
輪番,りんばん,wnja:07351612-n
輪舞,りんぶ,wnja:00537297-n
輪転,りんてん,wnja:00342028-n
輪軸,りんじく,wnja:04575824-n
輸入,ゆにゅう,wnja:01111750-n
輸出,ゆしゅつ,wnja:01111952-n
輸血,ゆけつ,wnja:00324056-n
輸送,ゆそう,wnja:00315986-n
轆轤,ろくろ,wnja:03992509-n
辛味,からみ,wnja:04992570-n
辛苦,しんく,wnja:07287730-n
辛辣,しんらつ,wnja:04643397-n
辞任,じにん,wnja:07254267-n
辞去,じきょ,wnja:00053097-n
辞林,じりん,wnja:06418901-n
辞柄,じへい,wnja:06741305-n
辞職,じしょく,wnja:07254267-n
辰宿,しんしゅく,wnja:09208496-n
辰砂,しんしゃ,wnja:14671587-n
辱め,はずかしめ,wnja:00773402-n
農作,のうさく,wnja:00916464-n
農地,のうち,wnja:08569482-n
農場,のうじょう,wnja:03322099-n
農家,のうか,wnja:03322836-n
農林,のうりん,wnja:00916464-n
農業,のうぎょう,wnja:00453731-n
農民,のうみん,wnja:08182283-n
農耕,のうこう,wnja:00453731-n
農芸,のうげい,wnja:00916464-n
辺際,へんざい,wnja:05124057-n
辻風,つじかぜ,wnja:11525779-n
迂闊,うかつ,wnja:04664964-n
迅雷,じんらい,wnja:07397552-n
迎え,むかえ,wnja:06630852-n
迎賓,げいひん,wnja:06630852-n
近似,きんじ,wnja:04744032-n
近傍,きんぼう,wnja:08641113-n
近所,きんじょ,wnja:05085572-n
近景,きんけい,wnja:05934278-n
近眼,きんがん,wnja:14553290-n
近辺,きんぺん,wnja:05085572-n
近間,ちかま,wnja:08641113-n
近隣,きんりん,wnja:08641113-n
近頃,ちかごろ,wnja:15119536-n
返上,へんじょう,wnja:00089351-n
返付,へんぷ,wnja:00089351-n
返却,へんきゃく,wnja:00089351-n
返報,へんぽう,wnja:01235258-n
返戻,へんれい,wnja:00089351-n
返書,へんしょ,wnja:06746005-n
返納,へんのう,wnja:00089351-n
返金,へんきん,wnja:01121690-n
迫力,はくりょく,wnja:05036394-n
迫害,はくがい,wnja:00420477-n
迫真,はくしん,wnja:04679300-n
述部,じゅつぶ,wnja:06316626-n
迷い,まよい,wnja:05685030-n
迷信,めいしん,wnja:05952678-n
迷夢,めいむ,wnja:14376855-n
迷妄,めいもう,wnja:05893916-n
迷宮,めいきゅう,wnja:03733281-n
迷彩,めいさい,wnja:01049266-n
迷惑,めいわく,wnja:00623862-n
追伸,ついしん,wnja:06764623-n
追剥,おいはぎ,wnja:09837088-n
追加,ついか,wnja:00363788-n
追啓,ついけい,wnja:06764623-n
追尾,ついび,wnja:00319939-n
追弔,ついちょう,wnja:13989280-n
追悼,ついとう,wnja:13989280-n
追想,ついそう,wnja:05761559-n
追憶,ついおく,wnja:05761559-n
追懐,ついかい,wnja:05761559-n
追放,ついほう,wnja:00206302-n
追補,ついほ,wnja:05110772-n
追認,ついにん,wnja:06650070-n
追跡,ついせき,wnja:00150932-n
追蹤,ついしょう,wnja:05761559-n
追録,ついろく,wnja:05110772-n
退任,たいにん,wnja:00212205-n
退出,たいしゅつ,wnja:00053913-n
退却,たいきゃく,wnja:00056912-n
退転,たいてん,wnja:00068333-n
退陣,たいじん,wnja:00056912-n
送り,おくり,wnja:00121166-n
送状,おくりじょう,wnja:06516955-n
送達,そうたつ,wnja:00317207-n
送金,そうきん,wnja:13299453-n
逃げ,にげ,wnja:00058743-n
逃れ,のがれ,wnja:00740712-n
逃亡,とうぼう,wnja:00058743-n
逃避,とうひ,wnja:00059127-n
逆さ,さかさ,wnja:13858604-n
逆上,ぎゃくじょう,wnja:00515414-n
逆光,ぎゃっこう,wnja:02769669-n
逆境,ぎゃっきょう,wnja:07336612-n
逆子,さかご,wnja:10809857-n
逆徒,ぎゃくと,wnja:10210137-n
逆心,ぎゃくしん,wnja:00749767-n
逆数,ぎゃくすう,wnja:13843601-n
逆旅,げきりょ,wnja:03541696-n
逆流,ぎゃくりゅう,wnja:05762671-n
逆理,ぎゃくり,wnja:06724559-n
逆襲,ぎゃくしゅう,wnja:00978173-n
逆説,ぎゃくせつ,wnja:06724559-n
逆賊,ぎゃくぞく,wnja:10210137-n
逆転,ぎゃくてん,wnja:00234892-n
透察,とうさつ,wnja:05807306-n
透彫,すかしぼり,wnja:03849679-n
透析,とうせき,wnja:00649760-n
途方,とほう,wnja:00172710-n
逗留,とうりゅう,wnja:01055360-n
通じ,つうじ,wnja:13473097-n
通人,つうじん,wnja:10625285-n
通例,つうれい,wnja:13942743-n
通力,つうりき,wnja:05201060-n
通勤,つうきん,wnja:00307455-n
通商,つうしょう,wnja:01090446-n
通報,つうほう,wnja:06634376-n
通夜,つや,wnja:01029883-n
通常,つうじょう,wnja:13942743-n
通弁,つうべん,wnja:10212501-n
通用,つうよう,wnja:04765586-n
通知,つうち,wnja:06634376-n
通算,つうさん,wnja:04353803-n
通船,つうせん,wnja:03329663-n
通行,つうこう,wnja:00318035-n
通言,つうげん,wnja:06781581-n
通訳,つうやく,wnja:05766247-n
通話,つうわ,wnja:06272803-n
通語,つうご,wnja:07157273-n
通貨,つうか,wnja:13384877-n
通販,つうはん,wnja:06530703-n
通運,つううん,wnja:01105259-n
通道,つうどう,wnja:08616311-n
通釈,つうしゃく,wnja:07170753-n
逝去,せいきょ,wnja:00219575-n
速さ,はやさ,wnja:05058140-n
速力,そくりょく,wnja:15282696-n
速報,そくほう,wnja:06682290-n
速度,そくど,wnja:05058140-n
速球,そっきゅう,wnja:00108181-n
速記,そっき,wnja:00615462-n
速達,そくたつ,wnja:03306385-n
造反,ぞうはん,wnja:00962129-n
造営,ぞうえい,wnja:00911048-n
造形,ぞうけい,wnja:13555446-n
造成,ぞうせい,wnja:00908492-n
造船,ぞうせん,wnja:00912822-n
造血,ぞうけつ,wnja:13492453-n
造語,ぞうご,wnja:00940560-n
逡巡,しゅんじゅん,wnja:05699172-n
逢瀬,おうせ,wnja:15120223-n
逢着,ほうちゃく,wnja:00147187-n
連休,れんきゅう,wnja:15137890-n
連作,れんさく,wnja:08377332-n
連動,れんどう,wnja:13792579-n
連山,れんざん,wnja:09403734-n
連座,れんざ,wnja:13793776-n
連接,れんせつ,wnja:13792692-n
連敗,れんぱい,wnja:08460769-n
連環,れんかん,wnja:02999410-n
連発,れんぱつ,wnja:07083441-n
連累,れんるい,wnja:13991245-n
連続,れんぞく,wnja:01010458-n
連載,れんさい,wnja:01102862-n
連鎖,れんさ,wnja:00145218-n
連音,れんおん,wnja:07132937-n
逮捕,たいほ,wnja:00088725-n
進み,すすみ,wnja:00282050-n
進捗,しんちょく,wnja:00282050-n
進歩,しんぽ,wnja:00249501-n
進物,しんもつ,wnja:13268842-n
進路,しんろ,wnja:08616311-n
逸出,いっしゅつ,wnja:00058743-n
逸材,いつざい,wnja:10689878-n
逸楽,いつらく,wnja:04884627-n
逸物,いちもつ,wnja:03727605-n
逸脱,いつだつ,wnja:00350380-n
逸話,いつわ,wnja:07220586-n
逸走,いっそう,wnja:00058743-n
遁走,とんそう,wnja:00058743-n
遅延,ちえん,wnja:01066163-n
遊君,ゆうくん,wnja:10485440-n
遊客,ゆうかく,wnja:10596689-n
遊宴,ゆうえん,wnja:07447641-n
遊山,ゆさん,wnja:00311809-n
遊底,ゆうてい,wnja:02896074-n
遊惰,ゆうだ,wnja:04637108-n
遊撃,ゆうげき,wnja:10592986-n
遊歴,ゆうれき,wnja:00310666-n
遊猟,ゆうりょう,wnja:00452293-n
遊覧,ゆうらん,wnja:00311809-n
遊離,ゆうり,wnja:01244593-n
運び,はこび,wnja:00315986-n
運動,うんどう,wnja:00331950-n
運勢,うんせい,wnja:14473222-n
運命,うんめい,wnja:07330007-n
運営,うんえい,wnja:00869583-n
運指,うんし,wnja:01053207-n
運搬,うんぱん,wnja:00315986-n
運河,うんが,wnja:02947212-n
運漕,うんそう,wnja:01105737-n
運用,うんよう,wnja:00949134-n
運算,うんざん,wnja:00868910-n
運行,うんこう,wnja:00308871-n
運賃,うんちん,wnja:13308147-n
運転,うんてん,wnja:00298497-n
運輸,うんゆ,wnja:00315986-n
遍路,へんろ,wnja:00311687-n
過労,かろう,wnja:00623370-n
過去,かこ,wnja:06330262-n
過渡,かと,wnja:07415730-n
過疎,かそ,wnja:14519208-n
過越,すぎこし,wnja:15195928-n
道傍,みちばた,wnja:04565233-n
道具,どうぐ,wnja:00173761-n
道化,どうけ,wnja:00513401-n
道塗,どうと,wnja:00312691-n
道床,どうしょう,wnja:04047834-n
道念,どうねん,wnja:09184136-n
道楽,どうらく,wnja:00432689-n
道理,どうり,wnja:05793210-n
道破,どうは,wnja:06725877-n
道筋,みちすじ,wnja:00174003-n
道話,どうわ,wnja:06372095-n
道路,どうろ,wnja:04096066-n
道辺,みちのべ,wnja:04565233-n
道辻,みちつじ,wnja:03581125-n
道順,みちじゅん,wnja:00174003-n
達見,たっけん,wnja:05807306-n
達識,たっしき,wnja:05807306-n
違い,ちがい,wnja:04748836-n
違反,いはん,wnja:00745005-n
違背,いはい,wnja:00745005-n
遜色,そんしょく,wnja:04730580-n
遜譲,そんじょう,wnja:04900121-n
遠く,とおく,wnja:08556386-n
遠慮,えんりょ,wnja:00820091-n
遠方,えんぽう,wnja:08556386-n
遠浅,とおあさ,wnja:09433134-n
遠視,えんし,wnja:14554011-n
遠足,えんそく,wnja:00288970-n
遣手,やりて,wnja:10741590-n
適中,てきちゅう,wnja:00043902-n
適任,てきにん,wnja:04716864-n
適例,てきれい,wnja:05821486-n
適合,てきごう,wnja:04716864-n
適当,てきとう,wnja:04716864-n
適応,てきおう,wnja:01203676-n
適所,てきしょ,wnja:13926168-n
適法,てきほう,wnja:04809237-n
遭遇,そうぐう,wnja:00147187-n
遭難,そうなん,wnja:00217499-n
遮蔽,しゃへい,wnja:01049685-n
遵奉,じゅんぽう,wnja:01203676-n
遵守,じゅんしゅ,wnja:01203676-n
遷化,せんげ,wnja:07355491-n
遷延,せんえん,wnja:01067362-n
選出,せんしゅつ,wnja:08386853-n
選別,せんべつ,wnja:00161243-n
選抜,せんばつ,wnja:00161243-n
選民,せんみん,wnja:08483136-n
選者,せんじゃ,wnja:10066732-n
選評,せんぴょう,wnja:05734018-n
遺伝,いでん,wnja:04920867-n
遺失,いしつ,wnja:05162985-n
遺尿,いにょう,wnja:13474858-n
遺恨,いこん,wnja:07548978-n
遺書,いしょ,wnja:06544142-n
遺漏,いろう,wnja:05706954-n
遺物,いぶつ,wnja:04073547-n
遺脱,いだつ,wnja:05706954-n
遺贈,いぞう,wnja:13263779-n
遺骸,いがい,wnja:05217859-n
邦人,ほうじん,wnja:09970699-n
邦土,ほうど,wnja:08556491-n
邪ま,よこしま,wnja:14563564-n
邪宗,じゃしゅう,wnja:06212422-n
邪悪,じゃあく,wnja:00745943-n
邪教,じゃきょう,wnja:06212422-n
邪曲,じゃきょく,wnja:14563564-n
邪気,じゃき,wnja:04842313-n
邪淫,じゃいん,wnja:04903368-n
邪神,じゃしん,wnja:09542339-n
邪魔,じゃま,wnja:01073995-n
邸宅,ていたく,wnja:03259505-n
部下,ぶか,wnja:10669991-n
部分,ぶぶん,wnja:00397953-n
部品,ぶひん,wnja:03081021-n
部員,ぶいん,wnja:08170686-n
部室,ぶしつ,wnja:03054491-n
部局,ぶきょく,wnja:08114861-n
部族,ぶぞく,wnja:08168531-n
部署,ぶしょ,wnja:05867413-n
部落,ぶらく,wnja:08226699-n
部長,ぶちょう,wnja:09893344-n
部門,ぶもん,wnja:00397953-n
部類,ぶるい,wnja:05838765-n
部首,ぶしゅ,wnja:06841159-n
郵便,ゆうびん,wnja:00318186-n
郵書,ゆうしょ,wnja:06275634-n
郷村,ごうそん,wnja:08226699-n
都合,つごう,wnja:04715487-n
都邑,とゆう,wnja:08226699-n
都電,とでん,wnja:04335435-n
酋長,しゅうちょう,wnja:09893344-n
配下,はいか,wnja:10669991-n
配分,はいぶん,wnja:01083077-n
配合,はいごう,wnja:00380083-n
配布,はいふ,wnja:01083077-n
配当,はいとう,wnja:01085098-n
配役,はいやく,wnja:05929008-n
配慮,はいりょ,wnja:00654885-n
配管,はいかん,wnja:00609669-n
配色,はいしょく,wnja:07964144-n
配達,はいたつ,wnja:00317207-n
酒器,しゅき,wnja:03241496-n
酒場,さかば,wnja:02789487-n
酒樽,さかだる,wnja:04592005-n
酒蔵,さかぐら,wnja:02897237-n
酢酸,さくさん,wnja:14599168-n
酩酊,めいてい,wnja:00748515-n
酪農,らくのう,wnja:00918289-n
酪酸,らくさん,wnja:14788332-n
酵母,こうぼ,wnja:13025647-n
酷使,こくし,wnja:00951433-n
酷評,こくひょう,wnja:06709998-n
酸塊,すぐり,wnja:07744246-n
酸敗,さんぱい,wnja:13426238-n
酸桃,すもも,wnja:07751451-n
酸模,すいば,wnja:12604228-n
酸漿,ほおずき,wnja:12896862-n
酸素,さんそ,wnja:14648100-n
醜悪,しゅうあく,wnja:04690196-n
醸造,じょうぞう,wnja:00915140-n
釁隙,きんげき,wnja:03416329-n
釈家,しゃっけ,wnja:10112129-n
釈放,しゃくほう,wnja:01193886-n
釈明,しゃくめい,wnja:06740183-n
釈氏,しゃくし,wnja:10471250-n
釈義,しゃくぎ,wnja:07170753-n
里人,さとびと,wnja:10753442-n
里心,さとごころ,wnja:07487594-n
里芋,さといも,wnja:07736813-n
里親,さとおや,wnja:10106752-n
重き,おもき,wnja:05172322-n
重さ,おもさ,wnja:05026843-n
重し,おもし,wnja:04571088-n
重み,おもみ,wnja:04910684-n
重出,じゅうしゅつ,wnja:07342049-n
重刷,じゅうさつ,wnja:06270308-n
重刻,じゅうこく,wnja:06270308-n
重力,じゅうりょく,wnja:07512147-n
重合,じゅうごう,wnja:13538757-n
重圧,じゅうあつ,wnja:05195362-n
重婚,じゅうこん,wnja:00775095-n
重役,じゅうやく,wnja:09770949-n
重心,じゅうしん,wnja:04821084-n
重曹,じゅうそう,wnja:14775995-n
重水,じゅうすい,wnja:14727508-n
重油,じゅうゆ,wnja:14980579-n
重罪,じゅうざい,wnja:00766234-n
重苦,じゅうく,wnja:07495551-n
重荷,おもに,wnja:03520811-n
重量,じゅうりょう,wnja:05026843-n
重鎮,じゅうちん,wnja:06411592-n
野党,やとう,wnja:08404188-n
野原,のはら,wnja:08551628-n
野営,やえい,wnja:01055165-n
野外,やがい,wnja:08613733-n
野天,のてん,wnja:08613733-n
野宿,のじゅく,wnja:01055165-n
野心,やしん,wnja:00836788-n
野性,やせい,wnja:04909887-n
野晒,のざらし,wnja:05540121-n
野暮,やぼ,wnja:04817788-n
野望,やぼう,wnja:00836788-n
野牛,やぎゅう,wnja:02402175-n
野球,やきゅう,wnja:00471613-n
野田,のだ,wnja:08614229-n
野砲,やほう,wnja:03332393-n
野花,のばな,wnja:11672400-n
野蛮,やばん,wnja:05038251-n
野趣,やしゅ,wnja:09971273-n
野辺,のべ,wnja:08569777-n
野郎,やろう,wnja:09815188-n
野鼠,のねずみ,wnja:02332755-n
量目,りょうめ,wnja:00033615-n
金兜,かなかぶと,wnja:03513137-n
金円,きんえん,wnja:13384557-n
金利,きんり,wnja:13318584-n
金句,きんく,wnja:06765887-n
金員,きんいん,wnja:13250542-n
金型,かながた,wnja:03192790-n
金属,きんぞく,wnja:14625458-n
金柑,きんかん,wnja:12713063-n
金棒,かなぼう,wnja:03535780-n
金槌,かなづち,wnja:03481172-n
金欠,きんけつ,wnja:14493145-n
金物,かなもの,wnja:03493792-n
金箔,きんぱく,wnja:03444728-n
金縷,きんる,wnja:11732052-n
金融,きんゆう,wnja:01098698-n
金袋,かねぶくろ,wnja:03781594-n
金言,きんげん,wnja:07152948-n
金輪,かなわ,wnja:04485082-n
金轡,かなぐつわ,wnja:02844714-n
金釘,かなくぎ,wnja:03804744-n
金鉄,きんてつ,wnja:14625458-n
金銀,きんぎん,wnja:13386614-n
金銭,きんせん,wnja:13250542-n
金鋸,かなのこ,wnja:03474779-n
金額,きんがく,wnja:13331198-n
金髪,きんぱつ,wnja:09860506-n
金魚,きんぎょ,wnja:01443537-n
針山,はりやま,wnja:03942126-n
針目,はりめ,wnja:04321238-n
針金,はりがね,wnja:04594218-n
釣合,つりあい,wnja:05076827-n
釣瓶,つるべ,wnja:02909870-n
釣糸,つりいと,wnja:03351768-n
釣舟,つりぶね,wnja:03351262-n
釣針,つりばり,wnja:03351151-n
釣銭,つりせん,wnja:13387689-n
釣魚,ちょうぎょ,wnja:00453935-n
鈍感,どんかん,wnja:04630378-n
鈍才,どんさい,wnja:10100761-n
鈍物,どんぶつ,wnja:01556514-n
鈍行,どんこう,wnja:03680942-n
鈍角,どんかく,wnja:13892048-n
鈍麻,どんま,wnja:14014621-n
鈴虫,すずむし,wnja:02229544-n
鉄兜,てつかぶと,wnja:03513137-n
鉄塔,てっとう,wnja:04028581-n
鉄工,てっこう,wnja:10216928-n
鉄帽,てつぼう,wnja:03513137-n
鉄拳,てっけん,wnja:05197388-n
鉄条,てつじょう,wnja:04594218-n
鉄板,てっぱん,wnja:04189392-n
鉄枷,てつかせ,wnja:03585438-n
鉄槌,てっつい,wnja:03481172-n
鉄沓,かなぐつ,wnja:03539433-n
鉄火,てっか,wnja:10118844-n
鉄窓,てっそう,wnja:03592245-n
鉄筆,てっぴつ,wnja:04346511-n
鉄索,てっさく,wnja:02933842-n
鉄船,てっせん,wnja:03585551-n
鉄色,てついろ,wnja:14923060-n
鉄路,てつろ,wnja:03671272-n
鉄蹄,てってい,wnja:03539433-n
鉄輪,てつりん,wnja:04485082-n
鉄道,てつどう,wnja:04046810-n
鉈豆,なたまめ,wnja:12511488-n
鉋屑,かんなくず,wnja:14976634-n
鉛丹,えんたん,wnja:15003329-n
鉛毒,えんどく,wnja:14069895-n
鉛筆,えんぴつ,wnja:03652100-n
鉢巻,はちまき,wnja:03498316-n
鉤縄,かぎなわ,wnja:03454211-n
鉤針,かぎばり,wnja:03133050-n
鉱山,こうざん,wnja:03768346-n
鉱油,こうゆ,wnja:14953091-n
鉱物,こうぶつ,wnja:14662574-n
鉱脈,こうみゃく,wnja:04683136-n
銀子,ぎんす,wnja:13384557-n
銀幕,ぎんまく,wnja:04152829-n
銀河,ぎんが,wnja:08271042-n
銀盤,ぎんばん,wnja:04220805-n
銀笛,ぎんてき,wnja:03355468-n
銀翼,ぎんよく,wnja:02686568-n
銀行,ぎんこう,wnja:02787772-n
銀貨,ぎんか,wnja:13371866-n
銀輪,ぎんりん,wnja:02834778-n
銀鈴,ぎんれい,wnja:12778219-n
銀鏡,ぎんきょう,wnja:03773035-n
銀飯,ぎんめし,wnja:07804323-n
銀鼠,ぎんねず,wnja:04962062-n
銃丸,じゅうがん,wnja:02916350-n
銃剣,じゅうけん,wnja:02812949-n
銃口,じゅうこう,wnja:03469687-n
銃床,じゅうしょう,wnja:04322026-n
銃座,じゅうざ,wnja:03284120-n
銃弾,じゅうだん,wnja:02916350-n
銃後,じゅうご,wnja:08180067-n
銃撃,じゅうげき,wnja:00122661-n
銅山,どうざん,wnja:03104147-n
銅色,どうしょく,wnja:04971928-n
銘柄,めいがら,wnja:05845140-n
銭苔,ぜにごけ,wnja:11542640-n
銭葵,ぜにあおい,wnja:12171316-n
銭金,ぜにかね,wnja:13250542-n
鋪石,ほせき,wnja:03901074-n
鋭角,えいかく,wnja:13891937-n
鋳型,いがた,wnja:02979662-n
鋳物,いもの,wnja:00909899-n
鋳貨,ちゅうか,wnja:13388245-n
鋳込,いこみ,wnja:00909899-n
鋳造,ちゅうぞう,wnja:00909899-n
鋳鉄,ちゅうてつ,wnja:14801921-n
鋸盤,のこばん,wnja:03996145-n
鋸草,のこぎりそう,wnja:11916696-n
鋼材,こうざい,wnja:14802450-n
錆色,さびいろ,wnja:04973386-n
錠前,じょうまえ,wnja:03682487-n
錦木,にしきぎ,wnja:11831874-n
錨地,びょうち,wnja:08639776-n
錨鎖,びょうさ,wnja:02709637-n
錯乱,さくらん,wnja:05683582-n
錯体,さくたい,wnja:14817592-n
錯綜,さくそう,wnja:01076359-n
錯覚,さっかく,wnja:05896059-n
錯誤,さくご,wnja:04802629-n
錯雑,さくざつ,wnja:01076359-n
録音,ろくおん,wnja:00910203-n
鍋物,なべもの,wnja:07588947-n
鍛え,きたえ,wnja:00893836-n
鍛練,たんれん,wnja:00402789-n
鍛造,たんぞう,wnja:00925622-n
鍛鉄,たんてつ,wnja:14802262-n
鍵盤,けんばん,wnja:03613873-n
鍵穴,かぎあな,wnja:03614782-n
鎌首,かまくび,wnja:13869129-n
鎖骨,さこつ,wnja:05274105-n
鎧板,よろいいた,wnja:04234455-n
鎮圧,ちんあつ,wnja:01079604-n
鎮撫,ちんぶ,wnja:01151097-n
鎮痙,ちんけい,wnja:00354785-n
鏖殺,おうさつ,wnja:01245061-n
鐙骨,あぶみこつ,wnja:05326465-n
鑑別,かんべつ,wnja:05748054-n
鑑定,かんてい,wnja:00874067-n
鑑識,かんしき,wnja:04891010-n
長さ,ながさ,wnja:03656231-n
長上,ちょうじょう,wnja:10048218-n
長官,ちょうかん,wnja:10320863-n
長寿,ちょうじゅ,wnja:04927890-n
長屋,ながや,wnja:04409384-n
長径,ちょうけい,wnja:06009537-n
長打,ちょうだ,wnja:00128867-n
長旅,ながたび,wnja:00308073-n
長期,ちょうき,wnja:15242955-n
長波,ちょうは,wnja:11507511-n
長者,ちょうじゃ,wnja:10529231-n
長薯,ながいも,wnja:12088495-n
長虫,ながむし,wnja:01726692-n
長軸,ちょうじく,wnja:06009537-n
長頭,ちょうとう,wnja:10024025-n
門人,もんじん,wnja:10016103-n
門口,かどぐち,wnja:03221720-n
門地,もんち,wnja:13813042-n
門弟,もんてい,wnja:10016103-n
門徒,もんと,wnja:09848489-n
門歯,もんし,wnja:05306190-n
門火,かどび,wnja:07303335-n
門生,もんせい,wnja:10016103-n
門番,もんばん,wnja:10026553-n
門脈,もんみゃく,wnja:03985684-n
門衛,もんえい,wnja:10026553-n
門閥,もんばつ,wnja:04922787-n
閃き,ひらめき,wnja:04953186-n
閉塞,へいそく,wnja:02853449-n
閉幕,へいまく,wnja:14562960-n
閉店,へいてん,wnja:00229260-n
閉眼,へいがん,wnja:07355491-n
閉経,へいけい,wnja:15154462-n
閉鎖,へいさ,wnja:00229260-n
開元,かいげん,wnja:00240184-n
開化,かいか,wnja:05986395-n
開始,かいし,wnja:00156390-n
開幕,かいまく,wnja:07329363-n
開拓,かいたく,wnja:00269018-n
開発,かいはつ,wnja:00948206-n
開闢,かいびゃく,wnja:08507558-n
閑寂,かんじゃく,wnja:07515560-n
間八,かんぱち,wnja:02579091-n
間合,まあい,wnja:05089947-n
間夫,まぶ,wnja:09772746-n
間接,かんせつ,wnja:01026191-n
間断,かんだん,wnja:01062817-n
間柄,あいだがら,wnja:13780719-n
間柱,まばしら,wnja:04143365-n
間然,かんぜん,wnja:06709998-n
間男,まおとこ,wnja:00848466-n
間竿,けんざお,wnja:13599469-n
間質,かんしつ,wnja:05268797-n
関取,せきとり,wnja:10674713-n
関数,かんすう,wnja:06582403-n
関札,せきふだ,wnja:06690408-n
関白,かんぱく,wnja:00596692-n
関税,かんぜい,wnja:13315999-n
関連,かんれん,wnja:00031921-n
関頭,かんとう,wnja:05764613-n
閣僚,かくりょう,wnja:00585964-n
閥族,ばつぞく,wnja:07969695-n
閲歴,えつれき,wnja:00282613-n
閲覧,えつらん,wnja:00879271-n
閲読,えつどく,wnja:05808794-n
闖入,ちんにゅう,wnja:00733483-n
闘乱,とうらん,wnja:01170962-n
闘牛,とうぎゅう,wnja:00452034-n
防ぎ,ふせぎ,wnja:00817680-n
防備,ぼうび,wnja:00823750-n
防具,ぼうぐ,wnja:03464467-n
防塁,ぼうるい,wnja:03386011-n
防塞,ぼうさい,wnja:02854378-n
防壁,ぼうへき,wnja:04051825-n
防守,ぼうしゅ,wnja:00817680-n
防御,ぼうぎょ,wnja:00725673-n
防水,ぼうすい,wnja:04049405-n
防腐,ぼうふ,wnja:00819274-n
防衛,ぼうえい,wnja:00725673-n
防護,ぼうご,wnja:00817680-n
阿房,あほう,wnja:04891333-n
阿片,あへん,wnja:03850966-n
降雨,こうう,wnja:11494638-n
限り,かぎり,wnja:05123416-n
限外,げんがい,wnja:05118437-n
限定,げんてい,wnja:00200563-n
限度,げんど,wnja:05123416-n
限界,げんかい,wnja:05123416-n
院主,いんじゅ,wnja:09754404-n
院号,いんごう,wnja:06339416-n
院長,いんちょう,wnja:10468750-n
陣営,じんえい,wnja:02944826-n
陣地,じんち,wnja:08622586-n
陣容,じんよう,wnja:00925207-n
陣屋,じんや,wnja:02944826-n
陣所,じんしょ,wnja:02944826-n
陣痛,じんつう,wnja:14328588-n
陣頭,じんとう,wnja:06209419-n
除却,じょきゃく,wnja:00395333-n
除去,じょきょ,wnja:00395333-n
除外,じょがい,wnja:05707269-n
除水,じょすい,wnja:00396029-n
除法,じょほう,wnja:00397953-n
除算,じょざん,wnja:00397953-n
陥没,かんぼつ,wnja:00327510-n
陪従,ばいじゅう,wnja:09821831-n
陰嚢,いんのう,wnja:05517406-n
陰影,いんえい,wnja:06606191-n
陰核,いんかく,wnja:05523420-n
陰極,いんきょく,wnja:02984699-n
陰茎,いんけい,wnja:05526384-n
陰蔽,いんぺい,wnja:01048912-n
陰裂,いんれつ,wnja:05522784-n
陰謀,いんぼう,wnja:05908520-n
陰部,いんぶ,wnja:05514081-n
陳列,ちんれつ,wnja:06887726-n
陳弁,ちんべん,wnja:07232421-n
陳情,ちんじょう,wnja:06513366-n
陳謝,ちんしゃ,wnja:06633363-n
陳述,ちんじゅつ,wnja:06722453-n
陶土,とうど,wnja:14670639-n
陶芸,とうげい,wnja:00609868-n
陸上,りくじょう,wnja:05930574-n
陸兵,りくへい,wnja:10622053-n
陸地,りくち,wnja:09334396-n
陸将,りくしょう,wnja:10260166-n
陸軍,りくぐん,wnja:08191230-n
陽極,ようきょく,wnja:02714315-n
陽物,ようぶつ,wnja:05526384-n
陽画,ようが,wnja:03987509-n
隅々,すみずみ,wnja:05820023-n
隅柱,すみばしら,wnja:03110202-n
隆起,りゅうき,wnja:00407090-n
隊列,たいれつ,wnja:08430203-n
随一,ずいいち,wnja:13846199-n
随伴,ずいはん,wnja:00827782-n
随員,ずいいん,wnja:09821831-n
随従,ずいじゅう,wnja:09821831-n
随意,ずいい,wnja:05198756-n
随行,ずいこう,wnja:09821831-n
隔て,へだて,wnja:01153548-n
隔り,へだたり,wnja:04748836-n
隔壁,かくへき,wnja:02915675-n
隔絶,かくぜつ,wnja:00383606-n
隔週,かくしゅう,wnja:06594904-n
隔離,かくり,wnja:01202184-n
隙間,すきま,wnja:03416329-n
障屏,しょうへい,wnja:03894379-n
隠匿,いんとく,wnja:01048912-n
隠宅,いんたく,wnja:03517647-n
隠忍,いんにん,wnja:04640538-n
隠秘,いんぴ,wnja:01049685-n
隠者,いんじゃ,wnja:10172448-n
隠語,いんご,wnja:07071017-n
隠逸,いんいつ,wnja:04622932-n
隠遁,いんとん,wnja:00054652-n
隣人,りんじん,wnja:08225090-n
隣保,りんぽ,wnja:08225090-n
雀斑,そばかす,wnja:05245192-n
雀蜂,すずめばち,wnja:02212062-n
雁字,がんじ,wnja:06624161-n
雁書,がんしょ,wnja:06624161-n
雁首,がんくび,wnja:05538625-n
雄弁,ゆうべん,wnja:07069210-n
雄猫,おすねこ,wnja:02122725-n
雄篇,ゆうへん,wnja:03727605-n
雄風,ゆうふう,wnja:11433013-n
雄馬,おうま,wnja:02374451-n
雄鶏,おんどり,wnja:01792158-n
雅号,がごう,wnja:06338158-n
雅致,がち,wnja:04812268-n
雅量,がりょう,wnja:01085937-n
集い,つどい,wnja:00146856-n
集り,あつまり,wnja:00031264-n
集中,しゅうちゅう,wnja:05650579-n
集合,しゅうごう,wnja:00146856-n
集団,しゅうだん,wnja:07951464-n
集村,しゅうそん,wnja:08226699-n
集積,しゅうせき,wnja:00372013-n
集落,しゅうらく,wnja:07996010-n
雇主,やといぬし,wnja:09867956-n
雇人,やといにん,wnja:10053808-n
雇傭,こよう,wnja:01217859-n
雌羊,めひつじ,wnja:02411999-n
雌蘂,めしべ,wnja:11676500-n
雌雄,しゆう,wnja:05006898-n
雌馬,めすうま,wnja:02377480-n
雌鳥,めんどり,wnja:01792640-n
雌黄,しおう,wnja:04966543-n
雑作,ぞうさ,wnja:07578093-n
雑兵,ぞうひょう,wnja:10476467-n
雑報,ざっぽう,wnja:07594737-n
雑沓,ざっとう,wnja:08183541-n
雑犬,ざっけん,wnja:02084861-n
雑種,ざっしゅ,wnja:01327322-n
雑穀,ざっこく,wnja:07802417-n
雑筆,ざっぴつ,wnja:06624161-n
雑草,ざっそう,wnja:13085113-n
雑菌,ざっきん,wnja:13124164-n
雑誌,ざっし,wnja:03704210-n
雑談,ざつだん,wnja:07135080-n
雑音,ざつおん,wnja:03520811-n
雛型,ひながた,wnja:03777283-n
雛壇,ひなだん,wnja:03159640-n
雛菊,ひなぎく,wnja:11939491-n
雛豆,ひよこまめ,wnja:12515925-n
雛鳥,ひなどり,wnja:01504179-n
離乳,りにゅう,wnja:00198270-n
離別,りべつ,wnja:00383606-n
離反,りはん,wnja:04879498-n
離婚,りこん,wnja:01201271-n
離宮,りきゅう,wnja:04535252-n
離散,りさん,wnja:05087297-n
離断,りだん,wnja:06823760-n
離水,りすい,wnja:00306102-n
離縁,りえん,wnja:01201271-n
離脱,りだつ,wnja:00385266-n
離陸,りりく,wnja:00306102-n
離隔,りかく,wnja:00383606-n
難事,なんじ,wnja:05686955-n
難儀,なんぎ,wnja:05687338-n
難問,なんもん,wnja:06784639-n
難場,なんば,wnja:07417644-n
難境,なんきょう,wnja:07417644-n
難局,なんきょく,wnja:07417644-n
難民,なんみん,wnja:10516016-n
難渋,なんじゅう,wnja:04720024-n
難点,なんてん,wnja:05159606-n
難聴,なんちょう,wnja:14550987-n
難色,なんしょく,wnja:00874621-n
難解,なんかい,wnja:04823416-n
難詰,なんきつ,wnja:06709998-n
難題,なんだい,wnja:14410605-n
雨傘,あまがさ,wnja:04507155-n
雨天,うてん,wnja:11501381-n
雨戸,あまど,wnja:04329834-n
雨林,うりん,wnja:08439126-n
雨樋,あまどい,wnja:03231912-n
雨滴,うてき,wnja:11501649-n
雨着,あまぎ,wnja:04049405-n
雨粒,あまつぶ,wnja:11501649-n
雨降,あめふり,wnja:11501381-n
雨雲,あまぐも,wnja:09371686-n
雨霰,あめあられ,wnja:00987863-n
雪兎,ゆきうさぎ,wnja:02327842-n
雪山,ゆきやま,wnja:09303647-n
雪玉,ゆきだま,wnja:04251560-n
雪隠,せっちん,wnja:04446276-n
雪霰,ゆきあられ,wnja:14915804-n
雲井,くもい,wnja:09436708-n
雲梯,うんてい,wnja:02682699-n
雲煙,うんえん,wnja:11508092-n
雲脂,ふけ,wnja:14231207-n
雲路,くもじ,wnja:08616311-n
雲雀,ひばり,wnja:01527917-n
雲霞,うんか,wnja:04824118-n
零落,れいらく,wnja:07318133-n
雷名,らいめい,wnja:14437134-n
雷火,らいか,wnja:11475279-n
雷雨,らいう,wnja:11519253-n
雷電,らいでん,wnja:11519121-n
雷魚,らいぎょ,wnja:12881105-n
雷鳥,らいちょう,wnja:01796340-n
電位,でんい,wnja:11493827-n
電光,でんこう,wnja:11475279-n
電力,でんりょく,wnja:11449419-n
電卓,でんたく,wnja:02938886-n
電圧,でんあつ,wnja:11523538-n
電報,でんぽう,wnja:06622709-n
電子,でんし,wnja:09271904-n
電影,でんえい,wnja:06262567-n
電文,でんぶん,wnja:06622709-n
電柱,でんちゅう,wnja:04402449-n
電極,でんきょく,wnja:03274796-n
電池,でんち,wnja:02810471-n
電波,でんぱ,wnja:06255354-n
電源,でんげん,wnja:11449419-n
電炉,でんろ,wnja:03099945-n
電熱,でんねつ,wnja:03273740-n
電球,でんきゅう,wnja:03665924-n
電界,でんかい,wnja:11449658-n
電算,でんさん,wnja:03082979-n
電纜,でんらん,wnja:02933842-n
電脳,でんのう,wnja:03082979-n
電鍵,でんけん,wnja:03613592-n
需品,じゅひん,wnja:10498986-n
震え,ふるえ,wnja:00867983-n
震顫,しんせん,wnja:14004572-n
霊位,れいい,wnja:02892201-n
霊園,れいえん,wnja:08521623-n
霊媒,れいばい,wnja:10306279-n
霊屋,たまや,wnja:03455033-n
霊廟,れいびょう,wnja:03732114-n
霊柩,れいきゅう,wnja:03064758-n
霊験,れいげん,wnja:07288801-n
霊魂,れいこん,wnja:09545324-n
霍乱,かくらん,wnja:14204095-n
霜焼,しもやけ,wnja:14294678-n
霧氷,むひょう,wnja:14915622-n
霧箱,きりばこ,wnja:03052628-n
露光,ろこう,wnja:00907340-n
露出,ろしゅつ,wnja:00907340-n
露台,ろだい,wnja:02777734-n
露呈,ろてい,wnja:07215377-n
露営,ろえい,wnja:01055165-n
露天,ろてん,wnja:08613733-n
露払,つゆはらい,wnja:09627117-n
露見,ろけん,wnja:06281175-n
霹靂,へきれき,wnja:07397355-n
青み,あおみ,wnja:04968895-n
青年,せいねん,wnja:09772029-n
青春,せいしゅん,wnja:15147713-n
青楼,せいろう,wnja:04581595-n
青物,あおもの,wnja:07709333-n
青玉,せいぎょく,wnja:14909584-n
青白,せいはく,wnja:04977561-n
青空,あおぞら,wnja:09224566-n
青筋,あおすじ,wnja:05418717-n
青緑,あおみどり,wnja:04968426-n
青色,あおいろ,wnja:04968895-n
青葉,あおば,wnja:13153633-n
青虫,あおむし,wnja:02309337-n
青蛙,あおがえる,wnja:01641739-n
青貝,あおがい,wnja:01948573-n
青麻,あおそ,wnja:12186839-n
静寂,せいじゃく,wnja:04982478-n
静物,せいぶつ,wnja:04319432-n
静穏,せいおん,wnja:04904352-n
静脈,じょうみゃく,wnja:05418717-n
静謐,せいひつ,wnja:07515560-n
非礼,ひれい,wnja:00746232-n
非道,ひどう,wnja:04903247-n
面会,めんかい,wnja:01055954-n
面体,めんてい,wnja:04674715-n
面前,めんぜん,wnja:01233802-n
面差,おもざし,wnja:04679549-n
面形,めんがた,wnja:03724870-n
面持,おももち,wnja:04674715-n
面接,めんせつ,wnja:07143624-n
面様,おもよう,wnja:04674715-n
面皰,にきび,wnja:05245775-n
面相,めんそう,wnja:05601758-n
面舵,おもかじ,wnja:04303672-n
面談,めんだん,wnja:07143624-n
面識,めんしき,wnja:05817145-n
面貌,めんぼう,wnja:04679549-n
革命,かくめい,wnja:00962722-n
靭帯,じんたい,wnja:05295381-n
靭皮,じんぴ,wnja:09512028-n
靴下,くつした,wnja:04254777-n
靴先,くつさき,wnja:04444218-n
靴型,くつがた,wnja:03644532-n
靴墨,くつずみ,wnja:15039568-n
靴屋,くつや,wnja:04200800-n
靴底,くつぞこ,wnja:04258982-n
靴紐,くつひも,wnja:04200637-n
靴音,くつおと,wnja:07383823-n
鞍尻,くらじり,wnja:02953455-n
鞭撻,べんたつ,wnja:01214746-n
鞭毛,べんもう,wnja:01458302-n
韜略,とうりゃく,wnja:06248968-n
音叉,おんさ,wnja:03188416-n
音取,おとどり,wnja:00999588-n
音吐,おんと,wnja:07110615-n
音圧,おんあつ,wnja:11497378-n
音域,おんいき,wnja:05126849-n
音律,おんりつ,wnja:07086323-n
音物,いんもつ,wnja:13268842-n
音盤,おんばん,wnja:03924069-n
音程,おんてい,wnja:06858779-n
音節,おんせつ,wnja:06304671-n
音素,おんそ,wnja:07111711-n
音譜,おんぷ,wnja:06816106-n
音質,おんしつ,wnja:04987620-n
音階,おんかい,wnja:06856568-n
音韻,おんいん,wnja:07111711-n
音響,おんきょう,wnja:04981139-n
韻律,いんりつ,wnja:07086323-n
韻文,いんぶん,wnja:06377442-n
韻脚,いんきゃく,wnja:07094843-n
頁岩,けつがん,wnja:15038520-n
頂き,いただき,wnja:03138534-n
頂点,ちょうてん,wnja:05037617-n
頂端,ちょうたん,wnja:08677801-n
頃合,ころあい,wnja:00353249-n
順序,じゅんじょ,wnja:00577068-n
順番,じゅんばん,wnja:00345454-n
順縁,じゅんえん,wnja:09366597-n
順路,じゅんろ,wnja:08616311-n
須臾,しゅゆ,wnja:15247110-n
頌徳,しょうとく,wnja:06694149-n
預け,あずけ,wnja:01066163-n
預託,よたく,wnja:00372448-n
預金,よきん,wnja:00372448-n
頑癬,がんせん,wnja:14126519-n
頑迷,がんめい,wnja:06206210-n
頒布,はんぷ,wnja:01083077-n
頓才,とんさい,wnja:05618056-n
頓挫,とんざ,wnja:07475870-n
頓智,とんち,wnja:05618056-n
領主,りょうしゅ,wnja:10085736-n
領分,りょうぶん,wnja:08653570-n
領収,りょうしゅう,wnja:00090253-n
領国,りょうごく,wnja:08048625-n
領土,りょうど,wnja:08493064-n
領域,りょういき,wnja:01097119-n
領空,りょうくう,wnja:08502317-n
頚椎,けいつい,wnja:05588551-n
頬桁,ほおげた,wnja:05602835-n
頬紅,ほおべに,wnja:04112752-n
頬袋,ほおぶくろ,wnja:05517145-n
頬辺,ほおべた,wnja:05602835-n
頬髭,ほおひげ,wnja:05261566-n
頭光,ずこう,wnja:04951716-n
頭分,かしらぶん,wnja:09893344-n
頭取,とうどり,wnja:10468559-n
頭役,かしらやく,wnja:10162991-n
頭痛,ずつう,wnja:07524242-n
頭目,とうもく,wnja:09893344-n
頭脳,ずのう,wnja:05481095-n
頭語,とうご,wnja:06630017-n
頭金,あたまきん,wnja:13349834-n
頭韻,とういん,wnja:07097094-n
頭髪,とうはつ,wnja:05254795-n
頷き,うなずき,wnja:00336430-n
頸巻,くびまき,wnja:04143897-n
頸木,くびき,wnja:06247701-n
頸輪,くびわ,wnja:03068486-n
頻度,ひんど,wnja:13598237-n
頻数,ひんすう,wnja:13598237-n
頻脈,ひんみゃく,wnja:14363027-n
題号,だいごう,wnja:06343520-n
題名,だいめい,wnja:06333653-n
題材,だいざい,wnja:04347225-n
題目,だいもく,wnja:06599788-n
額縁,がくぶち,wnja:03931765-n
額角,がっかく,wnja:02452813-n
額面,がくめん,wnja:03931765-n
顎紐,あごひも,wnja:03019806-n
顎骨,がっこつ,wnja:05546040-n
顎髭,あごひげ,wnja:05261566-n
顔付,かおつき,wnja:04674715-n
顔料,がんりょう,wnja:03875218-n
願い,ねがい,wnja:04945057-n
願事,ねがいごと,wnja:07484547-n
願文,がんもん,wnja:06513366-n
願望,がんぼう,wnja:00836788-n
類い,たぐい,wnja:04746430-n
類別,るいべつ,wnja:01012712-n
類型,るいけい,wnja:05839024-n
類推,るいすい,wnja:05780339-n
類比,るいひ,wnja:05780339-n
類縁,るいえん,wnja:10235549-n
類語,るいご,wnja:06303682-n
顧み,かえりみ,wnja:07524529-n
顧問,こもん,wnja:09774266-n
顧慮,こりょ,wnja:01229793-n
風上,かざかみ,wnja:08610023-n
風下,かざしも,wnja:08592352-n
風伯,ふうはく,wnja:09573561-n
風俗,ふうぞく,wnja:00413239-n
風儀,ふうぎ,wnja:00410247-n
風力,ふうりょく,wnja:11526894-n
風味,ふうみ,wnja:05715864-n
風塵,ふうじん,wnja:14839846-n
風景,ふうけい,wnja:06888944-n
風柄,ふうがら,wnja:04675646-n
風格,ふうかく,wnja:00755277-n
風水,ふうすい,wnja:05915811-n
風洞,ふうどう,wnja:04591359-n
風流,ふうりゅう,wnja:04812268-n
風潮,ふうちょう,wnja:05750163-n
風琴,ふうきん,wnja:02701730-n
風疹,ふうしん,wnja:14123259-n
風窓,かざまど,wnja:04526241-n
風習,ふうしゅう,wnja:00413239-n
風聞,ふうぶん,wnja:07223450-n
風船,ふうせん,wnja:02782093-n
風袋,ふうたい,wnja:04394031-n
風見,かざみ,wnja:04568069-n
風評,ふうひょう,wnja:07223450-n
風説,ふうせつ,wnja:07223450-n
風貌,ふうぼう,wnja:04673965-n
風采,ふうさい,wnja:04673965-n
風鈴,ふうりん,wnja:04586225-n
風鎮,ふうちん,wnja:04571088-n
風雅,ふうが,wnja:04812268-n
風骨,ふうこつ,wnja:04673965-n
颶風,ぐふう,wnja:11519450-n
飛地,とびち,wnja:08553132-n
飛板,とびいた,wnja:03216080-n
飛泉,ひせん,wnja:09475292-n
飛瀑,ひばく,wnja:09475292-n
飛球,ひきゅう,wnja:00128638-n
飛節,ひせつ,wnja:03413684-n
飛跡,ひせき,wnja:08493705-n
食事,しょくじ,wnja:07561112-n
食味,しょくみ,wnja:05715283-n
食品,しょくひん,wnja:03461119-n
食塩,しょくえん,wnja:07813107-n
食指,しょくし,wnja:05567381-n
食料,しょくりょう,wnja:07565259-n
食肉,しょくにく,wnja:07649854-n
食膳,しょくぜん,wnja:03201208-n
食通,しょくつう,wnja:05212264-n
食道,しょくどう,wnja:05533948-n
食鶏,しょくけい,wnja:01791625-n
飢餓,きが,wnja:01150662-n
飯台,はんだい,wnja:03201208-n
飯屋,めしや,wnja:04081281-n
飯桐,いいぎり,wnja:12380305-n
飯炊,めしたき,wnja:09963320-n
飯盒,はんごう,wnja:03751458-n
飯米,はんまい,wnja:07802417-n
飲助,のみすけ,wnja:10037385-n
飲屋,のみや,wnja:02796995-n
飲水,のみみず,wnja:07936263-n
飲物,のみもの,wnja:07881800-n
飴玉,あめだま,wnja:07597365-n
飴色,あめいろ,wnja:04973957-n
飼犬,かいいぬ,wnja:02084071-n
飼育,しいく,wnja:00914929-n
飽満,ほうまん,wnja:14452151-n
飽食,ほうしょく,wnja:01072984-n
飾棚,かざりだな,wnja:02933112-n
養い,やしない,wnja:07570720-n
養分,ようぶん,wnja:07570720-n
養家,ようか,wnja:07973868-n
養母,ようぼ,wnja:10106509-n
養生,ようじょう,wnja:14495080-n
養育,よういく,wnja:01129532-n
餌食,えじき,wnja:02152881-n
餡こ,あんこ,wnja:03873064-n
饗膳,きょうぜん,wnja:07578093-n
首斬,くびきり,wnja:00216174-n
首枷,くびかせ,wnja:02949356-n
首根,くびね,wnja:05546540-n
首綱,くびづな,wnja:03652932-n
首脳,しゅのう,wnja:09623038-n
首都,しゅと,wnja:08518505-n
首魁,しゅかい,wnja:10434725-n
馘首,かくしゅ,wnja:00216174-n
馬丁,ばてい,wnja:10644301-n
馬力,ばりき,wnja:04543158-n
馬勒,ばろく,wnja:02900160-n
馬匹,ばひつ,wnja:02374451-n
馬料,ばりょう,wnja:07801091-n
馬肉,ばにく,wnja:07666406-n
馬術,ばじゅつ,wnja:00288000-n
馬車,ばしゃ,wnja:02968473-n
馬銜,はみ,wnja:02844714-n
馬革,ばかく,wnja:14762758-n
馬齢,ばれい,wnja:04924103-n
馴染,なじみ,wnja:04655442-n
馴鹿,となかい,wnja:02433925-n
駁説,ばくせつ,wnja:07200813-n
駁論,ばくろん,wnja:07200813-n
駄弁,だべん,wnja:06607339-n
駄賃,だちん,wnja:13283764-n
駅長,えきちょう,wnja:10652837-n
駅馬,えきば,wnja:02387722-n
駆動,くどう,wnja:00103834-n
駆逐,くちく,wnja:00206927-n
駆除,くじょ,wnja:00206927-n
駐在,ちゅうざい,wnja:01053617-n
駑馬,どば,wnja:10100761-n
駒鳥,こまどり,wnja:01562265-n
駝鳥,だちょう,wnja:01518878-n
駱駝,らくだ,wnja:02437136-n
騎兵,きへい,wnja:09902353-n
騒き,ぞめき,wnja:07377473-n
騒人,そうじん,wnja:10444194-n
驀進,ばくしん,wnja:00555983-n
驚嘆,きょうたん,wnja:07509572-n
骨堂,こつどう,wnja:04523690-n
骨子,こっし,wnja:00941451-n
骨幹,こっかん,wnja:05585383-n
骨折,こっせつ,wnja:00621627-n
骨柄,こつがら,wnja:04998530-n
骨格,こっかく,wnja:03391770-n
骨法,こっぽう,wnja:05624254-n
骨炭,こったん,wnja:14668895-n
骨片,こっぺん,wnja:01903498-n
骨盤,こつばん,wnja:05596442-n
骨組,ほねぐみ,wnja:03391770-n
骨膜,こつまく,wnja:05327373-n
骨身,ほねみ,wnja:05216365-n
骨髄,こつずい,wnja:05285623-n
骸骨,がいこつ,wnja:13763626-n
髄液,ずいえき,wnja:05504107-n
髄脳,ずいのう,wnja:05500812-n
髄膜,ずいまく,wnja:05326900-n
髄質,ずいしつ,wnja:14957893-n
髄鞘,ずいしょう,wnja:05464685-n
高さ,たかさ,wnja:05131283-n
高値,たかね,wnja:05097536-n
高台,たかだい,wnja:05131283-n
高家,こうけ,wnja:07971449-n
高熱,こうねつ,wnja:05016171-n
髪型,かみがた,wnja:05256862-n
髪油,かみあぶら,wnja:02901793-n
髪筋,かみすじ,wnja:05254795-n
鬱気,うっき,wnja:07533097-n
鬱病,うつびょう,wnja:14389240-n
鬼婆,おにばば,wnja:09490961-n
鬼火,おにび,wnja:05896515-n
鬼畜,きちく,wnja:09845589-n
魂胆,こんたん,wnja:00163233-n
魂魄,こんぱく,wnja:10627082-n
魅了,みりょう,wnja:04689450-n
魅力,みりょく,wnja:04685195-n
魅惑,みわく,wnja:00159620-n
魔力,まりょく,wnja:05201060-n
魔女,まじょ,wnja:07160424-n
魔弾,まだん,wnja:03704640-n
魔法,まほう,wnja:05625373-n
魔物,まもの,wnja:05898171-n
魔王,まおう,wnja:09542339-n
魔神,まじん,wnja:09542339-n
魔術,まじゅつ,wnja:00099951-n
魔道,まどう,wnja:06212422-n
魔障,ましょう,wnja:03520811-n
魚屋,さかなや,wnja:10093818-n
魚座,うおざ,wnja:08688076-n
魚族,ぎょぞく,wnja:02512053-n
魚油,ぎょゆ,wnja:14869035-n
魚竜,ぎょりゅう,wnja:01724231-n
魚粉,ぎょふん,wnja:14867545-n
魚肉,ぎょにく,wnja:07775375-n
魚雷,ぎょらい,wnja:04456472-n
魴鮄,ほうぼう,wnja:02650050-n
鮟鱇,あんこう,wnja:01495493-n
鯨油,げいゆ,wnja:15097430-n
鯨蝋,げいろう,wnja:15095389-n
鰓弓,さいきゅう,wnja:02511303-n
鰯鯨,いわしくじら,wnja:02065263-n
鱗屑,りんせつ,wnja:01902877-n
鱗片,りんぺん,wnja:01902877-n
鳥毛,とりげ,wnja:01896031-n
鳥笛,とりぶえ,wnja:02843465-n
鳥篭,とりかご,wnja:02936714-n
鳥肉,とりにく,wnja:07644382-n
鳥肌,とりはだ,wnja:00866606-n
鳥類,ちょうるい,wnja:01502262-n
鳩目,はとめ,wnja:01811682-n
鳴鳥,めいちょう,wnja:01526521-n
鳶色,とびいろ,wnja:04973386-n
鴇色,ときいろ,wnja:04970916-n
鴨茅,かもがや,wnja:12116429-n
鵬翼,ほうよく,wnja:02691156-n
鶉豆,うずらまめ,wnja:07727252-n
鶏鳴,けいめい,wnja:15168790-n
鶴嘴,つるはし,wnja:03929443-n
鶺鴒,せきれい,wnja:01528396-n
鷲鼻,わしばな,wnja:05599501-n
鷹匠,たかじょう,wnja:10076604-n
鷺草,さぎそう,wnja:12065316-n
鸚哥,いんこ,wnja:01821203-n
鸚鵡,おうむ,wnja:01816887-n
鹵獲,ろかく,wnja:00088481-n
鹹味,かんみ,wnja:05717342-n
鹿皮,しかがわ,wnja:14762486-n
鹿肉,しかにく,wnja:07653311-n
麝香,じゃこう,wnja:05714332-n
麦畑,むぎばたけ,wnja:08683286-n
麦稈,ばっかん,wnja:02859184-n
麦粉,むぎこ,wnja:07569106-n
麦糠,むぎぬか,wnja:14806176-n
麦芽,ばくが,wnja:07803545-n
麦藁,むぎわら,wnja:02859184-n
麦角,ばっかく,wnja:12965626-n
麹黴,こうじかび,wnja:13027375-n
麺類,めんるい,wnja:07700868-n
麻薬,まやく,wnja:03808564-n
麻酔,ますい,wnja:05682055-n
麻雀,まーじゃん,wnja:00505126-n
黄昏,たそがれ,wnja:11515935-n
黄楊,つげ,wnja:12746106-n
黄熱,おうねつ,wnja:14144960-n
黄粉,きなこ,wnja:07569873-n
黄緑,きみどり,wnja:04968257-n
黄雀,こうじゃく,wnja:01539573-n
黒人,こくじん,wnja:09636339-n
黒体,こくたい,wnja:09222406-n
黒字,くろじ,wnja:06826589-n
黒帯,くろおび,wnja:07268166-n
黒星,くろぼし,wnja:05320183-n
黒板,こくばん,wnja:02846511-n
黒樫,くろがし,wnja:12279458-n
黒檀,こくたん,wnja:04960582-n
黒点,こくてん,wnja:11511004-n
黒痣,くろあざ,wnja:04693804-n
黒竹,くろちく,wnja:12149350-n
黒茶,くろちゃ,wnja:04972451-n
黒蟻,くろあり,wnja:02220804-n
黒蠅,くろばえ,wnja:02191773-n
黒質,こくしつ,wnja:05500006-n
黒鉛,こくえん,wnja:12098403-n
黒闇,こくあん,wnja:08646306-n
黙従,もくじゅう,wnja:14413162-n
黙想,もくそう,wnja:05785508-n
黙考,もっこう,wnja:05785508-n
黙認,もくにん,wnja:06689125-n
鼓動,こどう,wnja:07400906-n
鼓手,こしゅ,wnja:10036929-n
鼓索,こさく,wnja:03612965-n
鼓膜,こまく,wnja:05318831-n
鼠穴,ねずみあな,wnja:04055595-n
鼠色,ねずみいろ,wnja:04961691-n
鼠講,ねずみこう,wnja:00779809-n
鼠賊,そぞく,wnja:10616204-n
鼻唄,はなうた,wnja:00546972-n
鼻声,はなごえ,wnja:04989512-n
鼻栓,はなせん,wnja:03114839-n
鼻漏,びろう,wnja:14567134-n
鼻炎,びえん,wnja:14355060-n
鼻祖,びそ,wnja:10107303-n
鼻紙,はながみ,wnja:14928008-n
鼻血,はなじ,wnja:14370992-n
鼻閉,びへい,wnja:14107249-n
鼻面,はなづら,wnja:02452637-n
齟齬,そご,wnja:01170175-n
あがき,あがき,wnja:00622068-n
あくび,あくび,wnja:00837293-n
あせび,あせび,wnja:02280845-n
あてど,あてど,wnja:05982152-n
あて先,あてさき,wnja:06787150-n
あぶく,あぶく,wnja:09229709-n
あやめ,あやめ,wnja:12411922-n
あり方,ありかた,wnja:00024720-n
あんよ,あんよ,wnja:00283568-n
いけず,いけず,wnja:10023506-n
いとこ,いとこ,wnja:09972010-n
いなさ,いなさ,wnja:11448714-n
いばら,いばら,wnja:13089631-n
いびき,いびき,wnja:07394478-n
うっ血,うっけつ,wnja:14320394-n
うねり,うねり,wnja:06407733-n
うわべ,うわべ,wnja:04673965-n
うんこ,うんこ,wnja:13555775-n
うんち,うんち,wnja:14854581-n
おじけ,おじけ,wnja:07520112-n
おでき,おでき,wnja:14183210-n
おとな,おとな,wnja:09605289-n
おどけ,おどけ,wnja:00513401-n
おなご,おなご,wnja:10084295-n
おなら,おなら,wnja:00839597-n
おはこ,おはこ,wnja:05159225-n
おばけ,おばけ,wnja:05898171-n
おぼこ,おぼこ,wnja:10755257-n
おまる,おまる,wnja:02821202-n
おみ足,おみあし,wnja:05563266-n
おむつ,おむつ,wnja:03188531-n
おめこ,おめこ,wnja:00844254-n
おやつ,おやつ,wnja:07577374-n
おんも,おんも,wnja:08613733-n
お世辞,おせじ,wnja:06695579-n
お伽噺,おとぎばなし,wnja:07222581-n
お召物,おめしもの,wnja:02728440-n
お喋り,おしゃべり,wnja:07135080-n
お嬢様,おじょうさま,wnja:09989290-n
お子様,おこさま,wnja:09918248-n
お守り,おまもり,wnja:00654885-n
お客様,おきゃくさま,wnja:09984659-n
お家芸,おいえげい,wnja:05159225-n
お巡り,おまわり,wnja:08209687-n
お座敷,おざしき,wnja:03235042-n
お愛想,おあいそ,wnja:06517942-n
お手玉,おてだま,wnja:02816656-n
お払箱,おはらいばこ,wnja:00216174-n
お日様,おひさま,wnja:09450163-n
お構い,おかまい,wnja:06630852-n
お母様,おかあさま,wnja:10332385-n
お浚い,おさらい,wnja:00897811-n
お父様,おとうさま,wnja:10080869-n
お祝い,おいわい,wnja:00516086-n
お辞儀,おじぎ,wnja:06630017-n
お遍路,おへんろ,wnja:00311687-n
お邪魔,おじゃま,wnja:03520811-n
お釣り,おつり,wnja:02777100-n
お題目,おだいもく,wnja:07152259-n
かいな,かいな,wnja:05563770-n
かかし,かかし,wnja:04143712-n
かけら,かけら,wnja:09222051-n
かちん,かちん,wnja:03036701-n
かつら,かつら,wnja:04584207-n
かなめ,かなめ,wnja:05694232-n
かみ傷,かみきず,wnja:14287408-n
かゆみ,かゆみ,wnja:05723563-n
きせる,きせる,wnja:13901321-n
くさび,くさび,wnja:04193883-n
くず鉄,くずてつ,wnja:15020974-n
くノ一,くのいち,wnja:10787470-n
げっぷ,げっぷ,wnja:00117578-n
こしき,こしき,wnja:03547658-n
こそ泥,こそどろ,wnja:10616204-n
この世,このよ,wnja:08562067-n
この先,このさき,wnja:15121625-n
ごみ袋,ごみぶくろ,wnja:02841063-n
ご不浄,ごふじょう,wnja:04446276-n
ご存じ,ごぞんじ,wnja:09763784-n
ご新造,ごしんぞう,wnja:10780632-n
ご機嫌,ごきげん,wnja:07551052-n
ご法度,ごはっと,wnja:06542047-n
ご苦労,ごくろう,wnja:00623862-n
ご馳走,ごちそう,wnja:07578093-n
さかり,さかり,wnja:14038264-n
さけ目,さけめ,wnja:04241940-n
さらい,さらい,wnja:00897811-n
さらえ,さらえ,wnja:00897811-n
ざくろ,ざくろ,wnja:07768694-n
しじま,しじま,wnja:04651974-n
しっこ,しっこ,wnja:14855724-n
しぶき,しぶき,wnja:15056541-n
しらふ,しらふ,wnja:14019138-n
しるし,しるし,wnja:06797169-n
じゃが,じゃが,wnja:12897493-n
すき焼,すきやき,wnja:07879174-n
すき腹,すきはら,wnja:14039534-n
すすぎ,すすぎ,wnja:00396642-n
すべた,すべた,wnja:09982873-n
ずぼら,ずぼら,wnja:04666416-n
せりふ,せりふ,wnja:07010541-n
そま山,そまやま,wnja:09461170-n
そよ風,そよかぜ,wnja:11431754-n
たえ間,たえま,wnja:01062817-n
たかり,たかり,wnja:00784598-n
たき木,たきぎ,wnja:15100644-n
たずき,たずき,wnja:06643763-n
たつき,たつき,wnja:05826914-n
たより,たより,wnja:06624161-n
たわみ,たわみ,wnja:13907415-n
たんま,たんま,wnja:01062997-n
たん瘤,たんこぶ,wnja:14315192-n
だまし,だまし,wnja:00750730-n
ちゃり,ちゃり,wnja:02834778-n
ちゃん,ちゃん,wnja:09988063-n
ちょぼ,ちょぼ,wnja:13911872-n
ちょん,ちょん,wnja:00752298-n
ちらし,ちらし,wnja:07250339-n
ちんば,ちんば,wnja:09978889-n
つまみ,つまみ,wnja:03485997-n
てて親,てておや,wnja:10080869-n
てんご,てんご,wnja:00427580-n
でき事,できごと,wnja:00029378-n
でれ助,でれすけ,wnja:10274639-n
とぐろ,とぐろ,wnja:13875970-n
ところ,ところ,wnja:08621598-n
とじ目,とじめ,wnja:04160372-n
とも座,ともざ,wnja:09401159-n
どや街,どやがい,wnja:08555443-n
どら猫,どらねこ,wnja:02122510-n
どん底,どんぞこ,wnja:07295955-n
なぞえ,なぞえ,wnja:09437454-n
ねえや,ねえや,wnja:10282672-n
ねぐら,ねぐら,wnja:04107984-n
ねじれ,ねじれ,wnja:07351909-n
ねじ釘,ねじくぎ,wnja:04153751-n
ねんね,ねんね,wnja:09827683-n
のし袋,のしぶくろ,wnja:03291819-n
のっけ,のっけ,wnja:05868051-n
のら猫,のらねこ,wnja:02122510-n
はけ口,はけぐち,wnja:01264447-n
はさみ,はさみ,wnja:02156532-n
はしか,はしか,wnja:14123044-n
はしけ,はしけ,wnja:02792552-n
はしご,はしご,wnja:03632277-n
はと胸,はとむね,wnja:14215199-n
はやり,はやり,wnja:05750163-n
はれ物,はれもの,wnja:14315192-n
ばい菌,ばいきん,wnja:01348530-n
ばい貝,ばいがい,wnja:01947396-n
ばた足,ばたあし,wnja:00575083-n
ばら色,ばらいろ,wnja:04970916-n
ひいき,ひいき,wnja:06200617-n
ひけ目,ひけめ,wnja:07483120-n
ひと時,ひととき,wnja:15270431-n
ひと目,ひとめ,wnja:00877625-n
ひと筆,ひとふで,wnja:06626286-n
ぴか一,ぴかいち,wnja:09762509-n
ふざけ,ふざけ,wnja:00429322-n
ふすま,ふすま,wnja:14806176-n
へぎ板,へぎいた,wnja:04234455-n
へどろ,へどろ,wnja:14956661-n
へび座,へびざ,wnja:09430259-n
べき乗,べきじょう,wnja:00872411-n
ぺてん,ぺてん,wnja:00750306-n
ほくろ,ほくろ,wnja:04693804-n
ほぞ穴,ほぞあな,wnja:03787308-n
ほら穴,ほらあな,wnja:09238926-n
ほろ酔,ほろよい,wnja:14018567-n
ぼやき,ぼやき,wnja:07208708-n
ぽっち,ぽっち,wnja:13895622-n
ぽっぽ,ぽっぽ,wnja:01812337-n
またぎ,またぎ,wnja:10193026-n
まだら,まだら,wnja:04682462-n
まな板,まないた,wnja:03025513-n
まぬけ,まぬけ,wnja:10197525-n
まま母,ままはは,wnja:10654827-n
まんこ,まんこ,wnja:05521111-n
まん中,まんなか,wnja:05868272-n
むだ話,むだばなし,wnja:06609503-n
めかけ,めかけ,wnja:10323752-n
もめ事,もめごと,wnja:00623862-n
やくざ,やくざ,wnja:09879297-n
やけど,やけど,wnja:00403911-n
やせ馬,やせうま,wnja:02381119-n
やり口,やりくち,wnja:00172710-n
やり方,やりかた,wnja:00038262-n
ゆがみ,ゆがみ,wnja:07433973-n
ゆすり,ゆすり,wnja:09858299-n
ゆで卵,ゆでたまご,wnja:07841495-n
ゆらぎ,ゆらぎ,wnja:07337390-n
よそ者,よそもの,wnja:10103921-n
ろ過器,ろかき,wnja:03066849-n
わだち,わだち,wnja:13894154-n
わんこ,わんこ,wnja:02084732-n
アウト,あうと,wnja:00129527-n
アオサ,あおさ,wnja:01408743-n
アキー,あきー,wnja:07762740-n
アクセ,あくせ,wnja:02671421-n
アクメ,あくめ,wnja:00062133-n
アグラ,あぐら,wnja:08904115-n
アゴラ,あごら,wnja:08492461-n
アザミ,あざみ,wnja:11953762-n
アシル,あしる,wnja:14594708-n
アジト,あじと,wnja:04125541-n
アズキ,あずき,wnja:12577686-n
アセス,あせす,wnja:05733583-n
アダン,あだん,wnja:12155009-n
アット,あっと,wnja:13681048-n
アップ,あっぷ,wnja:05110185-n
アトム,あとむ,wnja:14619225-n
アトリ,あとり,wnja:01530575-n
アナゴ,あなご,wnja:02527622-n
アニス,あにす,wnja:07826653-n
アニマ,あにま,wnja:05675715-n
アニメ,あにめ,wnja:14766265-n
アヌス,あぬす,wnja:05538016-n
アノア,あのあ,wnja:02409038-n
アバカ,あばか,wnja:12353431-n
アプス,あぷす,wnja:02731398-n
アプリ,あぷり,wnja:00633329-n
アホ毛,あほげ,wnja:14575700-n
アミル,あみる,wnja:14617834-n
アミン,あみん,wnja:14739004-n
アラム,あらむ,wnja:09033813-n
アラモ,あらも,wnja:01269360-n
アリア,ありあ,wnja:07049514-n
アリル,ありる,wnja:14617427-n
アルト,あると,wnja:04536335-n
アルミ,あるみ,wnja:14627820-n
アレビ,あれび,wnja:11023883-n
アレフ,あれふ,wnja:06836714-n
アロイ,あろい,wnja:14586769-n
アロエ,あろえ,wnja:12436677-n
アロハ,あろは,wnja:06631921-n
アロマ,あろま,wnja:04980008-n
アロー,あろー,wnja:02742753-n
アワビ,あわび,wnja:01942869-n
アンズ,あんず,wnja:07750872-n
アンプ,あんぷ,wnja:02705944-n
アーク,あーく,wnja:13874384-n
アース,あーす,wnja:03462747-n
アーチ,あーち,wnja:00132355-n
アート,あーと,wnja:00933420-n
アーム,あーむ,wnja:02737660-n
アール,あーる,wnja:13613862-n
イエス,いえす,wnja:11083656-n
イオウ,いおう,wnja:14656219-n
イグサ,いぐさ,wnja:11743294-n
イサキ,いさき,wnja:02588286-n
イズム,いずむ,wnja:05943300-n
イチビ,いちび,wnja:12173069-n
イチボ,いちぼ,wnja:07663118-n
イトヨ,いとよ,wnja:01455317-n
イナゴ,いなご,wnja:02226970-n
イネ科,いねか,wnja:12100538-n
イノー,いのー,wnja:11050723-n
イミド,いみど,wnja:15110666-n
インキ,いんき,wnja:14917635-n
インク,いんく,wnja:14917635-n
インチ,いんち,wnja:13649791-n
ウェア,うぇあ,wnja:02728440-n
ウェイ,うぇい,wnja:04096066-n
ウェハ,うぇは,wnja:07687053-n
ウェブ,うぇぶ,wnja:04604276-n
ウエア,うえあ,wnja:02728440-n
ウエハ,うえは,wnja:07687053-n
ウォン,うぉん,wnja:13708992-n
ウォー,うぉー,wnja:11377168-n
ウコン,うこん,wnja:12356255-n
ウズラ,うずら,wnja:01806567-n
ウッド,うっど,wnja:04597066-n
ウツギ,うつぎ,wnja:12790430-n
ウツボ,うつぼ,wnja:02527271-n
ウラン,うらん,wnja:14660443-n
ウルフ,うるふ,wnja:02114100-n
ウンマ,うんま,wnja:08224684-n
ウーゾ,うーぞ,wnja:07904934-n
ウール,うーる,wnja:04599235-n
エアー,えあー,wnja:08499057-n
エイズ,えいず,wnja:14127782-n
エイト,えいと,wnja:13745086-n
エイド,えいど,wnja:13265904-n
エキス,えきす,wnja:05921123-n
エコー,えこー,wnja:04746607-n
エタン,えたん,wnja:14850826-n
エチル,えちる,wnja:14710325-n
エッジ,えっじ,wnja:03264542-n
エテ公,えてこう,wnja:02484322-n
エトス,えとす,wnja:04723286-n
エノキ,えのき,wnja:07746038-n
エビネ,えびね,wnja:12048928-n
エラー,えらー,wnja:00072068-n
エリア,えりあ,wnja:02735688-n
エリカ,えりか,wnja:12227420-n
エリヤ,えりや,wnja:02735688-n
エルグ,えるぐ,wnja:13725726-n
エルフ,えるふ,wnja:09540739-n
エルム,えるむ,wnja:12405714-n
エレキ,えれき,wnja:03272010-n
エンド,えんど,wnja:00728065-n
エージ,えーじ,wnja:15254028-n
エース,えーす,wnja:00568701-n
エード,えーど,wnja:07925966-n
エール,えーる,wnja:07120524-n
オイル,おいる,wnja:03843092-n
オカピ,おかぴ,wnja:02439398-n
オクラ,おくら,wnja:07733394-n
オセロ,おせろ,wnja:09602258-n
オゾン,おぞん,wnja:14972807-n
オペラ,おぺら,wnja:03849814-n
オラン,おらん,wnja:08706663-n
オルグ,おるぐ,wnja:10383237-n
オンス,おんす,wnja:13719922-n
オーク,おーく,wnja:12268246-n
オーダ,おーだ,wnja:06529219-n
オーツ,おーつ,wnja:11210963-n
オード,おーど,wnja:06383659-n
オーバ,おーば,wnja:03057021-n
オーム,おーむ,wnja:11213094-n
オーラ,おーら,wnja:04727214-n
オール,おーる,wnja:03837422-n
カイト,かいと,wnja:03621473-n
カウチ,かうち,wnja:04256520-n
カウル,かうる,wnja:03530910-n
カエデ,かえで,wnja:12752205-n
カエル,かえる,wnja:01639765-n
カオス,かおす,wnja:09557770-n
カカオ,かかお,wnja:07755089-n
カサゴ,かさご,wnja:02643112-n
カシス,かしす,wnja:07744559-n
カジノ,かじの,wnja:02977936-n
カスバ,かすば,wnja:08628141-n
カズー,かずー,wnja:03609397-n
カタル,かたる,wnja:14339772-n
カット,かっと,wnja:00352331-n
カップ,かっぷ,wnja:03147509-n
カツオ,かつお,wnja:02628600-n
カヌー,かぬー,wnja:02951358-n
カノン,かのん,wnja:06430537-n
カバラ,かばら,wnja:05954100-n
カバー,かばー,wnja:00259643-n
カフェ,かふぇ,wnja:02935658-n
カフス,かふす,wnja:03145843-n
カペラ,かぺら,wnja:09234654-n
カマス,かます,wnja:02603317-n
カメオ,かめお,wnja:02942577-n
カラザ,からざ,wnja:01460963-n
カラス,からす,wnja:01579028-n
カラム,からむ,wnja:08433575-n
カラン,からん,wnja:04559451-n
カラー,からー,wnja:03068181-n
カリフ,かりふ,wnja:09887496-n
カルキ,かるき,wnja:09530629-n
カルト,かると,wnja:05751173-n
カレー,かれー,wnja:07823951-n
カンテ,かんて,wnja:02929289-n
カント,かんと,wnja:11096508-n
カンナ,かんな,wnja:12350758-n
カンマ,かんま,wnja:06822958-n
カーキ,かーき,wnja:03615406-n
カーゴ,かーご,wnja:02964389-n
カート,かーと,wnja:03484083-n
カード,かーど,wnja:02962545-n
カーフ,かーふ,wnja:01887896-n
カーブ,かーぶ,wnja:00107875-n
カーマ,かーま,wnja:11103864-n
カール,かーる,wnja:05257737-n
カーン,かーん,wnja:03611169-n
カーヴ,かーゔ,wnja:00107875-n
ガイド,がいど,wnja:00815320-n
ガウス,がうす,wnja:10992675-n
ガウン,がうん,wnja:03237992-n
ガス体,がすたい,wnja:14481080-n
ガス灯,がすとう,wnja:03423877-n
ガゼル,がぜる,wnja:02423022-n
ガッツ,がっつ,wnja:05032351-n
ガット,がっと,wnja:02983741-n
ガトー,がとー,wnja:07631834-n
ガラス,がらす,wnja:14881303-n
ガリー,がりー,wnja:09300306-n
ガリ版,がりばん,wnja:03767459-n
ガロン,がろん,wnja:13619764-n
ガンマ,がんま,wnja:06834351-n
ガーゼ,がーぜ,wnja:03429914-n
ガード,がーど,wnja:00725673-n
ガール,がーる,wnja:10084295-n
キウイ,きうい,wnja:07763629-n
キク科,きくか,wnja:11911591-n
キチン,きちん,wnja:03199647-n
キック,きっく,wnja:00136329-n
キッス,きっす,wnja:00138221-n
キット,きっと,wnja:03619396-n
キッド,きっど,wnja:09917593-n
キップ,きっぷ,wnja:13680948-n
キツネ,きつね,wnja:02118333-n
キヅタ,きづた,wnja:11798978-n
キネマ,きねま,wnja:06262567-n
キノコ,きのこ,wnja:12997919-n
キノン,きのん,wnja:15000973-n
キメラ,きめら,wnja:01481331-n
キャパ,きゃぱ,wnja:05203397-n
キュー,きゅー,wnja:03145522-n
キラー,きらー,wnja:10231087-n
キルク,きるく,wnja:14823227-n
キルト,きると,wnja:03617312-n
キング,きんぐ,wnja:03618101-n
キンマ,きんま,wnja:13149970-n
ギニー,ぎにー,wnja:01809106-n
ギフト,ぎふと,wnja:13265011-n
ギブス,ぎぶす,wnja:02979836-n
ギプス,ぎぷす,wnja:02979836-n
ギボン,ぎぼん,wnja:10997742-n
ギャグ,ぎゃぐ,wnja:06778102-n
ギャル,ぎゃる,wnja:10084295-n
ギヤー,ぎやー,wnja:03431243-n
ギヨー,ぎよー,wnja:09300559-n
ギンポ,ぎんぽ,wnja:02614978-n
クック,くっく,wnja:09963320-n
クヌギ,くぬぎ,wnja:12268246-n
クミン,くみん,wnja:07814634-n
クラゲ,くらげ,wnja:01910252-n
クラス,くらす,wnja:05737153-n
クラブ,くらぶ,wnja:02931417-n
クラン,くらん,wnja:07969695-n
クルス,くるす,wnja:03135532-n
クルミ,くるみ,wnja:07771212-n
クルー,くるー,wnja:08242799-n
クレイ,くれい,wnja:14813182-n
クレー,くれー,wnja:11106830-n
クロウ,くろう,wnja:01579028-n
クロス,くろす,wnja:03135532-n
クロム,くろむ,wnja:14635092-n
クロモ,くろも,wnja:12613706-n
クワイ,くわい,wnja:12612410-n
クワス,くわす,wnja:07890617-n
クワ科,くわか,wnja:12398682-n
クーペ,くーぺ,wnja:03119396-n
グアノ,ぐあの,wnja:14892289-n
グアバ,ぐあば,wnja:07765361-n
グラス,ぐらす,wnja:03438257-n
グラフ,ぐらふ,wnja:07000195-n
グラブ,ぐらぶ,wnja:02800213-n
グラム,ぐらむ,wnja:11010936-n
グラヴ,ぐらゔ,wnja:02800213-n
グリオ,ぐりお,wnja:10147352-n
グリス,ぐりす,wnja:11017020-n
グリル,ぐりる,wnja:03459591-n
グルメ,ぐるめ,wnja:10061656-n
グレイ,ぐれい,wnja:04961691-n
グレコ,ぐれこ,wnja:10956377-n
グレー,ぐれー,wnja:04961691-n
グロー,ぐろー,wnja:05018785-n
ケアー,けあー,wnja:00654885-n
ケカビ,けかび,wnja:12973443-n
ケシ科,けしか,wnja:11900058-n
ケッチ,けっち,wnja:03612010-n
ケット,けっと,wnja:02849154-n
ケトル,けとる,wnja:03612814-n
ケトン,けとん,wnja:14926294-n
ケラー,けらー,wnja:11099085-n
ケルン,けるん,wnja:07273802-n
ケーキ,けーき,wnja:07628870-n
ケーク,けーく,wnja:07628870-n
ケージ,けーじ,wnja:02811059-n
ケース,けーす,wnja:02974697-n
ケープ,けーぷ,wnja:02955767-n
ケール,けーる,wnja:11876976-n
ゲイン,げいん,wnja:05109324-n
ゲスト,げすと,wnja:03827107-n
ゲノム,げのむ,wnja:08457543-n
ゲリラ,げりら,wnja:10150556-n
ゲルト,げると,wnja:13384557-n
ゲージ,げーじ,wnja:03429288-n
ゲート,げーと,wnja:03427296-n
ゲーム,げーむ,wnja:00430606-n
コイル,こいる,wnja:03065424-n
コイン,こいん,wnja:13388245-n
コキュ,こきゅ,wnja:09982152-n
ココア,ここあ,wnja:07755089-n
ココロ,こころ,wnja:07651905-n
コスト,こすと,wnja:05145118-n
コスモ,こすも,wnja:09466280-n
コック,こっく,wnja:03325088-n
コップ,こっぷ,wnja:03147509-n
コドン,こどん,wnja:14816401-n
コバチ,こばち,wnja:02217563-n
コピー,こぴー,wnja:01019901-n
コブノ,こぶの,wnja:09014470-n
コブラ,こぶら,wnja:01747885-n
コプト,こぷと,wnja:09681234-n
コプラ,こぷら,wnja:07773572-n
コボル,こぼる,wnja:06902611-n
コラボ,こらぼ,wnja:01205156-n
コラム,こらむ,wnja:06268357-n
コリン,こりん,wnja:14810561-n
コリー,こりー,wnja:02106030-n
コルク,こるく,wnja:03108853-n
コルダ,こるだ,wnja:11109424-n
コルナ,こるな,wnja:13681275-n
コレラ,これら,wnja:14129579-n
コロナ,ころな,wnja:03111483-n
コロン,ころん,wnja:06842660-n
コンガ,こんが,wnja:00536516-n
コンテ,こんて,wnja:07010393-n
コント,こんと,wnja:06371999-n
コンパ,こんぱ,wnja:08077711-n
コンビ,こんび,wnja:07976936-n
コンペ,こんぺ,wnja:07456188-n
コンボ,こんぼ,wnja:08250302-n
コンポ,こんぽ,wnja:05868954-n
コンマ,こんま,wnja:06842852-n
コーク,こーく,wnja:07928696-n
コース,こーす,wnja:00884466-n
コーダ,こーだ,wnja:07039478-n
コーチ,こーち,wnja:00270800-n
コート,こーと,wnja:03057021-n
コード,こーど,wnja:03106110-n
コーナ,こーな,wnja:03109881-n
コープ,こーぷ,wnja:01100877-n
コーラ,こーら,wnja:06984446-n
コール,こーる,wnja:04516477-n
コーン,こーん,wnja:03089348-n
ゴッド,ごっど,wnja:09505418-n
ゴマ油,ごまあぶら,wnja:07675156-n
ゴマ科,ごまか,wnja:12874429-n
ゴリラ,ごりら,wnja:02480855-n
ゴルフ,ごるふ,wnja:00464894-n
ゴング,ごんぐ,wnja:03017168-n
ゴート,ごーと,wnja:02416519-n
ゴール,ごーる,wnja:00187337-n
サイズ,さいず,wnja:05095691-n
サイト,さいと,wnja:06359193-n
サイロ,さいろ,wnja:04220250-n
サイン,さいん,wnja:06404582-n
サウナ,さうな,wnja:04139395-n
サクラ,さくら,wnja:12641413-n
ササゲ,ささげ,wnja:07726672-n
サッコ,さっこ,wnja:11277680-n
サテン,さてん,wnja:04138261-n
サドル,さどる,wnja:02835915-n
サニー,さにー,wnja:09871229-n
サバナ,さばな,wnja:08645847-n
サパー,さぱー,wnja:07575726-n
サマリ,さまり,wnja:06467007-n
サマー,さまー,wnja:15237250-n
サモサ,さもさ,wnja:07625061-n
サラサ,さらさ,wnja:02939763-n
サラダ,さらだ,wnja:07806221-n
サラミ,さらみ,wnja:07677747-n
サリン,さりん,wnja:14961375-n
サリー,さりー,wnja:04136161-n
サルサ,さるさ,wnja:07823460-n
サルゼ,さるぜ,wnja:04174026-n
サルパ,さるぱ,wnja:01469723-n
サロン,さろん,wnja:02796995-n
サワー,さわー,wnja:07918028-n
サンド,さんど,wnja:07695965-n
サンマ,さんま,wnja:02551668-n
サージ,さーじ,wnja:04174026-n
サーチ,さーち,wnja:00637354-n
サード,さーど,wnja:00724168-n
サーバ,さーば,wnja:04175147-n
サーブ,さーぶ,wnja:00568430-n
ザイル,ざいる,wnja:04108268-n
ザック,ざっく,wnja:02769748-n
ザボン,ざぼん,wnja:07750146-n
シアン,しあん,wnja:04968619-n
シイラ,しいら,wnja:09269174-n
シェア,しぇあ,wnja:01085098-n
シェフ,しぇふ,wnja:09963574-n
シェマ,しぇま,wnja:05927813-n
シェル,しぇる,wnja:01904182-n
シガー,しがー,wnja:03030035-n
シスク,しすく,wnja:04932561-n
シスト,しすと,wnja:14202996-n
シズル,しずる,wnja:07393919-n
シソ科,しそか,wnja:12838027-n
シニア,しにあ,wnja:10048218-n
シネマ,しねま,wnja:06262567-n
シフト,しふと,wnja:07415730-n
シャケ,しゃけ,wnja:02534734-n
シャチ,しゃち,wnja:02071294-n
シャツ,しゃつ,wnja:03595614-n
シャブ,しゃぶ,wnja:02704153-n
シャム,しゃむ,wnja:09036452-n
シャレ,しゃれ,wnja:06767777-n
シャン,しゃん,wnja:04685649-n
シャー,しゃー,wnja:10585496-n
ショー,しょー,wnja:00520257-n
シラミ,しらみ,wnja:02183857-n
シラン,しらん,wnja:12046620-n
シリカ,しりか,wnja:15041277-n
シルク,しるく,wnja:04219424-n
シルト,しると,wnja:15042052-n
シルフ,しるふ,wnja:10685300-n
シング,しんぐ,wnja:11327744-n
シンパ,しんぱ,wnja:10686073-n
シーク,しーく,wnja:07350893-n
シース,しーす,wnja:03062015-n
シーツ,しーつ,wnja:04188179-n
シート,しーと,wnja:04161358-n
シード,しーど,wnja:10575463-n
シール,しーる,wnja:02076196-n
シーン,しーん,wnja:06614729-n
ジェイ,じぇい,wnja:11081111-n
ジェム,じぇむ,wnja:14699752-n
ジゴロ,じごろ,wnja:10129464-n
ジビエ,じびえ,wnja:07650449-n
ジャズ,じゃず,wnja:07060976-n
ジャバ,じゃば,wnja:06901053-n
ジャブ,じゃぶ,wnja:00135311-n
ジャム,じゃむ,wnja:07642933-n
ジョイ,じょい,wnja:07527352-n
ジョグ,じょぐ,wnja:00112997-n
ジョブ,じょぶ,wnja:06572482-n
ジラフ,じらふ,wnja:02439033-n
ジレー,じれー,wnja:02963159-n
ジンク,じんく,wnja:14661977-n
ジンタ,じんた,wnja:07383616-n
ジープ,じーぷ,wnja:03594945-n
ジーン,じーん,wnja:05436752-n
スカイ,すかい,wnja:08521267-n
スカル,すかる,wnja:04156720-n
スキル,すきる,wnja:05153520-n
スキン,すきん,wnja:01895735-n
スキー,すきー,wnja:00440747-n
スコア,すこあ,wnja:00186634-n
スタア,すたあ,wnja:09444100-n
スター,すたー,wnja:09444100-n
スチル,すちる,wnja:04319248-n
ステイ,すてい,wnja:01053617-n
ストア,すとあ,wnja:04202417-n
スノー,すのー,wnja:15043763-n
スパイ,すぱい,wnja:10569411-n
スパナ,すぱな,wnja:04606574-n
スパム,すぱむ,wnja:06280347-n
スパン,すぱん,wnja:05087061-n
スパー,すぱー,wnja:04267577-n
スピア,すぴあ,wnja:04270891-n
スピン,すぴん,wnja:00343249-n
スフレ,すふれ,wnja:07843464-n
スプン,すぷん,wnja:04284002-n
スペア,すぺあ,wnja:00187890-n
スペル,すぺる,wnja:06353445-n
スラブ,すらぶ,wnja:03783755-n
スラム,すらむ,wnja:08651832-n
スラー,すらー,wnja:06865953-n
スリル,すりる,wnja:01261293-n
スロー,すろー,wnja:00104539-n
スワン,すわん,wnja:01858441-n
スンナ,すんな,wnja:00416409-n
スーツ,すーつ,wnja:04350905-n
スープ,すーぷ,wnja:07583197-n
スール,すーる,wnja:08958334-n
ズック,ずっく,wnja:02953673-n
ズーム,ずーむ,wnja:04403413-n
セクタ,せくた,wnja:07966719-n
セダン,せだん,wnja:04166281-n
セット,せっと,wnja:00625699-n
セディ,せでぃ,wnja:13667048-n
セネガ,せねが,wnja:12705220-n
セピア,せぴあ,wnja:04973386-n
セブン,せぶん,wnja:13744916-n
セメン,せめん,wnja:14704640-n
セラー,せらー,wnja:04108137-n
セリン,せりん,wnja:15022035-n
セリー,せりー,wnja:07900958-n
セリ科,せりか,wnja:12930044-n
セレン,せれん,wnja:14654175-n
セロリ,せろり,wnja:07730406-n
センサ,せんさ,wnja:03180969-n
センス,せんす,wnja:05614657-n
センタ,せんた,wnja:00725506-n
セント,せんと,wnja:13664521-n
センナ,せんな,wnja:12499163-n
セージ,せーじ,wnja:07820497-n
セーブ,せーぶ,wnja:01079396-n
セール,せーる,wnja:01117723-n
ゼリー,ぜりー,wnja:07643306-n
ソウル,そうる,wnja:08955951-n
ソテツ,そてつ,wnja:11600372-n
ソテー,そてー,wnja:07655263-n
ソナタ,そなた,wnja:07044088-n
ソナー,そなー,wnja:04259771-n
ソファ,そふぁ,wnja:04256520-n
ソフト,そふと,wnja:03325941-n
ソルト,そると,wnja:07149582-n
ソルベ,そるべ,wnja:07614348-n
ソワレ,そわれ,wnja:08255231-n
ソング,そんぐ,wnja:07048000-n
ソース,そーす,wnja:04923743-n
ソート,そーと,wnja:13558696-n
ソード,そーど,wnja:04373894-n
ソープ,そーぷ,wnja:04253437-n
ソール,そーる,wnja:04258982-n
ゾンビ,ぞんび,wnja:07919165-n
ゾーン,ぞーん,wnja:02735688-n
タイア,たいあ,wnja:04440749-n
タイツ,たいつ,wnja:04434932-n
タイプ,たいぷ,wnja:04505036-n
タイム,たいむ,wnja:00028270-n
タイヤ,たいや,wnja:04440749-n
タイル,たいる,wnja:04435180-n
タウン,たうん,wnja:08665504-n
タオル,たおる,wnja:04414476-n
タカナ,たかな,wnja:07819682-n
タカ派,たかは,wnja:10162644-n
タガメ,たがめ,wnja:02242137-n
タシギ,たしぎ,wnja:02032222-n
タスク,たすく,wnja:00719705-n
タック,たっく,wnja:00314395-n
タッグ,たっぐ,wnja:07273136-n
タッチ,たっち,wnja:00046522-n
タップ,たっぷ,wnja:04390977-n
タデ科,たでか,wnja:12600574-n
タヌキ,たぬき,wnja:02116450-n
タフタ,たふた,wnja:04383839-n
タブー,たぶー,wnja:04884302-n
タルト,たると,wnja:07623933-n
タワー,たわー,wnja:04460130-n
タンク,たんく,wnja:03035510-n
ターフ,たーふ,wnja:09463919-n
ターム,たーむ,wnja:15224486-n
タール,たーる,wnja:14911704-n
ターン,たーん,wnja:00342028-n
ダイア,だいあ,wnja:03187972-n
ダイス,だいす,wnja:03191029-n
ダイブ,だいぶ,wnja:00442981-n
ダイム,だいむ,wnja:13390040-n
ダイヤ,だいや,wnja:03187972-n
ダイン,だいん,wnja:13647498-n
ダイヴ,だいゔ,wnja:00442981-n
ダウン,だうん,wnja:00458286-n
ダクト,だくと,wnja:03253398-n
ダスト,だすと,wnja:14839846-n
ダック,だっく,wnja:01846331-n
ダフ屋,だふや,wnja:10554846-n
ダブり,だぶり,wnja:01018630-n
ダラシ,だらし,wnja:13668161-n
ダラー,だらー,wnja:13661273-n
ダリア,だりあ,wnja:11960245-n
ダルマ,だるま,wnja:09525579-n
ダンク,だんく,wnja:00110554-n
ダンス,だんす,wnja:00428270-n
ダンプ,だんぷ,wnja:03256166-n
ダース,だーす,wnja:13746785-n
ダーツ,だーつ,wnja:00504209-n
ダール,だーる,wnja:06972311-n
チェア,ちぇあ,wnja:03001627-n
チェス,ちぇす,wnja:00503237-n
チェロ,ちぇろ,wnja:02992211-n
チキン,ちきん,wnja:07644967-n
チコリ,ちこり,wnja:07730855-n
チック,ちっく,wnja:03113152-n
チップ,ちっぷ,wnja:03020034-n
チミン,ちみん,wnja:15072857-n
チャコ,ちゃこ,wnja:03003091-n
チョコ,ちょこ,wnja:07601999-n
チワワ,ちわわ,wnja:02085620-n
チンキ,ちんき,wnja:04439122-n
チーク,ちーく,wnja:12916511-n
チーズ,ちーず,wnja:07850329-n
チータ,ちーた,wnja:02130308-n
チーフ,ちーふ,wnja:09893344-n
チーム,ちーむ,wnja:08079613-n
チーン,ちーん,wnja:07383257-n
ツアー,つあー,wnja:00310666-n
ツグミ,つぐみ,wnja:01557185-n
ツゲ科,つげか,wnja:12745788-n
ツバメ,つばめ,wnja:01594787-n
ツパイ,つぱい,wnja:02495099-n
ツリー,つりー,wnja:13104059-n
ツール,つーる,wnja:00173761-n
ティー,てぃー,wnja:04399537-n
テイク,ていく,wnja:00908133-n
テイル,ている,wnja:02157557-n
テクノ,てくの,wnja:07058064-n
テスト,てすと,wnja:00636461-n
テスラ,てすら,wnja:11336850-n
テトラ,てとら,wnja:02583890-n
テナー,てなー,wnja:06872676-n
テニス,てにす,wnja:00482298-n
テラス,てらす,wnja:03899768-n
テラー,てらー,wnja:11335041-n
テリア,てりあ,wnja:02092468-n
テルル,てるる,wnja:14657228-n
テレコ,てれこ,wnja:04393095-n
テレビ,てれび,wnja:04405907-n
テンス,てんす,wnja:06329506-n
テント,てんと,wnja:03035252-n
テーゼ,てーぜ,wnja:06755454-n
テープ,てーぷ,wnja:02978881-n
テーマ,てーま,wnja:04347225-n
テール,てーる,wnja:02157557-n
デイゴ,でいご,wnja:12528974-n
デイム,でいむ,wnja:09989290-n
デシン,でしん,wnja:03130761-n
デスク,ですく,wnja:03179701-n
デッキ,でっき,wnja:03167666-n
デニム,でにむ,wnja:03175189-n
デネブ,でねぶ,wnja:09265392-n
デビル,でびる,wnja:09542339-n
デポー,でぽー,wnja:03177349-n
デモン,でもん,wnja:09542339-n
デュオ,でゅお,wnja:07041451-n
デリス,でりす,wnja:12525513-n
デルタ,でるた,wnja:06834458-n
データ,でーた,wnja:05816287-n
デーツ,でーつ,wnja:07765073-n
デート,でーと,wnja:08385009-n
トイレ,といれ,wnja:00828704-n
トゥー,とぅー,wnja:04444345-n
トクサ,とくさ,wnja:13220122-n
トグル,とぐる,wnja:06587399-n
トップ,とっぷ,wnja:04453666-n
トナー,となー,wnja:04450640-n
トライ,とらい,wnja:00786195-n
トラス,とらす,wnja:04492375-n
トリオ,とりお,wnja:07041595-n
トリガ,とりが,wnja:03470629-n
トリム,とりむ,wnja:00359903-n
トリル,とりる,wnja:06860177-n
トルク,とるく,wnja:11519702-n
トルテ,とるて,wnja:07633511-n
トレイ,とれい,wnja:03880323-n
トレー,とれー,wnja:03880323-n
トワレ,とわれ,wnja:04446521-n
トング,とんぐ,wnja:04450749-n
トーガ,とーが,wnja:04445040-n
トーク,とーく,wnja:03937835-n
トーチ,とーち,wnja:03359137-n
トート,とーと,wnja:09513744-n
トーン,とーん,wnja:04959230-n
ト書き,とがき,wnja:06789080-n
ドグマ,どぐま,wnja:06790042-n
ドック,どっく,wnja:03216828-n
ドッグ,どっぐ,wnja:02084071-n
ドット,どっと,wnja:06805826-n
ドナー,どなー,wnja:10026058-n
ドミノ,どみの,wnja:03220802-n
ドラマ,どらま,wnja:06376154-n
ドラム,どらむ,wnja:03249569-n
ドリル,どりる,wnja:02487079-n
ドレス,どれす,wnja:02728440-n
ドロー,どろー,wnja:00497536-n
ドーズ,どーず,wnja:10925584-n
ドープ,どーぷ,wnja:03990834-n
ドーム,どーむ,wnja:03220513-n
ドール,どーる,wnja:03219135-n
ナイト,ないと,wnja:03624767-n
ナイフ,ないふ,wnja:03623556-n
ナイラ,ないら,wnja:13689073-n
ナイン,ないん,wnja:08079613-n
ナズナ,なずな,wnja:11881189-n
ナセル,なせる,wnja:11200812-n
ナッツ,なっつ,wnja:13136556-n
ナット,なっと,wnja:03836191-n
ナフサ,なふさ,wnja:14958405-n
ナフタ,なふた,wnja:01092769-n
ナマコ,なまこ,wnja:02321529-n
ナマズ,なまず,wnja:02517442-n
ナース,なーす,wnja:10366966-n
ニウム,にうむ,wnja:14627820-n
ニオブ,におぶ,wnja:14646942-n
ニガー,にがー,wnja:09638009-n
ニグロ,にぐろ,wnja:09636339-n
ニッチ,にっち,wnja:13872421-n
ニット,にっと,wnja:03625226-n
ニッパ,にっぱ,wnja:02156532-n
ニヒル,にひる,wnja:13740591-n
ニレ科,にれか,wnja:12404943-n
ニンフ,にんふ,wnja:02311617-n
ニード,にーど,wnja:14449126-n
ヌガー,ぬがー,wnja:07608339-n
ヌース,ぬーす,wnja:05615147-n
ヌード,ぬーど,wnja:03835197-n
ネオン,ねおん,wnja:14646152-n
ネグロ,ねぐろ,wnja:09636339-n
ネジ山,ねじやま,wnja:04154938-n
ネズミ,ねずみ,wnja:02331046-n
ネック,ねっく,wnja:05546540-n
ネット,ねっと,wnja:03580615-n
ネーム,ねーむ,wnja:06333653-n
ネール,ねーる,wnja:05581693-n
ノイズ,のいず,wnja:07387509-n
ノギス,のぎす,wnja:04528968-n
ノスリ,のすり,wnja:01607962-n
ノック,のっく,wnja:07386370-n
ノッチ,のっち,wnja:00387897-n
ノット,のっと,wnja:10881382-n
ノッブ,のっぶ,wnja:03626014-n
ノベル,のべる,wnja:06367879-n
ノルマ,のるま,wnja:13599348-n
ノース,のーす,wnja:06953731-n
ノート,のーと,wnja:03832673-n
ノード,のーど,wnja:03827107-n
ノーム,のーむ,wnja:09056055-n
ハイム,はいむ,wnja:03259505-n
ハウス,はうす,wnja:03544360-n
ハギス,はぎす,wnja:07869111-n
ハコベ,はこべ,wnja:11817774-n
ハシシ,はしし,wnja:03497182-n
ハダニ,はだに,wnja:01782209-n
ハッジ,はっじ,wnja:05915034-n
ハット,はっと,wnja:03497657-n
ハニー,はにー,wnja:07858978-n
ハレム,はれむ,wnja:03494105-n
ハロワ,はろわ,wnja:08354523-n
ハロン,はろん,wnja:13651072-n
ハロー,はろー,wnja:03496612-n
ハンデ,はんで,wnja:05156822-n
ハント,はんと,wnja:00622584-n
ハンド,はんど,wnja:05564590-n
ハート,はーと,wnja:03507048-n
ハード,はーど,wnja:03493333-n
ハーフ,はーふ,wnja:13736799-n
ハーブ,はーぶ,wnja:07811416-n
ハープ,はーぷ,wnja:03495258-n
ハ長調,はちょうちょう,wnja:06866442-n
バイク,ばいく,wnja:03790512-n
バイト,ばいと,wnja:00584367-n
バイブ,ばいぶ,wnja:04727883-n
バカラ,ばから,wnja:00489933-n
バガス,ばがす,wnja:14772317-n
バギナ,ばぎな,wnja:05521111-n
バギー,ばぎー,wnja:02766534-n
バケツ,ばけつ,wnja:02909870-n
バザー,ばざー,wnja:01118182-n
バジル,ばじる,wnja:07816164-n
バスト,ばすと,wnja:05554405-n
バス代,ばすだい,wnja:13308432-n
バス停,ばすてい,wnja:08517676-n
バス賃,ばすちん,wnja:13308432-n
バター,ばたー,wnja:07848338-n
バック,ばっく,wnja:00725775-n
バッグ,ばっぐ,wnja:02773037-n
バッジ,ばっじ,wnja:06882561-n
バッチ,ばっち,wnja:06882561-n
バット,ばっと,wnja:02799175-n
バップ,ばっぷ,wnja:08141664-n
バディ,ばでぃ,wnja:05216365-n
バトル,ばとる,wnja:00953559-n
バトン,ばとん,wnja:02809491-n
バナナ,ばなな,wnja:07753592-n
バナー,ばなー,wnja:04301140-n
バニラ,ばにら,wnja:07828807-n
バブル,ばぶる,wnja:05907251-n
バラカ,ばらか,wnja:10834011-n
バラス,ばらす,wnja:02779845-n
バラ窓,ばらまど,wnja:04110178-n
バリア,ばりあ,wnja:02796623-n
バリヤ,ばりや,wnja:05690916-n
バリン,ばりん,wnja:15086088-n
バルサ,ばるさ,wnja:12191587-n
バルト,ばると,wnja:10836184-n
バルナ,ばるな,wnja:08714966-n
バルブ,ばるぶ,wnja:04519153-n
バレエ,ばれえ,wnja:00528667-n
バレル,ばれる,wnja:13619920-n
バレー,ばれー,wnja:00480211-n
バロア,ばろあ,wnja:08159464-n
バロン,ばろん,wnja:02794368-n
バンク,ばんく,wnja:00169305-n
バンダ,ばんだ,wnja:12086012-n
バント,ばんと,wnja:00128477-n
バンド,ばんど,wnja:02784218-n
バンプ,ばんぷ,wnja:07032206-n
バーク,ばーく,wnja:02793199-n
バース,ばーす,wnja:02831724-n
バーツ,ばーつ,wnja:13663820-n
バード,ばーど,wnja:01503061-n
バール,ばーる,wnja:09214060-n
バーン,ばーん,wnja:13614256-n
パイカ,ぱいか,wnja:13712428-n
パイプ,ぱいぷ,wnja:03944672-n
パイル,ぱいる,wnja:11249559-n
パウチ,ぱうち,wnja:03993180-n
パシャ,ぱしゃ,wnja:10403768-n
パスタ,ぱすた,wnja:07698915-n
パズル,ぱずる,wnja:04028315-n
パセリ,ぱせり,wnja:07819896-n
パタン,ぱたん,wnja:00410247-n
パック,ぱっく,wnja:03870980-n
パッチ,ぱっち,wnja:03897943-n
パット,ぱっと,wnja:00572838-n
パッド,ぱっど,wnja:14973133-n
パティ,ぱてぃ,wnja:07599468-n
パネル,ぱねる,wnja:03187268-n
パフェ,ぱふぇ,wnja:07616386-n
パリア,ぱりあ,wnja:02085118-n
パルス,ぱるす,wnja:07400906-n
パルプ,ぱるぷ,wnja:14794418-n
パレス,ぱれす,wnja:03877845-n
パワー,ぱわー,wnja:05030680-n
パンク,ぱんく,wnja:00518669-n
パンダ,ぱんだ,wnja:02510455-n
パンチ,ぱんち,wnja:00134780-n
パンツ,ぱんつ,wnja:03234164-n
パント,ぱんと,wnja:00136984-n
パンフ,ぱんふ,wnja:06409290-n
パンヤ,ぱんや,wnja:12190241-n
パン種,ぱんだね,wnja:15106271-n
パーカ,ぱーか,wnja:03891051-n
パーク,ぱーく,wnja:08615149-n
パーサ,ぱーさ,wnja:06577369-n
パース,ぱーす,wnja:04026417-n
パーチ,ぱーち,wnja:02555863-n
パーツ,ぱーつ,wnja:03892891-n
パート,ぱーと,wnja:05867413-n
パーマ,ぱーま,wnja:05260533-n
パーリ,ぱーり,wnja:06973334-n
パーン,ぱーん,wnja:09568241-n
ヒグマ,ひぐま,wnja:02132136-n
ヒスイ,ひすい,wnja:14924602-n
ヒット,ひっと,wnja:00043902-n
ヒップ,ひっぷ,wnja:05556325-n
ヒツジ,ひつじ,wnja:02411705-n
ヒドラ,ひどら,wnja:01912152-n
ヒメジ,ひめじ,wnja:02599958-n
ヒユ科,ひゆか,wnja:11822557-n
ヒヨス,ひよす,wnja:12904314-n
ヒラメ,ひらめ,wnja:07790400-n
ヒンジ,ひんじ,wnja:03521076-n
ヒント,ひんと,wnja:05794057-n
ヒース,ひーす,wnja:12226932-n
ヒート,ひーと,wnja:05016171-n
ヒール,ひーる,wnja:03511426-n
ビアン,びあん,wnja:10254965-n
ビエラ,びえら,wnja:04539407-n
ビオラ,びおら,wnja:04536335-n
ビカム,びかむ,wnja:11400230-n
ビキニ,びきに,wnja:02837789-n
ビギン,びぎん,wnja:00535321-n
ビスク,びすく,wnja:07584332-n
ビット,びっと,wnja:02844307-n
ビデオ,びでお,wnja:04534127-n
ビニル,びにる,wnja:15088308-n
ビヤ樽,びやだる,wnja:02823335-n
ビュー,びゅー,wnja:06208751-n
ビルジ,びるじ,wnja:15059797-n
ビルダ,びるだ,wnja:09960688-n
ビンカ,びんか,wnja:11777779-n
ビンゴ,びんご,wnja:00504660-n
ビーア,びーあ,wnja:07886849-n
ビーズ,びーず,wnja:02815071-n
ビーチ,びーち,wnja:09217230-n
ビート,びーと,wnja:00314094-n
ビーフ,びーふ,wnja:07663592-n
ビーム,びーむ,wnja:02815950-n
ビール,びーる,wnja:07886849-n
ビーン,びーん,wnja:07724943-n
ビー玉,びーだま,wnja:03721047-n
ピアノ,ぴあの,wnja:03928116-n
ピアフ,ぴあふ,wnja:11234152-n
ピエタ,ぴえた,wnja:03934656-n
ピエロ,ぴえろ,wnja:09603120-n
ピクル,ぴくる,wnja:13718675-n
ピジン,ぴじん,wnja:06905680-n
ピック,ぴっく,wnja:00563665-n
ピッチ,ぴっち,wnja:00106272-n
ピット,ぴっと,wnja:09393108-n
ピラフ,ぴらふ,wnja:07873464-n
ピレン,ぴれん,wnja:13136863-n
ピンク,ぴんく,wnja:04970916-n
ピンチ,ぴんち,wnja:07417405-n
ピント,ぴんと,wnja:04703235-n
ピーク,ぴーく,wnja:07417043-n
ピース,ぴーす,wnja:04250026-n
ピーチ,ぴーち,wnja:07751004-n
ファド,ふぁど,wnja:07051441-n
ファン,ふぁん,wnja:03320046-n
ファー,ふぁー,wnja:14764061-n
フィズ,ふぃず,wnja:07919310-n
フィレ,ふぃれ,wnja:07655337-n
フィン,ふぃん,wnja:02466132-n
フィー,ふぃー,wnja:13320168-n
フェア,ふぇあ,wnja:08408557-n
フェス,ふぇす,wnja:00517728-n
フォア,ふぉあ,wnja:13744304-n
フォグ,ふぉぐ,wnja:11458314-n
フォト,ふぉと,wnja:03925226-n
フォン,ふぉん,wnja:04401088-n
フォー,ふぉー,wnja:13744304-n
フサモ,ふさも,wnja:12327022-n
フック,ふっく,wnja:00135799-n
フッ化,ふっか,wnja:00365012-n
フッ素,ふっそ,wnja:14637507-n
フライ,ふらい,wnja:00128638-n
フラウ,ふらう,wnja:06340707-n
フラグ,ふらぐ,wnja:03354903-n
フラノ,ふらの,wnja:03356982-n
フラー,ふらー,wnja:10985440-n
フリマ,ふりま,wnja:08571898-n
フリル,ふりる,wnja:03397532-n
フリー,ふりー,wnja:13991823-n
フレア,ふれあ,wnja:11510223-n
フロア,ふろあ,wnja:03365592-n
フロラ,ふろら,wnja:08436759-n
フロー,ふろー,wnja:00329227-n
フーガ,ふーが,wnja:07043675-n
フード,ふーど,wnja:03531281-n
ブザー,ぶざー,wnja:03222516-n
ブタン,ぶたん,wnja:14685017-n
ブチル,ぶちる,wnja:15008025-n
ブック,ぶっく,wnja:02870092-n
ブッダ,ぶっだ,wnja:09532214-n
ブテン,ぶてん,wnja:14787093-n
ブドウ,ぶどう,wnja:07758680-n
ブナ科,ぶなか,wnja:12260208-n
ブラス,ぶらす,wnja:02891788-n
ブリキ,ぶりき,wnja:04439840-n
ブリダ,ぶりだ,wnja:08706502-n
ブルカ,ぶるか,wnja:02922578-n
ブルマ,ぶるま,wnja:02854739-n
ブルー,ぶるー,wnja:02703692-n
ブレア,ぶれあ,wnja:10852506-n
ブログ,ぶろぐ,wnja:06402202-n
ブロー,ぶろー,wnja:01173038-n
ブーケ,ぶーけ,wnja:02879087-n
ブース,ぶーす,wnja:02873839-n
ブーツ,ぶーつ,wnja:02872752-n
ブート,ぶーと,wnja:00422261-n
ブーム,ぶーむ,wnja:02871824-n
ブール,ぶーる,wnja:02878628-n
プシケ,ぷしけ,wnja:10627082-n
プット,ぷっと,wnja:00080968-n
プラウ,ぷらう,wnja:03967562-n
プラオ,ぷらお,wnja:03967562-n
プラグ,ぷらぐ,wnja:03091374-n
プラザ,ぷらざ,wnja:08619795-n
プラス,ぷらす,wnja:00872107-n
プラム,ぷらむ,wnja:07751451-n
プラン,ぷらん,wnja:05728678-n
プリマ,ぷりま,wnja:07741623-n
プリム,ぷりむ,wnja:15196870-n
プリン,ぷりん,wnja:07612632-n
プルス,ぷるす,wnja:07400906-n
プレイ,ぷれい,wnja:00511817-n
プレス,ぷれす,wnja:00113113-n
プレー,ぷれー,wnja:00041188-n
プード,ぷーど,wnja:13718838-n
プーマ,ぷーま,wnja:02125311-n
プーリ,ぷーり,wnja:04020298-n
プール,ぷーる,wnja:03982060-n
ヘアー,へあー,wnja:05254795-n
ヘチマ,へちま,wnja:12166424-n
ヘッダ,へっだ,wnja:06343971-n
ヘッド,へっど,wnja:01264933-n
ヘブン,へぶん,wnja:05627785-n
ヘヤー,へやー,wnja:05254795-n
ヘルス,へるす,wnja:13923779-n
ヘルツ,へるつ,wnja:11046722-n
ヘルプ,へるぷ,wnja:01207609-n
ヘロン,へろん,wnja:11045106-n
ヘンナ,へんな,wnja:14988741-n
ヘーン,へーん,wnja:11022160-n
ベイス,べいす,wnja:02798290-n
ベクタ,べくた,wnja:05864577-n
ベスト,べすと,wnja:00127531-n
ベスパ,べすぱ,wnja:02212811-n
ベゼル,べぜる,wnja:02833943-n
ベッド,べっど,wnja:02818832-n
ベトン,べとん,wnja:14820180-n
ベビー,べびー,wnja:00796767-n
ベリー,べりー,wnja:07742704-n
ベルト,べると,wnja:02827606-n
ベロア,べろあ,wnja:04524941-n
ベンダ,べんだ,wnja:10577284-n
ベンチ,べんち,wnja:02828884-n
ベンド,べんど,wnja:09133364-n
ベン図,べんず,wnja:04525821-n
ベース,べーす,wnja:02798290-n
ベーゼ,べーぜ,wnja:00138221-n
ベール,べーる,wnja:03502331-n
ペアー,ぺあー,wnja:07985628-n
ペカン,ぺかん,wnja:07774719-n
ペコー,ぺこー,wnja:07934908-n
ペスト,ぺすと,wnja:14138691-n
ペセタ,ぺせた,wnja:13690758-n
ペダル,ぺだる,wnja:03903424-n
ペット,ぺっと,wnja:01318894-n
ペニス,ぺにす,wnja:05526384-n
ペニヒ,ぺにひ,wnja:13688190-n
ペニー,ぺにー,wnja:13694367-n
ペパー,ぺぱー,wnja:07815588-n
ペンキ,ぺんき,wnja:03875218-n
ペンチ,ぺんち,wnja:03966976-n
ペンネ,ぺんね,wnja:07701147-n
ペン先,ぺんさき,wnja:03823111-n
ページ,ぺーじ,wnja:06256697-n
ペース,ぺーす,wnja:05058580-n
ペーパ,ぺーぱ,wnja:06267145-n
ホイル,ほいる,wnja:03375694-n
ホウ素,ほうそ,wnja:14631871-n
ホスト,ほすと,wnja:04175147-n
ホタル,ほたる,wnja:02168245-n
ホップ,ほっぷ,wnja:00120010-n
ホテル,ほてる,wnja:03542333-n
ホビー,ほびー,wnja:00432689-n
ホムペ,ほむぺ,wnja:06359193-n
ホラー,ほらー,wnja:07520411-n
ホリー,ほりー,wnja:11056654-n
ホルン,ほるん,wnja:03110669-n
ホーク,ほーく,wnja:03383948-n
ホース,ほーす,wnja:03539875-n
ホープ,ほーぷ,wnja:07541053-n
ホーム,ほーむ,wnja:03259505-n
ホール,ほーる,wnja:03478756-n
ホーン,ほーん,wnja:02761834-n
ボイス,ぼいす,wnja:07110615-n
ボイラ,ぼいら,wnja:02863750-n
ボイル,ぼいる,wnja:04539794-n
ボウル,ぼうる,wnja:02880940-n
ボギー,ぼぎー,wnja:13595414-n
ボタン,ぼたん,wnja:11719286-n
ボット,ぼっと,wnja:06579715-n
ボディ,ぼでぃ,wnja:05216365-n
ボデイ,ぼでい,wnja:05216365-n
ボデー,ぼでー,wnja:05216365-n
ボトム,ぼとむ,wnja:08511241-n
ボトル,ぼとる,wnja:02876657-n
ボノボ,ぼのぼ,wnja:02482650-n
ボビン,ぼびん,wnja:02860415-n
ボルト,ぼると,wnja:02865665-n
ボレロ,ぼれろ,wnja:00530755-n
ボレー,ぼれー,wnja:00569733-n
ボンゴ,ぼんご,wnja:02424085-n
ボンド,ぼんど,wnja:13417410-n
ボーイ,ぼーい,wnja:09637837-n
ボーク,ぼーく,wnja:00107279-n
ボーグ,ぼーぐ,wnja:14411884-n
ボート,ぼーと,wnja:02858304-n
ボード,ぼーど,wnja:02856463-n
ボール,ぼーる,wnja:00107400-n
ポアズ,ぽあず,wnja:13715240-n
ポウチ,ぽうち,wnja:03993180-n
ポエム,ぽえむ,wnja:06377442-n
ポスト,ぽすと,wnja:00586262-n
ポッケ,ぽっけ,wnja:03972524-n
ポッド,ぽっど,wnja:03973945-n
ポップ,ぽっぷ,wnja:07059962-n
ポテチ,ぽてち,wnja:07712559-n
ポテト,ぽてと,wnja:12897493-n
ポトス,ぽとす,wnja:11788727-n
ポトフ,ぽとふ,wnja:07593004-n
ポニー,ぽにー,wnja:02382437-n
ポピー,ぽぴー,wnja:11900569-n
ポプラ,ぽぷら,wnja:12731401-n
ポプリ,ぽぷり,wnja:03992325-n
ポポー,ぽぽー,wnja:07760859-n
ポリオ,ぽりお,wnja:14140176-n
ポリス,ぽりす,wnja:08209687-n
ポルカ,ぽるか,wnja:00538144-n
ポルト,ぽると,wnja:08052227-n
ポルノ,ぽるの,wnja:00747215-n
ポンス,ぽんす,wnja:11242321-n
ポンチ,ぽんち,wnja:04023249-n
ポンド,ぽんど,wnja:13648184-n
ポンプ,ぽんぷ,wnja:04021798-n
ポン引,ぽんびき,wnja:10433737-n
ポーク,ぽーく,wnja:07668702-n
ポーズ,ぽーず,wnja:00755673-n
ポーチ,ぽーち,wnja:03984381-n
ポート,ぽーと,wnja:03578656-n
ポール,ぽーる,wnja:03976657-n
マアジ,まあじ,wnja:02580679-n
マイム,まいむ,wnja:00550016-n
マイル,まいる,wnja:07469325-n
マウス,まうす,wnja:02330245-n
マカク,まかく,wnja:02487347-n
マガモ,まがも,wnja:01847806-n
マキシ,まきし,wnja:03732458-n
マクロ,まくろ,wnja:05104548-n
マグマ,まぐま,wnja:14931795-n
マグロ,まぐろ,wnja:02626762-n
マザボ,まざぼ,wnja:03125057-n
マザー,まざー,wnja:10332385-n
マシン,ましん,wnja:03699975-n
マスク,ますく,wnja:03724870-n
マスタ,ますた,wnja:03727274-n
マスト,ますと,wnja:03726760-n
マズル,まずる,wnja:02452464-n
マダニ,まだに,wnja:01776313-n
マダム,まだむ,wnja:09989290-n
マチネ,まちね,wnja:06894111-n
マッセ,まっせ,wnja:00500669-n
マット,まっと,wnja:03151500-n
マップ,まっぷ,wnja:03720163-n
マツモ,まつも,wnja:11702252-n
マツ科,まつか,wnja:11607739-n
マトン,まとん,wnja:07666733-n
マナー,まなー,wnja:04898087-n
マニア,まにあ,wnja:10077593-n
マニヤ,まにや,wnja:10077593-n
マネー,まねー,wnja:13250542-n
マヒワ,まひわ,wnja:01531512-n
マフグ,まふぐ,wnja:02656032-n
マフラ,まふら,wnja:04143897-n
マミー,まみー,wnja:10278128-n
マリン,まりん,wnja:10294139-n
マリー,まりー,wnja:12335664-n
マルク,まるく,wnja:06441803-n
マロン,まろん,wnja:11151932-n
マロー,まろー,wnja:11197743-n
マント,まんと,wnja:03045337-n
マンボ,まんぼ,wnja:00538668-n
マーカ,まーか,wnja:03721797-n
マーク,まーく,wnja:05703429-n
マーチ,まーち,wnja:07058296-n
マート,まーと,wnja:03722288-n
マーム,まーむ,wnja:09989290-n
ミイラ,みいら,wnja:05218630-n
ミクス,みくす,wnja:00380083-n
ミサゴ,みさご,wnja:01616086-n
ミシン,みしん,wnja:04179913-n
ミスト,みすと,wnja:11482706-n
ミズキ,みずき,wnja:12946849-n
ミセス,みせす,wnja:10780632-n
ミセル,みせる,wnja:09353603-n
ミット,みっと,wnja:02800213-n
ミディ,みでぃ,wnja:03762238-n
ミトン,みとん,wnja:03775071-n
ミドル,みどる,wnja:05868272-n
ミニム,みにむ,wnja:06870844-n
ミミズ,みみず,wnja:01935395-n
ミモザ,みもざ,wnja:07930315-n
ミラー,みらー,wnja:03688832-n
ミルク,みるく,wnja:07844042-n
ミルラ,みるら,wnja:12692875-n
ミンク,みんく,wnja:02442845-n
ミント,みんと,wnja:07606278-n
ミート,みーと,wnja:07649854-n
ミード,みーど,wnja:11170123-n
ミーム,みーむ,wnja:05985126-n
ミール,みーる,wnja:07567707-n
ムサカ,むさか,wnja:07872593-n
ムチン,むちん,wnja:14730955-n
ムトン,むとん,wnja:07666733-n
ムース,むーす,wnja:03794136-n
ムード,むーど,wnja:04727214-n
ムーン,むーん,wnja:09358358-n
メイズ,めいず,wnja:11167269-n
メイル,めいる,wnja:06275634-n
メガネ,めがね,wnja:04272054-n
メゾン,めぞん,wnja:03544360-n
メタル,めたる,wnja:14625458-n
メタン,めたん,wnja:14951229-n
メダル,めだる,wnja:06706676-n
メチル,めちる,wnja:14952122-n
メッキ,めっき,wnja:03963028-n
メッセ,めっせ,wnja:07033753-n
メット,めっと,wnja:03513137-n
メトロ,めとろ,wnja:03757138-n
メバル,めばる,wnja:02644113-n
メモ帳,めもちょう,wnja:15021085-n
メロン,めろん,wnja:07755411-n
メンス,めんす,wnja:13513747-n
メンチ,めんち,wnja:07650903-n
メンテ,めんて,wnja:00267522-n
メンバ,めんば,wnja:08170686-n
メーカ,めーか,wnja:08060446-n
メータ,めーた,wnja:03753077-n
メード,めーど,wnja:10282672-n
メール,めーる,wnja:06275634-n
メーン,めーん,wnja:03712337-n
モアレ,もあれ,wnja:03779246-n
モグラ,もぐら,wnja:01889520-n
モスク,もすく,wnja:03788195-n
モッズ,もっず,wnja:08371574-n
モッブ,もっぶ,wnja:08182379-n
モップ,もっぷ,wnja:04367480-n
モテル,もてる,wnja:03788498-n
モデム,もでむ,wnja:03777754-n
モデル,もでる,wnja:03777283-n
モニタ,もにた,wnja:03782190-n
モネル,もねる,wnja:14719291-n
モヘア,もへあ,wnja:03779128-n
モヘヤ,もへや,wnja:03779128-n
モラル,もらる,wnja:04846770-n
モルグ,もるぐ,wnja:03785499-n
モルト,もると,wnja:07889274-n
モロコ,もろこ,wnja:01442450-n
モータ,もーた,wnja:03789946-n
モード,もーど,wnja:03323593-n
モール,もーる,wnja:03965456-n
ヤッケ,やっけ,wnja:03589791-n
ヤナギ,やなぎ,wnja:12724942-n
ヤマネ,やまね,wnja:02352591-n
ヤモリ,やもり,wnja:01674990-n
ヤング,やんぐ,wnja:07944050-n
ヤード,やーど,wnja:13650447-n
ヤーン,やーん,wnja:04426788-n
ユッカ,ゆっか,wnja:12465557-n
ユリ科,ゆりか,wnja:12423565-n
ユルト,ゆると,wnja:04613696-n
ユーザ,ゆーざ,wnja:10741590-n
ユース,ゆーす,wnja:07944050-n
ユーロ,ゆーろ,wnja:13661820-n
ヨタカ,よたか,wnja:01835276-n
ヨット,よっと,wnja:04610013-n
ヨーガ,よーが,wnja:06239361-n
ヨーク,よーく,wnja:04613015-n
ヨード,よーど,wnja:14641397-n
ライス,らいす,wnja:07804323-n
ライタ,らいた,wnja:03666591-n
ライト,らいと,wnja:00724898-n
ライフ,らいふ,wnja:11473291-n
ライム,らいむ,wnja:07096661-n
ライン,らいん,wnja:03670849-n
ラガー,らがー,wnja:00470966-n
ラジャ,らじゃ,wnja:01501450-n
ラスク,らすく,wnja:07689842-n
ラスト,らすと,wnja:05868477-n
ラダー,らだー,wnja:03512911-n
ラック,らっく,wnja:00287276-n
ラッコ,らっこ,wnja:02445394-n
ラット,らっと,wnja:02331046-n
ラッド,らっど,wnja:09871229-n
ラップ,らっぷ,wnja:00133338-n
ラテン,らてん,wnja:06962600-n
ラドン,らどん,wnja:14652104-n
ラバン,らばん,wnja:11113601-n
ラバー,らばー,wnja:09622302-n
ラフト,らふと,wnja:04045397-n
ラベル,らべる,wnja:07272172-n
ラペル,らぺる,wnja:03642444-n
ラムネ,らむね,wnja:07927512-n
ラム酒,らむしゅ,wnja:07905038-n
ラメラ,らめら,wnja:13011679-n
ラリー,らりー,wnja:01166517-n
ラルゴ,らるご,wnja:07046543-n
ランク,らんく,wnja:13947415-n
ラング,らんぐ,wnja:06282651-n
ランチ,らんち,wnja:00103140-n
ラント,らんと,wnja:11145199-n
ランド,らんど,wnja:09001881-n
ランプ,らんぷ,wnja:02463611-n
ラード,らーど,wnja:07672421-n
リカー,りかー,wnja:07901587-n
リシン,りしん,wnja:14696463-n
リジン,りじん,wnja:14944182-n
リスク,りすく,wnja:00802238-n
リスト,りすと,wnja:05584928-n
リズム,りずむ,wnja:04768028-n
リッジ,りっじ,wnja:09409752-n
リップ,りっぷ,wnja:05305806-n
リニア,りにあ,wnja:13218281-n
リネン,りねん,wnja:03672521-n
リフト,りふと,wnja:03002341-n
リペア,りぺあ,wnja:00266806-n
リボン,りぼん,wnja:04087899-n
リライ,りらい,wnja:11262468-n
リリー,りりー,wnja:11132117-n
リレー,りれー,wnja:00318567-n
リンカ,りんか,wnja:06576376-n
リンギ,りんぎ,wnja:13698076-n
リンク,りんく,wnja:03674270-n
リング,りんぐ,wnja:02885663-n
リンス,りんす,wnja:00256309-n
リント,りんと,wnja:03675780-n
リンド,りんど,wnja:11132768-n
リンパ,りんぱ,wnja:05404074-n
リン酸,りんさん,wnja:14982907-n
リーキ,りーき,wnja:07723039-n
リーク,りーく,wnja:07215185-n
リーグ,りーぐ,wnja:08231184-n
リース,りーす,wnja:06523132-n
リーズ,りーず,wnja:08879028-n
リーダ,りーだ,wnja:06415061-n
リート,りーと,wnja:12136720-n
リード,りーど,wnja:01256743-n
リーフ,りーふ,wnja:09406793-n
リール,りーる,wnja:00539674-n
ルクス,るくす,wnja:13640716-n
ルビー,るびー,wnja:13372262-n
ルピア,るぴあ,wnja:13705674-n
ルピー,るぴー,wnja:13703804-n
ルンゲ,るんげ,wnja:05387544-n
ルンバ,るんば,wnja:00537085-n
ルーク,るーく,wnja:02980625-n
ルータ,るーた,wnja:04114844-n
ルーツ,るーつ,wnja:04923743-n
ルート,るーと,wnja:04096066-n
ルーフ,るーふ,wnja:03546235-n
ループ,るーぷ,wnja:00169811-n
ルーペ,るーぺ,wnja:03692522-n
ルーム,るーむ,wnja:04105893-n
ルール,るーる,wnja:05846054-n
レイス,れいす,wnja:03631177-n
レイト,れいと,wnja:13325010-n
レイド,れいど,wnja:11257547-n
レイブ,れいぶ,wnja:07449676-n
レイプ,れいぷ,wnja:00773402-n
レイヤ,れいや,wnja:06246896-n
レイル,れいる,wnja:03671272-n
レイン,れいん,wnja:15008607-n
レゲエ,れげえ,wnja:07066285-n
レザー,れざー,wnja:14759722-n
レシピ,れしぴ,wnja:06365808-n
レジメ,れじめ,wnja:05891572-n
レジ袋,れじぶくろ,wnja:04122825-n
レスト,れすと,wnja:15274074-n
レタス,れたす,wnja:07723559-n
レター,れたー,wnja:06624161-n
レダマ,れだま,wnja:12567316-n
レット,れっと,wnja:00569073-n
レッド,れっど,wnja:03666362-n
レディ,れでぃ,wnja:09989290-n
レニン,れにん,wnja:15004149-n
レバー,ればー,wnja:03659292-n
レフト,れふと,wnja:00724433-n
レベル,れべる,wnja:03365991-n
レリア,れりあ,wnja:12070016-n
レンジ,れんじ,wnja:04330340-n
レンズ,れんず,wnja:03656484-n
レンチ,れんち,wnja:02680754-n
レーキ,れーき,wnja:14991004-n
レーク,れーく,wnja:09328904-n
レーザ,れーざ,wnja:03643253-n
レース,れーす,wnja:03631177-n
レーダ,れーだ,wnja:04039848-n
レート,れーと,wnja:13325010-n
レール,れーる,wnja:04046590-n
レーン,れーん,wnja:03640660-n
ロココ,ろここ,wnja:04699767-n
ロゴス,ろごす,wnja:09537144-n
ロッカ,ろっか,wnja:04098513-n
ロック,ろっく,wnja:00814458-n
ロッジ,ろっじ,wnja:03541696-n
ロッド,ろっど,wnja:13614679-n
ロデオ,ろでお,wnja:00522939-n
ロビイ,ろびい,wnja:02715513-n
ロビー,ろびー,wnja:02715513-n
ロマン,ろまん,wnja:05208422-n
ロンド,ろんど,wnja:07043968-n
ロース,ろーす,wnja:11138085-n
ローズ,ろーず,wnja:04970916-n
ローゼ,ろーぜ,wnja:04970916-n
ロータ,ろーた,wnja:04111962-n
ロード,ろーど,wnja:04096066-n
ローブ,ろーぶ,wnja:03450516-n
ロープ,ろーぷ,wnja:04108268-n
ローム,ろーむ,wnja:14942223-n
ロール,ろーる,wnja:04101232-n
ローン,ろーん,wnja:01093666-n
ワイア,わいあ,wnja:04594218-n
ワイト,わいと,wnja:09479238-n
ワイフ,わいふ,wnja:10780632-n
ワイプ,わいぷ,wnja:00125126-n
ワイヤ,わいや,wnja:04594218-n
ワイン,わいん,wnja:07891726-n
ワギナ,わぎな,wnja:05521111-n
ワケギ,わけぎ,wnja:12433952-n
ワゴン,わごん,wnja:03484083-n
ワスプ,わすぷ,wnja:09641578-n
ワッチ,わっち,wnja:15292336-n
ワット,わっと,wnja:11376742-n
ワピチ,わぴち,wnja:02431122-n
ワルツ,わるつ,wnja:00537534-n
ワーク,わーく,wnja:00575741-n
ワード,わーど,wnja:06286395-n
ワーム,わーむ,wnja:01922303-n
ヴァン,ゔぁん,wnja:04520170-n
ヴィラ,ゔぃら,wnja:04535252-n
一ころ,ひところ,wnja:01160729-n
一とき,いっとき,wnja:15246853-n
一人言,ひとりごと,wnja:07160752-n
一休み,ひとやすみ,wnja:01062997-n
一体化,いったいか,wnja:00381680-n
一元論,いちげんろん,wnja:05964643-n
一切れ,ひときれ,wnja:07654667-n
一匹狼,いっぴきおおかみ,wnja:10270628-n
一回り,ひとまわり,wnja:00295172-n
一塁手,いちるいしゅ,wnja:10092488-n
一巡り,ひとめぐり,wnja:00295172-n
一抱え,ひとかかえ,wnja:13764540-n
一押し,いちおし,wnja:00112312-n
一掴み,ひとつかみ,wnja:13767350-n
一揃い,ひとそろい,wnja:07996689-n
一握り,ひとにぎり,wnja:13767350-n
一摘み,ひとつまみ,wnja:13774115-n
一時金,いちじきん,wnja:13299248-n
一本化,いっぽんか,wnja:01237415-n
一本気,いっぽんぎ,wnja:04740326-n
一段落,いちだんらく,wnja:01062817-n
一生涯,いっしょうがい,wnja:15140405-n
一直線,いっちょくせん,wnja:13869991-n
一神教,いっしんきょう,wnja:06224136-n
一続き,ひとつづき,wnja:01010458-n
一群れ,ひとむれ,wnja:07990956-n
一般化,いっぱんか,wnja:05780104-n
一般性,いっぱんせい,wnja:04764412-n
一苦労,ひとくろう,wnja:14409880-n
一覧表,いちらんひょう,wnja:06416206-n
一角獣,いっかくじゅう,wnja:10737964-n
一貫性,いっかんせい,wnja:04745932-n
一走り,ひとはしり,wnja:00293916-n
一輪車,いちりんしゃ,wnja:02797295-n
一通り,ひととおり,wnja:05891572-n
一部分,いちぶぶん,wnja:04164989-n
一酸化,いっさんか,wnja:14954601-n
一里塚,いちりづか,wnja:07271167-n
一飲み,ひとのみ,wnja:00843494-n
丁付け,ちょうづけ,wnja:06258680-n
丁子油,ちょうじゆ,wnja:14893271-n
七つ屋,ななつや,wnja:03901974-n
七並べ,しちならべ,wnja:00492497-n
七面鳥,しちめんちょう,wnja:01794158-n
万年筆,まんねんひつ,wnja:03388183-n
万歩計,まんぽけい,wnja:03904782-n
万能薬,ばんのうやく,wnja:03880770-n
万華鏡,まんげきょう,wnja:03607756-n
三つ葉,みつば,wnja:12932966-n
三乗根,さんじょうこん,wnja:13731959-n
三十路,みそじ,wnja:13749407-n
三塁手,さんるいしゅ,wnja:10708976-n
三塁打,さんるいだ,wnja:00132982-n
三太郎,さんたろう,wnja:09921409-n
三枚目,さんまいめ,wnja:09940818-n
三羽烏,さんばがらす,wnja:07986066-n
三色旗,さんしょくき,wnja:04481796-n
三角州,さんかくす,wnja:06834458-n
三角巾,さんかくきん,wnja:04239436-n
三角座,さんかくざ,wnja:09461724-n
三角形,さんかっけい,wnja:04480853-n
三角柱,さんかくちゅう,wnja:13885111-n
三輪車,さんりんしゃ,wnja:04482393-n
三重奏,さんじゅうそう,wnja:07041595-n
三頭筋,さんとうきん,wnja:05579604-n
上がり,あがり,wnja:00324384-n
上げ米,あげまい,wnja:07804323-n
上さん,かみさん,wnja:10780632-n
上っ面,うわっつら,wnja:04679419-n
上の空,うわのそら,wnja:05706228-n
上り口,のぼりぐち,wnja:03290771-n
上り坂,のぼりざか,wnja:09206985-n
上上吉,じょうじょうきち,wnja:04728376-n
上乗り,うわのり,wnja:10675346-n
上包み,うわづつみ,wnja:03291741-n
上半身,じょうはんしん,wnja:02926188-n
上張り,うわばり,wnja:00827379-n
上手者,じょうずもの,wnja:10095869-n
上書き,うわがき,wnja:06406177-n
上機嫌,じょうきげん,wnja:07527656-n
上気道,じょうきどう,wnja:05510506-n
上滑り,うわすべり,wnja:00328502-n
上澄み,うわずみ,wnja:09451103-n
上白糖,じょうはくとう,wnja:07859284-n
上腕骨,じょうわんこつ,wnja:05593181-n
上調子,うわちょうし,wnja:04985790-n
上顎骨,じょうがくこつ,wnja:05284132-n
上首尾,じょうしゅび,wnja:00063652-n
下がり,さがり,wnja:00326440-n
下げ札,さげふだ,wnja:07272172-n
下げ髪,さげがみ,wnja:05259914-n
下し薬,くだしぐすり,wnja:04025748-n
下し金,おろしがね,wnja:03454885-n
下っぱ,したっぱ,wnja:10669991-n
下っ腹,したっぱら,wnja:05556943-n
下つ方,しもつかた,wnja:08511970-n
下り坂,くだりざか,wnja:09265620-n
下り腹,くだりばら,wnja:14371913-n
下ろし,おろし,wnja:03454885-n
下ネタ,しもねた,wnja:06779096-n
下働き,したばたらき,wnja:10582154-n
下向き,したむき,wnja:14422488-n
下回り,したまわり,wnja:10669991-n
下垂体,かすいたい,wnja:05483890-n
下塗り,したぬり,wnja:01144046-n
下士官,かしかん,wnja:10360747-n
下宿人,げしゅくにん,wnja:10269458-n
下宿屋,げしゅくや,wnja:02857477-n
下属音,かぞくおん,wnja:06858144-n
下手人,げしゅにん,wnja:09977660-n
下手糞,へたくそ,wnja:09632274-n
下拵え,したごしらえ,wnja:00893955-n
下検分,したけんぶん,wnja:07199013-n
下水道,げすいどう,wnja:04178897-n
下渡し,したわたし,wnja:00087423-n
下準備,したじゅんび,wnja:01143040-n
下生え,したばえ,wnja:08439476-n
下稽古,したげいこ,wnja:00897026-n
下積み,したづみ,wnja:10273064-n
下級審,かきゅうしん,wnja:08332896-n
下腹部,かふくぶ,wnja:05556943-n
下見板,したみいた,wnja:15041050-n
下顎骨,かがくこつ,wnja:05275905-n
不一致,ふいっち,wnja:01170175-n
不人情,ふにんじょう,wnja:04830102-n
不人気,ふにんき,wnja:04809089-n
不介入,ふかいにゅう,wnja:06661747-n
不体裁,ふていさい,wnja:00737070-n
不作法,ぶさほう,wnja:01224031-n
不作為,ふさくい,wnja:14010148-n
不信心,ふしんじん,wnja:04828255-n
不健全,ふけんぜん,wnja:05160173-n
不充分,ふじゅうぶん,wnja:05113133-n
不公平,ふこうへい,wnja:00744616-n
不公正,ふこうせい,wnja:00744616-n
不具合,ふぐあい,wnja:05162642-n
不凍液,ふとうえき,wnja:14766364-n
不出来,ふでき,wnja:14477877-n
不利益,ふりえき,wnja:05165028-n
不動産,ふどうさん,wnja:13246475-n
不参加,ふさんか,wnja:01239487-n
不可侵,ふかしん,wnja:06661923-n
不可測,ふかそく,wnja:04735075-n
不可能,ふかのう,wnja:05792446-n
不可視,ふかし,wnja:05017909-n
不合理,ふごうり,wnja:04785669-n
不同意,ふどうい,wnja:06709533-n
不名誉,ふめいよ,wnja:04873939-n
不向き,ふむき,wnja:05207130-n
不品行,ふひんこう,wnja:00732746-n
不器用,ぶきよう,wnja:04711665-n
不器量,ぶきりょう,wnja:04690196-n
不均等,ふきんとう,wnja:04752221-n
不均衡,ふきんこう,wnja:04752221-n
不妊症,ふにんしょう,wnja:05148186-n
不始末,ふしまつ,wnja:00735936-n
不安定,ふあんてい,wnja:04773182-n
不完全,ふかんぜん,wnja:05113133-n
不寛容,ふかんよう,wnja:04639113-n
不届き,ふとどき,wnja:04665813-n
不履行,ふりこう,wnja:00068901-n
不干渉,ふかんしょう,wnja:06661747-n
不平等,ふびょうどう,wnja:04752221-n
不幸せ,ふしあわせ,wnja:07314838-n
不徹底,ふてってい,wnja:04823866-n
不心得,ふこころえ,wnja:04664964-n
不思議,ふしぎ,wnja:05685538-n
不恰好,ぶかっこう,wnja:05162807-n
不愉快,ふゆかい,wnja:04643221-n
不成立,ふせいりつ,wnja:07207273-n
不戦敗,ふせんぱい,wnja:00067397-n
不所存,ふしょぞん,wnja:04894037-n
不承知,ふしょうち,wnja:00874621-n
不承認,ふしょうにん,wnja:00209546-n
不摂生,ふせっせい,wnja:00747671-n
不整合,ふせいごう,wnja:04749709-n
不整脈,ふせいみゃく,wnja:14110674-n
不文律,ふぶんりつ,wnja:00416914-n
不断草,ふだんそう,wnja:07720277-n
不明瞭,ふめいりょう,wnja:04704346-n
不時着,ふじちゃく,wnja:00052791-n
不景気,ふけいき,wnja:14013368-n
不服従,ふふくじゅう,wnja:01179707-n
不本意,ふほんい,wnja:04645943-n
不束者,ふつつかもの,wnja:10198958-n
不条理,ふじょうり,wnja:06607809-n
不案内,ふあんない,wnja:05988282-n
不機嫌,ふきげん,wnja:04631298-n
不正直,ふしょうじき,wnja:04874672-n
不正確,ふせいかく,wnja:04756887-n
不正規,ふせいき,wnja:04770211-n
不死身,ふじみ,wnja:05033681-n
不注意,ふちゅうい,wnja:00739270-n
不活化,ふかつか,wnja:01062583-n
不活性,ふかっせい,wnja:14010148-n
不消化,ふしょうか,wnja:14336317-n
不満足,ふまんぞく,wnja:07208708-n
不用心,ぶようじん,wnja:04664964-n
不用意,ふようい,wnja:04664964-n
不眠症,ふみんしょう,wnja:14022959-n
不祝儀,ぶしゅうぎ,wnja:00217499-n
不祥事,ふしょうじ,wnja:07306252-n
不穏当,ふおんとう,wnja:00737070-n
不純物,ふじゅんぶつ,wnja:14583670-n
不細工,ぶさいく,wnja:04690196-n
不経済,ふけいざい,wnja:00742645-n
不統一,ふとういつ,wnja:04749709-n
不義理,ふぎり,wnja:00744616-n
不自然,ふしぜん,wnja:04787530-n
不自由,ふじゆう,wnja:14446878-n
不行儀,ふぎょうぎ,wnja:01224031-n
不行届,ふゆきとどき,wnja:04665813-n
不行跡,ふぎょうせき,wnja:00732746-n
不規則,ふきそく,wnja:04770211-n
不許可,ふきょか,wnja:06542047-n
不評判,ふひょうばん,wnja:04809089-n
不誠実,ふせいじつ,wnja:00749574-n
不調和,ふちょうわ,wnja:01170175-n
不調法,ぶちょうほう,wnja:00732746-n
不謹慎,ふきんしん,wnja:00737894-n
不賛成,ふさんせい,wnja:00874621-n
不透明,ふとうめい,wnja:04703424-n
不連続,ふれんぞく,wnja:14417551-n
不道徳,ふどうとく,wnja:00737070-n
不適任,ふてきにん,wnja:05154241-n
不適合,ふてきごう,wnja:09833997-n
不適応,ふてきおう,wnja:14387975-n
不都合,ふつごう,wnja:00623862-n
不銹鋼,ふしゅうこう,wnja:14802921-n
不面目,ふめんぼく,wnja:14439745-n
不養生,ふようじょう,wnja:00747671-n
不首尾,ふしゅび,wnja:00066636-n
与太者,よたもの,wnja:10753546-n
与太郎,よたろう,wnja:09921409-n
世界観,せかいかん,wnja:06211389-n
世話人,せわにん,wnja:10383237-n
世間師,せけんし,wnja:10625285-n
世間話,せけんばなし,wnja:07135080-n
両替商,りょうがえしょう,wnja:10069120-n
両棲類,りょうせいるい,wnja:01627424-n
両極性,りょうきょくせい,wnja:13856110-n
両極端,りょうきょくたん,wnja:05950559-n
両開き,りょうびらき,wnja:03226880-n
並べ方,ならべかた,wnja:00939628-n
中っ腹,ちゅうっぱら,wnja:14407070-n
中つ世,なかつよ,wnja:15259284-n
中の口,なかのくち,wnja:03290771-n
中二階,ちゅうにかい,wnja:03758089-n
中仕切,なかじきり,wnja:03894379-n
中力粉,ちゅうりきこ,wnja:07569543-n
中古車,ちゅうこしゃ,wnja:04516354-n
中堅手,ちゅうけんしゅ,wnja:10387476-n
中央部,ちゅうおうぶ,wnja:00725506-n
中学校,ちゅうがっこう,wnja:08409835-n
中心地,ちゅうしんち,wnja:08226335-n
中心溝,ちゅうしんこう,wnja:05223823-n
中心窩,ちゅうしんか,wnja:05455375-n
中心線,ちゅうしんせん,wnja:06008609-n
中心街,ちゅうしんがい,wnja:08524130-n
中性子,ちゅうせいし,wnja:09369520-n
中手骨,ちゅうしゅこつ,wnja:05277261-n
中新世,ちゅうしんせい,wnja:15125519-n
中生代,ちゅうせいだい,wnja:15126175-n
中皮腫,ちゅうひしゅ,wnja:14251435-n
中継局,ちゅうけいきょく,wnja:02872529-n
中耳炎,ちゅうじえん,wnja:14351886-n
中華鍋,ちゅうかなべ,wnja:04596742-n
中足骨,ちゅうそっこつ,wnja:05277405-n
中間体,ちゅうかんたい,wnja:14921272-n
中間圏,ちゅうかんけん,wnja:09352578-n
中間子,ちゅうかんし,wnja:09352282-n
中間層,ちゅうかんそう,wnja:03579699-n
中間派,ちゅうかんは,wnja:08416523-n
中隔て,なかへだて,wnja:03894379-n
丸のみ,まるのみ,wnja:03449309-n
丸太舟,まるたぶね,wnja:03254374-n
丸屋根,まるやね,wnja:03220513-n
丸焼き,まるやき,wnja:00247654-n
主人公,しゅじんこう,wnja:05929670-n
主任者,しゅにんしゃ,wnja:10104209-n
主催者,しゅさいしゃ,wnja:10383237-n
主力艦,しゅりょくかん,wnja:02956393-n
主唱者,しゅしょうしゃ,wnja:09774783-n
主導権,しゅどうけん,wnja:05617310-n
主導者,しゅどうしゃ,wnja:09623038-n
主義者,しゅぎしゃ,wnja:09774783-n
主観性,しゅかんせい,wnja:04892544-n
乗り口,のりくち,wnja:03290771-n
乗務員,じょうむいん,wnja:08273167-n
乗用車,じょうようしゃ,wnja:02958343-n
乗組員,のりくみいん,wnja:08273167-n
乗車券,じょうしゃけん,wnja:06518719-n
乗馬服,じょうばふく,wnja:03474167-n
乙女子,おとめご,wnja:10084295-n
乱暴者,らんぼうもの,wnja:09879297-n
乳ぶさ,ちぶさ,wnja:05554405-n
乳化剤,にゅうかざい,wnja:14674408-n
乳母車,うばぐるま,wnja:02766534-n
乳濁液,にゅうだくえき,wnja:14674584-n
乳白色,にゅうはくしょく,wnja:14688234-n
乳脂肪,にゅうしぼう,wnja:14787707-n
乳腺炎,にゅうせんえん,wnja:14349717-n
乳製品,にゅうせいひん,wnja:07843775-n
乳酸菌,にゅうさんきん,wnja:01380298-n
乳離れ,ちばなれ,wnja:00198270-n
乾性油,かんせいゆ,wnja:14755641-n
乾湿計,かんしつけい,wnja:04017571-n
乾燥剤,かんそうざい,wnja:14779796-n
乾燥器,かんそうき,wnja:03251766-n
乾電池,かんでんち,wnja:02810471-n
予備費,よびひ,wnja:13370014-n
予備軍,よびぐん,wnja:08206460-n
予定表,よていひょう,wnja:06485261-n
予想外,よそうがい,wnja:04796725-n
予算案,よさんあん,wnja:13421462-n
予言者,よげんしゃ,wnja:10102506-n
争奪戦,そうだつせん,wnja:07456188-n
事務員,じむいん,wnja:09928451-n
事務官,じむかん,wnja:04164868-n
事務室,じむしつ,wnja:03841666-n
事務家,じむか,wnja:09882007-n
事務局,じむきょく,wnja:08324274-n
事務所,じむしょ,wnja:03841666-n
事実上,じじつじょう,wnja:05818620-n
事業主,じぎょうぬし,wnja:10060352-n
事業家,じぎょうか,wnja:09882007-n
事業所,じぎょうしょ,wnja:08352303-n
事業部,じぎょうぶ,wnja:00397953-n
二の句,にのく,wnja:01234952-n
二の次,にのつぎ,wnja:00208521-n
二の足,にのあし,wnja:05699434-n
二人組,ふたりぐみ,wnja:07976936-n
二塁手,にるいしゅ,wnja:10568200-n
二塁打,にるいだ,wnja:00132756-n
二枚舌,にまいじた,wnja:00751779-n
二枚貝,にまいがい,wnja:01955933-n
二等兵,にとうへい,wnja:10476467-n
二進法,にしんほう,wnja:06810020-n
二重奏,にじゅうそう,wnja:07041451-n
二頭筋,にとうきん,wnja:05579239-n
互換性,ごかんせい,wnja:04712735-n
五十路,いそじ,wnja:13749644-n
五大湖,ごだいこ,wnja:09292751-n
五線紙,ごせんし,wnja:14957152-n
五線譜,ごせんふ,wnja:00186634-n
五角形,ごかっけい,wnja:13882201-n
五重奏,ごじゅうそう,wnja:07041795-n
井戸水,いどみず,wnja:14847503-n
亜低木,あていぼく,wnja:13118707-n
亜潅木,あかんぼく,wnja:13118707-n
亜熱帯,あねったい,wnja:08674344-n
亜砒酸,あひさん,wnja:14768201-n
亜硝酸,あしょうさん,wnja:14766725-n
亜鉛華,あえんか,wnja:15108087-n
亜麻仁,あまに,wnja:15086247-n
亡命者,ぼうめいしゃ,wnja:10516016-n
交付金,こうふきん,wnja:00087423-n
交差点,こうさてん,wnja:00297532-n
交換局,こうかんきょく,wnja:00196485-n
交換所,こうかんじょ,wnja:03302487-n
交換機,こうかんき,wnja:04373264-n
交歓会,こうかんかい,wnja:08254331-n
交渉人,こうしょうにん,wnja:09839167-n
交通網,こうつうもう,wnja:04473432-n
交通費,こうつうひ,wnja:13308147-n
交響曲,こうきょうきょく,wnja:07044760-n
交響楽,こうきょうがく,wnja:07044760-n
人事部,じんじぶ,wnja:08118991-n
人力車,じんりきしゃ,wnja:03599486-n
人助け,ひとだすけ,wnja:00819024-n
人取り,ひととり,wnja:00460541-n
人受け,ひとうけ,wnja:04808639-n
人好き,ひとずき,wnja:04686003-n
人寄せ,ひとよせ,wnja:06615561-n
人差指,ひとさしゆび,wnja:05567381-n
人形劇,にんぎょうげき,wnja:07019633-n
人心地,ひとごこち,wnja:07493280-n
人情味,にんじょうみ,wnja:04829182-n
人情本,にんじょうぼん,wnja:06367879-n
人攫い,ひとさらい,wnja:10230801-n
人格化,じんかくか,wnja:00933259-n
人格者,じんかくしゃ,wnja:05217688-n
人死に,ひとじに,wnja:07355491-n
人殺し,ひとごろし,wnja:00219012-n
人気者,にんきもの,wnja:10113753-n
人相書,にんそうがき,wnja:07276538-n
人真似,ひとまね,wnja:00549472-n
人種学,じんしゅがく,wnja:06146880-n
人笑え,ひとわらえ,wnja:04891683-n
人聞き,ひとぎき,wnja:04871002-n
人込み,ひとごみ,wnja:08183398-n
人造湖,じんぞうこ,wnja:04078747-n
人間味,にんげんみ,wnja:04829182-n
人間性,にんげんせい,wnja:04615866-n
人集り,ひとだかり,wnja:07975026-n
人非人,にんぴにん,wnja:09845589-n
人頭税,じんとうぜい,wnja:13314355-n
人類学,じんるいがく,wnja:06143546-n
人食い,ひとくい,wnja:00412839-n
仇討ち,あだうち,wnja:01235258-n
今日日,きょうび,wnja:15119536-n
介添え,かいぞえ,wnja:05693919-n
介護者,かいごしゃ,wnja:09895561-n
仏の座,ほとけのざ,wnja:12849416-n
仏教徒,ぶっきょうと,wnja:09683757-n
仏頂面,ぶっちょうづら,wnja:04353573-n
仕事場,しごとば,wnja:04602044-n
仕事日,しごとび,wnja:15136923-n
仕事率,しごとりつ,wnja:11453016-n
仕事量,しごとりょう,wnja:11453420-n
仕入れ,しいれ,wnja:01061029-n
仕入先,しいれさき,wnja:10577284-n
仕切状,しきりじょう,wnja:06516955-n
仕向け,しむけ,wnja:00061290-n
仕打ち,しうち,wnja:04897762-n
仕掛品,しかけひん,wnja:04601587-n
仕来り,しきたり,wnja:00413239-n
仕立屋,したてや,wnja:10033412-n
仕立物,したてもの,wnja:00715674-n
仕返し,しかえし,wnja:01235258-n
仕送り,しおくり,wnja:13274092-n
他動詞,たどうし,wnja:06331281-n
付け人,つけびと,wnja:09821831-n
付け柱,つけばしら,wnja:03110202-n
付け根,つけね,wnja:03600806-n
付け火,つけび,wnja:00378296-n
付け物,つけもの,wnja:05109511-n
付け目,つけめ,wnja:05159606-n
付け薬,つけぐすり,wnja:03691128-n
付属品,ふぞくひん,wnja:02671421-n
付属肢,ふぞくし,wnja:05559908-n
代作者,だいさくしゃ,wnja:10128748-n
代名詞,だいめいし,wnja:06325370-n
代弁者,だいべんしゃ,wnja:03795123-n
代数学,だいすうがく,wnja:06012726-n
代書人,だいしょにん,wnja:09964805-n
代替え,だいがえ,wnja:07443761-n
代替物,だいたいぶつ,wnja:05696425-n
代理人,だいりにん,wnja:05696425-n
代理店,だいりてん,wnja:08057206-n
代理業,だいりぎょう,wnja:08057206-n
代理権,だいりけん,wnja:14000403-n
代理母,だいりはは,wnja:10680370-n
代用品,だいようひん,wnja:05696425-n
代行者,だいこうしゃ,wnja:09777012-n
代表団,だいひょうだん,wnja:01140839-n
代表者,だいひょうしゃ,wnja:10000787-n
代言人,だいげんにん,wnja:09775663-n
代議員,だいぎいん,wnja:09955781-n
代議士,だいぎし,wnja:09955781-n
令夫人,れいふじん,wnja:10780632-n
仮分数,かぶんすう,wnja:13735800-n
仮勘定,かりかんじょう,wnja:13408776-n
仮定法,かていほう,wnja:13801937-n
仮株券,かりかぶけん,wnja:13416897-n
仮縫い,かりぬい,wnja:02805111-n
仲よし,なかよし,wnja:04655442-n
仲介者,ちゅうかいしゃ,wnja:09624559-n
仲立人,なかだちにん,wnja:09624559-n
仲裁人,ちゅうさいにん,wnja:09803429-n
仲買人,なかがいにん,wnja:10222497-n
仲違い,なかたがい,wnja:07181546-n
任命権,にんめいけん,wnja:05034048-n
企業家,きぎょうか,wnja:10060352-n
企業者,きぎょうしゃ,wnja:10204177-n
伊達男,だておとこ,wnja:09991026-n
伏せ屋,ふせや,wnja:03547054-n
伏せ籠,ふせご,wnja:02936714-n
休暇村,きゅうかむら,wnja:08640739-n
休止符,きゅうしふ,wnja:06865177-n
会社法,かいしゃほう,wnja:06162223-n
会計士,かいけいし,wnja:09761403-n
会計学,かいけいがく,wnja:05662532-n
会議場,かいぎじょう,wnja:03089879-n
会議室,かいぎしつ,wnja:03089879-n
伝声管,でんせいかん,wnja:04270765-n
伝染病,でんせんびょう,wnja:14122053-n
伝道師,でんどうし,wnja:10322957-n
伝道者,でんどうしゃ,wnja:10464178-n
伝馬船,てんません,wnja:03602081-n
伯父貴,おじき,wnja:10736091-n
伸縮性,しんしゅくせい,wnja:05021151-n
似寄り,により,wnja:04743605-n
似顔絵,にがおえ,wnja:03987079-n
低周波,ていしゅうは,wnja:04986258-n
低姿勢,ていしせい,wnja:14434522-n
低気圧,ていきあつ,wnja:11443721-n
低血圧,ていけつあつ,wnja:14104522-n
住宅地,じゅうたくち,wnja:08553535-n
住宅街,じゅうたくがい,wnja:08553535-n
体温計,たいおんけい,wnja:04421872-n
体系化,たいけいか,wnja:01008378-n
体細胞,たいさいぼう,wnja:05430628-n
体育館,たいいくかん,wnja:03333610-n
体重計,たいじゅうけい,wnja:04141975-n
余り物,あまりもの,wnja:09407346-n
余計者,よけいもの,wnja:03334775-n
作り事,つくりごと,wnja:00751944-n
作り人,つくりびと,wnja:10078806-n
作り手,つくりて,wnja:09614315-n
作り方,つくりかた,wnja:01104637-n
作り物,つくりもの,wnja:03562126-n
作り話,つくりばなし,wnja:00751944-n
作付け,さくづけ,wnja:03354613-n
作品集,さくひんしゅう,wnja:06591442-n
作曲家,さっきょくか,wnja:09947232-n
作曲者,さっきょくしゃ,wnja:09947232-n
作業場,さぎょうば,wnja:04344246-n
作業着,さぎょうぎ,wnja:03324928-n
作用素,さようそ,wnja:13786413-n
作詞家,さくしか,wnja:10277912-n
佝僂病,くるびょう,wnja:14201311-n
使い手,つかいて,wnja:10741590-n
使い料,つかいりょう,wnja:13295657-n
使い方,つかいかた,wnja:05149325-n
使い物,つかいもの,wnja:06329734-n
使い番,つかいばん,wnja:10311021-n
使い道,つかいみち,wnja:05149325-n
使用人,しようにん,wnja:10582154-n
使用料,しようりょう,wnja:13295657-n
使用権,しようけん,wnja:05198622-n
使用者,しようしゃ,wnja:10054657-n
供え物,そなえもの,wnja:13270373-n
供回り,ともまわり,wnja:08429167-n
供給者,きょうきゅうしゃ,wnja:10677271-n
依存性,いぞんせい,wnja:14062725-n
依存症,いぞんしょう,wnja:14062725-n
依頼人,いらいにん,wnja:09984659-n
依頼者,いらいしゃ,wnja:09984659-n
価値観,かちかん,wnja:05923983-n
価値論,かちろん,wnja:06161606-n
侵入者,しんにゅうしゃ,wnja:08076253-n
侵略者,しんりゃくしゃ,wnja:09778676-n
便利屋,べんりや,wnja:10159289-n
係わり,かかわり,wnja:00031921-n
促進剤,そくしんざい,wnja:04320126-n
保守派,ほしゅは,wnja:08417572-n
保安官,ほあんかん,wnja:10249459-n
保育所,ほいくしょ,wnja:03165466-n
保証人,ほしょうにん,wnja:09864968-n
保証書,ほしょうしょ,wnja:06471345-n
保証金,ほしょうきん,wnja:00372448-n
保護司,ほごし,wnja:10477839-n
保護国,ほごこく,wnja:08627316-n
保護者,ほごしゃ,wnja:09614684-n
保護色,ほごしょく,wnja:04978792-n
保護領,ほごりょう,wnja:08627316-n
保険料,ほけんりょう,wnja:13301620-n
保養地,ほようち,wnja:08640739-n
信任状,しんにんじょう,wnja:06471345-n
信号旗,しんごうき,wnja:06875094-n
信天翁,あほうどり,wnja:02058221-n
信憑性,しんぴょうせい,wnja:04670022-n
信用状,しんようじょう,wnja:13379753-n
信頼度,しんらいど,wnja:04670022-n
信頼性,しんらいせい,wnja:04670022-n
修行者,しゅぎょうじゃ,wnja:03472232-n
修辞学,しゅうじがく,wnja:06170498-n
修辞法,しゅうじほう,wnja:07098193-n
修道会,しゅうどうかい,wnja:08106934-n
修道士,しゅうどうし,wnja:10112129-n
修道女,しゅうどうじょ,wnja:07266879-n
修道尼,しゅうどうに,wnja:10368009-n
修道院,しゅうどういん,wnja:02667379-n
修飾語,しゅうしょくご,wnja:06320801-n
倉入れ,くらいれ,wnja:00372607-n
個体群,こたいぐん,wnja:08178741-n
個条書,かじょうがき,wnja:06392935-n
倍数体,ばいすうたい,wnja:01320692-n
倍数性,ばいすうせい,wnja:14570939-n
倍脚類,ばいきゃくるい,wnja:01786402-n
候補者,こうほしゃ,wnja:09889691-n
借り手,かりて,wnja:09867633-n
借り賃,かりちん,wnja:13295657-n
借入金,かりいれきん,wnja:13397174-n
借家人,しゃくやにん,wnja:10700201-n
借用語,しゃくようご,wnja:06293460-n
値上げ,ねあげ,wnja:05110107-n
値下げ,ねさげ,wnja:00192300-n
値付け,ねづけ,wnja:05736736-n
値踏み,ねぶみ,wnja:05736149-n
倫理学,りんりがく,wnja:06159473-n
偃月刀,えんげつとう,wnja:04147793-n
偏執狂,へんしゅうきょう,wnja:09182524-n
偏頭痛,へんずつう,wnja:14327707-n
停泊地,ていはくち,wnja:08639776-n
停留場,ていりゅうじょう,wnja:08656893-n
停留所,ていりゅうじょ,wnja:04412901-n
停車場,ていしゃじょう,wnja:04049098-n
停車駅,ていしゃえき,wnja:08656893-n
健啖家,けんたんか,wnja:02449350-n
健康法,けんこうほう,wnja:14495080-n
健忘症,けんぼうしょう,wnja:05672391-n
側頭葉,そくとうよう,wnja:05494933-n
偵察機,ていさつき,wnja:04062644-n
偶蹄類,ぐうているい,wnja:02394068-n
偽善者,ぎぜんしゃ,wnja:10195593-n
傀儡女,くぐつめ,wnja:10485440-n
傍聴者,ぼうちょうしゃ,wnja:10165448-n
傍観者,ぼうかんしゃ,wnja:09885334-n
備忘録,びぼうろく,wnja:06415419-n
催奇性,さいきせい,wnja:13566436-n
催淫剤,さいいんざい,wnja:02727281-n
催眠剤,さいみんざい,wnja:04260934-n
催眠薬,さいみんやく,wnja:04260934-n
催眠術,さいみんじゅつ,wnja:00158996-n
債務者,さいむしゃ,wnja:09997622-n
債権者,さいけんしゃ,wnja:09976728-n
傾き角,かたむきかく,wnja:13918584-n
傾斜計,けいしゃけい,wnja:03043798-n
働き口,はたらきぐち,wnja:00584367-n
働き手,はたらきて,wnja:09632518-n
働き蜂,はたらきばち,wnja:02207805-n
僧帽弁,そうぼうべん,wnja:05393813-n
僧帽筋,そうぼうきん,wnja:05591770-n
儀仗兵,ぎじょうへい,wnja:10183931-n
儒教的,じゅきょうてき,wnja:09955406-n
優位性,ゆういせい,wnja:05158619-n
優先株,ゆうせんかぶ,wnja:13335974-n
優先権,ゆうせんけん,wnja:05047279-n
優勝旗,ゆうしょうき,wnja:06705891-n
優勝杯,ゆうしょうはい,wnja:03147901-n
優勝者,ゆうしょうしゃ,wnja:09627807-n
優生学,ゆうせいがく,wnja:06042486-n
優良株,ゆうりょうかぶ,wnja:13334767-n
優越感,ゆうえつかん,wnja:04887790-n
儲け物,もうけもの,wnja:07477587-n
元市長,もとしちょう,wnja:09617508-n
兄さん,にいさん,wnja:09876454-n
充足感,じゅうそくかん,wnja:07532112-n
先っぽ,さきっぽ,wnja:08566028-n
先住民,せんじゅうみん,wnja:09620794-n
先入観,せんにゅうかん,wnja:05836921-n
先導者,せんどうしゃ,wnja:09849349-n
先払い,さきばらい,wnja:01121492-n
先行き,さきゆき,wnja:15121625-n
先貸し,さきがし,wnja:13375891-n
先駆け,さきがけ,wnja:09627117-n
先駆者,せんくしゃ,wnja:06802571-n
光伝導,ひかりでんどう,wnja:11409689-n
光化学,こうかがく,wnja:06090397-n
光合成,こうごうせい,wnja:13537429-n
光学軸,こうがくじく,wnja:06010105-n
光度計,こうどけい,wnja:03926876-n
光行差,こうこうさ,wnja:11420139-n
光速度,こうそくど,wnja:15284285-n
光量子,こうりょうし,wnja:09391223-n
光電子,こうでんし,wnja:09391089-n
光電池,こうでんち,wnja:03924978-n
克己心,こっきしん,wnja:04862005-n
免疫体,めんえきたい,wnja:15027189-n
免疫学,めんえきがく,wnja:06051542-n
免疫性,めんえきせい,wnja:05033906-n
免疫系,めんえきけい,wnja:05460870-n
免罪符,めんざいふ,wnja:00094500-n
免許料,めんきょりょう,wnja:13322113-n
免許状,めんきょじょう,wnja:06471345-n
免許証,めんきょしょう,wnja:06471345-n
兎小屋,うさぎごや,wnja:04037220-n
児童期,じどうき,wnja:15147097-n
党大会,とうたいかい,wnja:08309086-n
党派心,とうはしん,wnja:04889337-n
入り前,いりまえ,wnja:05145118-n
入り用,いりよう,wnja:13461162-n
入れ墨,いれずみ,wnja:04395651-n
入れ毛,いれげ,wnja:03476083-n
入場料,にゅうじょうりょう,wnja:13321495-n
入植地,にゅうしょくち,wnja:08374049-n
入植者,にゅうしょくしゃ,wnja:10583387-n
入知恵,いれぢえ,wnja:07246582-n
入門書,にゅうもんしょ,wnja:06421685-n
入館料,にゅうかんりょう,wnja:13321495-n
全体性,ぜんたいせい,wnja:14461231-n
全盛期,ぜんせいき,wnja:15295045-n
全粒粉,ぜんりゅうふん,wnja:07569644-n
全音階,ぜんおんかい,wnja:06860323-n
八分儀,はちぶんぎ,wnja:03840823-n
八十路,やそじ,wnja:10370286-n
八百万,やおよろず,wnja:05122419-n
八百屋,やおや,wnja:03457686-n
八角形,はっかっけい,wnja:13882563-n
公休日,こうきゅうび,wnja:15137556-n
公会議,こうかいぎ,wnja:08312988-n
公倍数,こうばいすう,wnja:13735355-n
公務員,こうむいん,wnja:08357258-n
公審判,こうしんぱん,wnja:15171307-n
公教育,こうきょういく,wnja:05757536-n
公文書,こうぶんしょ,wnja:06479665-n
公用人,こうようにん,wnja:10655442-n
公約数,こうやくすう,wnja:13734992-n
公開状,こうかいじょう,wnja:06625601-n
六分儀,ろくぶんぎ,wnja:04180888-n
六角形,ろっかっけい,wnja:13882276-n
共分散,きょうぶんさん,wnja:06025287-n
共同体,きょうどうたい,wnja:08223802-n
共和国,きょうわこく,wnja:08361329-n
共感覚,きょうかんかく,wnja:05720602-n
共振器,きょうしんき,wnja:04080237-n
共犯者,きょうはんしゃ,wnja:09759875-n
共産化,きょうさんか,wnja:01151788-n
共謀者,きょうぼうしゃ,wnja:09953483-n
共通語,きょうつうご,wnja:06906116-n
共食い,ともぐい,wnja:00412839-n
共鳴り,ともなり,wnja:07553301-n
共鳴器,きょうめいき,wnja:04080138-n
共鳴者,きょうめいしゃ,wnja:10686073-n
兵六玉,ひょうろくだま,wnja:10197525-n
兵器庫,へいきこ,wnja:02741367-n
兵学者,へいがくしゃ,wnja:10661563-n
兵法家,ひょうほうか,wnja:10661563-n
具体化,ぐたいか,wnja:00931847-n
具合い,ぐあい,wnja:13920835-n
兼合い,かねあい,wnja:13897996-n
内反足,ないはんそく,wnja:14214584-n
内向性,ないこうせい,wnja:04621963-n
内因子,ないいんし,wnja:15023720-n
内容物,ないようぶつ,wnja:07955057-n
内弁慶,うちべんけい,wnja:09872066-n
内弟子,うちでし,wnja:09801864-n
内毒素,ないどくそ,wnja:15035505-n
内玄関,うちげんかん,wnja:04214535-n
内科医,ないかい,wnja:10020890-n
内科学,ないかがく,wnja:06043075-n
内緒事,ないしょごと,wnja:06673142-n
内耳炎,ないじえん,wnja:14348757-n
内胚葉,ないはいよう,wnja:01464573-n
内視鏡,ないしきょう,wnja:03286572-n
内親王,ないしんのう,wnja:10474064-n
内転筋,ないてんきん,wnja:05291728-n
内野手,ないやしゅ,wnja:10205457-n
内骨格,ないこっかく,wnja:05586446-n
円口類,えんこうるい,wnja:01477080-n
円熟味,えんじゅくみ,wnja:04989015-n
円関数,えんかんすう,wnja:13786960-n
冊子本,さっしぼん,wnja:02870092-n
再保険,さいほけん,wnja:13348456-n
再出発,さいしゅっぱつ,wnja:14484646-n
再分配,さいぶんぱい,wnja:01083350-n
再利用,さいりよう,wnja:00948868-n
再審理,さいしんり,wnja:00882460-n
再構成,さいこうせい,wnja:00338821-n
再現性,さいげんせい,wnja:04806169-n
再発見,さいはっけん,wnja:00151914-n
再突入,さいとつにゅう,wnja:00328230-n
再計算,さいけいさん,wnja:00870101-n
再評価,さいひょうか,wnja:05737025-n
再調整,さいちょうせい,wnja:00194127-n
再軍備,さいぐんび,wnja:01157384-n
再選挙,さいせんきょ,wnja:00181373-n
再配分,さいはいぶん,wnja:01084180-n
再配当,さいはいとう,wnja:13408361-n
冒険家,ぼうけんか,wnja:09606009-n
冒険者,ぼうけんしゃ,wnja:09606009-n
写し物,うつしもの,wnja:01019901-n
写し絵,うつしえ,wnja:03167464-n
写生文,しゃせいぶん,wnja:07201804-n
写真家,しゃしんか,wnja:10426749-n
写真機,しゃしんき,wnja:02942699-n
冠動脈,かんどうみゃく,wnja:05343718-n
冪級数,べききゅうすう,wnja:05862970-n
冬将軍,ふゆしょうぐん,wnja:09491222-n
冷や汗,ひやあせ,wnja:14405774-n
冷凍庫,れいとうこ,wnja:03170635-n
冷却剤,れいきゃくざい,wnja:14822141-n
冷却器,れいきゃくき,wnja:03170635-n
冷蔵庫,れいぞうこ,wnja:03102654-n
凌霄花,のうぜんかずら,wnja:12814235-n
凝り屋,こりや,wnja:10077593-n
凝り性,こりしょう,wnja:04896317-n
凝灰岩,ぎょうかいがん,wnja:14931212-n
凝縮熱,ぎょうしゅくねつ,wnja:11471359-n
凝集力,ぎょうしゅうりょく,wnja:11436585-n
凡ミス,ぼんみす,wnja:00074524-n
処女林,しょじょりん,wnja:13240025-n
処女膜,しょじょまく,wnja:05521934-n
処方箋,しょほうせん,wnja:06365808-n
出し汁,だしじる,wnja:07585208-n
出だし,でだし,wnja:05868051-n
出っ歯,でっぱ,wnja:05306390-n
出っ端,でっぱな,wnja:05868051-n
出不精,でぶしょう,wnja:10653388-n
出入口,でいりぐち,wnja:03224032-n
出品物,しゅっぴんぶつ,wnja:00521209-n
出商い,であきない,wnja:01116968-n
出外れ,ではずれ,wnja:08539276-n
出張り,でばり,wnja:00116687-n
出放題,でほうだい,wnja:06607339-n
出来心,できごころ,wnja:07490579-n
出来星,できぼし,wnja:10740868-n
出来高,できだか,wnja:01106808-n
出演者,しゅつえんしゃ,wnja:09765278-n
出版屋,しゅっぱんや,wnja:08062623-n
出版権,しゅっぱんけん,wnja:06473168-n
出版物,しゅっぱんぶつ,wnja:06263369-n
出版社,しゅっぱんしゃ,wnja:08062623-n
出生地,しゅっしょうち,wnja:08510350-n
出生率,しゅっしょうりつ,wnja:15276427-n
出産率,しゅっさんりつ,wnja:15276427-n
出発点,しゅっぱつてん,wnja:00236194-n
出立ち,いでたち,wnja:00042757-n
出納簿,すいとうぼ,wnja:03165211-n
出血熱,しゅっけつねつ,wnja:14177423-n
出資者,しゅっししゃ,wnja:10090020-n
出身地,しゅっしんち,wnja:08510350-n
出迎え,でむかえ,wnja:06630852-n
出願者,しゅつがんしゃ,wnja:09607280-n
出鱈目,でたらめ,wnja:06607339-n
分け前,わけまえ,wnja:00489475-n
分け目,わけめ,wnja:05748786-n
分れ目,わかれめ,wnja:07417644-n
分れ道,わかれみち,wnja:05764613-n
分光器,ぶんこうき,wnja:03726516-n
分光学,ぶんこうがく,wnja:00649482-n
分光計,ぶんこうけい,wnja:03726516-n
分子式,ぶんししき,wnja:06817173-n
分子量,ぶんしりょう,wnja:05026312-n
分岐学,ぶんきがく,wnja:06153402-n
分岐点,ぶんきてん,wnja:05764613-n
分度器,ぶんどき,wnja:04015908-n
分捕り,ぶんどり,wnja:00088481-n
分析計,ぶんせきけい,wnja:02708711-n
分極化,ぶんきょくか,wnja:14002109-n
分水嶺,ぶんすいれい,wnja:07417851-n
分水界,ぶんすいかい,wnja:08679369-n
分泌液,ぶんぴつえき,wnja:05404728-n
分泌物,ぶんぴつぶつ,wnja:05404728-n
分生子,ぶんせいし,wnja:11549009-n
分科会,ぶんかかい,wnja:09137869-n
分裂症,ぶんれつしょう,wnja:14393033-n
分配金,ぶんぱいきん,wnja:13273836-n
分限者,ぶげんしゃ,wnja:10292052-n
分類学,ぶんるいがく,wnja:01013770-n
切っ端,きれっぱし,wnja:04150668-n
切り戸,きりど,wnja:04214535-n
切り札,きりふだ,wnja:04490859-n
切れ口,きれくち,wnja:04241940-n
切れ物,きれもの,wnja:03153375-n
切れ目,きれめ,wnja:00188007-n
切れ端,きれはし,wnja:03286383-n
切れ間,きれま,wnja:06858779-n
切上げ,きりあげ,wnja:00209943-n
切取り,きりとり,wnja:00785045-n
切断面,せつだんめん,wnja:08648153-n
刊行物,かんこうぶつ,wnja:06589574-n
刑事犯,けいじはん,wnja:00766234-n
刑務所,けいむしょ,wnja:03592245-n
刑法犯,けいほうはん,wnja:00766234-n
初っ切,しょっきり,wnja:15265518-n
初っ端,しょっぱな,wnja:07325190-n
初心者,しょしんしゃ,wnja:07948754-n
初期化,しょきか,wnja:06636806-n
判じ物,はんじもの,wnja:04028315-n
判例法,はんれいほう,wnja:06535035-n
判断力,はんだんりょく,wnja:04891010-n
利き手,ききて,wnja:05067007-n
利尿剤,りにょうざい,wnja:03214670-n
利用者,りようしゃ,wnja:10741590-n
到来物,とうらいもの,wnja:13265011-n
到達点,とうたつてん,wnja:05981768-n
制動手,せいどうしゅ,wnja:09873135-n
制動機,せいどうき,wnja:02889425-n
制定法,せいていほう,wnja:06535222-n
制御棒,せいぎょぼう,wnja:03098515-n
制御盤,せいぎょばん,wnja:03098140-n
制球力,せいきゅうりょく,wnja:06657202-n
制酸薬,せいさんやく,wnja:14778019-n
刺し傷,さしきず,wnja:14297870-n
刺し網,さしあみ,wnja:03437295-n
刺抜き,とげぬき,wnja:03381231-n
刺激物,しげきぶつ,wnja:05827684-n
刻み目,きざみめ,wnja:04693384-n
剃り刃,そりば,wnja:02848216-n
前付け,まえづけ,wnja:06390688-n
前任者,ぜんにんしゃ,wnja:10464711-n
前借り,まえがり,wnja:13375891-n
前借金,ぜんしゃくきん,wnja:00364260-n
前奏曲,ぜんそうきょく,wnja:07040820-n
前市長,ぜんしちょう,wnja:09617508-n
前成説,ぜんせいせつ,wnja:05992949-n
前書き,まえがき,wnja:06397903-n
前照灯,ぜんしょうとう,wnja:03503997-n
前立て,まえだて,wnja:01326015-n
前立腺,ぜんりつせん,wnja:05331404-n
前置き,まえおき,wnja:06396930-n
前置詞,ぜんちし,wnja:06325145-n
前衛派,ぜんえいは,wnja:08465558-n
前触れ,まえぶれ,wnja:06802571-n
前頭葉,ぜんとうよう,wnja:05493758-n
前頭骨,ぜんとうこつ,wnja:05541231-n
剣闘士,けんとうし,wnja:10131815-n
剥き身,むきみ,wnja:07654667-n
剥出し,むきだし,wnja:14456138-n
副会長,ふくかいちょう,wnja:10751265-n
副作用,ふくさよう,wnja:00202816-n
副産物,ふくさんぶつ,wnja:02930492-n
副総裁,ふくそうさい,wnja:10751265-n
副議長,ふくぎちょう,wnja:10750911-n
副鼻腔,ふくびくう,wnja:05253561-n
割り符,わりふ,wnja:00562935-n
割引率,わりびきりつ,wnja:13319253-n
割戻し,わりもどし,wnja:13282275-n
割烹店,かっぽうてん,wnja:04081281-n
創世記,そうせいき,wnja:06432376-n
創始者,そうししゃ,wnja:10107303-n
創業者,そうぎょうしゃ,wnja:10107303-n
創立者,そうりつしゃ,wnja:10107303-n
創設者,そうせつしゃ,wnja:10107303-n
創造力,そうぞうりょく,wnja:05624700-n
創造性,そうぞうせい,wnja:05624700-n
創造物,そうぞうぶつ,wnja:03129123-n
創造者,そうぞうしゃ,wnja:09614315-n
劇作家,げきさっか,wnja:10030277-n
力ぞえ,ちからぞえ,wnja:01207609-n
力学系,りきがくけい,wnja:06246361-n
力抜け,ちからぬけ,wnja:07253637-n
力落し,ちからおとし,wnja:07253637-n
功名心,こうみょうしん,wnja:04836268-n
加え算,くわえざん,wnja:00872107-n
加入者,かにゅうしゃ,wnja:08170686-n
加害者,かがいしゃ,wnja:09821253-n
加盟国,かめいこく,wnja:10597234-n
加算器,かさんき,wnja:02679142-n
加農砲,かのんほう,wnja:02462828-n
加速度,かそくど,wnja:05060783-n
劣等感,れっとうかん,wnja:07483120-n
助け手,たすけて,wnja:09815790-n
助け舟,たすけぶね,wnja:05693919-n
助っ人,すけっと,wnja:09815790-n
助兵衛,すけべえ,wnja:10552980-n
助変数,じょへんすう,wnja:05859071-n
助太刀,すけだち,wnja:01207609-n
助成金,じょせいきん,wnja:13266892-n
助教授,じょきょうじゅ,wnja:09816654-n
助産婦,じょさんぷ,wnja:10314836-n
助言者,じょげんしゃ,wnja:09774266-n
励まし,はげまし,wnja:01211019-n
労働力,ろうどうりょく,wnja:08180944-n
労働歌,ろうどうか,wnja:07053993-n
労働省,ろうどうしょう,wnja:08137495-n
労働者,ろうどうしゃ,wnja:08180639-n
労務者,ろうむしゃ,wnja:10241300-n
効果音,こうかおん,wnja:05917869-n
動力学,どうりきがく,wnja:06113597-n
動力計,どうりょくけい,wnja:03260733-n
動名詞,どうめいし,wnja:06318352-n
動物化,どうぶつか,wnja:00271879-n
動物園,どうぶつえん,wnja:03745146-n
動物学,どうぶつがく,wnja:06083243-n
動物性,どうぶつせい,wnja:04623443-n
動物界,どうぶつかい,wnja:01313093-n
動物相,どうぶつそう,wnja:07993279-n
動物質,どうぶつしつ,wnja:14755804-n
動脈炎,どうみゃくえん,wnja:14258609-n
動脈瘤,どうみゃくりゅう,wnja:14106025-n
動脈血,どうみゃくけつ,wnja:05400445-n
勘定書,かんじょうしょ,wnja:06516955-n
勘違い,かんちがい,wnja:05895723-n
勝利者,しょうりしゃ,wnja:09762821-n
勝負事,しょうぶごと,wnja:00430140-n
勝負師,しょうぶし,wnja:10118844-n
勢力圏,せいりょくけん,wnja:08653570-n
勤め先,つとめさき,wnja:04602044-n
勤め口,つとめぐち,wnja:04602044-n
勤労者,きんろうしゃ,wnja:09632518-n
勧進元,かんじんもと,wnja:10383237-n
勿忘草,わすれなぐさ,wnja:12822115-n
匂い袋,においぶくろ,wnja:04122685-n
包み物,つつみもの,wnja:02919414-n
包容力,ほうようりょく,wnja:04637923-n
包絡線,ほうらくせん,wnja:13869788-n
化合物,かごうぶつ,wnja:05870180-n
化学品,かがくひん,wnja:14806838-n
化学式,かがくしき,wnja:06816935-n
化学者,かがくしゃ,wnja:09913824-n
化粧品,けしょうひん,wnja:03113152-n
化粧室,けしょうしつ,wnja:03238131-n
化粧水,けしょうすい,wnja:04448070-n
北の方,きたのかた,wnja:13831176-n
北半球,きたはんきゅう,wnja:08611662-n
北極圏,ほっきょくけん,wnja:08496798-n
区分け,くわけ,wnja:00397953-n
区割り,くわり,wnja:08592656-n
区画化,くかくか,wnja:14417146-n
医学生,いがくせい,wnja:10306181-n
医療費,いりょうひ,wnja:06517547-n
医薬品,いやくひん,wnja:03740161-n
匿名性,とくめいせい,wnja:14436285-n
十字架,じゅうじか,wnja:03135152-n
十字路,じゅうじろ,wnja:03581125-n
十字軍,じゅうじぐん,wnja:00968715-n
十腕類,じゅうわんるい,wnja:01970866-n
十進法,じっしんほう,wnja:06810790-n
千摺り,せんずり,wnja:00855674-n
千里眼,せんりがん,wnja:07256695-n
半導体,はんどうたい,wnja:04171831-n
半母音,はんぼいん,wnja:07114409-n
半減期,はんげんき,wnja:15275094-n
半熟卵,はんじゅくたまご,wnja:07841495-n
半身浴,はんしんよく,wnja:04225031-n
半透明,はんとうめい,wnja:04702351-n
半透膜,はんとうまく,wnja:05447423-n
半通夜,はんつや,wnja:01029883-n
半音階,はんおんかい,wnja:06861196-n
半風子,はんぷうし,wnja:02183857-n
卑金属,ひきんぞく,wnja:14618674-n
卒業生,そつぎょうせい,wnja:08238909-n
卓越風,たくえつふう,wnja:11497586-n
協力者,きょうりょくしゃ,wnja:09935793-n
協奏曲,きょうそうきょく,wnja:07043275-n
協定書,きょうていしょ,wnja:07175241-n
協議会,きょうぎかい,wnja:06774316-n
南京袋,なんきんぶくろ,wnja:03469903-n
南京豆,なんきんまめ,wnja:07737745-n
南半球,みなみはんきゅう,wnja:08652551-n
南寄り,みなみより,wnja:11511405-n
南極圏,なんきょくけん,wnja:08494676-n
単一性,たんいつせい,wnja:04763650-n
単数形,たんすうけい,wnja:06299916-n
単眼鏡,たんがんきょう,wnja:03783430-n
単糖類,たんとうるい,wnja:14954284-n
単葉機,たんようき,wnja:03783873-n
単行本,たんこうぼん,wnja:06410904-n
博士号,はくしごう,wnja:06702458-n
博物学,はくぶつがく,wnja:05794189-n
博物館,はくぶつかん,wnja:03800563-n
博覧会,はくらんかい,wnja:08407619-n
博言学,はくげんがく,wnja:06172789-n
占星術,せんせいじゅつ,wnja:05778131-n
占有者,せんゆうしゃ,wnja:10389398-n
印刷機,いんさつき,wnja:04000311-n
印字機,いんじき,wnja:04505036-n
印紙法,いんしほう,wnja:06564887-n
印紙税,いんしぜい,wnja:13315191-n
危険性,きけんせい,wnja:00802238-n
即位式,そくいしき,wnja:07453638-n
卵巣炎,らんそうえん,wnja:14351995-n
卵焼き,たまごやき,wnja:07842753-n
卸問屋,おろしどんや,wnja:10222497-n
卸売り,おろしうり,wnja:01114646-n
厄介者,やっかいもの,wnja:05830059-n
厄払い,やくはらい,wnja:05978472-n
原住民,げんじゅうみん,wnja:09620794-n
原作者,げんさくしゃ,wnja:10794014-n
原動力,げんどうりょく,wnja:00103834-n
原動機,げんどうき,wnja:03789946-n
原始林,げんしりん,wnja:13240025-n
原子価,げんしか,wnja:05034473-n
原子力,げんしりょく,wnja:11425989-n
原子核,げんしかく,wnja:09375085-n
原子炉,げんしろ,wnja:02753710-n
原子病,げんしびょう,wnja:14308472-n
原子論,げんしろん,wnja:06103270-n
原子量,げんしりょう,wnja:05025935-n
原形質,げんけいしつ,wnja:05432736-n
原材料,げんざいりょう,wnja:14580897-n
原生代,げんせいだい,wnja:15128997-n
原生林,げんせいりん,wnja:13240025-n
原腸胚,げんちょうはい,wnja:01462544-n
厭世家,えんせいか,wnja:10419472-n
厳しさ,きびしさ,wnja:04639732-n
去勢牛,きょせいぎゅう,wnja:02403231-n
去痰剤,きょたんざい,wnja:03304605-n
参事官,さんじかん,wnja:09944763-n
参加者,さんかしゃ,wnja:09608002-n
参政権,さんせいけん,wnja:05186306-n
参照先,さんしょうさき,wnja:06603130-n
参考人,さんこうにん,wnja:10301089-n
参考書,さんこうしょ,wnja:06417598-n
参謀長,さんぼうちょう,wnja:09917214-n
又の日,またのひ,wnja:15155891-n
又従兄,またいとこ,wnja:10568358-n
又貸し,またがし,wnja:13248928-n
双曲線,そうきょくせん,wnja:13886575-n
双曲面,そうきょくめん,wnja:13896854-n
双極子,そうきょくし,wnja:09266946-n
双球菌,そうきゅうきん,wnja:01380610-n
双生児,そうせいじ,wnja:10734394-n
双眼鏡,そうがんきょう,wnja:02841315-n
双翅類,そうしるい,wnja:02188699-n
反作用,はんさよう,wnja:00202816-n
反対語,はんたいご,wnja:06288024-n
反射弓,はんしゃきゅう,wnja:05463449-n
反射炉,はんしゃろ,wnja:04084682-n
反射角,はんしゃかく,wnja:13891371-n
反意語,はんいご,wnja:06288024-n
反物質,はんぶっしつ,wnja:14582535-n
反発力,はんぱつりょく,wnja:05020697-n
反磁性,はんじせい,wnja:11479816-n
反粒子,はんりゅうし,wnja:09199904-n
反義語,はんぎご,wnja:06288024-n
反芻類,はんすうるい,wnja:02398732-n
反逆罪,はんぎゃくざい,wnja:00782072-n
反逆者,はんぎゃくしゃ,wnja:10210137-n
反陽子,はんようし,wnja:09200193-n
反革命,はんかくめい,wnja:00963057-n
収まり,おさまり,wnja:05076827-n
収入役,しゅうにゅうやく,wnja:10727256-n
収容所,しゅうようじょ,wnja:02945379-n
収斂剤,しゅうれんざい,wnja:02750835-n
収益性,しゅうえきせい,wnja:05157866-n
収穫期,しゅうかくき,wnja:00921790-n
収集家,しゅうしゅうか,wnja:09936620-n
取やめ,とりやめ,wnja:00232386-n
取り分,とりぶん,wnja:01085098-n
取り前,とりまえ,wnja:01085098-n
取り得,とりどく,wnja:04807050-n
取り所,とりどころ,wnja:03485997-n
取り手,とりて,wnja:09627906-n
取れ高,とれだか,wnja:04612722-n
取下げ,とりさげ,wnja:07206302-n
取付き,とりつき,wnja:05868051-n
取合せ,とりあわせ,wnja:00378985-n
取回し,とりまわし,wnja:00140652-n
取外し,とりはずし,wnja:00391599-n
取引先,とりひきさき,wnja:09984659-n
取得者,しゅとくしゃ,wnja:08419354-n
取払い,とりはらい,wnja:00391599-n
取残し,とりのこし,wnja:13810818-n
取潰し,とりつぶし,wnja:07334490-n
取立て,とりたて,wnja:00198451-n
取締役,とりしまりやく,wnja:09770472-n
取込み,とりこみ,wnja:07507912-n
取返し,とりかえし,wnja:00235074-n
受け方,うけかた,wnja:09627906-n
受け皿,うけざら,wnja:04139291-n
受信人,じゅしんにん,wnja:09769345-n
受信器,じゅしんき,wnja:04060647-n
受信料,じゅしんりょう,wnja:13322113-n
受信箱,じゅしんばこ,wnja:03565830-n
受像機,じゅぞうき,wnja:04405907-n
受入れ,うけいれ,wnja:00090253-n
受刑者,じゅけいしゃ,wnja:09962966-n
受動性,じゅどうせい,wnja:04636397-n
受動態,じゅどうたい,wnja:13803431-n
受取人,うけとりにん,wnja:09627906-n
受合い,うけあい,wnja:06686174-n
受容体,じゅようたい,wnja:05299178-n
受容器,じゅようき,wnja:05299178-n
受持ち,うけもち,wnja:03008275-n
受益者,じゅえきしゃ,wnja:09850121-n
受精卵,じゅせいらん,wnja:01458842-n
受精膜,じゅせいまく,wnja:05319419-n
受給者,じゅきゅうしゃ,wnja:10414612-n
受話器,じゅわき,wnja:03261776-n
受講者,じゅこうしゃ,wnja:10059162-n
受領書,じゅりょうしょ,wnja:06520222-n
受領者,じゅりょうしゃ,wnja:09627906-n
受領証,じゅりょうしょう,wnja:06520222-n
受験者,じゅけんしゃ,wnja:10703692-n
叙事文,じょじぶん,wnja:06514093-n
叙事詩,じょじし,wnja:06379721-n
叙情詩,じょじょうし,wnja:06380726-n
口だし,くちだし,wnja:03520811-n
口づけ,くちづけ,wnja:00138221-n
口コミ,くちこみ,wnja:07223635-n
口争い,くちあらそい,wnja:07184149-n
口付き,くちつき,wnja:03795123-n
口内炎,こうないえん,wnja:14356044-n
口切り,くちきり,wnja:15265518-n
口利き,くちきき,wnja:03795123-n
口唇期,こうしんき,wnja:15146545-n
口唇裂,こうしんれつ,wnja:14214355-n
口喧嘩,くちげんか,wnja:07184149-n
口抜き,くちぬき,wnja:03109150-n
口振り,くちぶり,wnja:07071483-n
口答え,くちごたえ,wnja:06721949-n
口脚類,こうきゃくるい,wnja:01989701-n
口腔癌,こうくうがん,wnja:14251845-n
口蓋垂,こうがいすい,wnja:05309245-n
口蓋裂,こうがいれつ,wnja:14214486-n
口蓋骨,こうがいこつ,wnja:05278152-n
口角炎,こうかくえん,wnja:14058066-n
口言葉,くちことば,wnja:07109196-n
口蹄疫,こうていえき,wnja:14264664-n
古強者,ふるつわもの,wnja:10749123-n
古文学,こぶんがく,wnja:06145586-n
古文書,こもんじょ,wnja:06515489-n
古生代,こせいだい,wnja:15126931-n
句切れ,くぎれ,wnja:01062817-n
句構造,くこうぞう,wnja:06176107-n
句読法,くとうほう,wnja:00390198-n
句読点,くとうてん,wnja:06841365-n
叩き肉,たたきにく,wnja:07678586-n
叫び声,さけびごえ,wnja:07120524-n
召替え,めしかえ,wnja:03005769-n
可塑剤,かそざい,wnja:14593162-n
可塑性,かそせい,wnja:05021884-n
可惜物,あったらもの,wnja:08463969-n
可燃性,かねんせい,wnja:04712405-n
可能性,かのうせい,wnja:04756172-n
可視光,かしこう,wnja:11473954-n
可読性,かどくせい,wnja:04819285-n
右利き,みぎきき,wnja:05067514-n
右寄り,みぎより,wnja:08416652-n
右心室,うしんしつ,wnja:05392157-n
右心房,うしんぼう,wnja:05393429-n
右翼手,うよくしゅ,wnja:10387196-n
司令官,しれいかん,wnja:09941964-n
司令部,しれいぶ,wnja:03504420-n
司会者,しかいしゃ,wnja:09946814-n
司教区,しきょうく,wnja:08550966-n
司法官,しほうかん,wnja:10225219-n
司法権,しほうけん,wnja:00593944-n
合せ目,あわせめ,wnja:04160372-n
合の子,あいのこ,wnja:10157549-n
合の手,あいのて,wnja:00520880-n
合併症,がっぺいしょう,wnja:14074041-n
合唱団,がっしょうだん,wnja:08187837-n
合宿所,がっしゅくじょ,wnja:02857477-n
合成数,ごうせいすう,wnja:13594417-n
合気道,あいきどう,wnja:00825331-n
合法化,ごうほうか,wnja:01195380-n
合法性,ごうほうせい,wnja:04783247-n
合理化,ごうりか,wnja:01009190-n
合理性,ごうりせい,wnja:04784978-n
合糸機,ごうしき,wnja:03227721-n
合衆国,がっしゅうこく,wnja:09044862-n
合言葉,あいことば,wnja:06674188-n
吉草酸,きっそうさん,wnja:14740094-n
吉野紙,よしのがみ,wnja:15074962-n
吊り紐,つりひも,wnja:03106110-n
同一性,どういつせい,wnja:04743024-n
同伴者,どうはんしゃ,wnja:09760609-n
同位体,どういたい,wnja:14619658-n
同居人,どうきょにん,wnja:10188957-n
同年代,どうねんだい,wnja:09960417-n
同性愛,どうせいあい,wnja:00856847-n
同意語,どういご,wnja:06303682-n
同所性,どうしょせい,wnja:13959463-n
同時性,どうじせい,wnja:05048123-n
同期生,どうきせい,wnja:08238660-n
同業者,どうぎょうしゃ,wnja:09935990-n
同盟国,どうめいこく,wnja:08305942-n
同窓会,どうそうかい,wnja:08478371-n
同窓生,どうそうせい,wnja:09786338-n
同級生,どうきゅうせい,wnja:10560106-n
同素体,どうそたい,wnja:14624025-n
同義語,どうぎご,wnja:06303682-n
同調者,どうちょうしゃ,wnja:10686073-n
同類項,どうるいこう,wnja:06289074-n
名人芸,めいじんげい,wnja:05638987-n
名折れ,なおれ,wnja:14440137-n
名詞句,めいしく,wnja:06316480-n
向かい,むかい,wnja:04838210-n
向上心,こうじょうしん,wnja:00836788-n
向光性,こうこうせい,wnja:00862079-n
向日性,こうじつせい,wnja:00862079-n
向日葵,ひまわり,wnja:11978233-n
君主制,くんしゅせい,wnja:06219300-n
君主国,くんしゅこく,wnja:08363812-n
含有量,がんゆうりょう,wnja:13816521-n
含羞草,おじぎそう,wnja:11755110-n
吸い口,すいくち,wnja:03794957-n
吸入剤,きゅうにゅうざい,wnja:03571155-n
吸入器,きゅうにゅうき,wnja:03571280-n
吸収剤,きゅうしゅうざい,wnja:14597413-n
吸引力,きゅういんりょく,wnja:04689330-n
吸湿性,きゅうしつせい,wnja:04940964-n
吸血鬼,きゅうけつき,wnja:01937909-n
吹き矢,ふきや,wnja:02855253-n
吹上げ,ふきあげ,wnja:03387815-n
吹出物,ふきでもの,wnja:14183210-n
吹替え,ふきかえ,wnja:10648237-n
吹流し,ふきながし,wnja:02788021-n
呉れ手,くれて,wnja:10025730-n
告別式,こくべつしき,wnja:07451463-n
周旋料,しゅうせんりょう,wnja:07169480-n
周期律,しゅうきりつ,wnja:05887156-n
周期表,しゅうきひょう,wnja:08267446-n
呪い言,のろいごと,wnja:07233634-n
味わい,あじわい,wnja:05715864-n
呼び声,よびごえ,wnja:07192511-n
呼び子,よびこ,wnja:04579432-n
呼び水,よびみず,wnja:00853835-n
呼び物,よびもの,wnja:03325769-n
呼吸商,こきゅうしょう,wnja:13825292-n
呼吸数,こきゅうすう,wnja:15281653-n
命数法,めいすうほう,wnja:07230959-n
和三盆,わさんぼん,wnja:07859284-n
咽頭炎,いんとうえん,wnja:14173484-n
哀しみ,かなしみ,wnja:04631470-n
品定め,しなさだめ,wnja:00874806-n
品揃え,しなぞろえ,wnja:08399818-n
品評会,ひんぴょうかい,wnja:08407619-n
哲学者,てつがくしゃ,wnja:10423589-n
哺乳類,ほにゅうるい,wnja:01861465-n
唇歯音,しんしおん,wnja:07117193-n
唐変木,とうへんぼく,wnja:10274639-n
唐獅子,からじし,wnja:02129165-n
唐茄子,とうなす,wnja:07735510-n
唐辛子,とうがらし,wnja:07822518-n
唯名論,ゆいめいろん,wnja:05974156-n
唯心論,ゆいしんろん,wnja:05973007-n
唯物論,ゆいぶつろん,wnja:05972585-n
唾液腺,だえきせん,wnja:05532944-n
商い屋,あきないや,wnja:10309896-n
商い物,あきないもの,wnja:03076708-n
商売人,しょうばいにん,wnja:10309896-n
商業地,しょうぎょうち,wnja:08539072-n
商行為,しょうこうい,wnja:01094725-n
問題点,もんだいてん,wnja:05814650-n
喉頭鏡,こうとうきょう,wnja:03643149-n
喚き声,わめきごえ,wnja:07120524-n
喜歌劇,きかげき,wnja:07026646-n
喫水線,きっすいせん,wnja:08678783-n
喫煙室,きつえんしつ,wnja:04247440-n
喫煙者,きつえんしゃ,wnja:10614976-n
喫茶店,きっさてん,wnja:02935658-n
営業所,えいぎょうしょ,wnja:03953020-n
営業費,えいぎょうひ,wnja:13277179-n
営造物,えいぞうぶつ,wnja:02913152-n
嗅神経,きゅうしんけい,wnja:05477946-n
嗜好性,しこうせい,wnja:04794580-n
嘆願書,たんがんしょ,wnja:06513366-n
嘘つき,うそつき,wnja:10256537-n
嘘偽り,うそいつわり,wnja:06756831-n
噴火口,ふんかこう,wnja:09259219-n
噴火山,ふんかざん,wnja:09472597-n
噴霧器,ふんむき,wnja:02754103-n
囃子方,はやしかた,wnja:10340312-n
四つ角,よつかど,wnja:00146111-n
四つ足,よつあし,wnja:00015388-n
四十雀,しじゅうから,wnja:01592084-n
四半期,しはんき,wnja:15206590-n
四角形,しかっけい,wnja:13879126-n
四輪車,よんりんしゃ,wnja:02958343-n
四重奏,しじゅうそう,wnja:07041688-n
回し者,まわしもの,wnja:10641755-n
回り路,まわりみち,wnja:03182506-n
回れ右,まわれみぎ,wnja:00346936-n
回帰熱,かいきねつ,wnja:14142459-n
回帰線,かいきせん,wnja:08675145-n
回教徒,かいきょうと,wnja:09682291-n
回虫症,かいちゅうしょう,wnja:14453175-n
回転子,かいてんし,wnja:04111962-n
回転翼,かいてんよく,wnja:04112252-n
回転軸,かいてんじく,wnja:02764614-n
回送車,かいそうしゃ,wnja:03166120-n
回顧録,かいころく,wnja:06516495-n
困り者,こまりもの,wnja:00623862-n
囲い者,かこいもの,wnja:10323752-n
囲炉裏,いろり,wnja:08581699-n
図書券,としょけん,wnja:06518253-n
図書室,としょしつ,wnja:03660909-n
図書館,としょかん,wnja:03660664-n
固定化,こていか,wnja:01146288-n
固定子,こていし,wnja:04306592-n
固有値,こゆうち,wnja:05856589-n
固有性,こゆうせい,wnja:04763925-n
固溶体,こようたい,wnja:15051705-n
国内法,こくないほう,wnja:08453464-n
国有化,こくゆうか,wnja:01151788-n
国税庁,こくぜいちょう,wnja:08143321-n
国際化,こくさいか,wnja:01151605-n
国際法,こくさいほう,wnja:08454003-n
国際色,こくさいしょく,wnja:05126611-n
園芸家,えんげいか,wnja:10186350-n
園遊会,えんゆうかい,wnja:08255508-n
土壇場,どたんば,wnja:15244942-n
土壌学,どじょうがく,wnja:06061631-n
土曜日,どようび,wnja:15164570-n
圧力計,あつりょくけい,wnja:04001499-n
圧力鍋,あつりょくなべ,wnja:04001265-n
圧縮機,あっしゅくき,wnja:03082807-n
在庫品,ざいこひん,wnja:04321534-n
地べた,じべた,wnja:09334396-n
地上波,ちじょうは,wnja:11500458-n
地下室,ちかしつ,wnja:02800497-n
地下茎,ちかけい,wnja:13128582-n
地下道,ちかどう,wnja:04508804-n
地下鉄,ちかてつ,wnja:03757138-n
地割れ,じわれ,wnja:13907272-n
地平線,ちへいせん,wnja:08585657-n
地形学,ちけいがく,wnja:05064541-n
地役権,ちえきけん,wnja:13998014-n
地政学,ちせいがく,wnja:06148748-n
地文学,ちもんがく,wnja:06122445-n
地方債,ちほうさい,wnja:13338657-n
地溝帯,ちこうたい,wnja:09410224-n
地滑り,じすべり,wnja:07404944-n
地球人,ちきゅうじん,wnja:10699262-n
地球儀,ちきゅうぎ,wnja:03440512-n
地理学,ちりがく,wnja:06122178-n
地腫れ,じばれ,wnja:14315192-n
地衣類,ちいるい,wnja:12987056-n
地誌学,ちしがく,wnja:06122578-n
地質学,ちしつがく,wnja:06115701-n
地震学,じしんがく,wnja:06120496-n
地震計,じしんけい,wnja:04168840-n
地響き,じひびき,wnja:07377682-n
均質化,きんしつか,wnja:00380994-n
垂れ幕,たれまく,wnja:02788021-n
垂れ絹,たれぎぬ,wnja:03151077-n
垂乳根,たらちね,wnja:10080869-n
垣間見,かいまみ,wnja:05934396-n
埋め草,うめくさ,wnja:03714721-n
埋合せ,うめあわせ,wnja:00259643-n
埋葬地,まいそうち,wnja:08521623-n
埋蔵物,まいぞうぶつ,wnja:08464098-n
執成し,とりなし,wnja:01240210-n
執政官,しっせいかん,wnja:09770472-n
執筆者,しっぴつしゃ,wnja:10794014-n
執行部,しっこうぶ,wnja:09770472-n
培養基,ばいようき,wnja:14899328-n
基底膜,きていまく,wnja:05286272-n
基本形,きほんけい,wnja:05937524-n
基本法,きほんほう,wnja:06533648-n
基督教,きりすときょう,wnja:06226057-n
堀切り,ほりきり,wnja:13893786-n
堅パン,かたぱん,wnja:07694839-n
堆積岩,たいせきがん,wnja:14698000-n
堆積物,たいせきぶつ,wnja:09428967-n
堕胎罪,だたいざい,wnja:00231315-n
堪え性,こらえしょう,wnja:04640538-n
堪忍袋,かんにんぶくろ,wnja:04640538-n
報告書,ほうこくしょ,wnja:06409752-n
報奨金,ほうしょうきん,wnja:07166281-n
塗り絵,ぬりえ,wnja:03071782-n
塗り薬,ぬりぐすり,wnja:03673594-n
塞栓症,そくせんしょう,wnja:14101083-n
塩入れ,しおいれ,wnja:04131690-n
塩加減,しおかげん,wnja:07809368-n
塩化物,えんかぶつ,wnja:15016852-n
塩素化,えんそか,wnja:13448622-n
塩素酸,えんそさん,wnja:14610782-n
塵溜め,ごみため,wnja:08560027-n
境界層,きょうかいそう,wnja:11431191-n
墓掘り,はかほり,wnja:10144468-n
増感剤,ぞうかんざい,wnja:06321054-n
増殖炉,ぞうしょくろ,wnja:02896949-n
増血剤,ぞうけつざい,wnja:03513961-n
墨付き,すみつき,wnja:00614730-n
墨染め,すみぞめ,wnja:04960277-n
壁塗り,かべぬり,wnja:00718815-n
壁掛け,かべかけ,wnja:03169390-n
壊血病,かいけつびょう,wnja:14201520-n
士君子,しくんし,wnja:10127273-n
声楽家,せいがくか,wnja:10599806-n
声遣い,こわづかい,wnja:04987620-n
声音学,せいおんがく,wnja:06177033-n
売り手,うりて,wnja:10577284-n
売り方,うりかた,wnja:05639651-n
売上高,うりあげだか,wnja:05112308-n
売国奴,ばいこくど,wnja:10722965-n
売掛金,うりかけきん,wnja:13407208-n
売春婦,ばいしゅんふ,wnja:10485440-n
売残り,うれのこり,wnja:10636488-n
変り種,かわりだね,wnja:05840650-n
変り者,かわりもの,wnja:10042845-n
変光星,へんこうせい,wnja:09469152-n
変分学,へんぶんがく,wnja:06015978-n
変化形,へんかけい,wnja:05840650-n
変化球,へんかきゅう,wnja:00107875-n
変圧器,へんあつき,wnja:04471315-n
変奏曲,へんそうきょく,wnja:07030012-n
変形菌,へんけいきん,wnja:12975804-n
変成岩,へんせいがん,wnja:14698698-n
変質者,へんしつしゃ,wnja:10419047-n
変電所,へんでんしょ,wnja:04348702-n
夕ご飯,ゆうごはん,wnja:07575726-n
夕さり,ゆうさり,wnja:15166462-n
夕めし,ゆうめし,wnja:07575726-n
夕間暮,ゆうまぐれ,wnja:15166462-n
外交団,がいこうだん,wnja:08357647-n
外交官,がいこうかん,wnja:10013927-n
外交家,がいこうか,wnja:10013927-n
外務省,がいむしょう,wnja:08114152-n
外反足,がいはんそく,wnja:14214819-n
外向性,がいこうせい,wnja:04621738-n
外呼吸,がいこきゅう,wnja:00831191-n
外回り,そとまわり,wnja:05101261-n
外国人,がいこくじん,wnja:10103485-n
外套膜,がいとうまく,wnja:05244045-n
外惑星,がいわくせい,wnja:09381480-n
外来者,がいらいしゃ,wnja:10661002-n
外気圏,がいきけん,wnja:09277432-n
外用薬,がいようやく,wnja:03845550-n
外皮系,がいひけい,wnja:05461179-n
外科医,げかい,wnja:10679174-n
外科学,げかがく,wnja:06063588-n
外翅類,がいしるい,wnja:02232408-n
外耳炎,がいじえん,wnja:14351759-n
外耳道,がいじどう,wnja:05248667-n
外肛類,がいこうるい,wnja:02314001-n
外輪船,がいりんせん,wnja:03874138-n
外部性,がいぶせい,wnja:05078623-n
外野手,がいやしゅ,wnja:10386874-n
多元論,たげんろん,wnja:05965749-n
多孔性,たこうせい,wnja:04940146-n
多年生,たねんせい,wnja:13534608-n
多指症,たししょう,wnja:14471724-n
多数決,たすうけつ,wnja:05964445-n
多数派,たすうは,wnja:05122557-n
多様化,たようか,wnja:00195569-n
多様性,たようせい,wnja:04735711-n
多毛症,たもうしょう,wnja:04683600-n
多毛類,たもうるい,wnja:01936219-n
多汗症,たかんしょう,wnja:13495209-n
多神教,たしんきょう,wnja:06224305-n
多血症,たけつしょう,wnja:05120116-n
多血質,たけつしつ,wnja:04963111-n
多角形,たかっけい,wnja:13866144-n
多辺形,たへんけい,wnja:13866144-n
多重星,たじゅうせい,wnja:09363064-n
多面体,ためんたい,wnja:13883885-n
多面性,ためんせい,wnja:05098750-n
多面角,ためんかく,wnja:13916363-n
多項式,たこうしき,wnja:05861855-n
夜会服,やかいふく,wnja:03384891-n
夜尿症,やにょうしょう,wnja:13522485-n
夜想曲,やそうきょく,wnja:07047679-n
夜盲症,やもうしょう,wnja:14554853-n
夜遊び,よあそび,wnja:00431292-n
夜驚症,やきょうしょう,wnja:07290503-n
夢占い,ゆめうらない,wnja:05777599-n
夢心地,ゆめごこち,wnja:14407536-n
夢想家,むそうか,wnja:10062996-n
夢物語,ゆめものがたり,wnja:05632732-n
夢語り,ゆめがたり,wnja:05632732-n
夢遊病,むゆうびょう,wnja:00285141-n
大きさ,おおきさ,wnja:05025413-n
大さじ,おおさじ,wnja:13770310-n
大企業,だいきぎょう,wnja:07967129-n
大使館,たいしかん,wnja:00588780-n
大入道,おおにゅうどう,wnja:10129133-n
大写し,おおうつし,wnja:03049695-n
大出来,おおでき,wnja:07319103-n
大切り,おおぎり,wnja:00210797-n
大前提,だいぜんてい,wnja:06754184-n
大動脈,だいどうみゃく,wnja:03519981-n
大司教,だいしきょう,wnja:09805151-n
大喜び,おおよろこび,wnja:07490713-n
大団円,だいだんえん,wnja:00210797-n
大多数,だいたすう,wnja:05122557-n
大天使,だいてんし,wnja:09539183-n
大学校,だいがっこう,wnja:08278324-n
大学生,だいがくせい,wnja:09936892-n
大学者,だいがくしゃ,wnja:10207077-n
大学院,だいがくいん,wnja:08282696-n
大宇宙,だいうちゅう,wnja:09466280-n
大宮人,おおみやびと,wnja:09971839-n
大家族,だいかぞく,wnja:07973653-n
大広間,おおひろま,wnja:03478907-n
大当り,おおあたり,wnja:07477587-n
大急ぎ,おおいそぎ,wnja:05060189-n
大惑星,だいわくせい,wnja:09394007-n
大成功,だいせいこう,wnja:00064504-n
大手術,だいしゅじゅつ,wnja:00684837-n
大掃除,おおそうじ,wnja:00251013-n
大晦日,おおみそか,wnja:15182053-n
大気圏,たいきけん,wnja:08499057-n
大洪水,だいこうずい,wnja:11454591-n
大犬座,おおいぬざ,wnja:09232841-n
大理石,だいりせき,wnja:14947807-n
大発見,だいはっけん,wnja:00151409-n
大目玉,おおめだま,wnja:06713187-n
大相撲,おおずもう,wnja:00448232-n
大福帳,だいふくちょう,wnja:03165211-n
大立者,おおだてもの,wnja:09840217-n
大経師,だいきょうじ,wnja:10397001-n
大統領,だいとうりょう,wnja:10467179-n
大聖堂,だいせいどう,wnja:02984061-n
大胸筋,だいきょうきん,wnja:05551939-n
大腸炎,だいちょうえん,wnja:14341091-n
大腸癌,だいちょうがん,wnja:14247239-n
大腸菌,だいちょうきん,wnja:01368338-n
大腿骨,だいたいこつ,wnja:05573895-n
大自然,だいしぜん,wnja:09366762-n
大臼歯,だいきゅうし,wnja:05307773-n
大茴香,だいういきょう,wnja:07826930-n
大荒れ,おおあれ,wnja:13977732-n
大蔵省,おおくらしょう,wnja:08120235-n
大虐殺,だいぎゃくさつ,wnja:00223983-n
大衆化,たいしゅうか,wnja:00273077-n
大衆性,たいしゅうせい,wnja:04808639-n
大規模,だいきぼ,wnja:04729710-n
大親友,だいしんゆう,wnja:09851371-n
大豆油,だいずゆ,wnja:07675262-n
大逆罪,たいぎゃくざい,wnja:00782072-n
大通り,おおどおり,wnja:02763472-n
大部分,だいぶぶん,wnja:05122557-n
大都市,だいとし,wnja:08226335-n
大陪審,だいばいしん,wnja:08414964-n
大陸棚,たいりくだな,wnja:09255207-n
大静脈,だいじょうみゃく,wnja:05422668-n
大風子,だいふうし,wnja:12379531-n
大騒ぎ,おおさわぎ,wnja:00553823-n
大黒柱,だいこくばしら,wnja:05694232-n
天の川,あまのがわ,wnja:08271042-n
天ぷら,てんぷら,wnja:07879953-n
天上界,てんじょうかい,wnja:05627785-n
天体暦,てんたいれき,wnja:06426865-n
天動説,てんどうせつ,wnja:05890809-n
天引き,てんびき,wnja:00360757-n
天才児,てんさいじ,wnja:09918867-n
天文学,てんもんがく,wnja:06095022-n
天文家,てんもんか,wnja:09818343-n
天気図,てんきず,wnja:04567222-n
天水桶,てんすいおけ,wnja:04049303-n
天然痘,てんねんとう,wnja:14124423-n
天球儀,てんきゅうぎ,wnja:02990920-n
天眼通,てんがんつう,wnja:07256695-n
天鵞絨,びろうど,wnja:04524941-n
太り肉,ふとりじし,wnja:04999401-n
太刀風,たちかぜ,wnja:07396414-n
太刀魚,たちうお,wnja:02622955-n
太陰暦,たいいんれき,wnja:15178417-n
太陽光,たいようこう,wnja:11485367-n
太陽年,たいようねん,wnja:15202806-n
太陽暦,たいようれき,wnja:15178694-n
太陽炉,たいようろ,wnja:04258138-n
太陽系,たいようけい,wnja:09439433-n
太陽風,たいようふう,wnja:11510571-n
失書症,しっしょしょう,wnja:14095948-n
失業率,しつぎょうりつ,wnja:13819074-n
失業者,しつぎょうしゃ,wnja:10737860-n
失語症,しつごしょう,wnja:09798244-n
夾雑物,きょうざつぶつ,wnja:14583670-n
奇術師,きじゅつし,wnja:10226413-n
奇蹄類,きているい,wnja:02373093-n
奉仕者,ほうししゃ,wnja:13952171-n
奉公人,ほうこうにん,wnja:10024119-n
奏鳴曲,そうめいきょく,wnja:07044088-n
契約書,けいやくしょ,wnja:06520944-n
奥さん,おくさん,wnja:10780632-n
奥座敷,おくざしき,wnja:04131015-n
奥書き,おくがき,wnja:01101958-n
奥許し,おくゆるし,wnja:06478582-n
奨励金,しょうれいきん,wnja:13267014-n
奨学金,しょうがくきん,wnja:13266170-n
女の子,おんなのこ,wnja:06342182-n
女友達,おんなともだち,wnja:10130686-n
女嫌い,おんなぎらい,wnja:07547064-n
女子衆,おなごしゅう,wnja:10282672-n
女学生,じょがくせい,wnja:10559603-n
女房役,にょうぼうやく,wnja:09815790-n
女王蜂,じょおうばち,wnja:02207345-n
女生徒,じょせいと,wnja:10559603-n
奴隷化,どれいか,wnja:00089234-n
好き事,すきごと,wnja:07488875-n
好一対,こういっつい,wnja:07988857-n
好中球,こうちゅうきゅう,wnja:05453657-n
好奇心,こうきしん,wnja:03149951-n
好景気,こうけいき,wnja:14488813-n
好色家,こうしょくか,wnja:10552980-n
好色本,こうしょくぼん,wnja:06411753-n
好色漢,こうしょくかん,wnja:10552980-n
好都合,こうつごう,wnja:14446493-n
好酸球,こうさんきゅう,wnja:01349333-n
如何様,いかさま,wnja:00752954-n
如何物,いかもの,wnja:03318438-n
妃殿下,ひでんか,wnja:10474064-n
妥協点,だきょうてん,wnja:13791122-n
妥当性,だとうせい,wnja:04783567-n
妬み心,ねたみごころ,wnja:07550079-n
姉さん,ねえさん,wnja:10129825-n
始新世,ししんせい,wnja:15125845-n
始祖鳥,しそちょう,wnja:01516212-n
委員会,いいんかい,wnja:06478988-n
委員長,いいんちょう,wnja:09961739-n
姦通罪,かんつうざい,wnja:00848466-n
姪っ子,めいっこ,wnja:10357613-n
姫御前,ひめごぜ,wnja:10474064-n
娯しみ,たのしみ,wnja:00426928-n
婆さん,ばあさん,wnja:10377021-n
婆羅門,ばらもん,wnja:02404573-n
婚約者,こんやくしゃ,wnja:10085869-n
婦人服,ふじんふく,wnja:04596852-n
婦人科,ふじんか,wnja:06050901-n
婦女子,ふじょし,wnja:10787470-n
媒染剤,ばいせんざい,wnja:14955030-n
媒酌人,ばいしゃくにん,wnja:10299875-n
嫁入り,よめいり,wnja:01036996-n
嬉しさ,うれしさ,wnja:07527352-n
子ヤギ,こやぎ,wnja:02416820-n
子会社,こがいしゃ,wnja:08003935-n
子午線,しごせん,wnja:08598823-n
子守唄,こもりうた,wnja:00546738-n
子殺し,こごろし,wnja:01250492-n
孔雀石,くじゃくせき,wnja:14680661-n
存在論,そんざいろん,wnja:06162847-n
季刊誌,きかんし,wnja:06594625-n
季節風,きせつふう,wnja:11484570-n
孤児院,こじいん,wnja:03129471-n
孤立化,こりつか,wnja:01202029-n
学士号,がくしごう,wnja:06698252-n
学習帳,がくしゅうちょう,wnja:06415419-n
学習机,がくしゅうづくえ,wnja:03179701-n
学習者,がくしゅうしゃ,wnja:10251779-n
学部長,がくぶちょう,wnja:09996784-n
孫息子,まごむすこ,wnja:10143299-n
孵卵器,ふらんき,wnja:03567066-n
宇宙塵,うちゅうじん,wnja:11441416-n
宇宙線,うちゅうせん,wnja:11441707-n
宇宙論,うちゅうろん,wnja:06098195-n
守備率,しゅびりつ,wnja:13818354-n
守護霊,しゅごれい,wnja:09540055-n
守銭奴,しゅせんど,wnja:09912681-n
安らぎ,やすらぎ,wnja:04904352-n
安全器,あんぜんき,wnja:03464467-n
安全帽,あんぜんぼう,wnja:03492922-n
安全弁,あんぜんべん,wnja:04127633-n
安全性,あんぜんせい,wnja:14539268-n
安全灯,あんぜんとう,wnja:04126852-n
安全率,あんぜんりつ,wnja:13825490-n
安売り,やすうり,wnja:01117723-n
安定化,あんていか,wnja:01159025-n
安定器,あんていき,wnja:04294212-n
安定性,あんていせい,wnja:04738641-n
安山岩,あんざんがん,wnja:14725364-n
安息香,あんそくこう,wnja:11706120-n
安普請,やすぶしん,wnja:01105038-n
安楽死,あんらくし,wnja:00219856-n
完全性,かんぜんせい,wnja:04785414-n
完新世,かんしんせい,wnja:15124713-n
宗主国,そうしゅこく,wnja:08170535-n
宗主権,そうしゅけん,wnja:08558882-n
宙返り,ちゅうがえり,wnja:00169811-n
定まり,さだまり,wnja:05846054-n
定休日,ていきゅうび,wnja:15137556-n
定冠詞,ていかんし,wnja:06324864-n
定小屋,じょうごや,wnja:04417809-n
定常波,ていじょうは,wnja:07346772-n
定期船,ていきせん,wnja:03673027-n
定足数,ていそくすう,wnja:08357992-n
宝くじ,たからくじ,wnja:00508091-n
宝探し,たからさがし,wnja:00162236-n
宝物殿,ほうもつでん,wnja:04133648-n
宝石商,ほうせきしょう,wnja:10221777-n
宝飾品,ほうしょくひん,wnja:03597469-n
実入り,みいり,wnja:13255145-n
実在論,じつざいろん,wnja:05975659-n
実念論,じつねんろん,wnja:05975659-n
実業家,じつぎょうか,wnja:08113073-n
実業界,じつぎょうかい,wnja:08113073-n
実現性,じつげんせい,wnja:05152364-n
実生活,じっせいかつ,wnja:05810250-n
実用性,じつようせい,wnja:05148699-n
実社会,じっしゃかい,wnja:05810250-n
実習生,じっしゅうせい,wnja:10211203-n
実行時,じっこうじ,wnja:15262510-n
実証論,じっしょうろん,wnja:05993367-n
実験台,じっけんだい,wnja:10668666-n
実験室,じっけんしつ,wnja:03629986-n
実験式,じっけんしき,wnja:06817459-n
客引き,きゃくひき,wnja:09839515-n
客観性,きゃっかんせい,wnja:04892344-n
宣伝文,せんでんぶん,wnja:07248060-n
宣教師,せんきょうし,wnja:10322957-n
室内楽,しつないがく,wnja:07026239-n
宮大工,みやだいく,wnja:09896685-n
宮芝居,みやしばい,wnja:03410147-n
家刀自,いえとじ,wnja:10189776-n
家庭科,かていか,wnja:06149344-n
家持ち,いえもち,wnja:10182499-n
家政婦,かせいふ,wnja:10188715-n
家政学,かせいがく,wnja:06149344-n
家移り,やうつり,wnja:00168658-n
容疑者,ようぎしゃ,wnja:09762101-n
宿借り,やどかり,wnja:10700201-n
宿泊客,しゅくはくきゃく,wnja:10388647-n
寂しみ,さびしみ,wnja:07534108-n
寄り目,よりめ,wnja:14506233-n
寄付金,きふきん,wnja:13269890-n
寄宿舎,きしゅくしゃ,wnja:02857477-n
寄生虫,きせいちゅう,wnja:01384687-n
寄稿家,きこうか,wnja:09961331-n
密か事,みそかごと,wnja:06673142-n
密猟者,みつりょうしゃ,wnja:10444058-n
密航者,みっこうしゃ,wnja:10660471-n
密造酒,みつぞうしゅ,wnja:07902520-n
富くじ,とみくじ,wnja:00508091-n
寒暖計,かんだんけい,wnja:04421872-n
寝台券,しんだいけん,wnja:06518719-n
寝台車,しんだいしゃ,wnja:04236001-n
寝起き,ねおき,wnja:01259773-n
寝返り,ねがえり,wnja:00749767-n
寝部屋,ねべや,wnja:02821627-n
審判員,しんぱんいん,wnja:10225219-n
審判官,しんぱんかん,wnja:10225219-n
審査員,しんさいん,wnja:10067968-n
審査官,しんさかん,wnja:10067968-n
審美眼,しんびがん,wnja:05749619-n
審議会,しんぎかい,wnja:08310949-n
対位法,たいいほう,wnja:07025419-n
対抗馬,たいこうば,wnja:10379620-n
対流圏,たいりゅうけん,wnja:09462600-n
対照法,たいしょうほう,wnja:07101406-n
対称性,たいしょうせい,wnja:05064827-n
対義語,たいぎご,wnja:06288024-n
対角化,たいかくか,wnja:05783357-n
対話劇,たいわげき,wnja:06366391-n
対話者,たいわしゃ,wnja:10210911-n
封切り,ふうきり,wnja:06893285-n
専有権,せんゆうけん,wnja:05178715-n
専門医,せんもんい,wnja:10632576-n
専門家,せんもんか,wnja:09617867-n
専門職,せんもんしょく,wnja:00609953-n
射精管,しゃせいかん,wnja:05527389-n
導入部,どうにゅうぶ,wnja:06396930-n
導波管,どうはかん,wnja:04564413-n
導火線,どうかせん,wnja:03407122-n
導関数,どうかんすう,wnja:06014730-n
小休止,しょうきゅうし,wnja:15274695-n
小作人,こさくにん,wnja:10586444-n
小作農,こさくのう,wnja:10410996-n
小児科,しょうにか,wnja:06061631-n
小冊子,しょうさっし,wnja:06409290-n
小切手,こぎって,wnja:00562935-n
小判鮫,こばんざめ,wnja:02574910-n
小前提,しょうぜんてい,wnja:06754415-n
小品文,しょうひんぶん,wnja:07203016-n
小型化,こがたか,wnja:00360601-n
小型犬,こがたけん,wnja:02085374-n
小型車,こがたしゃ,wnja:03079136-n
小売商,こうりしょう,wnja:10525436-n
小売店,こうりてん,wnja:03748162-n
小売業,こうりぎょう,wnja:01115866-n
小夜曲,さよきょく,wnja:07042586-n
小学校,しょうがっこう,wnja:08412749-n
小宇宙,しょううちゅう,wnja:08271042-n
小市民,しょうしみん,wnja:08181658-n
小悪魔,こあくま,wnja:09540739-n
小惑星,しょうわくせい,wnja:09355623-n
小括弧,しょうかっこ,wnja:06843393-n
小数点,しょうすうてん,wnja:06812289-n
小書き,こがき,wnja:06763273-n
小為替,こがわせ,wnja:13380820-n
小発作,しょうほっさ,wnja:14083559-n
小百合,さゆり,wnja:12426248-n
小糠雨,こぬかあめ,wnja:11502322-n
小細工,こざいく,wnja:00172598-n
小荷物,こにもつ,wnja:03871628-n
小説家,しょうせつか,wnja:10363573-n
小論文,しょうろんぶん,wnja:06409290-n
小遣い,こづかい,wnja:13286254-n
小部屋,こべや,wnja:02991555-n
小間使,こまづかい,wnja:09906293-n
小麦粉,こむぎこ,wnja:07569543-n
少数派,しょうすうは,wnja:05122850-n
少数者,しょうすうしゃ,wnja:05122850-n
就業者,しゅうぎょうしゃ,wnja:09632518-n
尻っぽ,しりっぽ,wnja:02157557-n
尻抜け,しりぬけ,wnja:05706815-n
尻押し,しりおし,wnja:01213886-n
尼法師,あまほうし,wnja:10368009-n
尾っぽ,おっぽ,wnja:02157557-n
尾索類,びさくるい,wnja:01467986-n
尿失禁,にょうしっきん,wnja:13474858-n
尿崩症,にょうほうしょう,wnja:14119770-n
尿検査,にょうけんさ,wnja:00646332-n
尿毒症,にょうどくしょう,wnja:14210971-n
尿結石,にょうけっせき,wnja:09325824-n
尿道炎,にょうどうえん,wnja:14567421-n
局外者,きょくがいしゃ,wnja:10103921-n
局留め,きょくどめ,wnja:06265636-n
屁こき,へこき,wnja:00839597-n
屁理屈,へりくつ,wnja:05895138-n
居住地,きょじゅうち,wnja:08491027-n
居住者,きょじゅうしゃ,wnja:09620078-n
居場所,いばしょ,wnja:08683383-n
居残り,いのこり,wnja:01161635-n
居留地,きょりゅうち,wnja:08374049-n
居酒屋,いざかや,wnja:02789487-n
屈光性,くっこうせい,wnja:00862399-n
屈折率,くっせつりつ,wnja:13824929-n
屈折角,くっせつかく,wnja:13891547-n
屈折計,くっせつけい,wnja:04070415-n
届け先,とどけさき,wnja:06787150-n
屋台骨,やたいぼね,wnja:03391770-n
屋根屋,やねや,wnja:10705211-n
屋根板,やねいた,wnja:15039445-n
屋根裏,やねうら,wnja:03686130-n
屑入れ,くずいれ,wnja:04555700-n
展望台,てんぼうだい,wnja:03688943-n
展示会,てんじかい,wnja:08407619-n
展示場,てんじじょう,wnja:03303831-n
展覧会,てんらんかい,wnja:00907340-n
履歴書,りれきしょ,wnja:06468403-n
山の手,やまのて,wnja:08554206-n
山の背,やまのせ,wnja:09409752-n
山崩れ,やまくずれ,wnja:07405411-n
山帰来,さんきらい,wnja:12441552-n
山査子,さんざし,wnja:12626353-n
山椒魚,さんしょううお,wnja:01629276-n
山歩き,やまあるき,wnja:00288970-n
山登り,やまのぼり,wnja:00325785-n
山盛り,やまもり,wnja:13774404-n
山積み,やまづみ,wnja:13774404-n
山紅葉,やまもみじ,wnja:12754311-n
山羊座,やぎざ,wnja:09235713-n
岡っ引,おかっぴき,wnja:10009276-n
岡焼き,おかやき,wnja:07550079-n
岩登り,いわのぼり,wnja:00326094-n
岩石圏,がんせきけん,wnja:09339810-n
岩石学,がんせきがく,wnja:06121375-n
崖崩れ,がけくずれ,wnja:07405411-n
嵩上げ,かさあげ,wnja:07370671-n
川っ縁,かわっぷち,wnja:09415584-n
川べり,かわべり,wnja:09415584-n
川崎病,かわさきびょう,wnja:14076270-n
川螻蛄,かわげら,wnja:02262803-n
巡洋艦,じゅんようかん,wnja:02811618-n
巡視船,じゅんしせん,wnja:03900194-n
工作員,こうさくいん,wnja:09778392-n
工作物,こうさくぶつ,wnja:04341686-n
工具鋼,こうぐこう,wnja:15076180-n
工務店,こうむてん,wnja:09960688-n
工業化,こうぎょうか,wnja:00923802-n
左きき,ひだりきき,wnja:10253122-n
左回り,ひだりまわり,wnja:07441494-n
左心室,さしんしつ,wnja:05391977-n
左心房,さしんぼう,wnja:05393629-n
左旋性,させんせい,wnja:07441494-n
左翼手,さよくしゅ,wnja:10387586-n
巨人症,きょじんしょう,wnja:05106220-n
巨核球,きょかくきゅう,wnja:05448928-n
差し潮,さししお,wnja:07403030-n
差出し,さしだし,wnja:00061290-n
差別化,さべつか,wnja:05748054-n
差合い,さしあい,wnja:14446878-n
差押え,さしおさえ,wnja:00087218-n
差添え,さしぞえ,wnja:00827782-n
差渡し,さしわたし,wnja:05101815-n
差障り,さしさわり,wnja:03520811-n
巻き舌,まきじた,wnja:07133477-n
巻層雲,けんそううん,wnja:09245833-n
巻煙草,まきたばこ,wnja:03030035-n
巻積雲,けんせきうん,wnja:09245650-n
巻返し,まきかえし,wnja:00045646-n
巾着網,きんちゃくあみ,wnja:04026518-n
市役所,しやくしょ,wnja:03036022-n
市民法,しみんほう,wnja:06534659-n
市町村,しちょうそん,wnja:08225581-n
市街地,しがいち,wnja:08675967-n
市議会,しぎかい,wnja:08311282-n
帯域幅,たいいきはば,wnja:13579510-n
帯水層,たいすいそう,wnja:09201998-n
帯状回,たいじょうかい,wnja:05496592-n
常備軍,じょうびぐん,wnja:08394423-n
常套句,じょうとうく,wnja:07154046-n
常套語,じょうとうご,wnja:07154046-n
常得意,じょうとくい,wnja:10407726-n
常磁性,じょうじせい,wnja:11480521-n
常磐木,ときわぎ,wnja:13099833-n
常習犯,じょうしゅうはん,wnja:10511425-n
常設館,じょうせつかん,wnja:03032252-n
幅跳び,はばとび,wnja:00440382-n
幌馬車,ほろばしゃ,wnja:03122295-n
幕あい,まくあい,wnja:15271008-n
幕の内,まくのうち,wnja:15271008-n
幕切れ,まくぎれ,wnja:07291312-n
幕無し,まくなし,wnja:01017987-n
幕開き,まくあき,wnja:07290905-n
幕開け,まくあけ,wnja:05868051-n
幕間劇,まくあいげき,wnja:06396330-n
干し肉,ほしにく,wnja:07664770-n
干乾し,ひぼし,wnja:01150662-n
干拓地,かんたくち,wnja:00457228-n
干渉計,かんしょうけい,wnja:03578981-n
平叙文,へいじょぶん,wnja:06600903-n
平土間,ひらどま,wnja:03853178-n
平均値,へいきんち,wnja:06021761-n
平均台,へいきんだい,wnja:02777292-n
平均律,へいきんりつ,wnja:01000610-n
平方根,へいほうこん,wnja:13731840-n
平泳ぎ,ひらおよぎ,wnja:00571060-n
平織り,ひらおり,wnja:03954012-n
平行棒,へいこうぼう,wnja:03888605-n
平野水,ひらのすい,wnja:07927512-n
平面図,へいめんず,wnja:03367147-n
年の暮,としのくれ,wnja:15201994-n
年代記,ねんだいき,wnja:06514093-n
年月日,ねんがっぴ,wnja:15120223-n
年長者,ねんちょうしゃ,wnja:10048218-n
年齢層,ねんれいそう,wnja:07943480-n
幸福感,こうふくかん,wnja:07526757-n
幹細胞,かんさいぼう,wnja:05607863-n
幻想曲,げんそうきょく,wnja:07044543-n
幻肢痛,げんしつう,wnja:05725137-n
幻覚剤,げんかくざい,wnja:03479647-n
幼児期,ようじき,wnja:15147097-n
幼稚園,ようちえん,wnja:08412136-n
幾何学,きかがく,wnja:06004685-n
広がり,ひろがり,wnja:05127959-n
広告塔,こうこくとう,wnja:06793426-n
広告板,こうこくばん,wnja:04217882-n
広告業,こうこくぎょう,wnja:01101329-n
広小路,ひろこうじ,wnja:03712729-n
広東語,かんとんご,wnja:06930427-n
広範囲,こうはんい,wnja:04729710-n
広背筋,こうはいきん,wnja:05559122-n
床上げ,とこあげ,wnja:13452347-n
床擦れ,とこずれ,wnja:14212126-n
序の口,じょのくち,wnja:05868051-n
序数詞,じょすうし,wnja:13597280-n
底引網,そこびきあみ,wnja:04475749-n
底積み,そこづみ,wnja:02779845-n
店立て,たなだて,wnja:01194331-n
府知事,ふちじ,wnja:10140314-n
座布団,ざぶとん,wnja:03151500-n
座標軸,ざひょうじく,wnja:06008896-n
座談会,ざだんかい,wnja:07145314-n
座込み,すわりこみ,wnja:01243969-n
廃棄物,はいきぶつ,wnja:14856263-n
延べ板,のべいた,wnja:04189482-n
延命草,えんめいそう,wnja:12862512-n
建築学,けんちくがく,wnja:00610738-n
建築家,けんちくか,wnja:09805475-n
建築物,けんちくぶつ,wnja:02734725-n
建造物,けんぞうぶつ,wnja:02913152-n
弁当箱,べんとうばこ,wnja:03201996-n
弁慶草,べんけいそう,wnja:12785889-n
弁証法,べんしょうほう,wnja:06163396-n
弁護人,べんごにん,wnja:09775663-n
弁護団,べんごだん,wnja:08064523-n
弁護士,べんごし,wnja:09775663-n
弁鰓類,べんさいるい,wnja:01955933-n
弄び物,もてあそびもの,wnja:03964744-n
弓道家,きゅうどうか,wnja:09805324-n
引き幕,ひきまく,wnja:03151077-n
引き綱,ひきづな,wnja:04461294-n
引き網,ひきあみ,wnja:04168541-n
引き革,ひきかわ,wnja:04462407-n
引く手,ひくて,wnja:09771435-n
引出物,ひきでもの,wnja:05813822-n
引受人,ひきうけにん,wnja:10149527-n
引掛り,ひっかかり,wnja:00031921-n
引揚者,ひきあげしゃ,wnja:10521288-n
引換証,ひきかえしょう,wnja:06518068-n
引明け,ひきあけ,wnja:15168790-n
引渡し,ひきわたし,wnja:00213482-n
引火点,いんかてん,wnja:05013809-n
引用文,いんようぶん,wnja:06613056-n
引用符,いんようふ,wnja:06844199-n
引込線,ひきこみせん,wnja:04216106-n
引返し,ひきかえし,wnja:07447022-n
弟弟子,おとうとでし,wnja:10016103-n
弦楽器,げんがっき,wnja:04338517-n
弱体化,じゃくたいか,wnja:00362355-n
張り札,はりふだ,wnja:06793426-n
張本人,ちょうほんにん,wnja:10126177-n
強制力,きょうせいりょく,wnja:00179576-n
強力粉,きょうりきこ,wnja:07569543-n
強姦罪,ごうかんざい,wnja:00773402-n
強打者,きょうだしゃ,wnja:09843956-n
強皮症,きょうひしょう,wnja:12968882-n
強硬論,きょうこうろん,wnja:06196442-n
強磁性,きょうじせい,wnja:11480284-n
強膜炎,きょうまくえん,wnja:14355643-n
強要罪,きょうようざい,wnja:00784598-n
強迫性,きょうはくせい,wnja:10349090-n
弾力性,だんりょくせい,wnja:04659287-n
弾性率,だんせいりつ,wnja:13587963-n
弾道学,だんどうがく,wnja:06114246-n
弾道弾,だんどうだん,wnja:02781338-n
当て物,あてもの,wnja:03873064-n
当世風,とうせいふう,wnja:05050668-n
当事者,とうじしゃ,wnja:10402824-n
当局者,とうきょくしゃ,wnja:09824609-n
形容詞,けいようし,wnja:06319029-n
形態学,けいたいがく,wnja:06078327-n
形態素,けいたいそ,wnja:06306233-n
形態論,けいたいろん,wnja:06178042-n
形成層,けいせいそう,wnja:05286412-n
形振り,なりふり,wnja:04673965-n
彫刻刀,ちょうこくとう,wnja:03455355-n
彫刻家,ちょうこくか,wnja:10566072-n
影武者,かげむしゃ,wnja:00803394-n
影法師,かげぼうし,wnja:04219277-n
影響力,えいきょうりょく,wnja:05194151-n
役回り,やくまわり,wnja:00720565-n
往き来,いきき,wnja:01081628-n
征服者,せいふくしゃ,wnja:09956578-n
待伏せ,まちぶせ,wnja:01246926-n
待合室,まちあいしつ,wnja:03691817-n
待避線,たいひせん,wnja:04216106-n
後の世,のちのよ,wnja:15121625-n
後ろ帯,うしろおび,wnja:10129825-n
後ろ紐,うしろひも,wnja:15147097-n
後ろ脚,うしろあし,wnja:02464626-n
後成説,こうせいせつ,wnja:13475072-n
後押し,あとおし,wnja:00112312-n
後継者,こうけいしゃ,wnja:05696803-n
後背地,こうはいち,wnja:08502672-n
後遺症,こういしょう,wnja:14550614-n
後頭葉,こうとうよう,wnja:05494365-n
後頭骨,こうとうこつ,wnja:05541872-n
徒刑囚,とけいしゅう,wnja:09962966-n
徒競走,ときょうそう,wnja:07460104-n
徒遣い,むだづかい,wnja:00742645-n
従価税,じゅうかぜい,wnja:13316722-n
従属国,じゅうぞくこく,wnja:08499840-n
従業員,じゅうぎょういん,wnja:10053808-n
従業者,じゅうぎょうしゃ,wnja:10053808-n
得意先,とくいさき,wnja:09984659-n
得意客,とくいきゃく,wnja:09984659-n
御出座,おでまし,wnja:00050195-n
御座所,ござしょ,wnja:08558963-n
御来光,ごらいこう,wnja:07343910-n
御洒落,おしゃれ,wnja:00828559-n
御用達,ごようたし,wnja:10495299-n
御神酒,おみき,wnja:07884567-n
御菓子,おかし,wnja:07596684-n
御迎え,おむかえ,wnja:06631322-n
復活祭,ふっかつさい,wnja:15188154-n
循環系,じゅんかんけい,wnja:05511618-n
微分学,びぶんがく,wnja:06014435-n
微化石,びかせき,wnja:09353815-n
微小管,びしょうかん,wnja:05246969-n
微惑星,びわくせい,wnja:09395086-n
微温湯,ぬるまゆ,wnja:04630547-n
微生物,びせいぶつ,wnja:01326291-n
微積分,びせきぶん,wnja:06013741-n
微笑み,ほほえみ,wnja:06878071-n
微粒子,びりゅうし,wnja:14585519-n
徳利蜂,とっくりばち,wnja:02214499-n
徴兵制,ちょうへいせい,wnja:01157850-n
徴発権,ちょうはつけん,wnja:01060924-n
心ばえ,こころばえ,wnja:04623113-n
心やり,こころやり,wnja:00426928-n
心不全,しんふぜん,wnja:14112255-n
心停止,しんていし,wnja:14024581-n
心字池,しんじいけ,wnja:09397391-n
心当て,こころあて,wnja:05803938-n
心後れ,こころおくれ,wnja:07522729-n
心拍数,しんぱくすう,wnja:15280695-n
心気症,しんきしょう,wnja:14375005-n
心理学,しんりがく,wnja:06136258-n
心積り,こころづもり,wnja:00163233-n
心筋炎,しんきんえん,wnja:14339387-n
心筋症,しんきんしょう,wnja:14110966-n
心肥大,しんひだい,wnja:14334631-n
心膜炎,しんまくえん,wnja:14339682-n
心臓病,しんぞうびょう,wnja:14103288-n
心覚え,こころおぼえ,wnja:05935292-n
心身症,しんしんしょう,wnja:14386475-n
心遣い,こころづかい,wnja:05702726-n
心配り,こころくばり,wnja:04841358-n
心配事,しんぱいごと,wnja:05832264-n
心配性,しんぱいしょう,wnja:10792178-n
心雑音,しんざつおん,wnja:14334814-n
心電図,しんでんず,wnja:07004057-n
心頼み,こころだのみ,wnja:14001728-n
心馳せ,こころばせ,wnja:04841358-n
心驕り,こころおごり,wnja:07508996-n
必然性,ひつぜんせい,wnja:04754056-n
必需品,ひつじゅひん,wnja:02800793-n
忍耐力,にんたいりょく,wnja:05032565-n
志望者,しぼうしゃ,wnja:09607280-n
志願兵,しがんへい,wnja:10759331-n
志願者,しがんしゃ,wnja:09607280-n
応募者,おうぼしゃ,wnja:09607280-n
応接室,おうせつしつ,wnja:03235042-n
応接間,おうせつま,wnja:03235042-n
応用力,おうようりょく,wnja:00633329-n
快男児,かいだんじ,wnja:09876308-n
念押し,ねんおし,wnja:09771855-n
思い出,おもいで,wnja:05813822-n
思い者,おもいもの,wnja:09622302-n
思い草,おもいぐさ,wnja:03030663-n
思わく,おもわく,wnja:07511080-n
思想家,しそうか,wnja:10708292-n
思春期,ししゅんき,wnja:15148295-n
怠け癖,なまけぐせ,wnja:04637108-n
急上昇,きゅうじょうしょう,wnja:00326291-n
急成長,きゅうせいちょう,wnja:07375525-n
急降下,きゅうこうか,wnja:00326677-n
性役割,せいやくわり,wnja:00722253-n
性感帯,せいかんたい,wnja:05224966-n
性細胞,せいさいぼう,wnja:05456732-n
性自認,せいじにん,wnja:04618359-n
性行為,せいこうい,wnja:00844254-n
性転換,せいてんかん,wnja:07425427-n
性道徳,せいどうとく,wnja:04849759-n
怨み言,うらみごと,wnja:07208708-n
恐喝罪,きょうかつざい,wnja:00784598-n
恐怖心,きょうふしん,wnja:07519253-n
恐怖症,きょうふしょう,wnja:14381416-n
恐水病,きょうすいびょう,wnja:14271667-n
恒常性,こうじょうせい,wnja:05708818-n
恒星年,こうせいねん,wnja:15208898-n
恒星時,こうせいじ,wnja:15208162-n
恒星船,こうせいせん,wnja:04304215-n
恒河沙,ごうがしゃ,wnja:05115804-n
恒等式,こうとうしき,wnja:13786748-n
恥晒し,はじさらし,wnja:14440137-n
息休め,いきやすめ,wnja:01064148-n
息切れ,いきぎれ,wnja:14370122-n
息差し,いきざし,wnja:06646243-n
息抜き,いきぬき,wnja:01064148-n
息継ぎ,いきつぎ,wnja:15274695-n
悪たれ,あくたれ,wnja:00736375-n
悪天候,あくてんこう,wnja:14523090-n
悪巧み,わるだくみ,wnja:00171618-n
悪循環,あくじゅんかん,wnja:13573368-n
悪液質,あくえきしつ,wnja:14053717-n
悪知恵,わるぢえ,wnja:04876561-n
悲喜劇,ひきげき,wnja:07016797-n
情報学,じょうほうがく,wnja:06142118-n
情報源,じょうほうげん,wnja:06675122-n
意味合,いみあい,wnja:05919866-n
意味論,いみろん,wnja:05920651-n
意地悪,いじわる,wnja:04780755-n
愚か者,おろかもの,wnja:09921409-n
愛国心,あいこくしん,wnja:04878101-n
愛国者,あいこくしゃ,wnja:10407310-n
愛好家,あいこうか,wnja:09786585-n
愛好者,あいこうしゃ,wnja:10077593-n
愛弟子,まなでし,wnja:10694849-n
愛書家,あいしょか,wnja:09852679-n
感光性,かんこうせい,wnja:05654201-n
感受性,かんじゅせい,wnja:04842993-n
感嘆符,かんたんふ,wnja:06843017-n
感知器,かんちき,wnja:03180969-n
感覚器,かんかくき,wnja:05299178-n
感覚論,かんかくろん,wnja:05976471-n
感謝祭,かんしゃさい,wnja:15201116-n
慈しみ,いつくしみ,wnja:07543288-n
慣らし,ならし,wnja:00413239-n
慣わし,ならわし,wnja:00410247-n
慣用句,かんようく,wnja:07154330-n
慣用語,かんようご,wnja:04929422-n
慣習法,かんしゅうほう,wnja:08453722-n
慰安婦,いあんふ,wnja:09941172-n
憂き節,うきふし,wnja:14475661-n
憎しみ,にくしみ,wnja:07503430-n
懐疑論,かいぎろん,wnja:05980051-n
懸垂線,けんすいせん,wnja:13868607-n
懸濁液,けんだくえき,wnja:14591091-n
懸賞金,けんしょうきん,wnja:07166281-n
成功者,せいこうしゃ,wnja:09762821-n
成層圏,せいそうけん,wnja:09448090-n
成年者,せいねんしゃ,wnja:09605289-n
成文法,せいぶんほう,wnja:06535222-n
成立ち,なりたち,wnja:04933544-n
成績表,せいせきひょう,wnja:07220300-n
成行き,なりゆき,wnja:11410625-n
成長株,せいちょうかぶ,wnja:09941089-n
我ぼめ,われぼめ,wnja:07508486-n
我楽多,がらくた,wnja:14857497-n
戒厳令,かいげんれい,wnja:08454818-n
戦利品,せんりひん,wnja:13262462-n
戦術家,せんじゅつか,wnja:10661563-n
戦闘員,せんとういん,wnja:09939313-n
戦闘帽,せんとうぼう,wnja:03420801-n
戦闘機,せんとうき,wnja:03335030-n
截断機,せつだんき,wnja:03154073-n
戴き物,いただきもの,wnja:13265011-n
戴冠式,たいかんしき,wnja:07453638-n
戸惑い,とまどい,wnja:05685030-n
所在地,しょざいち,wnja:08491027-n
所属長,しょぞくちょう,wnja:10676877-n
所帯主,しょたいぬし,wnja:10164605-n
所得税,しょとくぜい,wnja:13310230-n
所持品,しょじひん,wnja:13246332-n
所持者,しょじしゃ,wnja:10388924-n
所有主,しょゆうぬし,wnja:10388924-n
所有地,しょゆうち,wnja:13244109-n
所有格,しょゆうかく,wnja:06311852-n
所有権,しょゆうけん,wnja:05181199-n
所有物,しょゆうぶつ,wnja:00032613-n
所有者,しょゆうしゃ,wnja:10388924-n
扁平率,へんぺいりつ,wnja:05070622-n
扁平足,へんぺいそく,wnja:05576421-n
扁桃炎,へんとうえん,wnja:14357251-n
扇状地,せんじょうち,wnja:11423471-n
手つき,てつき,wnja:10323752-n
手の内,てのうち,wnja:05565696-n
手の平,てのひら,wnja:05565696-n
手ぶり,てぶり,wnja:00334509-n
手使い,てづかい,wnja:00140652-n
手出し,てだし,wnja:03520811-n
手利き,てきき,wnja:09617867-n
手助け,てだすけ,wnja:01207609-n
手土産,てみやげ,wnja:13268842-n
手始め,てはじめ,wnja:07326369-n
手引書,てびきしょ,wnja:06421685-n
手当り,てあたり,wnja:04946553-n
手応え,てごたえ,wnja:01234952-n
手慰み,てなぐさみ,wnja:00430140-n
手懸り,てがかり,wnja:05794057-n
手抜き,てぬき,wnja:04665813-n
手拭き,てふき,wnja:04459362-n
手捌き,てさばき,wnja:00140652-n
手探り,てさぐり,wnja:05721500-n
手描き,てがき,wnja:00614730-n
手数料,てすうりょう,wnja:06478988-n
手明き,てあき,wnja:01065286-n
手根管,しゅこんかん,wnja:05272110-n
手根骨,しゅこんこつ,wnja:05271814-n
手榴弾,しゅりゅうだん,wnja:03458271-n
手水場,ちょうずば,wnja:04446276-n
手直し,てなおし,wnja:00194127-n
手真似,てまね,wnja:06876309-n
手立て,てだて,wnja:01024811-n
手籠め,てごめ,wnja:00773402-n
手細工,てざいく,wnja:03485655-n
手荷物,てにもつ,wnja:03487533-n
手術室,しゅじゅつしつ,wnja:03850245-n
手解き,てほどき,wnja:06414849-n
手触り,てざわり,wnja:04946553-n
手詰り,てづまり,wnja:14015361-n
手負い,ておい,wnja:07950786-n
手道具,てどうぐ,wnja:03563967-n
手違い,てちがい,wnja:00074790-n
手風琴,てふうきん,wnja:02672831-n
打ち方,うちかた,wnja:00986938-n
打ち棒,うちぼう,wnja:04103206-n
打ち身,うちみ,wnja:14288871-n
打ち首,うちくび,wnja:00228181-n
打太刀,うちだち,wnja:04373894-n
打撲傷,だぼくしょう,wnja:00126100-n
打楽器,だがっき,wnja:03915437-n
批評家,ひひょうか,wnja:09979321-n
承認者,しょうにんしゃ,wnja:09802844-n
技能者,ぎのうしゃ,wnja:10696251-n
技術家,ぎじゅつか,wnja:10696251-n
技術屋,ぎじゅつや,wnja:10696251-n
技術者,ぎじゅつしゃ,wnja:08436562-n
抑制剤,よくせいざい,wnja:14724436-n
抑止力,よくしりょく,wnja:07254057-n
抑鬱症,よくうつしょう,wnja:14389240-n
投げ矢,なげや,wnja:03162818-n
投げ縄,なげなわ,wnja:03644378-n
投光器,とうこうき,wnja:03365374-n
投影法,とうえいほう,wnja:01007609-n
投票所,とうひょうじょ,wnja:08538917-n
投票日,とうひょうび,wnja:15172881-n
投票権,とうひょうけん,wnja:05188367-n
投票率,とうひょうりつ,wnja:05857165-n
投票箱,とうひょうばこ,wnja:02782681-n
投稿者,とうこうしゃ,wnja:09961331-n
投資家,とうしか,wnja:10216106-n
抗毒素,こうどくそ,wnja:15028050-n
抗生剤,こうせいざい,wnja:02716866-n
抗菌薬,こうきんやく,wnja:02716205-n
抗血清,こうけっせい,wnja:05403702-n
抗鬱剤,こううつざい,wnja:02718811-n
折り戸,おりど,wnja:03376771-n
折合い,おりあい,wnja:01205564-n
抛物線,ほうぶつせん,wnja:13886371-n
抜かり,ぬかり,wnja:05706815-n
抜け作,ぬけさく,wnja:10100761-n
抜け殻,ぬけがら,wnja:05240076-n
抜てき,ばってき,wnja:00198631-n
抜刷り,ぬきずり,wnja:06269785-n
抜書き,ぬきがき,wnja:06400510-n
抜毛症,ばつもうしょう,wnja:09183031-n
披露宴,ひろうえん,wnja:08254331-n
抵抗力,ていこうりょく,wnja:05033410-n
抵抗器,ていこうき,wnja:04079933-n
押し手,おして,wnja:04159058-n
抽象化,ちゅうしょうか,wnja:05780104-n
抽象画,ちゅうしょうが,wnja:02669001-n
担い手,にないて,wnja:08057633-n
担ぎ屋,かつぎや,wnja:10411551-n
担税者,たんぜいしゃ,wnja:10694163-n
拒食症,きょしょくしょう,wnja:14055796-n
拘置所,こうちしょ,wnja:03592245-n
招待客,しょうたいきゃく,wnja:10150940-n
招待状,しょうたいじょう,wnja:07186148-n
拝観料,はいかんりょう,wnja:13321495-n
拡大鏡,かくだいきょう,wnja:03484931-n
拡張子,かくちょうし,wnja:06335162-n
括約筋,かつやくきん,wnja:05570839-n
拵え物,こしらえもの,wnja:03562126-n
拾得者,しゅうとくしゃ,wnja:10090498-n
持ち場,もちば,wnja:08624385-n
持久力,じきゅうりょく,wnja:05032565-n
持参金,じさんきん,wnja:13265425-n
持続性,じぞくせい,wnja:05054130-n
持運び,もちはこび,wnja:00318735-n
指ぬき,ゆびぬき,wnja:13770829-n
指人形,ゆびにんぎょう,wnja:03487963-n
指使い,ゆびづかい,wnja:01053207-n
指南役,しなんやく,wnja:09931418-n
指南書,しなんしょ,wnja:06422740-n
指南番,しなんばん,wnja:09931418-n
指定券,していけん,wnja:06518719-n
指導員,しどういん,wnja:10694258-n
指導者,しどうしゃ,wnja:09623038-n
指揮官,しきかん,wnja:09941964-n
指揮者,しきしゃ,wnja:09952539-n
指示器,しじき,wnja:04593629-n
指示詞,しじし,wnja:06325678-n
挑戦者,ちょうせんしゃ,wnja:10533013-n
挫折感,ざせつかん,wnja:07540866-n
振り子,ふりこ,wnja:03909160-n
振り幅,ふりはば,wnja:07444882-n
振動子,しんどうし,wnja:03857430-n
振合い,ふりあい,wnja:01229793-n
挿入句,そうにゅうく,wnja:06315873-n
捕物帖,とりものちょう,wnja:06370985-n
捕食者,ほしょくしゃ,wnja:02152740-n
捕鯨砲,ほげいほう,wnja:03495941-n
捕鯨船,ほげいせん,wnja:04574471-n
捜し物,さがしもの,wnja:00946432-n
捨て場,すてば,wnja:08560027-n
捨て子,すてご,wnja:10107883-n
掃海艇,そうかいてい,wnja:03769100-n
掃除機,そうじき,wnja:04517823-n
授業料,じゅぎょうりょう,wnja:13323988-n
排ガス,はいがす,wnja:14837364-n
排気弁,はいきべん,wnja:03303669-n
排気管,はいきかん,wnja:03303510-n
排泄物,はいせつぶつ,wnja:14853947-n
掛かり,かかり,wnja:01122601-n
掛け汁,かけじる,wnja:07829412-n
掛時計,かけどけい,wnja:04548280-n
掛替え,かけがえ,wnja:05696425-n
掠り傷,かすりきず,wnja:04693900-n
採石場,さいせきじょう,wnja:03949442-n
探検家,たんけんか,wnja:10072708-n
探求者,たんきゅうしゃ,wnja:10575787-n
探照灯,たんしょうとう,wnja:04160847-n
探知器,たんちき,wnja:03180969-n
接中辞,せっちゅうじ,wnja:06309272-n
接合剤,せつごうざい,wnja:14702416-n
接合子,せつごうし,wnja:05431926-n
接尾辞,せつびじ,wnja:06308765-n
接着剤,せっちゃくざい,wnja:02992795-n
接続詞,せつぞくし,wnja:06325826-n
接頭辞,せっとうじ,wnja:06308304-n
控え壁,ひかえかべ,wnja:02929289-n
控訴人,こうそにん,wnja:09800469-n
推当て,おしあて,wnja:05803938-n
推薦状,すいせんじょう,wnja:06694540-n
推進力,すいしんりょく,wnja:00103834-n
推進器,すいしんき,wnja:04011827-n
掲示板,けいじばん,wnja:02916538-n
掻き傷,かききず,wnja:04693900-n
提出者,ていしゅつしゃ,wnja:10025730-n
提喩法,ていゆほう,wnja:07108453-n
揚水機,ようすいき,wnja:04021798-n
換気扇,かんきせん,wnja:03303217-n
握り屋,にぎりや,wnja:10322084-n
揮発性,きはつせい,wnja:15093735-n
揮発油,きはつゆ,wnja:14686913-n
揺り籃,ゆりかご,wnja:03125729-n
揺籃期,ようらんき,wnja:14427065-n
搬送波,はんそうは,wnja:11501230-n
搭乗員,とうじょういん,wnja:09977178-n
摩天楼,まてんろう,wnja:04233124-n
撒布剤,さんぷざい,wnja:04447276-n
撒水車,さんすいしゃ,wnja:04560502-n
撮像管,さつぞうかん,wnja:04405309-n
撮影所,さつえいしょ,wnja:04344246-n
操作盤,そうさばん,wnja:03098140-n
操縦席,そうじゅうせき,wnja:03061505-n
操縦性,そうじゅうせい,wnja:04774198-n
操縦桿,そうじゅうかん,wnja:04317976-n
操縦者,そうじゅうしゃ,wnja:10378412-n
操舵室,そうだしつ,wnja:03939677-n
操舵手,そうだしゅ,wnja:10169796-n
擦過傷,さっかしょう,wnja:04693900-n
擬人化,ぎじんか,wnja:00933259-n
擬人観,ぎじんかん,wnja:05767386-n
攀禽類,はんきんるい,wnja:01837746-n
支持者,しじしゃ,wnja:09608709-n
支援者,しえんしゃ,wnja:09608709-n
支給額,しきゅうがく,wnja:13293377-n
支那学,しながく,wnja:06171524-n
支配人,しはいにん,wnja:10014939-n
支配権,しはいけん,wnja:14442530-n
支配者,しはいしゃ,wnja:10541229-n
改革派,かいかくは,wnja:10515194-n
攻撃機,こうげきき,wnja:03335030-n
攻撃者,こうげきしゃ,wnja:09821253-n
放れ業,はなれわざ,wnja:00046344-n
放射線,ほうしゃせん,wnja:11499284-n
放射能,ほうしゃのう,wnja:13545184-n
放水路,ほうすいろ,wnja:04244379-n
放浪癖,ほうろうへき,wnja:09183140-n
放浪者,ほうろうしゃ,wnja:10026976-n
放火魔,ほうかま,wnja:10277027-n
放線菌,ほうせんきん,wnja:01375204-n
放送局,ほうそうきょく,wnja:02903405-n
放送網,ほうそうもう,wnja:03820474-n
放電灯,ほうでんとう,wnja:03271376-n
政治学,せいじがく,wnja:06148148-n
政治家,せいじか,wnja:10450303-n
政治屋,せいじや,wnja:10450303-n
敏感性,びんかんせい,wnja:05019661-n
救い主,すくいぬし,wnja:10522759-n
救世主,きゅうせいしゅ,wnja:07042405-n
救急車,きゅうきゅうしゃ,wnja:02701002-n
救貧法,きゅうひんほう,wnja:06538785-n
敗血症,はいけつしょう,wnja:14180848-n
教え子,おしえご,wnja:10665698-n
教会員,きょうかいいん,wnja:09922485-n
教会堂,きょうかいどう,wnja:03007130-n
教会法,きょうかいほう,wnja:08453299-n
教則本,きょうそくぼん,wnja:06421685-n
教唆犯,きょうさはん,wnja:09756049-n
教授法,きょうじゅほう,wnja:05660937-n
教皇領,きょうこうりょう,wnja:08809596-n
教科書,きょうかしょ,wnja:06410904-n
教習生,きょうしゅうせい,wnja:10722385-n
教職員,きょうしょくいん,wnja:08287586-n
教育家,きょういくか,wnja:10045713-n
教育法,きょういくほう,wnja:05660937-n
教育者,きょういくしゃ,wnja:10045454-n
教育長,きょういくちょう,wnja:10560247-n
教誨師,きょうかいし,wnja:09908769-n
散弾銃,さんだんじゅう,wnja:04206356-n
散文詩,さんぶんし,wnja:06376776-n
散歩道,さんぽみち,wnja:03297354-n
数学者,すうがくしゃ,wnja:10301261-n
数量詞,すうりょうし,wnja:06302381-n
整合性,せいごうせい,wnja:04745932-n
整流器,せいりゅうき,wnja:04065632-n
整流子,せいりゅうし,wnja:03078670-n
整流管,せいりゅうかん,wnja:03202940-n
整髪剤,せいはつざい,wnja:03475823-n
敵対心,てきたいしん,wnja:04658106-n
敵対者,てきたいしゃ,wnja:09773245-n
敵愾心,てきがいしん,wnja:04658106-n
敵討ち,かたきうち,wnja:01235258-n
文字列,もじれつ,wnja:07013549-n
文字盤,もじばん,wnja:03046657-n
文学者,ぶんがくしゃ,wnja:10266016-n
文法論,ぶんぽうろん,wnja:06174404-n
文章法,ぶんしょうほう,wnja:04933544-n
文筆家,ぶんぴつか,wnja:10794014-n
料理人,りょうりにん,wnja:09963320-n
料理屋,りょうりや,wnja:04081281-n
料理店,りょうりてん,wnja:04081281-n
料理法,りょうりほう,wnja:06788785-n
斜長石,しゃちょうせき,wnja:14865316-n
斧足類,ふそくるい,wnja:01955933-n
断片化,だんぺんか,wnja:13484303-n
断続器,だんぞくき,wnja:03580990-n
新世界,しんせかい,wnja:08682389-n
新入り,しんいり,wnja:10355449-n
新入生,しんにゅうせい,wnja:10111688-n
新参者,しんざんもの,wnja:10355449-n
新幹線,しんかんせん,wnja:02917067-n
新生代,しんせいだい,wnja:15124361-n
新生児,しんせいじ,wnja:10353016-n
新皮質,しんひしつ,wnja:05481746-n
新石器,しんせっき,wnja:03818001-n
新聞屋,しんぶんや,wnja:10224578-n
新聞紙,しんぶんし,wnja:03822171-n
新造語,しんぞうご,wnja:06294441-n
新鮮味,しんせんみ,wnja:04800596-n
方位角,ほういかく,wnja:13893310-n
方向性,ほうこうせい,wnja:05063853-n
方向舵,ほうこうだ,wnja:04117464-n
方法論,ほうほうろん,wnja:05661400-n
方眼紙,ほうがんし,wnja:14890183-n
方程式,ほうていしき,wnja:06669864-n
方解石,ほうかいせき,wnja:14935751-n
方言学,ほうげんがく,wnja:06171265-n
方鉛鉱,ほうえんこう,wnja:14675910-n
施し物,ほどこしもの,wnja:01090225-n
旅商い,たびあきない,wnja:10411551-n
旅商人,たびあきんど,wnja:10411551-n
旅行家,りょこうか,wnja:09629752-n
旅行者,りょこうしゃ,wnja:09629752-n
族内婚,ぞくないこん,wnja:13965049-n
族外婚,ぞくがいこん,wnja:13965274-n
旗振り,はたふり,wnja:01256417-n
既判力,きはんりょく,wnja:05816154-n
既往症,きおうしょう,wnja:06515297-n
既得権,きとくけん,wnja:05178715-n
既視感,きしかん,wnja:05810440-n
日ざし,ひざし,wnja:11485367-n
日どり,ひどり,wnja:06495328-n
日にち,ひにち,wnja:15159583-n
日の出,ひので,wnja:07343910-n
日の目,ひのめ,wnja:11485367-n
日射病,にっしゃびょう,wnja:14204095-n
日時計,ひどけい,wnja:04355338-n
日暮れ,ひぐれ,wnja:11515935-n
日曜日,にちようび,wnja:15163797-n
日本人,にほんじん,wnja:09718217-n
日本語,にほんご,wnja:06929279-n
日本酒,にほんしゅ,wnja:07891433-n
日照り,ひでり,wnja:14537054-n
日盛り,ひざかり,wnja:15165490-n
日程表,にっていひょう,wnja:06495328-n
日覆い,ひおおい,wnja:02851099-n
旧皮質,きゅうひしつ,wnja:05481870-n
旧石器,きゅうせっき,wnja:03878418-n
早乙女,さおとめ,wnja:10084295-n
早産児,そうざんじ,wnja:10465451-n
早老症,そうろうしょう,wnja:14468348-n
早見表,はやみひょう,wnja:08266235-n
早言葉,はやことば,wnja:07133313-n
昂ぶり,たかぶり,wnja:07528212-n
昆虫学,こんちゅうがく,wnja:06072275-n
昇降機,しょうこうき,wnja:03281145-n
昇降計,しょうこうけい,wnja:04521863-n
明り窓,あかりまど,wnja:04232800-n
明るさ,あかるさ,wnja:04952242-n
明るみ,あかるみ,wnja:05612809-n
明所視,めいしょし,wnja:05657166-n
昔気質,むかしかたぎ,wnja:04925895-n
昔蜥蜴,むかしとかげ,wnja:01673282-n
星占い,ほしうらない,wnja:05778131-n
星明り,ほしあかり,wnja:11485186-n
星条旗,せいじょうき,wnja:02701566-n
星状体,せいじょうたい,wnja:05446006-n
星雲説,せいうんせつ,wnja:05888215-n
映写幕,えいしゃまく,wnja:04152829-n
映写機,えいしゃき,wnja:03795976-n
映画祭,えいがさい,wnja:00517418-n
映画館,えいがかん,wnja:03032252-n
春分点,しゅんぶんてん,wnja:08520958-n
春巻き,はるまき,wnja:07866723-n
昼ご飯,ひるごはん,wnja:07575076-n
昼めし,ひるめし,wnja:07575076-n
昼日中,ひるひなか,wnja:15164957-n
昼過ぎ,ひるすぎ,wnja:15166191-n
昼食会,ちゅうしょくかい,wnja:07575076-n
時代物,じだいもの,wnja:03916581-n
時刻表,じこくひょう,wnja:06496397-n
時定数,じていすう,wnja:13826084-n
時系列,じけいれつ,wnja:06029547-n
時計台,とけいだい,wnja:03047052-n
時間割,じかんわり,wnja:06496499-n
時間帯,じかんたい,wnja:08691276-n
時間表,じかんひょう,wnja:06496499-n
晒し粉,さらしこ,wnja:14780850-n
晩ご飯,ばんごはん,wnja:07575726-n
晩餐会,ばんさんかい,wnja:08253815-n
普通株,ふつうかぶ,wnja:13335172-n
普通法,ふつうほう,wnja:08453722-n
普遍化,ふへんか,wnja:05780104-n
普遍性,ふへんせい,wnja:04765691-n
晴れ間,はれま,wnja:15271008-n
暇潰し,ひまつぶし,wnja:00743500-n
暖かさ,あたたかさ,wnja:04840011-n
暖かみ,あたたかみ,wnja:04840011-n
暗がり,くらがり,wnja:08646306-n
暗号化,あんごうか,wnja:00615887-n
暗暗裏,あんあんり,wnja:07991780-n
暗殺者,あんさつしゃ,wnja:09813696-n
暗緑色,あんりょくしょく,wnja:04967882-n
暗黒街,あんこくがい,wnja:08245059-n
暴れ者,あばれもの,wnja:09879297-n
暴力団,ぼうりょくだん,wnja:03415363-n
暴風雨,ぼうふうう,wnja:11501737-n
曲がり,まがり,wnja:02829696-n
曲げ木,まげき,wnja:02830430-n
曲り目,まがりめ,wnja:00345454-n
曲乗り,きょくのり,wnja:00302861-n
曲射砲,きょくしゃほう,wnja:03786715-n
曲線美,きょくせんび,wnja:04686748-n
曳光弾,えいこうだん,wnja:04462707-n
更年期,こうねんき,wnja:15154462-n
更新世,こうしんせい,wnja:15124864-n
更衣室,こういしつ,wnja:03238131-n
書き手,かきて,wnja:10801291-n
書き物,かきもの,wnja:00614224-n
書出し,かきだし,wnja:06414849-n
書換え,かきかえ,wnja:06428976-n
書札礼,しょさつれい,wnja:06473563-n
書記官,しょきかん,wnja:09928451-n
書記素,しょきそ,wnja:06818970-n
書誌学,しょしがく,wnja:06486630-n
書込み,かきこみ,wnja:00614224-n
曹長石,そうちょうせき,wnja:14865533-n
最上級,さいじょうきゅう,wnja:06323284-n
最低限,さいていげん,wnja:13763384-n
最先端,さいせんたん,wnja:06209419-n
最前線,さいぜんせん,wnja:05998052-n
最大値,さいだいち,wnja:05124928-n
最大化,さいだいか,wnja:00367066-n
最大限,さいだいげん,wnja:05124928-n
最小値,さいしょうち,wnja:06930633-n
最小化,さいしょうか,wnja:00355919-n
最小限,さいしょうげん,wnja:13763384-n
最盛期,さいせいき,wnja:07417043-n
最適化,さいてきか,wnja:00260051-n
最高潮,さいこうちょう,wnja:06373747-n
月の物,つきのもの,wnja:13513747-n
月の輪,つきのわ,wnja:09358358-n
月夜見,つくよみ,wnja:09358358-n
月明り,つきあかり,wnja:11484975-n
月曜日,げつようび,wnja:15163979-n
月桂冠,げっけいかん,wnja:03648804-n
月長石,げっちょうせき,wnja:14954822-n
有の実,ありのみ,wnja:07767847-n
有効性,ゆうこうせい,wnja:04783567-n
有名人,ゆうめいじん,wnja:09903153-n
有名税,ゆうめいぜい,wnja:01130735-n
有声音,ゆうせいおん,wnja:07120364-n
有意義,ゆういぎ,wnja:05170236-n
有権者,ゆうけんしゃ,wnja:08161068-n
有機体,ゆうきたい,wnja:00004475-n
有理数,ゆうりすう,wnja:13730469-n
有用性,ゆうようせい,wnja:05150458-n
有神論,ゆうしんろん,wnja:06223669-n
有肺類,ゆうはいるい,wnja:01952162-n
有蓋車,ゆうがいしゃ,wnja:02885108-n
有袋類,ゆうたいるい,wnja:01874126-n
有蹄類,ゆうているい,wnja:02370525-n
有難み,ありがたみ,wnja:05138208-n
有頂天,うちょうてん,wnja:13986372-n
服役囚,ふくえきしゅう,wnja:09962966-n
望遠鏡,ぼうえんきょう,wnja:04403638-n
朝ご飯,あさごはん,wnja:07574602-n
朝飯前,あさめしまえ,wnja:00575365-n
朝鮮人,ちょうせんじん,wnja:09718936-n
期待値,きたいち,wnja:06024230-n
木っ端,こっぱ,wnja:09348949-n
木の葉,このは,wnja:13152742-n
木天蓼,またたび,wnja:12371704-n
木太刀,きだち,wnja:04223170-n
木戸銭,きどせん,wnja:13321495-n
木挽き,こびき,wnja:02169023-n
木曜日,もくようび,wnja:15164354-n
木構造,きこうぞう,wnja:05732273-n
未亡人,みぼうじん,wnja:10780284-n
未成年,みせいねん,wnja:15152261-n
未払い,みはらい,wnja:13300141-n
未来学,みらいがく,wnja:06136105-n
未来形,みらいけい,wnja:06330401-n
未来派,みらいは,wnja:06209242-n
未知数,みちすう,wnja:04758313-n
未経験,みけいけん,wnja:05988956-n
未開地,みかいち,wnja:08683548-n
未開拓,みかいたく,wnja:13939353-n
末つ方,すえつかた,wnja:05868477-n
本の虫,ほんのむし,wnja:09866559-n
本塁打,ほんるいだ,wnja:00132355-n
本拠地,ほんきょち,wnja:08490402-n
本格化,ほんかくか,wnja:01009637-n
本読み,ほんよみ,wnja:10508710-n
本調子,ほんちょうし,wnja:07240278-n
本通り,ほんどおり,wnja:03712729-n
朴念仁,ぼくねんじん,wnja:09935351-n
村八分,むらはちぶ,wnja:00207434-n
杓文字,しゃもじ,wnja:03633091-n
束の間,つかのま,wnja:15246853-n
来観者,らいかんしゃ,wnja:10757193-n
来訪者,らいほうしゃ,wnja:10757193-n
東北東,とうほくとう,wnja:13832118-n
東半球,ひがしはんきゅう,wnja:08562243-n
東西屋,とうざいや,wnja:10719132-n
松果体,しょうかたい,wnja:05485098-n
松葉杖,まつばづえ,wnja:03141823-n
板挟み,いたばさみ,wnja:05686086-n
枕投げ,まくらなげ,wnja:00487228-n
果てし,はてし,wnja:08568978-n
果実酒,かじつしゅ,wnja:07636669-n
果樹園,かじゅえん,wnja:03463832-n
枝分れ,えだわかれ,wnja:00388392-n
枝垂柳,しだれやなぎ,wnja:12726670-n
枢機卿,すうききょう,wnja:09894143-n
柑橘類,かんきつるい,wnja:07747055-n
染め粉,そめこ,wnja:14985383-n
染色体,せんしょくたい,wnja:05442131-n
染色質,せんしょくしつ,wnja:05436080-n
柔組織,じゅうそしき,wnja:13096317-n
柔軟性,じゅうなんせい,wnja:04659287-n
柱時計,はしらどけい,wnja:04548280-n
栃の木,とちのき,wnja:12768369-n
栄養分,えいようぶん,wnja:00021265-n
栄養士,えいようし,wnja:10012484-n
栄養物,えいようぶつ,wnja:00021265-n
栄養素,えいようそ,wnja:00021265-n
栓抜き,せんぬき,wnja:02956795-n
核兵器,かくへいき,wnja:03834604-n
核分裂,かくぶんれつ,wnja:13481224-n
核化学,かくかがく,wnja:06090540-n
核反応,かくはんのう,wnja:13523208-n
核家族,かくかぞく,wnja:07973487-n
核弾頭,かくだんとう,wnja:02753881-n
核抑止,かくよくし,wnja:01076863-n
核燃料,かくねんりょう,wnja:14688089-n
核爆弾,かくばくだん,wnja:03834604-n
核爆発,かくばくはつ,wnja:07408386-n
核融合,かくゆうごう,wnja:13485525-n
核黄疸,かくおうだん,wnja:14320218-n
根っこ,ねっこ,wnja:03387016-n
根もと,ねもと,wnja:03387016-n
根拠地,こんきょち,wnja:08490402-n
根継ぎ,ねつぎ,wnja:05696803-n
根腐れ,ねぐされ,wnja:14281992-n
格上げ,かくあげ,wnja:05795654-n
格付け,かくづけ,wnja:01148904-n
格子窓,こうしまど,wnja:04582454-n
格納庫,かくのうこ,wnja:02687821-n
桃源郷,とうげんきょう,wnja:05632056-n
案内人,あんないにん,wnja:10151570-n
案内者,あんないしゃ,wnja:10562749-n
桜んぼ,さくらんぼ,wnja:07757132-n
桧舞台,ひのきぶたい,wnja:14475154-n
梅擬き,うめもどき,wnja:12756862-n
梔子色,くちなしいろ,wnja:04966543-n
梯子段,はしごだん,wnja:04298171-n
棒きれ,ぼうぎれ,wnja:04317420-n
棗椰子,なつめやし,wnja:07765073-n
棚ぼた,たなぼた,wnja:07477587-n
植字機,しょくじき,wnja:04504770-n
植木屋,うえきや,wnja:10120533-n
植木鉢,うえきばち,wnja:03991062-n
植民地,しょくみんち,wnja:08374049-n
植物園,しょくぶつえん,wnja:02733075-n
植物学,しょくぶつがく,wnja:06066555-n
植物油,しょくぶつゆ,wnja:07673397-n
植物界,しょくぶつかい,wnja:11529603-n
椎間板,ついかんばん,wnja:05284617-n
検出器,けんしゅつき,wnja:03180969-n
検問所,けんもんしょ,wnja:08517825-n
検察官,けんさつかん,wnja:10484858-n
検査員,けんさいん,wnja:10067968-n
検査官,けんさかん,wnja:10067968-n
検査役,けんさやく,wnja:10067968-n
検流計,けんりゅうけい,wnja:03413264-n
検疫船,けんえきせん,wnja:03440876-n
検電器,けんでんき,wnja:03276696-n
椰子油,やしゆ,wnja:07674161-n
椰子科,やしか,wnja:12582231-n
楕円面,だえんめん,wnja:13897198-n
極悪人,ごくあくにん,wnja:10329945-n
楽天地,らくてんち,wnja:08565506-n
楽天家,らくてんか,wnja:10380126-n
概念化,がいねんか,wnja:00940842-n
概念論,がいねんろん,wnja:05969537-n
榴弾砲,りゅうだんほう,wnja:03786715-n
構造体,こうぞうたい,wnja:04341686-n
構造式,こうぞうしき,wnja:06817312-n
構造物,こうぞうぶつ,wnja:04341686-n
構造色,こうぞうしょく,wnja:04953678-n
槍持ち,やりもち,wnja:10676569-n
様式化,ようしきか,wnja:01159776-n
標準化,ひょうじゅんか,wnja:01158690-n
標準時,ひょうじゅんじ,wnja:15116910-n
模式図,もしきず,wnja:05891572-n
模様替,もようがえ,wnja:07296428-n
模範囚,もはんしゅう,wnja:10732521-n
権兵衛,ごんべえ,wnja:10410668-n
権力者,けんりょくしゃ,wnja:10461424-n
権威者,けんいしゃ,wnja:09824609-n
横っ腹,よこっぱら,wnja:05551318-n
横ばい,よこばい,wnja:02236495-n
横並び,よこならび,wnja:01204294-n
横取り,よこどり,wnja:00780889-n
横殴り,よこなぐり,wnja:07410613-n
横滑り,よこすべり,wnja:00170710-n
横隔膜,おうかくまく,wnja:03189461-n
橋本病,はしもとびょう,wnja:14220998-n
橋渡し,はしわたし,wnja:09624559-n
橋頭堡,きょうとうほ,wnja:08517010-n
機動力,きどうりょく,wnja:04773351-n
機械化,きかいか,wnja:00102457-n
機械語,きかいご,wnja:06357985-n
機能性,きのうせい,wnja:05151372-n
機関室,きかんしつ,wnja:03288500-n
機関車,きかんしゃ,wnja:03684823-n
機関銃,きかんじゅう,wnja:02760429-n
欠乏症,けつぼうしょう,wnja:14198200-n
欠勤率,けっきんりつ,wnja:13817761-n
歌い手,うたいて,wnja:01526521-n
歌劇団,かげきだん,wnja:08187370-n
歌劇場,かげきじょう,wnja:03849814-n
歌歌い,うたうたい,wnja:10599806-n
歌謡曲,かようきょく,wnja:07048000-n
止瀉薬,ししゃやく,wnja:02719294-n
止血剤,しけつざい,wnja:03514451-n
止血帯,しけつたい,wnja:03082656-n
正反対,せいはんたい,wnja:13855230-n
正常位,せいじょうい,wnja:05081057-n
正常化,せいじょうか,wnja:01158690-n
正弦波,せいげんは,wnja:07345066-n
正当化,せいとうか,wnja:01241767-n
正当性,せいとうせい,wnja:04783247-n
正教会,せいきょうかい,wnja:08086356-n
正断層,せいだんそう,wnja:09372313-n
正方形,せいほうけい,wnja:04291511-n
正書法,せいしょほう,wnja:06351202-n
正確性,せいかくせい,wnja:04802907-n
正規軍,せいきぐん,wnja:08191230-n
正誤表,せいごひょう,wnja:06489847-n
此の頃,このごろ,wnja:15119536-n
歩行器,ほこうき,wnja:04545305-n
歩道橋,ほどうきょう,wnja:03379828-n
歯ぐき,はぐき,wnja:05304932-n
歯周病,ししゅうびょう,wnja:14080622-n
歯止め,はどめ,wnja:01146039-n
歯磨き,はみがき,wnja:03176084-n
歯肉炎,しにくえん,wnja:14081216-n
歯髄腔,しずいこう,wnja:05283326-n
歴史学,れきしがく,wnja:06155567-n
歴史家,れきしか,wnja:10177150-n
死に馬,しにうま,wnja:02381119-n
死の灰,しのはい,wnja:14858950-n
死亡率,しぼうりつ,wnja:04791081-n
死生学,しせいがく,wnja:06153698-n
殉教者,じゅんきょうしゃ,wnja:10296618-n
殊勲章,しゅくんしょう,wnja:06707382-n
残り物,のこりもの,wnja:07563509-n
段取り,だんどり,wnja:00939628-n
段梯子,だんばしご,wnja:04298171-n
殺し屋,ころしや,wnja:09813696-n
殺人犯,さつじんはん,wnja:10338707-n
殺人者,さつじんしゃ,wnja:10338707-n
殺菌剤,さっきんざい,wnja:02716205-n
殺虫剤,さっちゅうざい,wnja:14919948-n
殿上人,てんじょうびと,wnja:09971839-n
母さん,かあさん,wnja:10278128-n
母国語,ぼこくご,wnja:06904748-n
母系制,ぼけいせい,wnja:07972888-n
母集団,ぼしゅうだん,wnja:06026276-n
毒物学,どくぶつがく,wnja:06064462-n
比べ物,くらべもの,wnja:00142665-n
比色計,ひしょくけい,wnja:03071552-n
比較級,ひかくきゅう,wnja:06322693-n
比重計,ひじゅうけい,wnja:03175301-n
毛嫌い,けぎらい,wnja:07546465-n
毛抜き,けぬき,wnja:03941684-n
毛様体,もうようたい,wnja:05313344-n
毛細管,もうさいかん,wnja:02956069-n
毛繻子,けじゅす,wnja:04138398-n
氏素姓,うじすじょう,wnja:13813042-n
民主制,みんしゅせい,wnja:08361329-n
民主化,みんしゅか,wnja:01237294-n
民営化,みんえいか,wnja:01152033-n
民族学,みんぞくがく,wnja:06146880-n
民族性,みんぞくせい,wnja:04799133-n
民間人,みんかんじん,wnja:09924742-n
気だて,きだて,wnja:04620216-n
気つけ,きつけ,wnja:15043399-n
気どり,きどり,wnja:04788982-n
気の病,きのやまい,wnja:14393161-n
気付き,きづき,wnja:05677952-n
気候学,きこうがく,wnja:06119377-n
気候帯,きこうたい,wnja:08542081-n
気働き,きばたらき,wnja:04841810-n
気兼ね,きがね,wnja:07507329-n
気圧計,きあつけい,wnja:02794156-n
気慰み,きなぐさみ,wnja:00426928-n
気振り,けぶり,wnja:06646243-n
気散じ,きさんじ,wnja:00426928-n
気晴し,きばらし,wnja:00426928-n
気構え,きがまえ,wnja:06193203-n
気疲れ,きづかれ,wnja:14016361-n
気紛れ,きまぐれ,wnja:05919549-n
気組み,きぐみ,wnja:06193203-n
気苦労,きぐろう,wnja:14374432-n
気詰り,きづまり,wnja:01149621-n
気象学,きしょうがく,wnja:06118563-n
気象庁,きしょうちょう,wnja:08353734-n
気配り,きくばり,wnja:04841358-n
水の泡,みずのあわ,wnja:09282724-n
水やり,みずやり,wnja:00278403-n
水上機,すいじょうき,wnja:04160586-n
水中翼,すいちゅうよく,wnja:03553019-n
水仕事,みずしごと,wnja:00255710-n
水位計,すいいけい,wnja:04559730-n
水俣病,みなまたびょう,wnja:14511491-n
水切り,みずきり,wnja:00459845-n
水圧管,すいあつかん,wnja:04244615-n
水平器,すいへいき,wnja:03658858-n
水平線,すいへいせん,wnja:08585657-n
水彩画,すいさいが,wnja:04558578-n
水抜き,みずぬき,wnja:00396029-n
水掻き,みずかき,wnja:01898328-n
水揚げ,みずあげ,wnja:00714173-n
水文学,すいもんがく,wnja:06119729-n
水族館,すいぞくかん,wnja:02732072-n
水時計,みずどけい,wnja:04558347-n
水晶体,すいしょうたい,wnja:05320362-n
水曜日,すいようび,wnja:15164233-n
水泳ぎ,みずおよぎ,wnja:00442115-n
水浴び,みずあび,wnja:00255214-n
水涸れ,みずがれ,wnja:14537054-n
水準器,すいじゅんき,wnja:03658858-n
水準点,すいじゅんてん,wnja:07259145-n
水漉し,みずこし,wnja:03339643-n
水盛り,みずもり,wnja:03658858-n
水素化,すいそか,wnja:13494707-n
水耕法,すいこうほう,wnja:00918976-n
水腎症,すいじんしょう,wnja:14466122-n
水蛇座,みずへびざ,wnja:09308116-n
水酸基,すいさんき,wnja:14914775-n
水鉄砲,みずでっぽう,wnja:04561548-n
水頭症,すいとうしょう,wnja:14465768-n
水飛沫,みずしぶき,wnja:15056541-n
氷のう,ひょうのう,wnja:03557840-n
氷晶石,ひょうしょうせき,wnja:14673150-n
氷河期,ひょうがき,wnja:15124864-n
氷砂糖,こおりざとう,wnja:07608980-n
氷菓子,こおりがし,wnja:07615289-n
永久歯,えいきゅうし,wnja:05306708-n
永住者,えいじゅうしゃ,wnja:10523519-n
永遠性,えいえんせい,wnja:13956905-n
求心力,きゅうしんりょく,wnja:11434747-n
汗拭き,あせふき,wnja:03485794-n
汚れ物,よごれもの,wnja:05671842-n
決め手,きめて,wnja:00135637-n
決勝点,けっしょうてん,wnja:00187337-n
決定権,けっていけん,wnja:05196582-n
決定版,けっていばん,wnja:04813712-n
決定論,けっていろん,wnja:05971086-n
決死隊,けっしたい,wnja:00786102-n
決議案,けつぎあん,wnja:06511874-n
沈殿剤,ちんでんざい,wnja:03998673-n
沖仲仕,おきなかし,wnja:10655169-n
沖釣り,おきづり,wnja:00453935-n
没義道,もぎどう,wnja:04830689-n
河原鳩,かわらばと,wnja:01811909-n
河海豚,かわいるか,wnja:02072040-n
油かす,あぶらかす,wnja:07634605-n
油砥石,あぶらといし,wnja:03845107-n
油送船,ゆそうせん,wnja:03845190-n
治療薬,ちりょうやく,wnja:04074482-n
泌尿器,ひにょうき,wnja:05333259-n
法制度,ほうせいど,wnja:05903229-n
法務官,ほうむかん,wnja:10225787-n
法医学,ほういがく,wnja:06050257-n
法哲学,ほうてつがく,wnja:06161718-n
法学者,ほうがくしゃ,wnja:10225219-n
法律家,ほうりつか,wnja:10227985-n
法律案,ほうりつあん,wnja:06536853-n
法曹界,ほうそうかい,wnja:08112402-n
法蓮草,ほうれんそう,wnja:07736692-n
波の花,なみのはな,wnja:07813107-n
波乗り,なみのり,wnja:00445055-n
波戸場,はとば,wnja:03933529-n
波除け,なみよけ,wnja:02894605-n
泣き声,なきごえ,wnja:07121157-n
泣き所,なきどころ,wnja:05159606-n
泣き虫,なきむし,wnja:10781817-n
泥よけ,どろよけ,wnja:03327841-n
泥んこ,どろんこ,wnja:14956325-n
泥炭地,でいたんち,wnja:09225943-n
泥縄式,どろなわしき,wnja:15244942-n
注射器,ちゅうしゃき,wnja:04376876-n
注意報,ちゅういほう,wnja:07224151-n
注目株,ちゅうもくかぶ,wnja:13336933-n
泰山木,たいさんぼく,wnja:11710136-n
洋芥子,ようがらし,wnja:07819480-n
洋菓子,ようがし,wnja:07628870-n
洒落気,しゃれけ,wnja:04650201-n
洒落男,しゃれおとこ,wnja:09991026-n
洒落者,しゃれもの,wnja:09991026-n
洗い桶,あらいおけ,wnja:02909870-n
洗浄剤,せんじょうざい,wnja:03040587-n
洗濯板,せんたくいた,wnja:04554406-n
洗濯機,せんたくき,wnja:04554684-n
洗礼名,せんれいめい,wnja:06337458-n
洗面台,せんめんだい,wnja:04553703-n
洗面器,せんめんき,wnja:02801525-n
洗面所,せんめんじょ,wnja:03371875-n
洞察力,どうさつりょく,wnja:05614175-n
洟たれ,はなたれ,wnja:09917593-n
洟啜り,はなすすり,wnja:00868669-n
活人画,かつじんが,wnja:08372715-n
活動中,かつどうちゅう,wnja:14006945-n
活動家,かつどうか,wnja:10315837-n
活動性,かつどうせい,wnja:05036237-n
活性剤,かっせいざい,wnja:14723079-n
活性化,かっせいか,wnja:00236821-n
活性炭,かっせいたん,wnja:14796359-n
活断層,かつだんそう,wnja:09278537-n
活社会,かつしゃかい,wnja:05810250-n
派生語,はせいご,wnja:06290051-n
流し場,ながしば,wnja:04157099-n
流し網,ながしあみ,wnja:03239607-n
流れ図,ながれず,wnja:06582085-n
流れ星,ながれぼし,wnja:09353109-n
流作業,ながれさぎょう,wnja:04008385-n
流動体,りゅうどうたい,wnja:14480420-n
流動性,りゅうどうせい,wnja:04734272-n
流動食,りゅうどうしょく,wnja:07563800-n
流星塵,りゅうせいじん,wnja:09353918-n
流星群,りゅうせいぐん,wnja:09353338-n
流星雨,りゅうせいう,wnja:11507000-n
流紋岩,りゅうもんがん,wnja:14933236-n
流通税,りゅうつうぜい,wnja:13315616-n
浄化槽,じょうかそう,wnja:04173046-n
浚渫機,しゅんせつき,wnja:03236217-n
浚渫船,しゅんせつせん,wnja:03236423-n
浮き名,うきな,wnja:07223450-n
浮き木,うきぎ,wnja:04045397-n
浮き袋,うきぶくろ,wnja:02848118-n
浮き雲,うきぐも,wnja:04806067-n
浮れ者,うかれもの,wnja:10257647-n
浮彫り,うきぼり,wnja:04073669-n
浮浪者,ふろうしゃ,wnja:09468237-n
海の原,わだのはら,wnja:09426788-n
海パン,かいぱん,wnja:04205318-n
海人舟,あまぶね,wnja:03351262-n
海兵隊,かいへいたい,wnja:08192970-n
海坊主,うみぼうず,wnja:01663782-n
海岸線,かいがんせん,wnja:08613000-n
海水浴,かいすいよく,wnja:00442569-n
海水魚,かいすいぎょ,wnja:07775905-n
海沿い,うみぞい,wnja:09428293-n
海泡石,かいほうせき,wnja:03742416-n
海洋学,かいようがく,wnja:06119904-n
海綿体,かいめんたい,wnja:14597758-n
海老茶,えびちゃ,wnja:04973386-n
海蛇座,うみへびざ,wnja:09307552-n
海賊旗,かいぞくき,wnja:02847009-n
海賊版,かいぞくばん,wnja:02874642-n
海賊船,かいぞくせん,wnja:03947888-n
浸透圧,しんとうあつ,wnja:11496881-n
消し炭,けしずみ,wnja:09245212-n
消化剤,しょうかざい,wnja:03195332-n
消化性,しょうかせい,wnja:04997645-n
消化液,しょうかえき,wnja:05405946-n
消化管,しょうかかん,wnja:05532225-n
消化腺,しょうかせん,wnja:05532795-n
消去法,しょうきょほう,wnja:05782245-n
消極性,しょうきょくせい,wnja:04636397-n
消毒剤,しょうどくざい,wnja:02724207-n
消毒薬,しょうどくやく,wnja:03208229-n
消火器,しょうかき,wnja:03345837-n
消石灰,しょうせっかい,wnja:14936010-n
消費者,しょうひしゃ,wnja:09612848-n
消費財,しょうひざい,wnja:03093574-n
消防団,しょうぼうだん,wnja:08121394-n
消防士,しょうぼうし,wnja:10091651-n
消防署,しょうぼうしょ,wnja:03347338-n
消防艇,しょうぼうてい,wnja:03344393-n
消防車,しょうぼうしゃ,wnja:03345487-n
消音器,しょうおんき,wnja:04218564-n
涌き水,わきみず,wnja:07936015-n
涼み台,すずみだい,wnja:02828884-n
淋巴腺,りんぱせん,wnja:05430095-n
淡水魚,たんすいぎょ,wnja:07776545-n
淡紅色,たんこうしょく,wnja:04970916-n
淫売婦,いんばいふ,wnja:10485440-n
深刻化,しんこくか,wnja:00374835-n
深山鴉,みやまがらす,wnja:01579410-n
深成岩,しんせいがん,wnja:14932303-n
混凝土,こんくりーと,wnja:14820180-n
混合物,こんごうぶつ,wnja:02681084-n
混合薬,こんごうやく,wnja:03248560-n
混合酒,こんごうしゅ,wnja:07911371-n
混成語,こんせいご,wnja:06288527-n
混血児,こんけつじ,wnja:10157549-n
添え木,そえぎ,wnja:02887209-n
添加物,てんかぶつ,wnja:02679415-n
清算人,せいさんにん,wnja:09769929-n
渋っ面,しぶっつら,wnja:06877578-n
渋り腹,しぶりばら,wnja:14571714-n
減圧症,げんあつしょう,wnja:14068344-n
減少率,げんしょうりつ,wnja:15276307-n
渡し守,わたしもり,wnja:10085449-n
渡し舟,わたしぶね,wnja:03329663-n
渡し賃,わたしちん,wnja:13323749-n
渡し銭,わたしせん,wnja:13323749-n
渡り板,わたりいた,wnja:03415486-n
渡り鳥,わたりどり,wnja:01515303-n
渡世人,とせいにん,wnja:10118844-n
渦虫類,うずむしるい,wnja:01925133-n
温もり,ぬくもり,wnja:04627000-n
温度計,おんどけい,wnja:04421872-n
温泉場,おんせんば,wnja:08678615-n
温泉郷,おんせんきょう,wnja:08678615-n
測候所,そっこうじょ,wnja:08599976-n
測地学,そくちがく,wnja:06120881-n
測地線,そくちせん,wnja:13870414-n
測程器,そくていき,wnja:03686658-n
測角器,そっかくき,wnja:03447894-n
測量士,そくりょうし,wnja:10680609-n
湯浴み,ゆあみ,wnja:00257770-n
湯風呂,ゆぶろ,wnja:04308583-n
湿りけ,しめりけ,wnja:14535431-n
湿度計,しつどけい,wnja:03554460-n
満期日,まんきび,wnja:15153225-n
満足感,まんぞくかん,wnja:07531255-n
準備金,じゅんびきん,wnja:13370014-n
準平原,じゅんへいげん,wnja:09388653-n
準決勝,じゅんけっしょう,wnja:07467393-n
溜め桶,ためおけ,wnja:04493381-n
溜り場,たまりば,wnja:08581503-n
溢れ者,あぶれもの,wnja:09977660-n
溶媒和,ようばいわ,wnja:13558125-n
溶接工,ようせつこう,wnja:10773665-n
溶鉱炉,ようこうろ,wnja:02849885-n
溶銑炉,ようせんろ,wnja:03148808-n
滋養分,じようぶん,wnja:00021265-n
滑り台,すべりだい,wnja:04238128-n
滑走路,かっそうろ,wnja:04120842-n
漁業者,ぎょぎょうしゃ,wnja:10093658-n
漁色家,ぎょしょくか,wnja:10552980-n
漂流物,ひょうりゅうぶつ,wnja:03367875-n
漂白剤,ひょうはくざい,wnja:04961136-n
演出家,えんしゅつか,wnja:10015215-n
演奏会,えんそうかい,wnja:06892775-n
演奏家,えんそうか,wnja:10340312-n
演奏者,えんそうしゃ,wnja:10340312-n
演歌師,えんかし,wnja:09980090-n
演算子,えんざんし,wnja:13786413-n
演繹法,えんえきほう,wnja:05774129-n
演舞場,えんぶじょう,wnja:04417809-n
演芸会,えんげいかい,wnja:06619065-n
演説者,えんぜつしゃ,wnja:10380672-n
漕ぎ手,こぎて,wnja:10368920-n
漢学者,かんがくしゃ,wnja:10601234-n
漫画家,まんがか,wnja:09896170-n
漸近線,ぜんきんせん,wnja:13870935-n
潜伏期,せんぷくき,wnja:15273101-n
潜在力,せんざいりょく,wnja:14482620-n
潜望鏡,せんぼうきょう,wnja:03917048-n
潜水夫,せんすいふ,wnja:10019406-n
潜水艇,せんすいてい,wnja:04347754-n
潜水艦,せんすいかん,wnja:04347754-n
潜航艇,せんこうてい,wnja:04347754-n
潤滑剤,じゅんかつざい,wnja:14890659-n
潤滑油,じゅんかつゆ,wnja:03250588-n
潮間帯,ちょうかんたい,wnja:08691188-n
濁り酒,にごりざけ,wnja:07891433-n
濃紺色,のうこんいろ,wnja:04969703-n
瀝青炭,れきせいたん,wnja:14815086-n
瀬戸物,せともの,wnja:03018209-n
火の手,ひのて,wnja:07420435-n
火の見,ひのみ,wnja:03347617-n
火山学,かざんがく,wnja:06120653-n
火山岩,かざんがん,wnja:14933314-n
火工品,かこうひん,wnja:03348454-n
火成岩,かせいがん,wnja:14931879-n
火打石,ひうちいし,wnja:14870821-n
火明り,ひあかり,wnja:11457841-n
火曜日,かようび,wnja:15164105-n
火消役,ひけしやく,wnja:10091651-n
火縄銃,ひなわじゅう,wnja:02742070-n
火膨れ,ひぶくれ,wnja:13573181-n
火葬場,かそうば,wnja:03130233-n
火薬庫,かやくこ,wnja:03704038-n
灯し火,ともしび,wnja:03636248-n
灯台船,とうだいせん,wnja:03668488-n
灰白色,かいはくしょく,wnja:04962689-n
灰白質,かいはくしつ,wnja:05483388-n
灰色熊,はいいろぐま,wnja:02132580-n
炊事場,すいじば,wnja:03619890-n
炭水車,たんすいしゃ,wnja:04409279-n
炭疽菌,たんそきん,wnja:01350226-n
炭素鋼,たんそこう,wnja:14803074-n
炭酸水,たんさんすい,wnja:07927512-n
炭酸鉛,たんさんなまり,wnja:15097722-n
点鼻薬,てんびやく,wnja:02837416-n
無価値,むかち,wnja:05139561-n
無分別,むふんべつ,wnja:04845967-n
無尾類,むびるい,wnja:01639369-n
無患子,むくろじ,wnja:12741222-n
無意味,むいみ,wnja:06607339-n
無意義,むいぎ,wnja:06607339-n
無意識,むいしき,wnja:05613274-n
無愛嬌,ぶあいきょう,wnja:04915462-n
無愛想,ぶあいそう,wnja:04915462-n
無感覚,むかんかく,wnja:04844625-n
無慈悲,むじひ,wnja:04831031-n
無憂樹,むゆうじゅ,wnja:12402596-n
無政府,むせいふ,wnja:13973059-n
無月経,むげっけい,wnja:14302261-n
無気力,むきりょく,wnja:04636610-n
無気肺,むきはい,wnja:14502896-n
無水物,むすいぶつ,wnja:14767291-n
無法者,むほうもの,wnja:09977660-n
無煙炭,むえんたん,wnja:14814921-n
無理数,むりすう,wnja:13730584-n
無神経,むしんけい,wnja:04844024-n
無神論,むしんろん,wnja:05980256-n
無秩序,むちつじょ,wnja:07507912-n
無能力,むのうりょく,wnja:05644922-n
無脳症,むのうしょう,wnja:14152617-n
無表情,むひょうじょう,wnja:04815916-n
無言劇,むごんげき,wnja:00550016-n
無責任,むせきにん,wnja:04670746-n
無造作,むぞうさ,wnja:04912240-n
無遠慮,ぶえんりょ,wnja:04649651-n
無邪気,むじゃき,wnja:13989627-n
無鉄砲,むてっぽう,wnja:04661926-n
無関心,むかんしん,wnja:04636610-n
無防備,むぼうび,wnja:05043091-n
無響室,むきょうしつ,wnja:02710324-n
無頓着,むとんちゃく,wnja:04636610-n
無頼漢,ぶらいかん,wnja:09879297-n
焦げ目,こげめ,wnja:04694090-n
焼き串,やきぐし,wnja:04227900-n
焼き絵,やきえ,wnja:04029647-n
焼き網,やきあみ,wnja:03378915-n
焼却炉,しょうきゃくろ,wnja:03566193-n
焼夷弾,しょういだん,wnja:03565991-n
焼石膏,しょうせっこう,wnja:14992613-n
煌めき,きらめき,wnja:04952944-n
煎じ薬,せんじぐすり,wnja:13457665-n
煙出し,けむだし,wnja:03017428-n
煙草屋,たばこや,wnja:04443257-n
煙霧質,えんむしつ,wnja:11422597-n
照明弾,しょうめいだん,wnja:06874930-n
煮込み,にこみ,wnja:05953416-n
熟練工,じゅくれんこう,wnja:10605985-n
熱中症,ねっちゅうしょう,wnja:14044174-n
熱分解,ねつぶんかい,wnja:07360077-n
熱化学,ねつかがく,wnja:06110823-n
熱射病,ねっしゃびょう,wnja:14204095-n
熱機関,ねつきかん,wnja:03507963-n
熱気球,ねつききゅう,wnja:03541923-n
熱汚染,ねつおせん,wnja:14518671-n
熱疲労,ねつひろう,wnja:14204253-n
熱量計,ねつりょうけい,wnja:02941095-n
熱電子,ねつでんし,wnja:09457199-n
燃え種,もえくさ,wnja:14875077-n
燕尾服,えんびふく,wnja:03239054-n
爆撃機,ばくげきき,wnja:02867715-n
爆発物,ばくはつぶつ,wnja:03304730-n
爆裂弾,ばくれつだん,wnja:02866578-n
爬虫類,はちゅうるい,wnja:01660719-n
父の日,ちちのひ,wnja:15189982-n
爺さん,じいさん,wnja:10375214-n
片意地,かたいじ,wnja:04908835-n
片手桶,かたておけ,wnja:02909870-n
片結び,かたむすび,wnja:04241042-n
片脳油,へんのうゆ,wnja:14791202-n
片麻岩,へんまがん,wnja:14889271-n
版画家,はんがか,wnja:10475687-n
牛ふん,ぎゅうふん,wnja:14863883-n
牛小屋,うしごや,wnja:03123809-n
牛飼い,うしかい,wnja:09902017-n
牢屋敷,ろうやしき,wnja:04005630-n
牧羊犬,ぼくようけん,wnja:02104523-n
牧草地,ぼくそうち,wnja:08570634-n
物の具,もののぐ,wnja:02739668-n
物の怪,もののけ,wnja:05898171-n
物乞い,ものごい,wnja:07187996-n
物取り,ものとり,wnja:10707804-n
物忘れ,ものわすれ,wnja:05673209-n
物怖じ,ものおじ,wnja:04860065-n
物思い,ものおもい,wnja:07524242-n
物打ち,ものうち,wnja:02848216-n
物故者,ぶっこしゃ,wnja:09994943-n
物案じ,ものあんじ,wnja:07523905-n
物理学,ぶつりがく,wnja:06090869-n
物病み,ものやみ,wnja:14061805-n
物真似,ものまね,wnja:01020936-n
物羨み,ものうらやみ,wnja:07549716-n
物自体,ものじたい,wnja:05813457-n
物覚え,ものおぼえ,wnja:05651399-n
物言い,ものいい,wnja:01177033-n
物貰い,ものもらい,wnja:09847010-n
特別席,とくべつせき,wnja:02884225-n
特効薬,とっこうやく,wnja:05661825-n
特攻機,とっこうき,wnja:03608074-n
特有性,とくゆうせい,wnja:04731497-n
特殊性,とくしゅせい,wnja:04731497-n
特派員,とくはいん,wnja:09966710-n
特異性,とくいせい,wnja:03149951-n
特許庁,とっきょちょう,wnja:08349681-n
特許料,とっきょりょう,wnja:13257982-n
特許権,とっきょけん,wnja:05188646-n
犠牲打,ぎせいだ,wnja:00130846-n
犠牲者,ぎせいしゃ,wnja:10752093-n
犬かき,いぬかき,wnja:00570572-n
犬ころ,いぬころ,wnja:01322604-n
犬小屋,いぬごや,wnja:03610524-n
犯罪学,はんざいがく,wnja:06151942-n
犯罪歴,はんざいれき,wnja:06490173-n
犯罪者,はんざいしゃ,wnja:09977660-n
狂信者,きょうしんしゃ,wnja:10077879-n
狂牛病,きょうぎゅうびょう,wnja:14261846-n
狂犬病,きょうけんびょう,wnja:14271667-n
狂詩曲,きょうしきょく,wnja:06382590-n
狆ころ,ちんころ,wnja:01322604-n
狙撃銃,そげきじゅう,wnja:04250224-n
狩り人,かりびと,wnja:10193026-n
狩猟法,しゅりょうほう,wnja:06538525-n
独り者,ひとりもの,wnja:09829923-n
独り身,ひとりみ,wnja:09829923-n
独創性,どくそうせい,wnja:04800359-n
独我論,どくがろん,wnja:05976649-n
独演会,どくえんかい,wnja:06893441-n
独自性,どくじせい,wnja:04618070-n
独裁者,どくさいしゃ,wnja:09824135-n
独身者,どくしんしゃ,wnja:09829923-n
狭心症,きょうしんしょう,wnja:14102454-n
猛禽類,もうきんるい,wnja:01604123-n
猟官制,りょうかんせい,wnja:05664803-n
猪武者,いのししむしゃ,wnja:10188146-n
献立表,こんだてひょう,wnja:06492939-n
献血車,けんけつしゃ,wnja:02854630-n
獅子吼,ししく,wnja:07242912-n
獣医学,じゅういがく,wnja:06065423-n
獣医師,じゅういし,wnja:10749715-n
玄武岩,げんぶがん,wnja:09478210-n
玄関先,げんかんさき,wnja:03290771-n
玄関子,げんかんし,wnja:10026553-n
玄関番,げんかんばん,wnja:10026553-n
玉垂れ,たまだれ,wnja:05692094-n
玉手箱,たまてばこ,wnja:04477548-n
玉砂利,たまじゃり,wnja:14698884-n
玉蜀黍,とうもろこし,wnja:12143676-n
玩具屋,おもちゃや,wnja:04462240-n
珊瑚礁,さんごしょう,wnja:09256479-n
珪藻土,けいそうど,wnja:14843295-n
現なま,げんなま,wnja:13385216-n
現代化,げんだいか,wnja:00264913-n
現実化,げんじつか,wnja:00931847-n
現実性,げんじつせい,wnja:13955461-n
現実界,げんじつかい,wnja:05810250-n
現時点,げんじてん,wnja:15119536-n
球根類,きゅうこんるい,wnja:12425281-n
球面角,きゅうめんかく,wnja:13889331-n
球面計,きゅうめんけい,wnja:04274686-n
理事会,りじかい,wnja:08310949-n
理容師,りようし,wnja:09838895-n
理想像,りそうぞう,wnja:10325243-n
理想化,りそうか,wnja:01219075-n
理想派,りそうは,wnja:10196965-n
理解力,りかいりょく,wnja:05651680-n
理論家,りろんか,wnja:10706812-n
理髪師,りはつし,wnja:09934774-n
理髪店,りはつてん,wnja:02791270-n
琉球語,りゅうきゅうご,wnja:06929459-n
琥珀色,こはくいろ,wnja:04966240-n
瑠璃色,るりいろ,wnja:04969242-n
環境学,かんきょうがく,wnja:06070929-n
環状線,かんじょうせん,wnja:02828648-n
瓦屋根,かわらやね,wnja:04435653-n
甘味料,かんみりょう,wnja:07858595-n
甜菜糖,てんさいとう,wnja:07596258-n
生き方,いきかた,wnja:04930632-n
生き物,いきもの,wnja:00004258-n
生き肝,いきぎも,wnja:05385534-n
生き血,いきち,wnja:05399847-n
生き霊,いきりょう,wnja:05898171-n
生り木,なりき,wnja:12651821-n
生り物,なりもの,wnja:12651821-n
生ゴム,なまごむ,wnja:15006258-n
生一本,きいっぽん,wnja:14486767-n
生化学,せいかがく,wnja:06079620-n
生命力,せいめいりょく,wnja:04633453-n
生命線,せいめいせん,wnja:13906767-n
生地獄,いきじごく,wnja:08582837-n
生存圏,せいぞんけん,wnja:13778530-n
生存者,せいぞんしゃ,wnja:10681060-n
生得説,せいとくせつ,wnja:05973198-n
生息地,せいそくち,wnja:08580583-n
生意気,なまいき,wnja:04649651-n
生態学,せいたいがく,wnja:06070929-n
生態系,せいたいけい,wnja:08368757-n
生成熱,せいせいねつ,wnja:11470765-n
生残り,いきのこり,wnja:10681060-n
生殖器,せいしょくき,wnja:05513302-n
生殖腺,せいしょくせん,wnja:05524430-n
生活圏,せいかつけん,wnja:13778530-n
生活環,せいかつかん,wnja:11473807-n
生活費,せいかつひ,wnja:13302001-n
生煮え,なまにえ,wnja:05699172-n
生熟れ,なまなれ,wnja:09632274-n
生物剤,せいぶつざい,wnja:09221424-n
生物型,せいぶつがた,wnja:07941574-n
生物学,せいぶつがく,wnja:06037666-n
生理学,せいりがく,wnja:06080522-n
生産品,せいさんひん,wnja:04007894-n
生産性,せいさんせい,wnja:05147381-n
生産物,せいさんぶつ,wnja:04007894-n
生産者,せいさんしゃ,wnja:07328756-n
生産費,せいさんひ,wnja:13302775-n
生産量,せいさんりょう,wnja:04612722-n
生産高,せいさんだか,wnja:03860882-n
生石灰,きせっかい,wnja:14789885-n
生計費,せいけいひ,wnja:13302001-n
産出量,さんしゅつりょう,wnja:13758745-n
産卵管,さんらんかん,wnja:01460813-n
産業界,さんぎょうかい,wnja:07966927-n
産科学,さんかがく,wnja:06053439-n
産褥期,さんじょくき,wnja:15142568-n
用務員,ようむいん,wnja:10219577-n
用向き,ようむき,wnja:05983801-n
用心棒,ようじんぼう,wnja:08215801-n
用水池,ようすいいけ,wnja:04078747-n
用語集,ようごしゅう,wnja:06420781-n
用足し,ようたし,wnja:10495299-n
田吾作,たごさく,wnja:10410668-n
田舎家,いなかや,wnja:02919792-n
田舎者,いなかもの,wnja:09971047-n
甲殻類,こうかくるい,wnja:07783210-n
甲状腺,こうじょうせん,wnja:05330244-n
申し訳,もうしわけ,wnja:06633363-n
申出で,もうしいで,wnja:07161429-n
申合せ,もうしあわせ,wnja:00939628-n
申渡し,もうしわたし,wnja:06727616-n
申立て,もうしたて,wnja:06722453-n
申請者,しんせいしゃ,wnja:09607280-n
申込書,もうしこみしょ,wnja:06473837-n
申込者,もうしこみしゃ,wnja:09607280-n
申開き,もうしひらき,wnja:06740183-n
男の子,おとこのこ,wnja:09637837-n
男根期,だんこんき,wnja:15146828-n
町外れ,まちはずれ,wnja:08539276-n
画一化,かくいつか,wnja:01158690-n
画架座,がかざ,wnja:09391524-n
画用紙,がようし,wnja:14799927-n
畑打ち,はたうち,wnja:00918644-n
留め具,とめぐ,wnja:02755352-n
留め金,とめがね,wnja:03532342-n
留置き,とめおき,wnja:13999663-n
留置場,りゅうちじょう,wnja:03684740-n
畜生道,ちくしょうどう,wnja:00848891-n
略奪者,りゃくだつしゃ,wnja:10443170-n
異なり,ことなり,wnja:04748836-n
異分子,いぶんし,wnja:10103921-n
異国人,いこくにん,wnja:10103485-n
異性愛,いせいあい,wnja:00857664-n
異教徒,いきょうと,wnja:10166394-n
異星人,いせいじん,wnja:09484465-n
異邦人,いほうじん,wnja:09678917-n
疎水性,そすいせい,wnja:05196220-n
疑問文,ぎもんぶん,wnja:07196682-n
疑問符,ぎもんふ,wnja:06844040-n
疫病神,やくびょうがみ,wnja:13901055-n
病原体,びょうげんたい,wnja:01386007-n
病原性,びょうげんせい,wnja:05166560-n
病害虫,びょうがいちゅう,wnja:01314388-n
病理学,びょうりがく,wnja:06060845-n
病院船,びょういんせん,wnja:03541269-n
症候群,しょうこうぐん,wnja:05870790-n
痴れ者,しれもの,wnja:09921409-n
痴れ言,しれごと,wnja:06607339-n
痺れ感,しびれかん,wnja:14322528-n
療法士,りょうほうし,wnja:10707233-n
療養所,りょうようじょ,wnja:03528100-n
癇癪玉,かんしゃくだま,wnja:03345115-n
癌細胞,がんさいぼう,wnja:05431285-n
発光体,はっこうたい,wnja:14687513-n
発動機,はつどうき,wnja:03287733-n
発射台,はっしゃだい,wnja:03647691-n
発情期,はつじょうき,wnja:14038264-n
発明権,はつめいけん,wnja:05188646-n
発明者,はつめいしゃ,wnja:10214637-n
発案者,はつあんしゃ,wnja:10383816-n
発汗剤,はっかんざい,wnja:03188979-n
発生学,はっせいがく,wnja:06071426-n
発生源,はっせいげん,wnja:10126177-n
発生率,はっせいりつ,wnja:13826959-n
発祥地,はっしょうち,wnja:08510456-n
発行者,はっこうしゃ,wnja:10491309-n
発見者,はっけんしゃ,wnja:10090498-n
発言者,はつげんしゃ,wnja:10630188-n
発起人,ほっきにん,wnja:10209082-n
発酵乳,はっこうにゅう,wnja:07849336-n
発電所,はつでんしょ,wnja:03996655-n
発電機,はつでんき,wnja:03260504-n
登山家,とざんか,wnja:10334567-n
登記簿,とうきぼ,wnja:06507041-n
登録者,とうろくしゃ,wnja:10516692-n
白亜紀,はくあき,wnja:15126361-n
白内障,はくないしょう,wnja:14254570-n
白帯下,こしけ,wnja:05417821-n
白拍子,しらびょうし,wnja:10485440-n
白日夢,はくじつむ,wnja:05768806-n
白昼夢,はくちゅうむ,wnja:05769471-n
白熱灯,はくねつとう,wnja:03665924-n
白癬菌,はくせんきん,wnja:13078483-n
白血球,はっけっきゅう,wnja:05449959-n
白血病,はっけつびょう,wnja:14242922-n
白雲母,しろうんも,wnja:09729062-n
白鳥座,はくちょうざ,wnja:01858989-n
百分比,ひゃくぶんひ,wnja:13817526-n
百分率,ひゃくぶんりつ,wnja:13817526-n
百日咳,ひゃくにちぜき,wnja:14144626-n
百日紅,さるすべり,wnja:12329260-n
百貨店,ひゃっかてん,wnja:03176763-n
皆殺し,みなごろし,wnja:01245061-n
皇太子,こうたいし,wnja:09981092-n
皮ふ科,ひふか,wnja:06049500-n
皮むき,かわむき,wnja:03904909-n
皮切り,かわきり,wnja:07326369-n
皮脂腺,ひしせん,wnja:05328232-n
皮膚炎,ひふえん,wnja:14224757-n
皮膚病,ひふびょう,wnja:14219661-n
皮膚癌,ひふがん,wnja:14252320-n
皿洗い,さらあらい,wnja:00255600-n
益荒男,ますらお,wnja:10768585-n
盗っ人,ぬすっと,wnja:10707804-n
盛り場,さかりば,wnja:08581503-n
盛り砂,もりずな,wnja:04134339-n
盛切り,もりきり,wnja:07578363-n
監察医,かんさつい,wnja:09965985-n
監察官,かんさつかん,wnja:10067968-n
監査役,かんさやく,wnja:10067968-n
監督官,かんとくかん,wnja:10067968-n
監督者,かんとくしゃ,wnja:10676877-n
目あて,めあて,wnja:05149325-n
目分量,めぶんりょう,wnja:05804136-n
目医者,めいしゃ,wnja:10379073-n
目張り,めばり,wnja:04567870-n
目撃者,もくげきしゃ,wnja:10786033-n
目明し,めあかし,wnja:10009276-n
目減り,めべり,wnja:13759428-n
目溢し,めこぼし,wnja:00074524-n
目的地,もくてきち,wnja:05980875-n
目的語,もくてきご,wnja:06310237-n
目的論,もくてきろん,wnja:05977619-n
目移り,めうつり,wnja:00515414-n
目覚め,めざめ,wnja:01259773-n
目論み,もくろみ,wnja:05728678-n
目隠し,めかくし,wnja:02851099-n
盲導犬,もうどうけん,wnja:02109150-n
盲腸炎,もうちょうえん,wnja:14258512-n
直し物,なおしもの,wnja:00258854-n
直喩法,ちょくゆほう,wnja:07108282-n
直接法,ちょくせつほう,wnja:13801700-n
直接税,ちょくせつぜい,wnja:13313464-n
直方体,ちょくほうたい,wnja:13884930-n
直翅類,ちょくしるい,wnja:02226183-n
直腸炎,ちょくちょうえん,wnja:14354257-n
直行便,ちょっこうびん,wnja:00301598-n
相同性,そうどうせい,wnja:04744319-n
相場師,そうばし,wnja:10634075-n
相対性,そうたいせい,wnja:06106502-n
相手方,あいてがた,wnja:05695806-n
相撲取,すもうとり,wnja:10674713-n
相続人,そうぞくにん,wnja:10168584-n
相続税,そうぞくぜい,wnja:13313322-n
相補性,そうほせい,wnja:13841467-n
相談役,そうだんやく,wnja:09774266-n
看護人,かんごにん,wnja:10366966-n
看護士,かんごし,wnja:10366966-n
看護婦,かんごふ,wnja:10366966-n
真っ先,まっさき,wnja:13846199-n
真分数,しんぶんすう,wnja:13735921-n
真只中,まっただなか,wnja:08523483-n
真四角,ましかく,wnja:13878634-n
真夜中,まよなか,wnja:15168185-n
真実味,しんじつみ,wnja:04679300-n
真実性,しんじつせい,wnja:04782878-n
真珠層,しんじゅそう,wnja:14758706-n
真珠貝,しんじゅがい,wnja:01961985-n
真田虫,さなだむし,wnja:01927456-n
真盛り,まっさかり,wnja:07417043-n
真空管,しんくうかん,wnja:04494204-n
真空計,しんくうけい,wnja:04518343-n
眠り姫,ねむりひめ,wnja:10611117-n
眠り薬,ねむりぐすり,wnja:04236182-n
眼科学,がんかがく,wnja:06054446-n
着替え,きがえ,wnja:03005769-n
着色剤,ちゃくしょくざい,wnja:14984973-n
着色料,ちゃくしょくりょう,wnja:07567139-n
睡眠剤,すいみんざい,wnja:04236182-n
睡眠薬,すいみんやく,wnja:04236182-n
督促状,とくそくじょう,wnja:13400580-n
矢狭間,やざま,wnja:03689443-n
知り人,しりびと,wnja:09763784-n
知事選,ちじせん,wnja:07473207-n
知恵袋,ちえぶくろ,wnja:10126926-n
知識人,ちしきじん,wnja:09621545-n
知識欲,ちしきよく,wnja:05682798-n
短パン,たんぱん,wnja:04205318-n
短尾類,たんびるい,wnja:01976477-n
短時間,たんじかん,wnja:15246853-n
短音階,たんおんかい,wnja:06861020-n
石けり,いしけり,wnja:00485081-n
石ころ,いしころ,wnja:09416076-n
石切り,いしきり,wnja:10659294-n
石打ち,いしうち,wnja:01164394-n
石灰化,せっかいか,wnja:13442312-n
石灰岩,せっかいがん,wnja:14936226-n
石灰水,せっかいすい,wnja:14937093-n
石突き,いしづき,wnja:02890940-n
石竹色,せきちくいろ,wnja:04970916-n
石菖藻,せきしょうも,wnja:12615232-n
砂れき,されき,wnja:14698884-n
砂時計,すなどけい,wnja:04134632-n
砂漠化,さばくか,wnja:13462989-n
研修会,けんしゅうかい,wnja:00892413-n
研修医,けんしゅうい,wnja:10211203-n
研修生,けんしゅうせい,wnja:10722385-n
研磨機,けんまき,wnja:02911332-n
研究員,けんきゅういん,wnja:10523076-n
研究室,けんきゅうしつ,wnja:03629986-n
研究家,けんきゅうか,wnja:10557854-n
研究者,けんきゅうしゃ,wnja:10523076-n
砕氷船,さいひょうせん,wnja:00239766-n
破傷風,はしょうふう,wnja:14185803-n
破廉恥,はれんち,wnja:04838210-n
破砕機,はさいき,wnja:03141702-n
破落戸,ごろつき,wnja:10753546-n
破裂音,はれつおん,wnja:07115914-n
硝酸菌,しょうさんきん,wnja:01362196-n
硫化物,りゅうかぶつ,wnja:15063699-n
硫酸塩,りゅうさんえん,wnja:15063493-n
硫酸銅,りゅうさんどう,wnja:14782252-n
硬口蓋,こうこうがい,wnja:05309591-n
確実性,かくじつせい,wnja:04783247-n
確率論,かくりつろん,wnja:06037108-n
確認書,かくにんしょ,wnja:06471345-n
磁力計,じりょくけい,wnja:03708843-n
磁束計,じそくけい,wnja:03372933-n
磁気力,じきりょく,wnja:11479058-n
磁気圏,じきけん,wnja:11477041-n
磁気嵐,じきあらし,wnja:07428797-n
磁鉄鉱,じてっこう,wnja:14945914-n
磨き布,みがきぬの,wnja:02910964-n
磯巾着,いそぎんちゃく,wnja:10552639-n
礼拝堂,れいはいどう,wnja:03007130-n
社交性,しゃこうせい,wnja:04652635-n
社交界,しゃこうかい,wnja:08387930-n
社会化,しゃかいか,wnja:01128984-n
社会学,しゃかいがく,wnja:06151693-n
社会性,しゃかいせい,wnja:04652635-n
社債券,しゃさいけん,wnja:13417410-n
社内報,しゃないほう,wnja:06595220-n
祈祷書,きとうしょ,wnja:06416946-n
祖父母,そふぼ,wnja:10143172-n
祝祭日,しゅくさいじつ,wnja:15183428-n
祝賀会,しゅくがかい,wnja:00428000-n
神学校,しんがっこう,wnja:08285109-n
神学生,しんがくせい,wnja:10578162-n
神学者,しんがくしゃ,wnja:10705615-n
神格化,しんかくか,wnja:01029114-n
神秘劇,しんぴげき,wnja:07018604-n
神経学,しんけいがく,wnja:06052864-n
神経戦,しんけいせん,wnja:00953410-n
神経症,しんけいしょう,wnja:14393161-n
神経痛,しんけいつう,wnja:14329262-n
神経管,しんけいかん,wnja:01463933-n
神経系,しんけいけい,wnja:05462315-n
神経質,しんけいしつ,wnja:04624959-n
神話学,しんわがく,wnja:06147873-n
神通力,じんずうりき,wnja:05967977-n
祟り目,たたりめ,wnja:00879156-n
禁酒法,きんしゅほう,wnja:06541820-n
福音書,ふくいんしょ,wnja:06455138-n
禾穀類,かこくるい,wnja:07802417-n
私書箱,ししょばこ,wnja:03990210-n
私有地,しゆうち,wnja:13246662-n
私生児,しせいじ,wnja:09842823-n
秋分点,しゅうぶんてん,wnja:08521112-n
科の木,しなのき,wnja:12204032-n
秒読み,びょうよみ,wnja:00653518-n
秘め事,ひめごと,wnja:04622932-n
秘書官,ひしょかん,wnja:10569744-n
租税法,そぜいほう,wnja:08456619-n
移ろい,うつろい,wnja:07296428-n
移住者,いじゅうしゃ,wnja:10199489-n
移動性,いどうせい,wnja:04773351-n
種付け,たねつけ,wnja:00847340-n
種子骨,しゅしこつ,wnja:05280512-n
稼ぎ手,かせぎて,wnja:09873473-n
稽古着,けいこぎ,wnja:03472672-n
穀潰し,ごくつぶし,wnja:10273064-n
積乱雲,せきらんうん,wnja:09261772-n
積分学,せきぶんがく,wnja:06015271-n
積載車,せきさいしゃ,wnja:04474035-n
穴ぼこ,あなぼこ,wnja:09304465-n
穴掘り,あなほり,wnja:00941974-n
穹窿形,きゅうりゅうけい,wnja:13886133-n
空き地,あきち,wnja:08676622-n
空き巣,あきす,wnja:10707804-n
空き腹,すきばら,wnja:14039534-n
空き間,あきま,wnja:09379111-n
空け者,うつけもの,wnja:09921409-n
空っぽ,からっぽ,wnja:13910895-n
空ろ舟,うつろぶね,wnja:03254374-n
空中線,くうちゅうせん,wnja:02715229-n
空売り,からうり,wnja:00079908-n
空想家,くうそうか,wnja:10756641-n
空手形,からてがた,wnja:13382121-n
空模様,そらもよう,wnja:11524662-n
空気銃,くうきじゅう,wnja:02689274-n
空港税,くうこうぜい,wnja:13312434-n
空軍力,くうぐんりょく,wnja:08433727-n
空集合,くうしゅうごう,wnja:08001344-n
穿孔機,せんこうき,wnja:03239726-n
突き棒,つきぼう,wnja:04007664-n
突き槍,つきやり,wnja:04270891-n
突出し,つきだし,wnja:13894434-n
突破口,とっぱこう,wnja:05808218-n
窃盗犯,せっとうはん,wnja:10246913-n
窃盗罪,せっとうざい,wnja:00780889-n
窮まり,きわまり,wnja:05098099-n
立ち処,たちど,wnja:13947645-n
立ち台,たちだい,wnja:03159640-n
立ち姿,たちすがた,wnja:05082507-n
立ち所,たちどころ,wnja:13947645-n
立て者,だてもの,wnja:09762509-n
立会人,たちあいにん,wnja:10786517-n
立体派,りったいは,wnja:08466175-n
立体角,りったいかく,wnja:13889461-n
立入り,たちいり,wnja:00049003-n
立回り,たちまわり,wnja:00556313-n
立方体,りっぽうたい,wnja:03144592-n
立暗み,たちぐらみ,wnja:14372513-n
立案者,りつあんしゃ,wnja:10438172-n
立法府,りっぽうふ,wnja:06553472-n
立直し,たてなおし,wnja:00269258-n
立脚地,りっきゃくち,wnja:08490402-n
立脚点,りっきゃくてん,wnja:08490402-n
竜盤類,りゅうばんるい,wnja:01707895-n
竜舌蘭,りゅうぜつらん,wnja:12476510-n
竜騎兵,りゅうきへい,wnja:10029831-n
竜骨座,りゅうこつざ,wnja:09236077-n
端くれ,はしくれ,wnja:03317136-n
端武者,はむしゃ,wnja:10476467-n
競技場,きょうぎじょう,wnja:04295881-n
競技者,きょうぎしゃ,wnja:09613191-n
競走場,きょうそうじょう,wnja:04037625-n
競走馬,きょうそうば,wnja:02382948-n
竹の子,たけのこ,wnja:07719330-n
笑い声,わらいごえ,wnja:07127006-n
笑い話,わらいばなし,wnja:06779310-n
笑い顔,わらいがお,wnja:06878071-n
笑まい,えまい,wnja:06878071-n
笛ふき,ふえふき,wnja:10098245-n
符号化,ふごうか,wnja:00614489-n
第一線,だいいっせん,wnja:06209419-n
第三者,だいさんしゃ,wnja:10709131-n
第六感,だいろっかん,wnja:05707495-n
笹竜胆,ささりんどう,wnja:12293723-n
筆記帳,ひっきちょう,wnja:06415419-n
筆跡学,ひっせきがく,wnja:06248361-n
等圧線,とうあつせん,wnja:08589351-n
等方性,とうほうせい,wnja:04917439-n
等深線,とうしんせん,wnja:06801580-n
等高線,とうこうせん,wnja:06801580-n
筋交い,すじかい,wnja:13904164-n
筋繊維,きんせんい,wnja:05459232-n
筋肉痛,きんにくつう,wnja:14329040-n
筋違い,すじちがい,wnja:14361182-n
筋電図,きんでんず,wnja:07004422-n
筋電計,きんでんけい,wnja:03276839-n
答弁書,とうべんしょ,wnja:06746005-n
策略家,さくりゃくか,wnja:10661563-n
箝口令,かんこうれい,wnja:06557585-n
管制塔,かんせいとう,wnja:03098959-n
管楽器,かんがっき,wnja:04586932-n
管理人,かんりにん,wnja:09770949-n
管理者,かんりしゃ,wnja:10675721-n
管財人,かんざいにん,wnja:09770949-n
箱河豚,はこふぐ,wnja:02654425-n
箱詰め,はこづめ,wnja:00322228-n
箱馬車,はこばしゃ,wnja:02907194-n
節付け,ふしづけ,wnja:00939452-n
節約家,せつやくか,wnja:10522759-n
篤志家,とくしか,wnja:09608709-n
簡素化,かんそか,wnja:00192300-n
粉白粉,こなおしろい,wnja:03314780-n
粉砂糖,こなざとう,wnja:07595914-n
粉砕機,ふんさいき,wnja:03141702-n
粒より,つぶより,wnja:00161243-n
粒子線,りゅうしせん,wnja:11485907-n
粗利益,あらりえき,wnja:13260762-n
粘度計,ねんどけい,wnja:04538249-n
粘板岩,ねんばんがん,wnja:14700162-n
粘着力,ねんちゃくりょく,wnja:04935003-n
粘着性,ねんちゃくせい,wnja:04935003-n
精白米,せいはくまい,wnja:07804657-n
精神力,せいしんりょく,wnja:04862005-n
精神病,せいしんびょう,wnja:14380140-n
精神科,せいしんか,wnja:06055946-n
糊空木,のりうつぎ,wnja:12789054-n
糖尿病,とうにょうびょう,wnja:14117805-n
糸巻き,いとまき,wnja:04067472-n
糸球体,しきゅうたい,wnja:05247804-n
系統樹,けいとうじゅ,wnja:08102402-n
紅皮症,こうひしょう,wnja:14227218-n
紋白蝶,もんしろちょう,wnja:02280649-n
紋章学,もんしょうがく,wnja:03515338-n
納税者,のうぜいしゃ,wnja:10694163-n
納骨堂,のうこつどう,wnja:03009794-n
純利益,じゅんりえき,wnja:13258362-n
純文学,じゅんぶんがく,wnja:06366269-n
紙きれ,かみきれ,wnja:04240327-n
紙吹雪,かみふぶき,wnja:03090278-n
紙鉄砲,かみでっぽう,wnja:03983499-n
紛い物,まがいもの,wnja:03318438-n
素っ首,そっくび,wnja:05546540-n
素因数,そいんすう,wnja:13594136-n
素粒子,そりゅうし,wnja:09272085-n
紡錘体,ぼうすいたい,wnja:05605498-n
紫外線,しがいせん,wnja:11521940-n
紫陽花,あじさい,wnja:12788201-n
累進税,るいしんぜい,wnja:13314495-n
細工物,さいくもの,wnja:03485655-n
細胞壁,さいぼうへき,wnja:11530283-n
細胞学,さいぼうがく,wnja:06070503-n
細胞核,さいぼうかく,wnja:05434927-n
細胞死,さいぼうし,wnja:11486178-n
細胞膜,さいぼうまく,wnja:05312782-n
細胞質,さいぼうしつ,wnja:05432948-n
細菌学,さいきんがく,wnja:06046692-n
紳士録,しんしろく,wnja:06423619-n
終末論,しゅうまつろん,wnja:06183162-n
終止符,しゅうしふ,wnja:06843520-n
終盤戦,しゅうばんせん,wnja:07292118-n
終身刑,しゅうしんけい,wnja:15225076-n
組み手,くみて,wnja:10438042-n
組み紐,くみひも,wnja:02889035-n
組合せ,くみあわせ,wnja:00378985-n
組合員,くみあいいん,wnja:10720964-n
組織化,そしきか,wnja:01008378-n
組織図,そしきず,wnja:07001294-n
組織学,そしきがく,wnja:06077413-n
組織球,そしききゅう,wnja:05450617-n
組織網,そしきもう,wnja:08434259-n
絆創膏,ばんそうこう,wnja:02786058-n
経営者,けいえいしゃ,wnja:10378780-n
経済学,けいざいがく,wnja:06149484-n
経済家,けいざいか,wnja:10043643-n
経済性,けいざいせい,wnja:05644727-n
経緯儀,けいいぎ,wnja:04419073-n
経験論,けいけんろん,wnja:05970311-n
結び目,むすびめ,wnja:03627232-n
結付き,むすびつき,wnja:00031921-n
結合価,けつごうか,wnja:05034989-n
結婚式,けっこんしき,wnja:01036996-n
結晶化,けっしょうか,wnja:11410298-n
結晶学,けっしょうがく,wnja:06098876-n
結晶水,けっしょうすい,wnja:15094136-n
結核症,けっかくしょう,wnja:14143415-n
結核菌,けっかくきん,wnja:01377278-n
結膜炎,けつまくえん,wnja:14341432-n
絞首刑,こうしゅけい,wnja:01164874-n
絞首台,こうしゅだい,wnja:03412906-n
給料日,きゅうりょうび,wnja:15172782-n
給水栓,きゅうすいせん,wnja:03550916-n
給水池,きゅうすいち,wnja:04078747-n
給水車,きゅうすいしゃ,wnja:04563020-n
給油所,きゅうゆしょ,wnja:03425092-n
給湯器,きゅうとうき,wnja:04560113-n
統廃合,とうはいごう,wnja:01237415-n
統治権,とうちけん,wnja:13992935-n
統治者,とうちしゃ,wnja:10541229-n
統率力,とうそつりょく,wnja:05617310-n
統計学,とうけいがく,wnja:06018465-n
統語論,とうごろん,wnja:06176322-n
絵かき,えかき,wnja:09812338-n
絵図面,えずめん,wnja:03179318-n
絵文字,えもじ,wnja:06361218-n
絵空事,えそらごと,wnja:05632732-n
絵葉書,えはがき,wnja:06627938-n
絶対値,ぜったいち,wnja:13581465-n
絶縁体,ぜつえんたい,wnja:14821590-n
継承者,けいしょうしゃ,wnja:05696803-n
継電器,けいでんき,wnja:04072960-n
続き柄,つづきがら,wnja:00145218-n
綯交ぜ,ないまぜ,wnja:07374756-n
綱引き,つなひき,wnja:01167847-n
綱渡り,つなわたり,wnja:00324978-n
網焼き,あみやき,wnja:00246754-n
網膜炎,もうまくえん,wnja:14354960-n
網膜症,もうまくしょう,wnja:14257014-n
綴り字,つづりじ,wnja:06353445-n
綿織物,めんおりもの,wnja:03115180-n
綿菓子,わたがし,wnja:07605040-n
緊急時,きんきゅうじ,wnja:07417405-n
総崩れ,そうくずれ,wnja:07476623-n
総目録,そうもくろく,wnja:06416206-n
総締め,そうじめ,wnja:04353803-n
総胆管,そうたんかん,wnja:05386845-n
総選挙,そうせんきょ,wnja:00182435-n
緑内障,りょくないしょう,wnja:14255234-n
緑柱石,りょくちゅうせき,wnja:14668539-n
緑黄色,りょくおうしょく,wnja:04967094-n
線引き,せんびき,wnja:05748786-n
線条体,せんじょうたい,wnja:05499542-n
線量計,せんりょうけい,wnja:03225458-n
締切日,しめきりび,wnja:15180082-n
締括り,しめくくり,wnja:05789089-n
編み機,あみき,wnja:03625539-n
編み目,あみめ,wnja:04321238-n
編み針,あみばり,wnja:03625646-n
編年史,へんねんし,wnja:06514093-n
編曲者,へんきょくしゃ,wnja:09809925-n
編集人,へんしゅうにん,wnja:10044879-n
編集者,へんしゅうしゃ,wnja:10044879-n
編集部,へんしゅうぶ,wnja:08118414-n
緩衝国,かんしょうこく,wnja:08517327-n
緩衝液,かんしょうえき,wnja:14785941-n
練習曲,れんしゅうきょく,wnja:07048627-n
練習船,れんしゅうせん,wnja:04146862-n
縁切り,えんきり,wnja:00383606-n
縁定め,えんさだめ,wnja:01036996-n
縁結び,えんむすび,wnja:01036996-n
縁続き,えんつづき,wnja:13812607-n
縄梯子,なわばしご,wnja:04108908-n
縛り首,しばりくび,wnja:00225786-n
縞模様,しまもよう,wnja:02784732-n
縦揺れ,たてゆれ,wnja:00337210-n
縦結び,たてむすび,wnja:03453320-n
縮れ毛,ちぢれげ,wnja:05257737-n
繁華街,はんかがい,wnja:08539072-n
繊維素,せんいそ,wnja:14733941-n
繋がり,つながり,wnja:00031921-n
繰延べ,くりのべ,wnja:01066881-n
繰越し,くりこし,wnja:13409647-n
繰返し,くりかえし,wnja:01018630-n
缶切り,かんきり,wnja:02951585-n
罅割れ,ひびわれ,wnja:09258715-n
罪悪感,ざいあくかん,wnja:07506797-n
置き場,おきば,wnja:08621598-n
羅針盤,らしんばん,wnja:03080497-n
羊皮紙,ようひし,wnja:14759003-n
羊飼い,ひつじかい,wnja:10587605-n
美容師,びようし,wnja:09845999-n
美容院,びよういん,wnja:04131208-n
美術史,びじゅつし,wnja:06156015-n
美術品,びじゅつひん,wnja:04601690-n
美術家,びじゅつか,wnja:09812338-n
美術館,びじゅつかん,wnja:03412058-n
美食家,びしょくか,wnja:10061656-n
羞恥心,しゅうちしん,wnja:09184543-n
群がり,むらがり,wnja:07975026-n
義勇兵,ぎゆうへい,wnja:10759331-n
義捐金,ぎえんきん,wnja:13269890-n
羽子板,はごいた,wnja:00480885-n
羽振り,はぶり,wnja:13948136-n
羽根車,はねぐるま,wnja:03563460-n
羽目板,はめいた,wnja:03882611-n
習い事,ならいごと,wnja:00889472-n
翰林院,かんりんいん,wnja:02669885-n
翻車魚,まんぼう,wnja:02656670-n
老人学,ろうじんがく,wnja:06050650-n
老大家,ろうたいか,wnja:10375794-n
老年期,ろうねんき,wnja:15153787-n
老廃物,ろうはいぶつ,wnja:14856263-n
考え方,かんがえかた,wnja:06195839-n
考え物,かんがえもの,wnja:04028315-n
考古学,こうこがく,wnja:06144081-n
耐久性,たいきゅうせい,wnja:05053688-n
耕作者,こうさくしゃ,wnja:03146846-n
耳たぶ,みみたぶ,wnja:05323588-n
耳下腺,じかせん,wnja:05533212-n
耳擦り,みみこすり,wnja:06767922-n
耳鳴り,みみなり,wnja:14568359-n
聖歌隊,せいかたい,wnja:08188638-n
聖職者,せいしょくしゃ,wnja:08152787-n
聖誕祭,せいたんさい,wnja:15196186-n
聖餐式,せいさんしき,wnja:01035853-n
聞き役,ききやく,wnja:10165448-n
聞き方,ききかた,wnja:10165448-n
聞取り,ききとり,wnja:00882159-n
聴取者,ちょうしゅしゃ,wnja:10165448-n
聴診器,ちょうしんき,wnja:04317175-n
聴講生,ちょうこうせい,wnja:09823153-n
職業病,しょくぎょうびょう,wnja:14079493-n
肉切れ,にくぎれ,wnja:07653394-n
肉芽腫,にくがしゅ,wnja:14238639-n
肋軟骨,あばらなんこつ,wnja:05592302-n
肋間筋,ろっかんきん,wnja:05552287-n
肌付き,はだつき,wnja:04508949-n
肌触り,はだざわり,wnja:04946553-n
肖像画,しょうぞうが,wnja:03987079-n
肘掛け,ひじかけ,wnja:02741475-n
肘鉄砲,ひじでっぽう,wnja:00114298-n
肛門期,こうもんき,wnja:15145782-n
肝っ玉,きもったま,wnja:04620558-n
肝硬変,かんこうへん,wnja:14116482-n
股関節,こかんせつ,wnja:05596004-n
肩入れ,かたいれ,wnja:01207609-n
肩甲骨,けんこうこつ,wnja:02469248-n
育て親,そだておや,wnja:10106752-n
育種家,いくしゅか,wnja:09873899-n
肺動脈,はいどうみゃく,wnja:05353819-n
肺循環,はいじゅんかん,wnja:11439446-n
肺性心,はいせいしん,wnja:14367080-n
肺気腫,はいきしゅ,wnja:14147380-n
肺活量,はいかつりょう,wnja:13779570-n
肺結核,はいけっかく,wnja:14143415-n
肺静脈,はいじょうみゃく,wnja:05378234-n
胃の腑,いのふ,wnja:05395690-n
胃洗浄,いせんじょう,wnja:00696650-n
胃潰瘍,いかいよう,wnja:14212670-n
胃腸炎,いちょうえん,wnja:14172005-n
胆嚢炎,たんのうえん,wnja:14340822-n
胆汁酸,たんじゅうさん,wnja:15059552-n
胆石症,たんせきしょう,wnja:14115245-n
胆管炎,たんかんえん,wnja:14340734-n
背びれ,せびれ,wnja:02466400-n
背理法,はいりほう,wnja:05824985-n
胞子体,ほうしたい,wnja:11686912-n
胞子葉,ほうしよう,wnja:13091620-n
胴回り,どうまわり,wnja:05555688-n
胸やけ,むねやけ,wnja:14335223-n
胸三寸,むねさんずん,wnja:05919263-n
胸当て,むねあて,wnja:03015478-n
胸飾り,むねかざり,wnja:02906438-n
胸騒ぎ,むなさわぎ,wnja:04904851-n
能動態,のうどうたい,wnja:13803158-n
能楽堂,のうがくどう,wnja:04417809-n
脂肪肝,しぼうかん,wnja:14116672-n
脂肪腫,しぼうしゅ,wnja:14239322-n
脂肪酸,しぼうさん,wnja:14740227-n
脅かし,おどかし,wnja:01222477-n
脆弱性,ぜいじゃくせい,wnja:14543931-n
脇の下,わきのした,wnja:05549576-n
脈管学,みゃっかんがく,wnja:06046528-n
脈管系,みゃっかんけい,wnja:05511286-n
脈絡膜,みゃくらくまく,wnja:05313115-n
脊椎炎,せきついえん,wnja:14355901-n
脊髄炎,せきずいえん,wnja:14350206-n
脚本家,きゃくほんか,wnja:10030277-n
脱毛剤,だつもうざい,wnja:03177165-n
脱穀機,だっこくき,wnja:04428191-n
脱脂綿,だっしめん,wnja:14598251-n
脱衣場,だついじょう,wnja:03238131-n
脱衣所,だついじょ,wnja:03238131-n
脳出血,のうしゅっけつ,wnja:14082303-n
脳卒中,のうそっちゅう,wnja:14082303-n
脳外科,のうげか,wnja:00667246-n
脳梗塞,のうこうそく,wnja:14082303-n
脳波計,のうはけい,wnja:03275311-n
脳浮腫,のうふしゅ,wnja:14317064-n
脳溢血,のういっけつ,wnja:14082303-n
脳神経,のうしんけい,wnja:05476256-n
脳腫瘍,のうしゅよう,wnja:14236743-n
脳血栓,のうけっせん,wnja:14102347-n
腎不全,じんふぜん,wnja:14114555-n
腎盂炎,じんうえん,wnja:14173397-n
腐葉土,ふようど,wnja:14933911-n
腐食剤,ふしょくざい,wnja:02987047-n
腑抜け,ふぬけ,wnja:04860065-n
腓腹筋,ひふくきん,wnja:05574633-n
腕時計,うでどけい,wnja:04607869-n
腕比べ,うでくらべ,wnja:01168961-n
腕飾り,うでかざり,wnja:02739427-n
腫瘍学,しゅようがく,wnja:06054266-n
腰の物,こしのもの,wnja:04373894-n
腰抜け,こしぬけ,wnja:04860065-n
腰羽目,こしばめ,wnja:04544138-n
腸捻転,ちょうねんてん,wnja:14574014-n
腸間膜,ちょうかんまく,wnja:05429195-n
腹ぺこ,はらぺこ,wnja:14039534-n
腹一杯,はらいっぱい,wnja:05120000-n
腹下し,はらくだし,wnja:14371913-n
腹変り,はらがわり,wnja:10157271-n
腹積り,はらづもり,wnja:00163233-n
腹立ち,はらだち,wnja:07516354-n
腹腔鏡,ふくくうきょう,wnja:03642144-n
腹膜炎,ふくまくえん,wnja:14352687-n
腹話術,ふくわじゅつ,wnja:05636666-n
腹足類,ふくそくるい,wnja:01942177-n
膀胱炎,ぼうこうえん,wnja:14188702-n
膝蓋骨,しつがいこつ,wnja:05278395-n
膣痙攣,ちつけいれん,wnja:00370885-n
膨張剤,ぼうちょうざい,wnja:14934031-n
膵臓炎,すいぞうえん,wnja:14352334-n
膵臓癌,すいぞうがん,wnja:14251981-n
膿毒症,のうどくしょう,wnja:14190736-n
臆病者,おくびょうもの,wnja:09614047-n
臍帯血,さいたいけつ,wnja:05402472-n
臍曲り,へそまがり,wnja:09974496-n
臍繰り,へそくり,wnja:13359572-n
臨床医,りんしょうい,wnja:09929577-n
臨界角,りんかいかく,wnja:13891242-n
臨界量,りんかいりょう,wnja:05024797-n
自制心,じせいしん,wnja:04862005-n
自動化,じどうか,wnja:00102457-n
自動詞,じどうし,wnja:06331641-n
自動車,じどうしゃ,wnja:02958343-n
自叙伝,じじょでん,wnja:06516087-n
自在鉤,じざいかぎ,wnja:03992208-n
自堕落,じだらく,wnja:00746866-n
自尊心,じそんしん,wnja:04886881-n
自己愛,じこあい,wnja:04835260-n
自己満,じこまん,wnja:07531713-n
自意識,じいしき,wnja:05676911-n
自治体,じちたい,wnja:08225581-n
自然律,しぜんりつ,wnja:05870916-n
自然数,しぜんすう,wnja:13728367-n
自然林,しぜんりん,wnja:13240025-n
自然法,しぜんほう,wnja:05870916-n
自然界,しぜんかい,wnja:09366762-n
自然石,じねんせき,wnja:11821929-n
自由化,じゆうか,wnja:00355691-n
自由度,じゆうど,wnja:05858551-n
自由形,じゆうがた,wnja:07460651-n
自由民,じゆうみん,wnja:07947958-n
自由港,じゆうこう,wnja:08638033-n
自由詩,じゆうし,wnja:06380373-n
自発性,じはつせい,wnja:04786763-n
自白剤,じはくざい,wnja:04492856-n
自警団,じけいだん,wnja:08326114-n
自負心,じふしん,wnja:04886881-n
自販機,じはんき,wnja:04525305-n
自閉症,じへいしょう,wnja:05896998-n
臭化物,しゅうかぶつ,wnja:14785625-n
臭素酸,しゅうそさん,wnja:14785524-n
致し方,いたしかた,wnja:00172710-n
致死量,ちしりょう,wnja:03657825-n
興信所,こうしんじょ,wnja:08354243-n
興醒し,きょうざまし,wnja:10638136-n
舎利別,しゃりべつ,wnja:07859583-n
舞台裏,ぶたいうら,wnja:04592962-n
舞踏会,ぶとうかい,wnja:07448717-n
舞踏病,ぶとうびょう,wnja:14094881-n
航海図,こうかいず,wnja:03009920-n
航海士,こうかいし,wnja:10300041-n
航空便,こうくうびん,wnja:06264812-n
航空券,こうくうけん,wnja:06519253-n
航空機,こうくうき,wnja:02686568-n
航空路,こうくうろ,wnja:08492546-n
船乗り,ふなのり,wnja:10294602-n
船大工,ふなだいく,wnja:08073992-n
船繋り,ふながかり,wnja:02709367-n
船遊び,ふなあそび,wnja:00315390-n
船酔い,ふなよい,wnja:14203942-n
船首楼,せんしゅろう,wnja:03382104-n
色づけ,いろづけ,wnja:05193338-n
色分け,いろわけ,wnja:01012712-n
色収差,いろしゅうさ,wnja:04976489-n
色好み,いろごのみ,wnja:07488875-n
色差し,いろさし,wnja:04959230-n
色消し,いろけし,wnja:04958634-n
色狂い,いろぐるい,wnja:10552980-n
色素体,しきそたい,wnja:12962622-n
艶出し,つやだし,wnja:10341955-n
艶消し,つやけし,wnja:14311709-n
艶福家,えんぷくか,wnja:10575089-n
芥子油,からしゆ,wnja:11878520-n
芥子泥,からしでい,wnja:03802800-n
花びら,はなびら,wnja:11690455-n
花作り,はなづくり,wnja:00921399-n
花屋敷,はなやしき,wnja:03368637-n
花崗岩,かこうがん,wnja:14890286-n
花柳界,かりゅうかい,wnja:08244895-n
花水木,はなみずき,wnja:12947313-n
花盛り,はなざかり,wnja:07417043-n
花立て,はなたて,wnja:04522168-n
花粉症,かふんしょう,wnja:14534199-n
花粉管,かふんかん,wnja:11680596-n
花菖蒲,はなあやめ,wnja:12411922-n
花被片,かひへん,wnja:11551044-n
芸能人,げいのうじん,wnja:09616922-n
芸術品,げいじゅつひん,wnja:04601690-n
芸術家,げいじゅつか,wnja:09812338-n
芽出し,めだし,wnja:07290905-n
苛だち,いらだち,wnja:14406573-n
若い衆,わかいしゅ,wnja:07944050-n
若年者,じゃくねんしゃ,wnja:10804287-n
若盛り,わかざかり,wnja:15151641-n
若返り,わかがえり,wnja:00401639-n
苦しみ,くるしみ,wnja:07494363-n
苦灰石,くかいせき,wnja:14673747-n
英国人,えいこくじん,wnja:09732544-n
茶くみ,ちゃくみ,wnja:04397860-n
茶の子,ちゃのこ,wnja:07577374-n
茶の湯,ちゃのゆ,wnja:01027231-n
茶の間,ちゃのま,wnja:03679712-n
草の根,くさのね,wnja:07947789-n
草わけ,くさわけ,wnja:10434725-n
草木瓜,くさぼけ,wnja:12624721-n
草鞋虫,わらじむし,wnja:01991028-n
荒くれ,あらくれ,wnja:04817564-n
荒れ野,あれの,wnja:08683548-n
荒法師,あらほうし,wnja:10076307-n
荷下し,におろし,wnja:00714173-n
荷作り,にづくり,wnja:00322228-n
荷抜き,にぬき,wnja:00781355-n
荷拵え,にごしらえ,wnja:00322228-n
荷持ち,にもち,wnja:08057633-n
荷揚げ,にあげ,wnja:00052500-n
荷物車,にもつしゃ,wnja:02775039-n
荷送り,におくり,wnja:00061290-n
莫大小,めりやす,wnja:03540267-n
菌血症,きんけつしょう,wnja:14110219-n
菓子屋,かしや,wnja:03089624-n
菜種油,なたねあぶら,wnja:07674001-n
菩提樹,ぼだいじゅ,wnja:12402596-n
華鬘草,けまんそう,wnja:11910271-n
萎縮病,いしゅくびょう,wnja:14144064-n
落し穴,おとしあな,wnja:03949663-n
落し紙,おとしがみ,wnja:15075298-n
落ち人,おちびと,wnja:10115082-n
落下傘,らっかさん,wnja:03888257-n
落伍者,らくごしゃ,wnja:10273064-n
落着き,おちつき,wnja:04903813-n
落花生,らっかせい,wnja:07737745-n
落葉松,からまつ,wnja:11618861-n
落語家,らくごか,wnja:09793352-n
落込み,おちこみ,wnja:13457378-n
葉っぱ,はっぱ,wnja:13152742-n
葉状体,ようじょうたい,wnja:11532017-n
葉緑体,ようりょくたい,wnja:12962992-n
葉緑素,ようりょくそ,wnja:01398212-n
葉飾り,はかざり,wnja:03377077-n
著作家,ちょさくか,wnja:10794014-n
著作権,ちょさくけん,wnja:06473168-n
著作物,ちょさくぶつ,wnja:06364329-n
著作者,ちょさくしゃ,wnja:10794014-n
著述家,ちょじゅつか,wnja:10794014-n
葡萄糖,ぶどうとう,wnja:14884336-n
葡萄酒,ぶどうしゅ,wnja:07891726-n
葬儀屋,そうぎや,wnja:10331841-n
蒸気圧,じょうきあつ,wnja:11523031-n
蒸気船,じょうきせん,wnja:04309348-n
蒸留器,じょうりゅうき,wnja:04318982-n
蒸留水,じょうりゅうすい,wnja:14837258-n
蒸留酒,じょうりゅうしゅ,wnja:07901587-n
蒸発計,じょうはつけい,wnja:02752917-n
蒸風呂,むしぶろ,wnja:04308583-n
蓄膿症,ちくのうしょう,wnja:14172873-n
蓄電池,ちくでんち,wnja:02810471-n
蓄音機,ちくおんき,wnja:04064401-n
蓋然性,がいぜんせい,wnja:04756172-n
蓋然率,がいぜんりつ,wnja:04756172-n
蓖麻子,ひまし,wnja:11689678-n
蔵書票,ぞうしょひょう,wnja:07272416-n
薄ばか,うすばか,wnja:10013114-n
薄力粉,はくりきこ,wnja:07569543-n
薄荷油,はっかゆ,wnja:07812497-n
薄葉紙,うすようし,wnja:15074962-n
薦垂れ,こもだれ,wnja:03547054-n
薦被り,こもかぶり,wnja:02795169-n
薩摩芋,さつまいも,wnja:07712063-n
薪割り,まきわり,wnja:03498962-n
薬剤学,やくざいがく,wnja:06055300-n
薬剤師,やくざいし,wnja:10421470-n
薬局方,やっきょくほう,wnja:06411883-n
薬物学,やくぶつがく,wnja:06054892-n
薬理学,やくりがく,wnja:06054892-n
藍晶石,らんしょうせき,wnja:14679584-n
藤四郎,とうしろう,wnja:09786585-n
藻菌類,そうきんるい,wnja:12976672-n
虎の子,とらのこ,wnja:08463969-n
虚栄心,きょえいしん,wnja:04887129-n
虫下し,むしくだし,wnja:04528630-n
虫垂炎,ちゅうすいえん,wnja:14258512-n
虫眼鏡,むしめがね,wnja:03484931-n
虫除け,むしよけ,wnja:03788703-n
蚤の市,のみのいち,wnja:08571898-n
蛇の目,じゃのめ,wnja:04507155-n
蛇使い,へびつかい,wnja:10615584-n
蛇蜻蛉,へびとんぼ,wnja:02266050-n
蛋白尿,たんぱくにょう,wnja:14265958-n
蛋白質,たんぱくしつ,wnja:14728724-n
蛍光灯,けいこうとう,wnja:03370387-n
蜂の巣,はちのす,wnja:09218159-n
蜃気楼,しんきろう,wnja:11484375-n
蜥蜴座,とかげざ,wnja:01693020-n
蝙蝠傘,こうもりがさ,wnja:04507155-n
蝶形骨,ちょうけいこつ,wnja:05280998-n
融解熱,ゆうかいねつ,wnja:11471578-n
融通性,ゆうずうせい,wnja:04659287-n
蟻走感,ぎそうかん,wnja:14325006-n
血の気,ちのけ,wnja:04836683-n
血友病,けつゆうびょう,wnja:14170337-n
血圧計,けつあつけい,wnja:04274985-n
血小板,けっしょうばん,wnja:15023959-n
血栓症,けっせんしょう,wnja:14102075-n
血止め,ちどめ,wnja:02750835-n
血液型,けつえきがた,wnja:00152990-n
血液学,けつえきがく,wnja:06051134-n
血清学,けっせいがく,wnja:06063072-n
血管腫,けっかんしゅ,wnja:14235928-n
行き方,ゆきがた,wnja:01023820-n
行く先,ゆくさき,wnja:08567877-n
行列式,ぎょうれつしき,wnja:08269396-n
行商人,ぎょうしょうにん,wnja:10411551-n
行政官,ぎょうせいかん,wnja:09770472-n
行政府,ぎょうせいふ,wnja:08050678-n
行政法,ぎょうせいほう,wnja:08453108-n
行楽地,こうらくち,wnja:08640739-n
行詰り,いきづまり,wnja:14015361-n
行進曲,こうしんきょく,wnja:07058296-n
衒学者,げんがくしゃ,wnja:10411356-n
衛生士,えいせいし,wnja:10194969-n
衛生学,えいせいがく,wnja:06051380-n
衝撃波,しょうげきは,wnja:07347846-n
表座敷,おもてざしき,wnja:03235042-n
表彰状,ひょうしょうじょう,wnja:06706125-n
表決権,ひょうけつけん,wnja:05188367-n
表現型,ひょうげんがた,wnja:04933852-n
表記法,ひょうきほう,wnja:00898518-n
袁彦道,えんげんどう,wnja:00430140-n
袋小路,ふくろこうじ,wnja:00038573-n
袖乞い,そでごい,wnja:09847010-n
被り物,かぶりもの,wnja:03502509-n
被り笠,かぶりがさ,wnja:03497657-n
被乗数,ひじょうすう,wnja:13733979-n
被傭者,ひようしゃ,wnja:10053808-n
被加数,ひかすう,wnja:13728924-n
被告人,ひこくにん,wnja:09762101-n
被害者,ひがいしゃ,wnja:09899671-n
被検者,ひけんしゃ,wnja:10668666-n
被治者,ひちしゃ,wnja:08161258-n
被減数,ひげんすう,wnja:13729031-n
被災者,ひさいしゃ,wnja:10752093-n
被疑者,ひぎしゃ,wnja:09762101-n
被除数,ひじょすう,wnja:13273836-n
被食者,ひしょくしゃ,wnja:02152881-n
裁判員,さいばんいん,wnja:10228278-n
裁判官,さいばんかん,wnja:08166187-n
裁判権,さいばんけん,wnja:05197945-n
装甲車,そうこうしゃ,wnja:02739889-n
装身具,そうしんぐ,wnja:02671780-n
装飾品,そうしょくひん,wnja:03169390-n
装飾性,そうしょくせい,wnja:04700327-n
装飾音,そうしょくおん,wnja:06871983-n
裏づけ,うらづけ,wnja:00153961-n
裏打ち,うらうち,wnja:00827379-n
裏書人,うらがきにん,wnja:10057271-n
補佐人,ほさにん,wnja:09774266-n
補佐官,ほさかん,wnja:09770179-n
補佐役,ほさやく,wnja:09815790-n
補助者,ほじょしゃ,wnja:09780249-n
補助費,ほじょひ,wnja:13267014-n
補助金,ほじょきん,wnja:13266892-n
補聴器,ほちょうき,wnja:03506727-n
補酵素,ほこうそ,wnja:14800277-n
製作者,せいさくしゃ,wnja:10284064-n
製作費,せいさくひ,wnja:13302775-n
製図板,せいずばん,wnja:03231024-n
製氷機,せいひょうき,wnja:03557590-n
製造元,せいぞうもと,wnja:08060446-n
製造所,せいぞうしょ,wnja:03316406-n
製造者,せいぞうしゃ,wnja:08060446-n
製鋼所,せいこうしょ,wnja:04311595-n
裾除け,すそよけ,wnja:03920737-n
複写機,ふくしゃき,wnja:03257586-n
複合体,ふくごうたい,wnja:05870180-n
複名数,ふくめいすう,wnja:13597147-n
複屈折,ふくくっせつ,wnja:11503482-n
複数形,ふくすうけい,wnja:06295235-n
複素数,ふくそすう,wnja:13729428-n
複葉機,ふくようき,wnja:02842573-n
複製品,ふくせいひん,wnja:03104594-n
複製権,ふくせいけん,wnja:06473168-n
複雑化,ふくざつか,wnja:01076359-n
複雑性,ふくざつせい,wnja:04766275-n
褌担ぎ,ふんどしかつぎ,wnja:10669991-n
褐鉄鉱,かってっこう,wnja:14937801-n
襤褸切,ぼろきれ,wnja:04150668-n
西半球,にしはんきゅう,wnja:08682389-n
西洋化,せいようか,wnja:13574582-n
西洋梨,せいようなし,wnja:07767847-n
西部劇,せいぶげき,wnja:06616035-n
覆い布,おおいぬの,wnja:03151077-n
見かけ,みかけ,wnja:04673965-n
見せ場,みせば,wnja:06373747-n
見せ所,みせどころ,wnja:13810141-n
見せ物,みせもの,wnja:00520257-n
見た目,みため,wnja:00755277-n
見付き,みつき,wnja:04674715-n
見分け,みわけ,wnja:05748054-n
見切り,みきり,wnja:00204439-n
見巧者,みごうしゃ,wnja:09802445-n
見映え,みばえ,wnja:00755277-n
見本市,みほんいち,wnja:08407619-n
見殺し,みごろし,wnja:00205543-n
見渡し,みわたし,wnja:05933246-n
見物人,けんぶつにん,wnja:10633450-n
見知り,みしり,wnja:09763784-n
見聞き,みきき,wnja:05984584-n
見越し,みこし,wnja:04893172-n
見返し,みかえし,wnja:06256494-n
規格化,きかくか,wnja:01158690-n
視神経,ししんけい,wnja:05478336-n
視細胞,しさいぼう,wnja:05455912-n
視聴者,しちょうしゃ,wnja:08222750-n
視聴覚,しちょうかく,wnja:02757927-n
視覚野,しかくや,wnja:05490204-n
視話法,しわほう,wnja:04538759-n
覗き見,のぞきみ,wnja:10761326-n
覚醒剤,かくせいざい,wnja:02704153-n
親しみ,したしみ,wnja:07530124-n
親切気,しんせつぎ,wnja:07553590-n
親和力,しんわりょく,wnja:11422822-n
親和性,しんわせい,wnja:11426778-n
親文字,おやもじ,wnja:06824227-n
親殺し,おやごろし,wnja:00221596-n
親近感,しんきんかん,wnja:04688648-n
観世音,かんぜおん,wnja:09534187-n
観光地,かんこうち,wnja:08640739-n
観光客,かんこうきゃく,wnja:10718131-n
観念論,かんねんろん,wnja:05972103-n
観覧者,かんらんしゃ,wnja:10633450-n
角化症,かくかしょう,wnja:14227906-n
角砂糖,かくざとう,wnja:07595368-n
角膜炎,かくまくえん,wnja:14348300-n
角質層,かくしつそう,wnja:05243077-n
角距離,かくきょり,wnja:13888491-n
角速度,かくそくど,wnja:11469265-n
角閃岩,かくせんがん,wnja:14666369-n
角閃石,かくせんせき,wnja:14665767-n
解体屋,かいたいや,wnja:10792856-n
解像力,かいぞうりょく,wnja:11505769-n
解像度,かいぞうど,wnja:11505769-n
解剖学,かいぼうがく,wnja:00646187-n
解析学,かいせきがく,wnja:06014043-n
解毒剤,げどくざい,wnja:02719588-n
解毒薬,げどくやく,wnja:02719588-n
解決法,かいけつほう,wnja:05661668-n
解決策,かいけつさく,wnja:05661668-n
解熱剤,げねつざい,wnja:02723595-n
解説書,かいせつしょ,wnja:06421685-n
解説者,かいせつしゃ,wnja:09942431-n
解釈学,かいしゃくがく,wnja:06183398-n
触合い,ふれあい,wnja:00854538-n
言い方,いいかた,wnja:06282651-n
言の葉,ことのは,wnja:06282651-n
言伝え,いいつたえ,wnja:06371413-n
言回し,いいまわし,wnja:07081739-n
言渡し,いいわたし,wnja:06727616-n
言語学,げんごがく,wnja:06171040-n
言開き,いいひらき,wnja:06740644-n
計らい,はからい,wnja:00939628-n
計数管,けいすうかん,wnja:03118346-n
計算器,けいさんき,wnja:02938886-n
計算尺,けいさんじゃく,wnja:04238763-n
計算書,けいさんしょ,wnja:06516595-n
計量器,けいりょうき,wnja:04141975-n
討論会,とうろんかい,wnja:07140978-n
託児所,たくじしょ,wnja:03129636-n
記号学,きごうがく,wnja:05998893-n
記号論,きごうろん,wnja:05976257-n
記念品,きねんひん,wnja:05813822-n
記念日,きねんび,wnja:15183428-n
記憶力,きおくりょく,wnja:05651399-n
記数法,きすうほう,wnja:06809074-n
記者団,きしゃだん,wnja:08403435-n
訪問者,ほうもんしゃ,wnja:10757193-n
設立者,せつりつしゃ,wnja:10107303-n
設計図,せっけいず,wnja:02856109-n
許可書,きょかしょ,wnja:06549661-n
許可証,きょかしょう,wnja:06549661-n
訳知り,わけしり,wnja:10625285-n
診断学,しんだんがく,wnja:06053280-n
診療所,しんりょうじょ,wnja:08054076-n
証拠金,しょうこきん,wnja:13349834-n
証明書,しょうめいしょ,wnja:06471345-n
詐欺師,さぎし,wnja:09954879-n
評価者,ひょうかしゃ,wnja:09802050-n
評論家,ひょうろんか,wnja:09979321-n
評議会,ひょうぎかい,wnja:08309409-n
評議員,ひょうぎいん,wnja:00591111-n
詞華集,しかしゅう,wnja:06592699-n
試着室,しちゃくしつ,wnja:03238131-n
試金石,しきんせき,wnja:07260623-n
試験台,しけんだい,wnja:10668666-n
試験場,しけんじょう,wnja:03629986-n
試験官,しけんかん,wnja:10068234-n
試験紙,しけんし,wnja:04415460-n
話し手,はなして,wnja:10630188-n
話し方,はなしかた,wnja:07067591-n
話合い,はなしあい,wnja:07138085-n
話言葉,はなしことば,wnja:07109196-n
認め印,みとめいん,wnja:04218142-n
認可状,にんかじょう,wnja:06471345-n
認定証,にんていしょう,wnja:06471345-n
認識論,にんしきろん,wnja:06166748-n
誕生日,たんじょうび,wnja:15250178-n
誘い水,さそいみず,wnja:00270403-n
誘導弾,ゆうどうだん,wnja:03466162-n
誘導路,ゆうどうろ,wnja:04396466-n
誘拐犯,ゆうかいはん,wnja:10230801-n
誘電体,ゆうでんたい,wnja:14821590-n
語らい,かたらい,wnja:07135734-n
語り種,かたりぐさ,wnja:06514093-n
語形論,ごけいろん,wnja:06177729-n
語源学,ごげんがく,wnja:06168855-n
語用論,ごようろん,wnja:06179492-n
説得力,せっとくりょく,wnja:05191832-n
説教師,せっきょうし,wnja:10464178-n
説教者,せっきょうしゃ,wnja:10464178-n
説明文,せつめいぶん,wnja:06346891-n
説明書,せつめいしょ,wnja:06421685-n
読み手,よみて,wnja:06415061-n
読唇術,どくしんじゅつ,wnja:00882554-n
読書家,どくしょか,wnja:10508710-n
調味料,ちょうみりょう,wnja:07678729-n
調度品,ちょうどひん,wnja:03405725-n
調教師,ちょうきょうし,wnja:10722575-n
調査員,ちょうさいん,wnja:09904057-n
調査官,ちょうさかん,wnja:10067968-n
調査票,ちょうさひょう,wnja:06474122-n
調理場,ちょうりば,wnja:03619890-n
調理師,ちょうりし,wnja:09963320-n
調速機,ちょうそくき,wnja:03450018-n
請求書,せいきゅうしょ,wnja:06516955-n
請求者,せいきゅうしゃ,wnja:09925592-n
請負人,うけおいにん,wnja:09960688-n
請負師,うけおいし,wnja:09960688-n
請願書,せいがんしょ,wnja:06513366-n
請願者,せいがんしゃ,wnja:10420031-n
論理学,ろんりがく,wnja:06163751-n
論説文,ろんせつぶん,wnja:06268096-n
諜報員,ちょうほういん,wnja:10063919-n
講談師,こうだんし,wnja:09793352-n
講釈師,こうしゃくし,wnja:09793352-n
警報器,けいほうき,wnja:02694426-n
警察官,けいさつかん,wnja:10448983-n
警察犬,けいさつけん,wnja:02088466-n
警察署,けいさつしょ,wnja:03977678-n
警戒心,けいかいしん,wnja:04664413-n
警戒色,けいかいしょく,wnja:04979002-n
譬え話,たとえばなし,wnja:06372095-n
議事堂,ぎじどう,wnja:02956500-n
議事録,ぎじろく,wnja:06508112-n
議決権,ぎけつけん,wnja:05186306-n
議院法,ぎいんほう,wnja:06652878-n
譲渡人,ゆずりわたしにん,wnja:10724999-n
護民官,ごみんかん,wnja:00605349-n
護送車,ごそうしゃ,wnja:03977966-n
讃美歌,さんびか,wnja:07035870-n
谷あい,たにあい,wnja:09242389-n
豆電球,まめでんきゅう,wnja:03318294-n
象海豹,ぞうあざらし,wnja:02080415-n
象牙色,ぞうげいろ,wnja:04961331-n
象牙質,ぞうげしつ,wnja:05274446-n
象皮病,ぞうひびょう,wnja:14367341-n
豪華版,ごうかばん,wnja:05146471-n
貝殻骨,かいがらぼね,wnja:05279688-n
負い革,おいかわ,wnja:02786611-n
負け犬,まけいぬ,wnja:10272782-n
負触媒,ふしょくばい,wnja:14725024-n
負電気,ふでんき,wnja:11436019-n
財政学,ざいせいがく,wnja:06150633-n
財政家,ざいせいか,wnja:10090020-n
財産権,ざいさんけん,wnja:13241057-n
財産税,ざいさんぜい,wnja:13312329-n
財界人,ざいかいじん,wnja:09840217-n
貧乏人,びんぼうにん,wnja:10453357-n
貧困線,ひんこんせん,wnja:13293246-n
貧毛類,ひんもうるい,wnja:01935012-n
貨幣石,かへいせき,wnja:01393753-n
貨物船,かもつせん,wnja:02878222-n
販売店,はんばいてん,wnja:04202417-n
販売機,はんばいき,wnja:04525305-n
貫の木,かんのき,wnja:02865931-n
責任感,せきにんかん,wnja:05677850-n
貯水池,ちょすいち,wnja:04078574-n
貯蔵品,ちょぞうひん,wnja:13367070-n
貰い物,もらいもの,wnja:06329734-n
貴婦人,きふじん,wnja:09989290-n
貴重品,きちょうひん,wnja:08463969-n
貴金属,ききんぞく,wnja:13371489-n
買い方,かいかた,wnja:09885145-n
買い薬,かいぐすり,wnja:03898936-n
買掛金,かいかけきん,wnja:13397174-n
買物袋,かいものぶくろ,wnja:04122825-n
貸し賃,かしちん,wnja:13295657-n
貸付料,かしつけりょう,wnja:13295657-n
貸付金,かしつけきん,wnja:13398953-n
貿易風,ぼうえきふう,wnja:11519949-n
賃上げ,ちんあげ,wnja:05110185-n
賃下げ,ちんさげ,wnja:00352683-n
賃借人,ちんしゃくにん,wnja:10252075-n
賃貸し,ちんがし,wnja:06523132-n
賃貸人,ちんたいにん,wnja:10255096-n
賃貸借,ちんたいしゃく,wnja:06523132-n
賃貸料,ちんたいりょう,wnja:13295657-n
賃貸権,ちんたいけん,wnja:06523132-n
資本家,しほんか,wnja:09609232-n
資本論,しほんろん,wnja:07282929-n
資本金,しほんきん,wnja:13333237-n
資産家,しさんか,wnja:10292052-n
賑わい,にぎわい,wnja:14474052-n
賜り物,たまわりもの,wnja:13265011-n
賦払い,ぶばらい,wnja:13296593-n
質入れ,しちいれ,wnja:13350702-n
質問者,しつもんしゃ,wnja:10208287-n
質問表,しつもんひょう,wnja:06474122-n
質権者,しちけんしゃ,wnja:06915927-n
質量数,しつりょうすう,wnja:13715614-n
賭け金,かけきん,wnja:13343526-n
賭博師,とばくし,wnja:10118844-n
購入者,こうにゅうしゃ,wnja:09885145-n
購買部,こうばいぶ,wnja:08119397-n
贈収賄,ぞうしゅうわい,wnja:00159396-n
贈答品,ぞうとうひん,wnja:13268842-n
赤なす,あかなす,wnja:07734017-n
赤信号,あかしんごう,wnja:06874497-n
赤塗り,あかぬり,wnja:10753779-n
赤外線,せきがいせん,wnja:11469481-n
赤新聞,あかしんぶん,wnja:06263020-n
赤珊瑚,あかさんご,wnja:14823036-n
赤血球,せっけっきゅう,wnja:05454070-n
赤褐色,せきかっしょく,wnja:04973386-n
赤鉄鉱,せきてっこう,wnja:14905720-n
赤頭巾,あかずきん,wnja:10267719-n
走化性,そうかせい,wnja:00862859-n
起訴状,きそじょう,wnja:07235335-n
起重機,きじゅうき,wnja:03126707-n
起電力,きでんりょく,wnja:11523538-n
超伝導,ちょうでんどう,wnja:11409892-n
超党派,ちょうとうは,wnja:10361390-n
超新星,ちょうしんせい,wnja:09451237-n
超短波,ちょうたんぱ,wnja:05057695-n
超自我,ちょうじが,wnja:05613625-n
超自然,ちょうしぜん,wnja:04789406-n
超越数,ちょうえつすう,wnja:13730756-n
超音波,ちょうおんぱ,wnja:00901789-n
足し前,たしまえ,wnja:05109511-n
足し算,たしざん,wnja:00872107-n
足つき,あしつき,wnja:00285557-n
足回り,あしまわり,wnja:04507453-n
足掛り,あしがかり,wnja:05794057-n
足根骨,そっこんこつ,wnja:05281874-n
足止め,あしどめ,wnja:01146576-n
足萎え,あしなえ,wnja:09978889-n
踊り手,おどりて,wnja:09989502-n
踏み車,ふみぐるま,wnja:04477219-n
蹄葉炎,ていようえん,wnja:14348895-n
蹴合い,けあい,wnja:00452152-n
躁鬱病,そううつびょう,wnja:14392639-n
躊躇い,ためらい,wnja:05699434-n
身の丈,みのたけ,wnja:05002352-n
身の上,みのうえ,wnja:13925752-n
身の代,みのしろ,wnja:13284048-n
身ぶり,みぶり,wnja:00334509-n
身より,みより,wnja:10235549-n
身代り,みがわり,wnja:00130846-n
身代金,みのしろきん,wnja:13284048-n
身構え,みがまえ,wnja:05002822-n
身震い,みぶるい,wnja:00345926-n
車いす,くるまいす,wnja:04576002-n
車内灯,しゃないとう,wnja:04107743-n
車回し,くるままわし,wnja:03399852-n
車酔い,くるまよい,wnja:14203813-n
軍事力,ぐんじりょく,wnja:05203649-n
軍事化,ぐんじか,wnja:01156438-n
軍楽隊,ぐんがくたい,wnja:08249459-n
軍資金,ぐんしきん,wnja:13360254-n
軍需品,ぐんじゅひん,wnja:03799610-n
軟化症,なんかしょう,wnja:14208065-n
軟口蓋,なんこうがい,wnja:05309392-n
軟膏剤,なんこうざい,wnja:03128519-n
転写紙,てんしゃし,wnja:15077752-n
転化糖,てんかとう,wnja:14921777-n
転轍機,てんてつき,wnja:04372756-n
軽気球,けいききゅう,wnja:02782093-n
軽犯罪,けいはんざい,wnja:00770270-n
輪っか,わっか,wnja:13875392-n
輪タク,りんたく,wnja:03904433-n
輪投げ,わなげ,wnja:00467320-n
輸入品,ゆにゅうひん,wnja:03564667-n
輿入れ,こしいれ,wnja:01036996-n
辞職願,じしょくねがい,wnja:06511560-n
農奴制,のうどせい,wnja:13998263-n
農業家,のうぎょうか,wnja:10078806-n
辺縁系,へんえんけい,wnja:05498773-n
辻強盗,つじごうとう,wnja:10175507-n
迎え角,むかえかく,wnja:13891082-n
迎え酒,むかえざけ,wnja:07912726-n
近づき,ちかづき,wnja:09763784-n
近代人,きんだいじん,wnja:10326551-n
近代化,きんだいか,wnja:00264913-n
近似値,きんじち,wnja:06783442-n
近地点,きんちてん,wnja:08618669-n
近日点,きんじつてん,wnja:08618831-n
近点年,きんてんねん,wnja:15201822-n
近点月,きんてんげつ,wnja:15208036-n
返り事,かえりごと,wnja:06746005-n
返り忠,かえりちゅう,wnja:00749767-n
返咲き,かえりざき,wnja:01047338-n
迫撃砲,はくげきほう,wnja:03786715-n
追い手,おいて,wnja:10494935-n
追い風,おいかぜ,wnja:11443409-n
追っ手,おって,wnja:10494935-n
追体験,ついたいけん,wnja:05810768-n
追出し,おいだし,wnja:00206927-n
追悼式,ついとうしき,wnja:07451463-n
追而書,おってがき,wnja:06764623-n
追落し,おいおとし,wnja:10175507-n
追跡者,ついせきしゃ,wnja:10494935-n
送り手,おくりて,wnja:10578762-n
送信機,そうしんき,wnja:04472726-n
送風機,そうふうき,wnja:03271574-n
逃げ口,にげぐち,wnja:03303965-n
逃げ場,にげば,wnja:04071102-n
逃げ足,にげあし,wnja:00046177-n
逃げ道,にげみち,wnja:00173283-n
逃げ馬,にげうま,wnja:10113753-n
逃亡者,とうぼうしゃ,wnja:10114897-n
逆さま,さかさま,wnja:13858604-n
逆剥け,さかむけ,wnja:05584746-n
逆回転,ぎゃくかいてん,wnja:07442439-n
逆戻り,ぎゃくもどり,wnja:00068333-n
逆断層,ぎゃくだんそう,wnja:09457507-n
逆立ち,さかだち,wnja:00436187-n
逆茂木,さかもぎ,wnja:02666735-n
逆関数,ぎゃくかんすう,wnja:13784537-n
透明帯,とうめいたい,wnja:05608615-n
透明性,とうめいせい,wnja:11520619-n
透過率,とうかりつ,wnja:13589003-n
途切れ,とぎれ,wnja:00383952-n
途絶え,とだえ,wnja:01062817-n
通い路,かよいじ,wnja:03895293-n
通り路,とおりみち,wnja:03895293-n
通り雨,とおりあめ,wnja:11502497-n
通信員,つうしんいん,wnja:09966710-n
通信社,つうしんしゃ,wnja:08355075-n
通信路,つうしんろ,wnja:06259898-n
通用口,つうようぐち,wnja:04175669-n
通用門,つうようもん,wnja:04175669-n
通行人,つうこうにん,wnja:10404672-n
通行料,つうこうりょう,wnja:13323749-n
通訳者,つうやくしゃ,wnja:10212501-n
速度計,そくどけい,wnja:04273796-n
速記者,そっきしゃ,wnja:10654015-n
造影剤,ぞうえいざい,wnja:14899687-n
造船業,ぞうせんぎょう,wnja:08074109-n
連なり,つらなり,wnja:05044822-n
連れ子,つれこ,wnja:10654461-n
連合野,れんごうや,wnja:05487224-n
連絡船,れんらくせん,wnja:03329663-n
連鎖店,れんさてん,wnja:03001115-n
逮捕歴,たいほれき,wnja:06490173-n
逮捕状,たいほじょう,wnja:06547615-n
週刊誌,しゅうかんし,wnja:03704210-n
進め方,すすめかた,wnja:00577068-n
進化論,しんかろん,wnja:06109227-n
進行係,しんこうがかり,wnja:10299250-n
進行波,しんこうは,wnja:07347051-n
進退伺,しんたいうかがい,wnja:06511560-n
遊び事,あそびごと,wnja:00426928-n
遊び人,あそびにん,wnja:10118844-n
遊び場,あそびば,wnja:03963645-n
遊び敵,あそびがたき,wnja:10441037-n
遊園地,ゆうえんち,wnja:08494231-n
遊女屋,ゆうじょや,wnja:04581595-n
遊撃手,ゆうげきしゅ,wnja:10592986-n
遊歩道,ゆうほどう,wnja:00284101-n
遊覧船,ゆうらんせん,wnja:02932891-n
遊離基,ゆうりき,wnja:14874196-n
運動会,うんどうかい,wnja:07467846-n
運動員,うんどういん,wnja:09889691-n
運動場,うんどうじょう,wnja:08570758-n
運動学,うんどうがく,wnja:06113777-n
運動家,うんどうか,wnja:10315837-n
運動野,うんどうや,wnja:05489640-n
運動量,うんどうりょう,wnja:05029137-n
運命論,うんめいろん,wnja:05971394-n
運営費,うんえいひ,wnja:13421832-n
運搬船,うんぱんせん,wnja:02878222-n
運搬車,うんぱんしゃ,wnja:02970100-n
運転士,うんてんし,wnja:10334255-n
運転手,うんてんしゅ,wnja:09908853-n
運転者,うんてんしゃ,wnja:10034906-n
運送人,うんそうにん,wnja:08057633-n
運送料,うんそうりょう,wnja:01106118-n
過保護,かほご,wnja:00820721-n
過半数,かはんすう,wnja:05122557-n
過去形,かこけい,wnja:06330262-n
過失犯,かしつはん,wnja:00740342-n
過形成,かけいせい,wnja:14368805-n
過敏症,かびんしょう,wnja:14533547-n
過激派,かげきは,wnja:10503452-n
過誤腫,かごしゅ,wnja:14238953-n
過食症,かしょくしょう,wnja:14056685-n
道づれ,みちづれ,wnja:09946278-n
道のり,みちのり,wnja:05084733-n
道具方,どうぐかた,wnja:10556124-n
道具箱,どうぐばこ,wnja:04452615-n
道化師,どうけし,wnja:09940146-n
道化者,どうけもの,wnja:10221312-n
道徳心,どうとくしん,wnja:09184136-n
道徳性,どうとくせい,wnja:04846770-n
道案内,みちあんない,wnja:01144876-n
道楽者,どうらくもの,wnja:10257647-n
達成感,たっせいかん,wnja:07532112-n
違反者,いはんしゃ,wnja:09633969-n
違和感,いわかん,wnja:04714440-n
違約金,いやくきん,wnja:13300555-n
遠吠え,とおぼえ,wnja:07385548-n
遠回し,とおまわし,wnja:01026191-n
遠地点,えんちてん,wnja:08495420-n
遠征隊,えんせいたい,wnja:08409130-n
遠心力,えんしんりょく,wnja:11434594-n
遠日点,えんじつてん,wnja:08495908-n
適応性,てきおうせい,wnja:04659090-n
遮断器,しゃだんき,wnja:03034244-n
選手権,せんしゅけん,wnja:13948912-n
選択肢,せんたくし,wnja:05790944-n
選挙人,せんきょにん,wnja:09611884-n
選挙区,せんきょく,wnja:08538730-n
選挙権,せんきょけん,wnja:05186306-n
選考会,せんこうかい,wnja:07477231-n
遺伝子,いでんし,wnja:05436752-n
遺伝学,いでんがく,wnja:06075527-n
遺伝病,いでんびょう,wnja:14151139-n
遺家族,いかぞく,wnja:09850457-n
遺産税,いさんぜい,wnja:13313322-n
遺言状,ゆいごんじょう,wnja:06544142-n
避妊薬,ひにんやく,wnja:03096593-n
避難所,ひなんじょ,wnja:04071102-n
避雷針,ひらいしん,wnja:03668067-n
還付金,かんぷきん,wnja:13282161-n
還元剤,かんげんざい,wnja:04066659-n
邪魔物,じゃまもの,wnja:03520811-n
部分け,ぶわけ,wnja:01012712-n
部外者,ぶがいしゃ,wnja:10103921-n
部屋着,へやぎ,wnja:03237992-n
郵便局,ゆうびんきょく,wnja:08145553-n
郵便物,ゆうびんぶつ,wnja:06275634-n
郵便箱,ゆうびんばこ,wnja:03710193-n
都市化,としか,wnja:13571763-n
都市圏,としけん,wnja:08675967-n
都市部,としぶ,wnja:08675967-n
都落ち,みやこおち,wnja:00208694-n
配り物,くばりもの,wnja:13268842-n
配位子,はいいし,wnja:15110307-n
配偶体,はいぐうたい,wnja:11687071-n
配偶子,はいぐうし,wnja:05456945-n
配偶者,はいぐうしゃ,wnja:10640620-n
配向性,はいこうせい,wnja:13828075-n
配当金,はいとうきん,wnja:13273836-n
配糖体,はいとうたい,wnja:14887305-n
配線図,はいせんず,wnja:04595998-n
酒呑み,さけのみ,wnja:10037385-n
酒好き,さけずき,wnja:10034201-n
酒浸り,さけびたり,wnja:10037385-n
酒石酸,しゅせきさん,wnja:15067576-n
酢酸鉛,さくさんなまり,wnja:14989243-n
酪農家,らくのうか,wnja:09988392-n
酵母菌,こうぼきん,wnja:13025647-n
酸化剤,さんかざい,wnja:14780040-n
酸化数,さんかすう,wnja:13591314-n
酸化物,さんかぶつ,wnja:14971519-n
酸化銅,さんかどう,wnja:14822762-n
酸性雨,さんせいう,wnja:14517629-n
酸素酸,さんそさん,wnja:14972359-n
醜業婦,しゅうぎょうふ,wnja:10485440-n
醸造所,じょうぞうしょ,wnja:02897237-n
醸造酒,じょうぞうしゅ,wnja:07886572-n
重なり,かさなり,wnja:03641706-n
重力子,じゅうりょくし,wnja:09291633-n
重力波,じゅうりょくは,wnja:07344875-n
重合体,じゅうごうたい,wnja:14994328-n
重大性,じゅうだいせい,wnja:04646548-n
重母音,じゅうぼいん,wnja:07112364-n
重水素,じゅうすいそ,wnja:14641046-n
重粒子,じゅうりゅうし,wnja:09215023-n
重要度,じゅうようど,wnja:05168261-n
重要性,じゅうようせい,wnja:05168261-n
野ガモ,のがも,wnja:01851895-n
野兎病,やとびょう,wnja:14276360-n
野大根,のだいこん,wnja:11894558-n
野戦砲,やせんほう,wnja:03332393-n
野狐禅,やこぜん,wnja:05095561-n
野蛮人,やばんじん,wnja:10410815-n
野遊び,のあそび,wnja:00311809-n
量子化,りょうしか,wnja:00389308-n
量子論,りょうしろん,wnja:06107660-n
金入れ,かねいれ,wnja:04026417-n
金切声,かなきりごえ,wnja:07123012-n
金剛石,こんごうせき,wnja:13371958-n
金剛砂,こんごうさ,wnja:14674143-n
金婚式,きんこんしき,wnja:15250991-n
金字塔,きんじとう,wnja:13914837-n
金庫株,きんこかぶ,wnja:13419951-n
金敷き,かなしき,wnja:02725872-n
金曜日,きんようび,wnja:15164463-n
金環食,きんかんしょく,wnja:07369099-n
金看板,きんかんばん,wnja:07152259-n
金糸梅,きんしばい,wnja:12367611-n
金緑石,きんりょくせき,wnja:14671372-n
金蓮花,きんれんか,wnja:07819769-n
金雲母,きんうんも,wnja:14690790-n
金魚草,きんぎょそう,wnja:12877244-n
金魚鉢,きんぎょばち,wnja:03350204-n
針仕事,はりしごと,wnja:00715674-n
針千本,はりせんぼん,wnja:02655848-n
針葉樹,しんようじゅ,wnja:13108841-n
釣り具,つりぐ,wnja:03351434-n
釣り竿,つりざお,wnja:03351979-n
釣上げ,つりあげ,wnja:05110408-n
鈍つく,どんつく,wnja:10100761-n
鉄条網,てつじょうもう,wnja:03086868-n
鉄格子,てつごうし,wnja:03592245-n
鉄砲水,てっぽうみず,wnja:11455092-n
鉄砲玉,てっぽうだま,wnja:02916350-n
鉄面皮,てつめんぴ,wnja:04915866-n
鉢合せ,はちあわせ,wnja:00147187-n
鉤括弧,かぎかっこ,wnja:06842290-n
鉱床学,こうしょうがく,wnja:06121854-n
鉱物学,こうぶつがく,wnja:06121113-n
銀婚式,ぎんこんしき,wnja:15250890-n
銀本位,ぎんほんい,wnja:13373584-n
銀河系,ぎんがけい,wnja:08271042-n
銀灰色,ぎんかいしょく,wnja:04962062-n
銀行券,ぎんこうけん,wnja:13393762-n
銘酒屋,めいしゅや,wnja:04581595-n
銭入れ,ぜにいれ,wnja:04026417-n
錐もみ,きりもみ,wnja:00343249-n
錐体路,すいたいろ,wnja:05491612-n
錬金術,れんきんじゅつ,wnja:05778749-n
鍛冶場,かじば,wnja:03383646-n
鍛冶屋,かじや,wnja:09859152-n
鍵っ子,かぎっこ,wnja:10247519-n
鍾乳石,しょうにゅうせき,wnja:09443753-n
鎖帷子,くさりかたびら,wnja:03000247-n
鎖編み,くさりあみ,wnja:03000808-n
鎮痛剤,ちんつうざい,wnja:02707683-n
鎮痛薬,ちんつうやく,wnja:02707683-n
鎮静剤,ちんせいざい,wnja:02707683-n
鎮魂歌,ちんこんか,wnja:07050619-n
鏡像体,きょうぞうたい,wnja:14883766-n
鑑定人,かんていにん,wnja:09802050-n
鑑定官,かんていかん,wnja:09802050-n
鑑定家,かんていか,wnja:09802050-n
鑽孔機,さんこうき,wnja:03239726-n
長いす,ながいす,wnja:04256520-n
長方形,ちょうほうけい,wnja:13883346-n
長期間,ちょうきかん,wnja:15242955-n
長音階,ちょうおんかい,wnja:06860826-n
門下生,もんかせい,wnja:10016103-n
門外漢,もんがいかん,wnja:09786760-n
門弟子,もんていし,wnja:10016103-n
閃光灯,せんこうとう,wnja:03358172-n
閃緑岩,せんりょくがん,wnja:14932554-n
閉曲線,へいきょくせん,wnja:13868248-n
開き戸,ひらきど,wnja:03221720-n
開会式,かいかいしき,wnja:07452699-n
開催地,かいさいち,wnja:08677628-n
開催日,かいさいび,wnja:15160579-n
開口部,かいこうぶ,wnja:02727016-n
開幕戦,かいまくせん,wnja:07326369-n
開拓者,かいたくしゃ,wnja:10434424-n
開業医,かいぎょうい,wnja:10020890-n
開閉器,かいへいき,wnja:04372370-n
開頭術,かいとうじゅつ,wnja:00668736-n
閑文字,かんもじ,wnja:07136711-n
閑日月,かんじつげつ,wnja:01065286-n
間仕切,まじきり,wnja:03894379-n
間奏曲,かんそうきょく,wnja:00520880-n
間接税,かんせつぜい,wnja:13313899-n
間欠泉,かんけつせん,wnja:09288635-n
間違い,まちがい,wnja:00066636-n
間違え,まちがえ,wnja:00066636-n
関心事,かんしんじ,wnja:00431552-n
関節炎,かんせつえん,wnja:14186541-n
関節痛,かんせつつう,wnja:14324572-n
関連性,かんれんせい,wnja:00031921-n
関連痛,かんれんつう,wnja:14331373-n
闘争心,とうそうしん,wnja:04837425-n
闘技場,とうぎじょう,wnja:04295881-n
闘牛場,とうぎゅうじょう,wnja:02918112-n
闘牛士,とうぎゅうし,wnja:09836160-n
防御率,ぼうぎょりつ,wnja:07261300-n
防波堤,ぼうはてい,wnja:02894605-n
防潮堤,ぼうちょうてい,wnja:02894605-n
防火壁,ぼうかへき,wnja:03347980-n
防空壕,ぼうくうごう,wnja:02868638-n
防腐剤,ぼうふざい,wnja:14997529-n
防虫剤,ぼうちゅうざい,wnja:14920252-n
防護具,ぼうごぐ,wnja:03464467-n
防風林,ぼうふうりん,wnja:04586072-n
阿堵物,あとぶつ,wnja:13260645-n
阿羅漢,あらかん,wnja:09532837-n
陀羅尼,だらに,wnja:06457442-n
限定版,げんていばん,wnja:06590601-n
限定詞,げんていし,wnja:06320801-n
陣がさ,じんがさ,wnja:09830400-n
除幕式,じょまくしき,wnja:06891339-n
除草剤,じょそうざい,wnja:14906850-n
除雪車,じょせつしゃ,wnja:04252225-n
陪審員,ばいしんいん,wnja:10228278-n
陰極線,いんきょくせん,wnja:11428567-n
陰電子,いんでんし,wnja:09271904-n
陰電気,いんでんき,wnja:11436019-n
陳列棚,ちんれつだな,wnja:02975212-n
陳列窓,ちんれつまど,wnja:14516082-n
陳情書,ちんじょうしょ,wnja:06513366-n
陶磁器,とうじき,wnja:03018209-n
陶芸家,とうげいか,wnja:10460806-n
陸揚げ,りくあげ,wnja:00714173-n
陸水学,りくすいがく,wnja:06120317-n
陽電子,ようでんし,wnja:09397896-n
隅っこ,すみっこ,wnja:03109881-n
隆鼻術,りゅうびじゅつ,wnja:00689062-n
階段室,かいだんしつ,wnja:04298308-n
随意筋,ずいいきん,wnja:05290897-n
随筆家,ずいひつか,wnja:10064405-n
隙間風,すきまかぜ,wnja:11522448-n
障害物,しょうがいぶつ,wnja:03839795-n
障害者,しょうがいしゃ,wnja:10158756-n
障泥板,あおりいた,wnja:04554211-n
隠し事,かくしごと,wnja:06672953-n
隠し所,かくしどころ,wnja:08584449-n
隠れ場,かくれば,wnja:04071102-n
隠れ家,かくれが,wnja:03517647-n
隠君子,いんくんし,wnja:11951271-n
隣人愛,りんじんあい,wnja:04656051-n
雄しべ,おしべ,wnja:11675096-n
雄叫び,おたけび,wnja:07121361-n
集合体,しゅうごうたい,wnja:07951464-n
集合物,しゅうごうぶつ,wnja:07951464-n
集合的,しゅうごうてき,wnja:08056601-n
集合論,しゅうごうろん,wnja:06016121-n
集大成,しゅうたいせい,wnja:06667317-n
集積点,しゅうせきてん,wnja:13758556-n
集金人,しゅうきんにん,wnja:09936362-n
雇用主,こようぬし,wnja:10054657-n
雇用者,こようしゃ,wnja:10053808-n
雌ウシ,めすうし,wnja:02403454-n
雑木林,ぞうきばやし,wnja:08437515-n
雑種犬,ざっしゅけん,wnja:02084861-n
雑記帳,ざっきちょう,wnja:06415419-n
離人症,りじんしょう,wnja:00932298-n
離岸流,りがんりゅう,wnja:07404443-n
離心率,りしんりつ,wnja:05073888-n
離職率,りしょくりつ,wnja:13826221-n
難しさ,むずかしさ,wnja:04709253-n
難破船,なんぱせん,wnja:04197110-n
雨だれ,あまだれ,wnja:11501649-n
雨合羽,あまがっぱ,wnja:04049405-n
雨曇り,あまぐもり,wnja:14524198-n
雨覆い,あまおおい,wnja:02763901-n
雨量計,うりょうけい,wnja:04049585-n
雪の下,ゆきのした,wnja:12793015-n
雪ふり,ゆきふり,wnja:11508382-n
雪解け,ゆきどけ,wnja:11482140-n
雪達磨,ゆきだるま,wnja:04251983-n
雰囲気,ふんいき,wnja:04727214-n
雲隠れ,くもがくれ,wnja:00053609-n
電位差,でんいさ,wnja:11493827-n
電位計,でんいけい,wnja:03276696-n
電信柱,でんしんばしら,wnja:04402449-n
電信機,でんしんき,wnja:04400499-n
電力計,でんりょくけい,wnja:04564278-n
電動機,でんどうき,wnja:03273061-n
電圧計,でんあつけい,wnja:04541320-n
電子戦,でんしせん,wnja:00954751-n
電子管,でんしかん,wnja:04494204-n
電子銃,でんしじゅう,wnja:03277149-n
電機子,でんきし,wnja:02738271-n
電気炉,でんきろ,wnja:03271865-n
電気盆,でんきぼん,wnja:03279918-n
電流計,でんりゅうけい,wnja:02702989-n
電磁気,でんじき,wnja:11479368-n
電磁波,でんじは,wnja:11450869-n
電磁石,でんじしゃく,wnja:03276179-n
電算機,でんさんき,wnja:03082979-n
電解液,でんかいえき,wnja:14847929-n
電解質,でんかいしつ,wnja:14847929-n
電話局,でんわきょく,wnja:02994858-n
電話帳,でんわちょう,wnja:06423754-n
電話機,でんわき,wnja:04401088-n
電話線,でんわせん,wnja:04402057-n
電車代,でんしゃだい,wnja:13308750-n
電車賃,でんしゃちん,wnja:13308750-n
電離層,でんりそう,wnja:08588916-n
震え声,ふるえごえ,wnja:07390857-n
霊安室,れいあんしつ,wnja:03785499-n
霊柩車,れいきゅうしゃ,wnja:03506880-n
霊能者,れいのうしゃ,wnja:10306279-n
霊長目,れいちょうめ,wnja:02469588-n
霊長類,れいちょうるい,wnja:02469588-n
霜枯れ,しもがれ,wnja:14489113-n
霰粒腫,さんりゅうしゅ,wnja:14202520-n
露出狂,ろしゅつきょう,wnja:10070711-n
露出症,ろしゅつしょう,wnja:00737894-n
露出計,ろしゅつけい,wnja:03667664-n
青ひげ,あおひげ,wnja:09590205-n
青二才,あおにさい,wnja:09772029-n
青信号,あおしんごう,wnja:06874391-n
青写真,あおじゃしん,wnja:05902327-n
青天井,あおてんじょう,wnja:09224566-n
青少年,せいしょうねん,wnja:07944050-n
青年期,せいねんき,wnja:14426910-n
青懸巣,あおかけす,wnja:01580870-n
青梗菜,ちんげんさい,wnja:07714448-n
静けさ,しずけさ,wnja:04982478-n
静力学,せいりきがく,wnja:06113301-n
静物画,せいぶつが,wnja:04319432-n
静脈瘤,じょうみゃくりゅう,wnja:14573713-n
静脈血,じょうみゃくけつ,wnja:05402788-n
静電気,せいでんき,wnja:11514462-n
非人情,ひにんじょう,wnja:04844625-n
非公開,ひこうかい,wnja:04622932-n
非合理,ひごうり,wnja:04785669-n
非営利,ひえいり,wnja:01137597-n
非対称,ひたいしょう,wnja:05065717-n
非常口,ひじょうぐち,wnja:03345658-n
非常時,ひじょうじ,wnja:07417405-n
非暴力,ひぼうりょく,wnja:01242716-n
面付き,つらつき,wnja:04679738-n
面接官,めんせつかん,wnja:10213319-n
面構え,つらがまえ,wnja:04674715-n
面汚し,つらよごし,wnja:14440137-n
面目玉,めんぼくだま,wnja:06207029-n
革命家,かくめいか,wnja:10527334-n
革新系,かくしんけい,wnja:10257084-n
革新者,かくしんしゃ,wnja:10434725-n
革細工,かわざいく,wnja:03653376-n
靴べら,くつべら,wnja:04200537-n
靴磨き,くつみがき,wnja:00579082-n
鞭打ち,むちうち,wnja:01163047-n
韓国人,かんこくじん,wnja:09718936-n
音入れ,おといれ,wnja:00910203-n
音合せ,おとあわせ,wnja:00999588-n
音声学,おんせいがく,wnja:06177033-n
音楽会,おんがくかい,wnja:06892775-n
音楽堂,おんがくどう,wnja:03086580-n
音楽学,おんがくがく,wnja:06171388-n
音楽家,おんがくか,wnja:10339966-n
音楽隊,おんがくたい,wnja:08249038-n
音韻学,おんいんがく,wnja:06177450-n
音韻論,おんいんろん,wnja:06177450-n
音響学,おんきょうがく,wnja:06094774-n
順序数,じゅんじょすう,wnja:13597280-n
頓珍漢,とんちんかん,wnja:07206887-n
領事館,りょうじかん,wnja:03093427-n
領収書,りょうしゅうしょ,wnja:06520222-n
領収証,りょうしゅうしょう,wnja:06520222-n
頬っぺ,ほっぺ,wnja:05602835-n
頭付き,かしらつき,wnja:05256862-n
頭文字,かしらもじ,wnja:06824227-n
頭索類,とうさくるい,wnja:01467336-n
頭蓋骨,ずがいこつ,wnja:05540121-n
頭足類,とうそくるい,wnja:01968115-n
頭頂骨,とうちょうこつ,wnja:05541645-n
頸動脈,けいどうみゃく,wnja:05339357-n
頸飾り,くびかざり,wnja:03814906-n
頼信紙,らいしんし,wnja:06476475-n
顆粒球,かりゅうきゅう,wnja:05453145-n
顎関節,がくかんせつ,wnja:05276668-n
顔ぶれ,かおぶれ,wnja:08170686-n
顔写真,かおしゃしん,wnja:03797548-n
顔出し,かおだし,wnja:01233156-n
顔文字,かおもじ,wnja:06279939-n
顔立ち,かおだち,wnja:05601758-n
顔面筋,がんめんきん,wnja:05602132-n
顔馴染,かおなじみ,wnja:13930245-n
顕微鏡,けんびきょう,wnja:03760671-n
願い出,ねがいで,wnja:00633329-n
類似性,るいじせい,wnja:04743605-n
類概念,るいがいねん,wnja:05845013-n
類義語,るいぎご,wnja:06303682-n
風信子,ふうしんし,wnja:12458383-n
風刺画,ふうしが,wnja:06780069-n
風合い,ふうあい,wnja:04946877-n
風呂場,ふろば,wnja:02807731-n
風呂桶,ふろおけ,wnja:02808440-n
風土病,ふうどびょう,wnja:14074394-n
風景画,ふうけいが,wnja:03640011-n
風見鶏,かざみどり,wnja:04520784-n
風鈴草,ふうりんそう,wnja:12037691-n
風雲児,ふううんじ,wnja:10309614-n
風鳥座,ふうちょうざ,wnja:09201714-n
飛び火,とびひ,wnja:14227613-n
飛び石,とびいし,wnja:09445435-n
飛燕草,ひえんそう,wnja:11733312-n
飛行場,ひこうじょう,wnja:02687992-n
飛行士,ひこうし,wnja:10433164-n
飛行船,ひこうせん,wnja:02692877-n
飛行艇,ひこうてい,wnja:03373611-n
飛込み,とびこみ,wnja:00119568-n
飛道具,とびどうぐ,wnja:04008634-n
食い物,くいもの,wnja:00418903-n
食べ物,たべもの,wnja:07555863-n
食パン,しょくぱん,wnja:07679356-n
食中毒,しょくちゅうどく,wnja:14068685-n
食作用,しょくさよう,wnja:13535837-n
食卓塩,しょくたくえん,wnja:07813107-n
食器棚,しょっきだな,wnja:02912065-n
食堂車,しょくどうしゃ,wnja:03200357-n
食料品,しょくりょうひん,wnja:03461119-n
食洗機,しょくせんき,wnja:03207941-n
食細胞,しょくさいぼう,wnja:05450888-n
食道炎,しょくどうえん,wnja:14345815-n
食靠れ,しょくもたれ,wnja:14336317-n
飲み料,のみりょう,wnja:07881800-n
飲み薬,のみぐすり,wnja:03740161-n
飲兵衛,のんべえ,wnja:10037385-n
飲料水,いんりょうすい,wnja:07936263-n
飲込み,のみこみ,wnja:05805475-n
飲食店,いんしょくてん,wnja:04081281-n
飼い猫,かいねこ,wnja:02121808-n
飾り物,かざりもの,wnja:03169390-n
養い親,やしないおや,wnja:10106752-n
養殖業,ようしょくぎょう,wnja:00916147-n
養毛剤,ようもうざい,wnja:03475823-n
養父母,ようふぼ,wnja:10106752-n
養老院,ようろういん,wnja:03528100-n
養蜂家,ようほうか,wnja:09846755-n
饂飩粉,うどんこ,wnja:07569543-n
首っ玉,くびったま,wnja:05546540-n
首脳部,しゅのうぶ,wnja:08164585-n
首長国,しゅちょうこく,wnja:00592292-n
香辛料,こうしんりょう,wnja:07809368-n
馬のり,うまのり,wnja:10185793-n
馬小屋,うまごや,wnja:04294879-n
馬糞紙,ばふんし,wnja:14801493-n
馬鈴薯,ばれいしょ,wnja:12897493-n
馬鹿者,ばかもの,wnja:09921409-n
馴染客,なじみきゃく,wnja:10407726-n
駄法螺,だぼら,wnja:07221939-n
駅馬車,えきばしゃ,wnja:04297098-n
駆け足,かけあし,wnja:00293916-n
駆出し,かけだし,wnja:09981834-n
駆引き,かけひき,wnja:06248968-n
駆虫剤,くちゅうざい,wnja:04528630-n
駆虫薬,くちゅうやく,wnja:04528630-n
駆逐艦,くちくかん,wnja:03180504-n
駐車場,ちゅうしゃじょう,wnja:08615638-n
騎兵隊,きへいたい,wnja:08397856-n
騎士道,きしどう,wnja:05955848-n
騙し絵,だましえ,wnja:04487576-n
骨っ節,ほねっぷし,wnja:05032351-n
骨付き,ほねつき,wnja:05585383-n
骨休め,ほねやすめ,wnja:01064148-n
骨折り,ほねおり,wnja:00621627-n
骨抜き,ほねぬき,wnja:04861319-n
骨盤位,こつばんい,wnja:02895881-n
骨相学,こっそうがく,wnja:06045847-n
骨細胞,こつさいぼう,wnja:05447599-n
骨肉腫,こつにくしゅ,wnja:14241556-n
骨董品,こっとうひん,wnja:02897692-n
骨髄炎,こつずいえん,wnja:14351490-n
骨髄腫,こつずいしゅ,wnja:14248256-n
髄膜炎,ずいまくえん,wnja:14137829-n
高まり,たかまり,wnja:07324917-n
高分子,こうぶんし,wnja:14944888-n
高周波,こうしゅうは,wnja:05057593-n
高品質,こうひんしつ,wnja:04728376-n
高姿勢,こうしせい,wnja:13950703-n
高射砲,こうしゃほう,wnja:02715712-n
高層雲,こうそううん,wnja:09195235-n
高山病,こうざんびょう,wnja:14042914-n
高御座,たかみくら,wnja:04429376-n
高架線,こうかせん,wnja:03280813-n
高気圧,こうきあつ,wnja:14520670-n
高瀬舟,たかせぶね,wnja:02792552-n
高祖父,こうそふ,wnja:10145682-n
高積雲,こうせきうん,wnja:09195098-n
高粱酒,こうりょうしゅ,wnja:12138248-n
高血圧,こうけつあつ,wnja:14103510-n
高血糖,こうけっとう,wnja:14319299-n
高調子,たかちょうし,wnja:04985790-n
高跳び,たかとび,wnja:00440509-n
高野槙,こうやまき,wnja:11611758-n
高麗芝,こうらいしば,wnja:12146654-n
高齢者,こうれいしゃ,wnja:07943870-n
髪の毛,かみのけ,wnja:01900150-n
鬨の声,ときのこえ,wnja:07123404-n
魔よけ,まよけ,wnja:03009633-n
魔法瓶,まほうびん,wnja:04422727-n
魔術師,まじゅつし,wnja:10280674-n
魚つり,さかなつり,wnja:00453935-n
魚類学,ぎょるいがく,wnja:06072912-n
魚鱗癬,ぎょりんせん,wnja:14158997-n
鮮新世,せんしんせい,wnja:15125323-n
鯖折り,さばおり,wnja:00813220-n
鱗片葉,りんぺんよう,wnja:13155759-n
鳥の子,とりのこ,wnja:01504344-n
鳥もち,とりもち,wnja:14702703-n
鳥小屋,とりごや,wnja:02763604-n
鳥撃ち,とりうち,wnja:10108240-n
鳥類学,ちょうるいがく,wnja:06073494-n
鳩時計,はとどけい,wnja:03145147-n
鳳仙花,ほうせんか,wnja:11755319-n
鳴禽類,めいきんるい,wnja:01525720-n
鴨の嘴,かものはし,wnja:01873310-n
鵜呑み,うのみ,wnja:00840363-n
鷲掴み,わしづかみ,wnja:00138956-n
鷹狩り,たかがり,wnja:05635448-n
麦粒腫,ばくりゅうしゅ,wnja:14185219-n
麦芽糖,ばくがとう,wnja:14946618-n
麻酔医,ますいい,wnja:09793495-n
麻酔薬,ますいやく,wnja:02710766-n
黄信号,きしんごう,wnja:06874837-n
黄土色,おうどいろ,wnja:04966841-n
黄昏時,たそがれどき,wnja:15169421-n
黄色腫,おうしょくしゅ,wnja:14233267-n
黄道帯,こうどうたい,wnja:08685188-n
黄金律,おうごんりつ,wnja:05957913-n
黄金色,こがねいろ,wnja:04966240-n
黄銅鉱,おうどうこう,wnja:14670481-n
黒ん坊,くろんぼう,wnja:09636339-n
黒内障,こくないしょう,wnja:14096412-n
黒塗り,くろぬり,wnja:00274437-n
黒曜石,こくようせき,wnja:14880777-n
黒死病,こくしびょう,wnja:14139015-n
黒胡椒,くろこしょう,wnja:13149506-n
黙示録,もくしろく,wnja:06447897-n
鼠取り,ねずみとり,wnja:03794056-n
鼻摘み,はなつまみ,wnja:10391513-n
鼻曲り,はなまがり,wnja:09974496-n
鼻音化,びおんか,wnja:07118002-n
鼻風邪,はなかぜ,wnja:14355060-n
齧歯類,げっしるい,wnja:02329093-n
あがり口,あがりぐち,wnja:03290771-n
あきんど,あきんど,wnja:10720453-n
あこがれ,あこがれ,wnja:07486628-n
あしらい,あしらい,wnja:01134861-n
あそび女,あそびめ,wnja:10485440-n
あと払い,あとばらい,wnja:13374281-n
あばら骨,あばらぼね,wnja:05279026-n
あめつち,あめつち,wnja:09466280-n
あや取り,あやとり,wnja:00484802-n
あらまし,あらまし,wnja:05891572-n
あら探し,あらさがし,wnja:06711030-n
いざこざ,いざこざ,wnja:00623862-n
いちじく,いちじく,wnja:07753113-n
いちびり,いちびり,wnja:10463714-n
いの一番,いのいちばん,wnja:13597444-n
いんちき,いんちき,wnja:00171618-n
うがい薬,うがいぐすり,wnja:14848642-n
うたた寝,うたたね,wnja:00858377-n
うっそり,うっそり,wnja:10100761-n
うめき声,うめきごえ,wnja:07126383-n
うるう年,うるうどし,wnja:15202230-n
うるさ型,うるさがた,wnja:09986532-n
うろこ雲,うろこぐも,wnja:09345002-n
えり抜き,えりぬき,wnja:00161243-n
おがくず,おがくず,wnja:15020107-n
おしっこ,おしっこ,wnja:13533886-n
おしまい,おしまい,wnja:00209943-n
おっぱい,おっぱい,wnja:05399034-n
おぼろ雲,おぼろぐも,wnja:09195235-n
おめでた,おめでた,wnja:00844847-n
おもちゃ,おもちゃ,wnja:03769235-n
お下がり,おさがり,wnja:07563509-n
お仕置き,おしおき,wnja:01160342-n
お墨付き,おすみつき,wnja:05176607-n
お姉さん,おねえさん,wnja:10129825-n
お婆さん,おばあさん,wnja:10377021-n
お嬢さん,おじょうさん,wnja:09992837-n
お子さん,おこさん,wnja:09918248-n
お客さん,おきゃくさん,wnja:08184861-n
お手上げ,おてあげ,wnja:07542433-n
お手洗い,おてあらい,wnja:04446276-n
お母さん,おかあさん,wnja:01323493-n
お父さん,おとうさん,wnja:10080869-n
お爺さん,おじいさん,wnja:10375214-n
お玉杓子,おたまじゃくし,wnja:02469472-n
お知らせ,おしらせ,wnja:06747670-n
かこつけ,かこつけ,wnja:06741305-n
かごの鳥,かごのとり,wnja:10485440-n
かさぶた,かさぶた,wnja:05264247-n
かまとと,かまとと,wnja:04788159-n
からかい,からかい,wnja:00425905-n
から騒ぎ,からさわぎ,wnja:00552568-n
がぶ飲み,がぶのみ,wnja:00840189-n
がら明き,がらあき,wnja:14455206-n
きんたま,きんたま,wnja:05524615-n
ぎっちょ,ぎっちょ,wnja:10253122-n
くい違い,くいちがい,wnja:04749709-n
くぐり戸,くぐりど,wnja:04582625-n
くしゃみ,くしゃみ,wnja:14314850-n
くじ引き,くじびき,wnja:00508091-n
くすぐり,くすぐり,wnja:00144445-n
ぐい飲み,ぐいのみ,wnja:00840189-n
ぐうたら,ぐうたら,wnja:01065441-n
こじつけ,こじつけ,wnja:00073713-n
ごたごた,ごたごた,wnja:00623862-n
ごたまぜ,ごたまぜ,wnja:05953416-n
ごった煮,ごったに,wnja:07590068-n
ごまかし,ごまかし,wnja:00752954-n
ごみ入れ,ごみいれ,wnja:02747177-n
ごり押し,ごりおし,wnja:10226556-n
さざめき,さざめき,wnja:07387509-n
さざれ石,さざれいし,wnja:14698884-n
さらし台,さらしだい,wnja:03938037-n
ざわめき,ざわめき,wnja:01260008-n
しきい値,しきいち,wnja:05712426-n
しくじり,しくじり,wnja:00066636-n
じゃが芋,じゃがいも,wnja:07710616-n
じょうろ,じょうろ,wnja:04560292-n
すかたん,すかたん,wnja:10100761-n
すきっ腹,すきっぱら,wnja:14039534-n
せせらぎ,せせらぎ,wnja:09229409-n
せっかち,せっかち,wnja:04642596-n
たけなわ,たけなわ,wnja:15238570-n
たて続け,たてつづけ,wnja:01010458-n
たゆたい,たゆたい,wnja:00327824-n
たわごと,たわごと,wnja:06609909-n
だんまり,だんまり,wnja:00550016-n
ちぢれ髪,ちぢれがみ,wnja:05257737-n
ちびっ子,ちびっこ,wnja:09917593-n
ちゃぶ台,ちゃぶだい,wnja:03201208-n
ちょい役,ちょいやく,wnja:05929363-n
ちょんぼ,ちょんぼ,wnja:00070965-n
ちりぢり,ちりぢり,wnja:05087297-n
ちんちん,ちんちん,wnja:05526384-n
ちんぴら,ちんぴら,wnja:10184081-n
つきあい,つきあい,wnja:13929588-n
つなぎ目,つなぎめ,wnja:13911151-n
つわもの,つわもの,wnja:10768585-n
でくの坊,でくのぼう,wnja:10176913-n
とじ込み,とじこみ,wnja:03337140-n
とっ始め,とっぱじめ,wnja:05868051-n
とまり木,とまりぎ,wnja:03914919-n
とんかち,とんかち,wnja:03481172-n
とんずら,とんずら,wnja:00058743-n
とんちき,とんちき,wnja:10100761-n
どさくさ,どさくさ,wnja:14409489-n
どよめき,どよめき,wnja:07122118-n
どんけつ,どんけつ,wnja:05559256-n
どん詰り,どんづまり,wnja:07291794-n
なまくら,なまくら,wnja:04637108-n
なめし革,なめしがわ,wnja:14759722-n
ならず者,ならずもの,wnja:09879297-n
にこぽん,にこぽん,wnja:09910374-n
ぬかるみ,ぬかるみ,wnja:14956523-n
ねじ回し,ねじまわし,wnja:04154565-n
ねんねこ,ねんねこ,wnja:02121620-n
のこぎり,のこぎり,wnja:03136504-n
はたご屋,はたごや,wnja:03541696-n
はたはた,はたはた,wnja:02226429-n
はったり,はったり,wnja:00750306-n
ばか騒ぎ,ばかさわぎ,wnja:00510189-n
ばらつき,ばらつき,wnja:05066012-n
ひと泳ぎ,ひとおよぎ,wnja:00442847-n
ひまし油,ひましゆ,wnja:02980841-n
ひょう疽,ひょうそ,wnja:11813309-n
ふしだら,ふしだら,wnja:14499734-n
ふるまい,ふるまい,wnja:04897762-n
ぶっ続け,ぶっつづけ,wnja:01010458-n
ぶっ通し,ぶっとおし,wnja:01017987-n
へっぽこ,へっぽこ,wnja:09632274-n
ぺてん師,ぺてんし,wnja:09955015-n
ほめ言葉,ほめことば,wnja:06694540-n
ぼろ儲け,ぼろもうけ,wnja:13255883-n
ぽんつく,ぽんつく,wnja:10100761-n
まじない,まじない,wnja:07159791-n
まぜこぜ,まぜこぜ,wnja:08399977-n
まとめ役,まとめやく,wnja:10383237-n
まばたき,まばたき,wnja:00117959-n
まぼろし,まぼろし,wnja:05897553-n
ままごと,ままごと,wnja:00432164-n
まやかし,まやかし,wnja:03318438-n
みなし子,みなしご,wnja:10384392-n
むかっ腹,むかっぱら,wnja:04628192-n
むかつき,むかつき,wnja:07503260-n
めんどう,めんどう,wnja:00623862-n
もみ合い,もみあい,wnja:01172441-n
もらい手,もらいて,wnja:09627906-n
やけくそ,やけくそ,wnja:07541923-n
やすり紙,やすりがみ,wnja:14849880-n
やたら漬,やたらづけ,wnja:07825597-n
やり取り,やりとり,wnja:00196485-n
やり過ぎ,やりすぎ,wnja:00633479-n
よそ行き,よそいき,wnja:04335693-n
より抜き,よりぬき,wnja:00161243-n
よろず屋,よろずや,wnja:10159289-n
ろう人形,ろうにんぎょう,wnja:04564581-n
わんわん,わんわん,wnja:02084732-n
アイアイ,あいあい,wnja:02498153-n
アイアン,あいあん,wnja:03585073-n
アイコン,あいこん,wnja:07269916-n
アイテム,あいてむ,wnja:03588414-n
アイドル,あいどる,wnja:10198437-n
アイナメ,あいなめ,wnja:02648625-n
アイリス,あいりす,wnja:12411922-n
アイロン,あいろん,wnja:03150511-n
アオイ科,あおいか,wnja:12169776-n
アオギリ,あおぎり,wnja:12198286-n
アオゲラ,あおげら,wnja:01839086-n
アオサギ,あおさぎ,wnja:02008041-n
アオザメ,あおざめ,wnja:01484097-n
アカエイ,あかえい,wnja:01498041-n
アカシア,あかしあ,wnja:11756092-n
アカシカ,あかしか,wnja:02431122-n
アカマツ,あかまつ,wnja:11618079-n
アキニレ,あきにれ,wnja:12407715-n
アクセス,あくせす,wnja:02671224-n
アクセル,あくせる,wnja:02670382-n
アクター,あくたー,wnja:09765278-n
アクチン,あくちん,wnja:14731334-n
アクリル,あくりる,wnja:02677028-n
アグーチ,あぐーち,wnja:02366002-n
アケビ科,あけびか,wnja:11702999-n
アコード,あこーど,wnja:04713332-n
アサシン,あさしん,wnja:09813696-n
アサツキ,あさつき,wnja:07817024-n
アザラシ,あざらし,wnja:02079389-n
アザレア,あざれあ,wnja:12245319-n
アシスト,あしすと,wnja:00558008-n
アシッド,あしっど,wnja:14607521-n
アジサシ,あじさし,wnja:02043063-n
アジール,あじーる,wnja:04071102-n
アスキー,あすきー,wnja:06356755-n
アスター,あすたー,wnja:11931918-n
アスナロ,あすなろ,wnja:11644872-n
アセチル,あせちる,wnja:14594456-n
アセトン,あせとん,wnja:14600504-n
アセロラ,あせろら,wnja:07746334-n
アタック,あたっく,wnja:00236953-n
アダプタ,あだぷた,wnja:02678897-n
アダルト,あだると,wnja:09605289-n
アッシュ,あっしゅ,wnja:10825554-n
アテレコ,あてれこ,wnja:07282166-n
アデニン,あでにん,wnja:14706889-n
アトピー,あとぴー,wnja:14532250-n
アトラス,あとらす,wnja:02752810-n
アトリエ,あとりえ,wnja:02746841-n
アドマン,あどまん,wnja:09773962-n
アドリブ,あどりぶ,wnja:06714697-n
アドレス,あどれす,wnja:06356515-n
アナグマ,あなぐま,wnja:02447366-n
アニオン,あにおん,wnja:09197815-n
アニマル,あにまる,wnja:00015388-n
アニリン,あにりん,wnja:14754505-n
アネモネ,あねもね,wnja:11725015-n
アノニム,あのにむ,wnja:06338278-n
アノミー,あのみー,wnja:04851865-n
アノード,あのーど,wnja:02714315-n
アパシー,あぱしー,wnja:04636610-n
アパレル,あぱれる,wnja:02728440-n
アパート,あぱーと,wnja:02726305-n
アブサン,あぶさん,wnja:07908411-n
アブラナ,あぶらな,wnja:07674001-n
アベスタ,あべすた,wnja:06430996-n
アベック,あべっく,wnja:07985628-n
アボカド,あぼかど,wnja:07764847-n
アマサギ,あまさぎ,wnja:02010272-n
アマモ科,あまもか,wnja:12618336-n
アミーゴ,あみーご,wnja:09788521-n
アミーバ,あみーば,wnja:01392380-n
アメフト,あめふと,wnja:00469651-n
アメラグ,あめらぐ,wnja:00469651-n
アメーバ,あめーば,wnja:01392380-n
アヤメ科,あやめか,wnja:12411084-n
アラザン,あらざん,wnja:14986144-n
アラニン,あらにん,wnja:14602490-n
アラブ人,あらぶじん,wnja:09729530-n
アラーム,あらーむ,wnja:02694426-n
アリウム,ありうむ,wnja:12431128-n
アリバイ,ありばい,wnja:06741099-n
アリーナ,ありーな,wnja:02736511-n
アルカリ,あるかり,wnja:14618253-n
アルカン,あるかん,wnja:14951377-n
アルキル,あるきる,wnja:14617189-n
アルケン,あるけん,wnja:14713120-n
アルゴン,あるごん,wnja:14628920-n
アルシン,あるしん,wnja:14756200-n
アルニカ,あるにか,wnja:02741981-n
アルバム,あるばむ,wnja:02695079-n
アルパカ,あるぱか,wnja:02438272-n
アルビノ,あるびの,wnja:09781650-n
アルベド,あるべど,wnja:13820432-n
アルミナ,あるみな,wnja:14823944-n
アレグロ,あれぐろ,wnja:07039770-n
アレンジ,あれんじ,wnja:07038400-n
アンカー,あんかー,wnja:02709367-n
アンギナ,あんぎな,wnja:14108039-n
アングル,あんぐる,wnja:13887509-n
アンサー,あんさー,wnja:06746005-n
アンテナ,あんてな,wnja:02585285-n
アンバー,あんばー,wnja:04966240-n
アンプル,あんぷる,wnja:03923379-n
アンペア,あんぺあ,wnja:13637376-n
アーミン,あーみん,wnja:10822786-n
アーミー,あーみー,wnja:08191230-n
アーメン,あーめん,wnja:09511368-n
イイズナ,いいずな,wnja:02442572-n
イエロー,いえろー,wnja:04965661-n
イオン化,いおんか,wnja:13502909-n
イカナゴ,いかなご,wnja:02618513-n
イキシア,いきしあ,wnja:12417686-n
イグアナ,いぐあな,wnja:01677366-n
イグサ科,いぐさか,wnja:11743109-n
イグルー,いぐるー,wnja:03560430-n
イシモチ,いしもち,wnja:02594250-n
イトスギ,いとすぎ,wnja:11630489-n
イニング,いにんぐ,wnja:15255804-n
イヌビエ,いぬびえ,wnja:12117695-n
イヌリン,いぬりん,wnja:14795959-n
イヌワシ,いぬわし,wnja:01614343-n
イノシシ,いのしし,wnja:02396427-n
イノシン,いのしん,wnja:14919635-n
イベリス,いべりす,wnja:11889473-n
イベント,いべんと,wnja:00029378-n
イマーム,いまーむ,wnja:10199251-n
イメージ,いめーじ,wnja:03265874-n
イヤホン,いやほん,wnja:03261776-n
イラクサ,いらくさ,wnja:12392070-n
イラスト,いらすと,wnja:03561345-n
イレウス,いれうす,wnja:14508149-n
イレブン,いれぶん,wnja:08080025-n
イレヴン,いれゔん,wnja:08080025-n
イロニー,いろにー,wnja:04715075-n
インカム,いんかむ,wnja:13255145-n
インジゴ,いんじご,wnja:12536040-n
インテリ,いんてり,wnja:08387354-n
インデン,いんでん,wnja:14824906-n
イントラ,いんとら,wnja:10694258-n
イントロ,いんとろ,wnja:06396930-n
インドリ,いんどり,wnja:02500267-n
インナー,いんなー,wnja:04508949-n
インバー,いんばー,wnja:14921414-n
インパネ,いんぱね,wnja:03098140-n
インパラ,いんぱら,wnja:02422699-n
インフレ,いんふれ,wnja:13498828-n
イーグル,いーぐる,wnja:01613294-n
イースト,いーすと,wnja:13025647-n
イーゼル,いーぜる,wnja:03262809-n
ウィッチ,うぃっち,wnja:09503282-n
ウィット,うぃっと,wnja:05618056-n
ウィドー,うぃどー,wnja:10780284-n
ウィルス,うぃるす,wnja:01328702-n
ウィンク,うぃんく,wnja:06878934-n
ウィング,うぃんぐ,wnja:02151625-n
ウィンド,うぃんど,wnja:11525955-n
ウィーク,うぃーく,wnja:15136147-n
ウィード,うぃーど,wnja:03990834-n
ウイット,ういっと,wnja:05618056-n
ウイドー,ういどー,wnja:10780284-n
ウイナー,ういなー,wnja:09762821-n
ウイルス,ういるす,wnja:01328702-n
ウインク,ういんく,wnja:06878934-n
ウイング,ういんぐ,wnja:02151625-n
ウインチ,ういんち,wnja:04585745-n
ウインド,ういんど,wnja:11525955-n
ウイーク,ういーく,wnja:15136147-n
ウェイト,うぇいと,wnja:05172322-n
ウェザー,うぇざー,wnja:11524662-n
ウェスト,うぇすと,wnja:05555688-n
ウェッジ,うぇっじ,wnja:04569822-n
ウェッブ,うぇっぶ,wnja:04604276-n
ウェハー,うぇはー,wnja:07687053-n
ウェルト,うぇると,wnja:04573281-n
ウェート,うぇーと,wnja:05026843-n
ウェーブ,うぇーぶ,wnja:05259240-n
ウェーヴ,うぇーゔ,wnja:05259240-n
ウエイト,うえいと,wnja:05026843-n
ウエイブ,うえいぶ,wnja:05259240-n
ウエザー,うえざー,wnja:11524662-n
ウエスト,うえすと,wnja:05555688-n
ウエハー,うえはー,wnja:07687053-n
ウエポン,うえぽん,wnja:04565375-n
ウエート,うえーと,wnja:05026843-n
ウエーブ,うえーぶ,wnja:05259240-n
ウエーヴ,うえーゔ,wnja:05259240-n
ウォッカ,うぉっか,wnja:07906111-n
ウォッチ,うぉっち,wnja:04555897-n
ウォーク,うぉーく,wnja:11398094-n
ウォーム,うぉーむ,wnja:04604513-n
ウオッチ,うおっち,wnja:04555897-n
ウクレレ,うくれれ,wnja:04506289-n
ウシバエ,うしばえ,wnja:02195091-n
ウバザメ,うばざめ,wnja:01485479-n
ウミシダ,うみしだ,wnja:02321170-n
ウミユリ,うみゆり,wnja:02320127-n
ウラシル,うらしる,wnja:15084357-n
ウラニル,うらにる,wnja:15084999-n
ウラマー,うらまー,wnja:08380017-n
ウルシ科,うるしか,wnja:12758639-n
ウレタン,うれたん,wnja:15084277-n
ウーマン,うーまん,wnja:10787470-n
エアカー,えあかー,wnja:03547229-n
エアコン,えあこん,wnja:02686379-n
エアゾル,えあぞる,wnja:02682922-n
エイサー,えいさー,wnja:12752039-n
エオシン,えおしん,wnja:14987484-n
エキスポ,えきすぽ,wnja:08407619-n
エキマニ,えきまに,wnja:03303333-n
エクスポ,えくすぽ,wnja:08407619-n
エクラン,えくらん,wnja:04152829-n
エクレア,えくれあ,wnja:07628691-n
エゴノキ,えごのき,wnja:12777436-n
エスエフ,えすえふ,wnja:06368628-n
エスキス,えすきす,wnja:03230785-n
エステル,えすてる,wnja:10961372-n
エスプリ,えすぷり,wnja:04620558-n
エチレン,えちれん,wnja:14851157-n
エッセイ,えっせい,wnja:06409562-n
エッセー,えっせー,wnja:06409562-n
エディタ,えでぃた,wnja:06574841-n
エナジー,えなじー,wnja:05035961-n
エナメル,えなめる,wnja:15110454-n
エニシダ,えにしだ,wnja:12521394-n
エネミー,えねみー,wnja:07946851-n
エピック,えぴっく,wnja:06379721-n
エプロン,えぷろん,wnja:02730930-n
エベント,えべんと,wnja:00029378-n
エポック,えぽっく,wnja:15248564-n
エミッタ,えみった,wnja:03283827-n
エミュー,えみゅー,wnja:01519873-n
エメリー,えめりー,wnja:14674143-n
エランド,えらんど,wnja:02426813-n
エリント,えりんと,wnja:00983102-n
エリート,えりーと,wnja:08386555-n
エルボー,えるぼー,wnja:05579944-n
エンゼル,えんぜる,wnja:09538915-n
エーカー,えーかー,wnja:13613742-n
エーテル,えーてる,wnja:03299929-n
エートス,えーとす,wnja:04723286-n
オアシス,おあしす,wnja:03499796-n
オオカミ,おおかみ,wnja:02114100-n
オオタカ,おおたか,wnja:01606522-n
オオハシ,おおはし,wnja:01843383-n
オオバコ,おおばこ,wnja:12598629-n
オオバン,おおばん,wnja:02018027-n
オオワシ,おおわし,wnja:01615303-n
オカリナ,おかりな,wnja:03840681-n
オカルト,おかると,wnja:09503877-n
オキアミ,おきあみ,wnja:01988701-n
オクタン,おくたん,wnja:14966530-n
オコジョ,おこじょ,wnja:02442172-n
オシドリ,おしどり,wnja:01852400-n
オゾン層,おぞんそう,wnja:09382726-n
オタリア,おたりあ,wnja:02078292-n
オナニー,おなにー,wnja:00855674-n
オナモミ,おなもみ,wnja:12033139-n
オニオン,おにおん,wnja:07722217-n
オニユリ,おにゆり,wnja:12427184-n
オパール,おぱーる,wnja:14688234-n
オヒョウ,おひょう,wnja:02660640-n
オファー,おふぁー,wnja:07164546-n
オフィス,おふぃす,wnja:03841666-n
オプシン,おぷしん,wnja:14735077-n
オペロン,おぺろん,wnja:05440207-n
オムレツ,おむれつ,wnja:07842753-n
オラクル,おらくる,wnja:06750339-n
オリジン,おりじん,wnja:08507558-n
オリーブ,おりーぶ,wnja:07767344-n
オルガン,おるがん,wnja:03494537-n
オルメカ,おるめか,wnja:09649067-n
オレイン,おれいん,wnja:15079656-n
オレンジ,おれんじ,wnja:04965179-n
オーカー,おーかー,wnja:04966841-n
オークル,おーくる,wnja:04966841-n
オーサー,おーさー,wnja:10794014-n
オージー,おーじー,wnja:00511212-n
オータム,おーたむ,wnja:15236859-n
オーダー,おーだー,wnja:06529219-n
オーナー,おーなー,wnja:10388924-n
オーバー,おーばー,wnja:03057021-n
オーパス,おーぱす,wnja:07037465-n
オーブン,おーぶん,wnja:03862676-n
オープン,おーぷん,wnja:00383390-n
オーボエ,おーぼえ,wnja:03838899-n
オーボー,おーぼー,wnja:03838899-n
オーメン,おーめん,wnja:07286014-n
オーラル,おーらる,wnja:07198846-n
オーロラ,おーろら,wnja:11427241-n
オーヴン,おーゔん,wnja:03862676-n
カイゼル,かいぜる,wnja:10229338-n
カイマン,かいまん,wnja:01699040-n
カウベル,かうべる,wnja:03123917-n
カウンタ,かうんた,wnja:02789487-n
カウント,かうんと,wnja:00634586-n
カエデ科,かえでか,wnja:12751823-n
カクタス,かくたす,wnja:11842204-n
カクテル,かくてる,wnja:07581775-n
カシミア,かしみあ,wnja:02977330-n
カシミヤ,かしみや,wnja:02977330-n
カシュー,かしゅー,wnja:07772147-n
カステラ,かすてら,wnja:07632037-n
カセット,かせっと,wnja:02978881-n
カゼイン,かぜいん,wnja:14735347-n
カソード,かそーど,wnja:02984699-n
カタバミ,かたばみ,wnja:12702948-n
カタログ,かたろぐ,wnja:06416206-n
カダヤシ,かだやし,wnja:01449374-n
カチンコ,かちんこ,wnja:03037404-n
カッコウ,かっこう,wnja:01823013-n
カッター,かったー,wnja:03154073-n
カップル,かっぷる,wnja:07985628-n
カツレツ,かつれつ,wnja:07654886-n
カテキン,かてきん,wnja:15067237-n
カテゴリ,かてごり,wnja:05838765-n
カデンツ,かでんつ,wnja:04991879-n
カトレア,かとれあ,wnja:12050533-n
カナッペ,かなっぺ,wnja:07581607-n
カナリア,かなりあ,wnja:01533339-n
カナリヤ,かなりや,wnja:09890662-n
カピタン,かぴたん,wnja:09893344-n
カピバラ,かぴばら,wnja:02365480-n
カフェー,かふぇー,wnja:02935658-n
カプセル,かぷせる,wnja:02957586-n
カベルネ,かべるね,wnja:07895710-n
カボチャ,かぼちゃ,wnja:07735510-n
カポック,かぽっく,wnja:14925776-n
カミツレ,かみつれ,wnja:11994827-n
カムルチ,かむるち,wnja:12881105-n
カモシカ,かもしか,wnja:02418064-n
カヤック,かやっく,wnja:03609235-n
カライモ,からいも,wnja:12827684-n
カラカル,からかる,wnja:02127678-n
カラシナ,からしな,wnja:07713763-n
カラタチ,からたち,wnja:12714254-n
カラット,からっと,wnja:13585127-n
カラビナ,からびな,wnja:02960690-n
カラムシ,からむし,wnja:12393269-n
カラメル,からめる,wnja:07595180-n
カラント,からんと,wnja:07752966-n
カラード,からーど,wnja:09637512-n
カリウム,かりうむ,wnja:14650807-n
カリスマ,かりすま,wnja:04686537-n
カリプソ,かりぷそ,wnja:12049562-n
カリヨン,かりよん,wnja:00544441-n
カルテル,かるてる,wnja:08236621-n
カルデラ,かるでら,wnja:09231117-n
カルミア,かるみあ,wnja:12237486-n
カルメラ,かるめら,wnja:07601809-n
カレッジ,かれっじ,wnja:08278324-n
カレンズ,かれんず,wnja:07752966-n
カレー粉,かれーこ,wnja:07823814-n
カロチン,かろちん,wnja:14721236-n
カロメル,かろめる,wnja:14950937-n
カロリー,かろりー,wnja:13726296-n
カワウソ,かわうそ,wnja:02444819-n
カワセミ,かわせみ,wnja:01827403-n
カワハギ,かわはぎ,wnja:02653786-n
カンジダ,かんじだ,wnja:13079419-n
カンテラ,かんてら,wnja:03640988-n
カンデラ,かんでら,wnja:13641534-n
カンバス,かんばす,wnja:02953673-n
カヴァー,かゔぁー,wnja:01049685-n
カースト,かーすと,wnja:08306047-n
カーソル,かーそる,wnja:03150795-n
カーテン,かーてん,wnja:03151077-n
カービン,かーびん,wnja:02961451-n
カーボン,かーぼん,wnja:02961851-n
カーラー,かーらー,wnja:03150232-n
ガイスト,がいすと,wnja:04620558-n
ガウチョ,がうちょ,wnja:10122441-n
ガザニア,がざにあ,wnja:11971248-n
ガソリン,がそりん,wnja:14686913-n
ガボット,がぼっと,wnja:00533224-n
ガマズミ,がまずみ,wnja:11837020-n
ガランス,がらんす,wnja:12661045-n
ガリウム,がりうむ,wnja:14638256-n
ガルソン,がるそん,wnja:10763383-n
ガレージ,がれーじ,wnja:03416489-n
ガンマ線,がんません,wnja:11463073-n
ガーター,がーたー,wnja:03421117-n
ガーデン,がーでん,wnja:03417345-n
ガードル,がーどる,wnja:03112869-n
ガーベラ,がーべら,wnja:11925303-n
キアズマ,きあずま,wnja:05228496-n
キイチゴ,きいちご,wnja:12655869-n
キクイモ,きくいも,wnja:11979715-n
キシレン,きしれん,wnja:15106143-n
キセノン,きせのん,wnja:14661274-n
キッカー,きっかー,wnja:10230580-n
キッシュ,きっしゅ,wnja:07619594-n
キッチュ,きっちゅ,wnja:03621935-n
キッチン,きっちん,wnja:03619890-n
キツツキ,きつつき,wnja:01838598-n
キナーゼ,きなーぜ,wnja:14927881-n
キニジン,きにじん,wnja:04034884-n
キニーネ,きにーね,wnja:04035086-n
キバシリ,きばしり,wnja:01554448-n
キマイラ,きまいら,wnja:09493562-n
キモシン,きもしん,wnja:15004317-n
キャスト,きゃすと,wnja:00105479-n
キャッチ,きゃっち,wnja:00138956-n
キャット,きゃっと,wnja:02121620-n
キャップ,きゃっぷ,wnja:02954340-n
キャノン,きゃのん,wnja:02950632-n
キャビア,きゃびあ,wnja:07799579-n
キャビン,きゃびん,wnja:02932019-n
キャフェ,きゃふぇ,wnja:02935658-n
キャベツ,きゃべつ,wnja:07713895-n
キャメラ,きゃめら,wnja:02942699-n
キャメル,きゃめる,wnja:02437136-n
キャリア,きゃりあ,wnja:00282613-n
キャリヤ,きゃりや,wnja:00282613-n
キャリー,きゃりー,wnja:00318735-n
キャロル,きゃろる,wnja:00546613-n
キャンプ,きゃんぷ,wnja:01055165-n
キュリー,きゅりー,wnja:10917703-n
キューブ,きゅーぶ,wnja:03144592-n
キルシュ,きるしゅ,wnja:07904072-n
キレート,きれーと,wnja:14619033-n
キロトン,きろとん,wnja:13647215-n
キーウィ,きーうぃ,wnja:01520576-n
キーパー,きーぱー,wnja:10134001-n
ギシギシ,ぎしぎし,wnja:07736371-n
ギボウシ,ぎぼうし,wnja:12457771-n
ギミック,ぎみっく,wnja:05164673-n
ギャザー,ぎゃざー,wnja:03428805-n
ギャップ,ぎゃっぷ,wnja:03416329-n
ギャング,ぎゃんぐ,wnja:03415363-n
ギヤマン,ぎやまん,wnja:03439064-n
ギルダー,ぎるだー,wnja:13679855-n
ギロチン,ぎろちん,wnja:03467068-n
ギンガム,ぎんがむ,wnja:03437741-n
ギンドロ,ぎんどろ,wnja:12732009-n
クアッガ,くあっが,wnja:02391617-n
クィーン,くぃーん,wnja:02313008-n
クイック,くいっく,wnja:00536964-n
クイーン,くいーん,wnja:02313008-n
クォーク,くぉーく,wnja:09401834-n
クォータ,くぉーた,wnja:06660396-n
クォーツ,くぉーつ,wnja:14693733-n
クォート,くぉーと,wnja:13619592-n
クオーク,くおーく,wnja:09401834-n
クオータ,くおーた,wnja:06660396-n
クオーツ,くおーつ,wnja:14693733-n
クオート,くおーと,wnja:13619592-n
クスクス,くすくす,wnja:01881171-n
クスノキ,くすのき,wnja:11704620-n
クチクラ,くちくら,wnja:01903756-n
クッキー,くっきー,wnja:07635155-n
クマノミ,くまのみ,wnja:02607072-n
クマバチ,くまばち,wnja:02209354-n
クモガニ,くもがに,wnja:01981702-n
クモザル,くもざる,wnja:02493793-n
クラウン,くらうん,wnja:03138669-n
クラスタ,くらすた,wnja:07959943-n
クラスト,くらすと,wnja:09260218-n
クラック,くらっく,wnja:03125184-n
クラッチ,くらっち,wnja:03054901-n
クラフト,くらふと,wnja:03485655-n
クランク,くらんく,wnja:03127024-n
クランケ,くらんけ,wnja:10405694-n
クラーク,くらーく,wnja:09928451-n
クラーレ,くらーれ,wnja:15111609-n
クリック,くりっく,wnja:00112828-n
クリップ,くりっぷ,wnja:03043958-n
クリンチ,くりんち,wnja:00059728-n
クリーク,くりーく,wnja:09229409-n
クリープ,くりーぷ,wnja:09976917-n
クリーム,くりーむ,wnja:03128519-n
クルトン,くるとん,wnja:07682197-n
クルミ科,くるみか,wnja:12317919-n
クルーズ,くるーず,wnja:00309115-n
クレイム,くれいむ,wnja:07208708-n
クレオメ,くれおめ,wnja:11866078-n
クレオン,くれおん,wnja:09596547-n
クレスト,くれすと,wnja:03138981-n
クレソン,くれそん,wnja:07732904-n
クレバス,くればす,wnja:09259677-n
クレヨン,くれよん,wnja:03128248-n
クレープ,くれーぷ,wnja:03130563-n
クレーム,くれーむ,wnja:01061945-n
クレーン,くれーん,wnja:03126707-n
クロカビ,くろかび,wnja:12973937-n
クロガモ,くろがも,wnja:01853498-n
クロクマ,くろくま,wnja:02133704-n
クロサイ,くろさい,wnja:02393161-n
クロック,くろっく,wnja:03046257-n
クロテン,くろてん,wnja:02450426-n
クロトン,くろとん,wnja:12922763-n
クロマツ,くろまつ,wnja:11618290-n
クロリド,くろりど,wnja:15017604-n
クロレラ,くろれら,wnja:01411450-n
クローク,くろーく,wnja:03011892-n
クロース,くろーす,wnja:03309808-n
クローズ,くろーず,wnja:06314144-n
クローナ,くろーな,wnja:13681993-n
クローネ,くろーね,wnja:13682740-n
クローブ,くろーぶ,wnja:07814487-n
クローラ,くろーら,wnja:06579715-n
クロール,くろーる,wnja:00570366-n
クローン,くろーん,wnja:07940242-n
クローヴ,くろーゔ,wnja:07814487-n
クワイア,くわいあ,wnja:08188638-n
クワイヤ,くわいや,wnja:08188638-n
クワチャ,くわちゃ,wnja:13683221-n
クワンザ,くわんざ,wnja:00518152-n
クーパー,くーぱー,wnja:10909127-n
クーポン,くーぽん,wnja:06518068-n
クーラー,くーらー,wnja:02686379-n
クーリー,くーりー,wnja:09642917-n
クーロン,くーろん,wnja:10912802-n
グアナコ,ぐあなこ,wnja:02438173-n
グアニン,ぐあにん,wnja:14892138-n
グッピー,ぐっぴー,wnja:01448594-n
グラウト,ぐらうと,wnja:14891988-n
グラッパ,ぐらっぱ,wnja:07903962-n
グラビア,ぐらびあ,wnja:01103374-n
グラント,ぐらんと,wnja:11011123-n
グランド,ぐらんど,wnja:08570758-n
グリシン,ぐりしん,wnja:12532008-n
グリッド,ぐりっど,wnja:03458552-n
グリップ,ぐりっぷ,wnja:03485997-n
グリース,ぐりーす,wnja:14890945-n
グリーン,ぐりーん,wnja:04967191-n
グルテン,ぐるてん,wnja:07570237-n
グルマン,ぐるまん,wnja:10132988-n
グループ,ぐるーぷ,wnja:00031264-n
グレイン,ぐれいん,wnja:07802417-n
グレリン,ぐれりん,wnja:05409663-n
グレード,ぐれーど,wnja:05737153-n
グレープ,ぐれーぷ,wnja:07758680-n
グレーン,ぐれーん,wnja:07802417-n
グロビン,ぐろびん,wnja:15025942-n
グローブ,ぐろーぶ,wnja:02800213-n
グールド,ぐーるど,wnja:13679273-n
ケジラミ,けじらみ,wnja:02185167-n
ケタミン,けたみん,wnja:03611590-n
ケットル,けっとる,wnja:03612814-n
ケトース,けとーす,wnja:14927739-n
ケミスト,けみすと,wnja:09913824-n
ケラチン,けらちん,wnja:14732472-n
ケルト人,けるとじん,wnja:09688008-n
ケルビン,けるびん,wnja:11100260-n
ケロイド,けろいど,wnja:14363913-n
ケロシン,けろしん,wnja:14687633-n
ケンネル,けんねる,wnja:03610524-n
ケーソン,けーそん,wnja:02937093-n
ケーブル,けーぶる,wnja:02933842-n
ゲッツー,げっつー,wnja:00564373-n
ゲットー,げっとー,wnja:08549292-n
ゲバルト,げばると,wnja:00965404-n
ゲラ刷り,げらずり,wnja:06591108-n
ゲルマン,げるまん,wnja:10993777-n
ゲレンデ,げれんで,wnja:09436444-n
ゲートル,げーとる,wnja:03410938-n
コウイカ,こういか,wnja:01972541-n
コウモリ,こうもり,wnja:02139199-n
コカイン,こかいん,wnja:03060294-n
コカノキ,こかのき,wnja:12690046-n
コキール,こきーる,wnja:03105214-n
コケット,こけっと,wnja:09965134-n
ココナツ,ここなつ,wnja:07772935-n
ココヤシ,ここやし,wnja:12587803-n
コサック,こさっく,wnja:09967555-n
コサージ,こさーじ,wnja:02879087-n
コスモス,こすもす,wnja:09466280-n
コックス,こっくす,wnja:14737847-n
コットン,こっとん,wnja:03115180-n
コッピー,こっぴー,wnja:01019901-n
コデイン,こでいん,wnja:03062461-n
コネクタ,こねくた,wnja:03091374-n
コバルト,こばると,wnja:04969798-n
コブラー,こぶらー,wnja:07913774-n
コペイカ,こぺいか,wnja:13699189-n
コホート,こほーと,wnja:07943480-n
コマクサ,こまくさ,wnja:11910070-n
コマンド,こまんど,wnja:06584891-n
コミック,こみっく,wnja:07026646-n
コメット,こめっと,wnja:09251407-n
コメディ,こめでぃ,wnja:07015510-n
コメント,こめんと,wnja:06762711-n
コモンズ,こもんず,wnja:08168117-n
コヨーテ,こよーて,wnja:02114855-n
コラール,こらーる,wnja:07036328-n
コリウス,こりうす,wnja:12844939-n
コレクタ,これくた,wnja:09936620-n
コロイド,ころいど,wnja:14588219-n
コロッケ,ころっけ,wnja:07866015-n
コロニア,ころにあ,wnja:08374049-n
コロニー,ころにー,wnja:07996010-n
コロブス,ころぶす,wnja:02488702-n
コロンボ,ころんぼ,wnja:08719465-n
コンクリ,こんくり,wnja:14820180-n
コンサバ,こんさば,wnja:09957156-n
コンソメ,こんそめ,wnja:07584110-n
コンテナ,こんてな,wnja:03094503-n
コンドル,こんどる,wnja:01619536-n
コンパス,こんぱす,wnja:03080497-n
コンパネ,こんぱね,wnja:03098140-n
コンビニ,こんびに,wnja:03099274-n
コンベア,こんべあ,wnja:03100897-n
コンベヤ,こんべや,wnja:03100897-n
コンボイ,こんぼい,wnja:00827974-n
コークス,こーくす,wnja:14685768-n
コースト,こーすと,wnja:09428293-n
コーナー,こーなー,wnja:03109881-n
コーパス,こーぱす,wnja:05221526-n
コーパル,こーぱる,wnja:14895189-n
コーラス,こーらす,wnja:07050177-n
コールド,こーるど,wnja:05015117-n
コール天,こーるてん,wnja:03106722-n
ゴキブリ,ごきぶり,wnja:02233338-n
ゴシップ,ごしっぷ,wnja:07135080-n
ゴルジュ,ごるじゅ,wnja:09290444-n
ゴルフ場,ごるふじょう,wnja:03446528-n
ゴンドラ,ごんどら,wnja:02960501-n
ゴーグル,ごーぐる,wnja:03443912-n
ゴースト,ごーすと,wnja:05898171-n
サイクル,さいくる,wnja:02834778-n
サイダー,さいだー,wnja:07921455-n
サイホン,さいほん,wnja:01468913-n
サイレン,さいれん,wnja:04224395-n
サウンド,さうんど,wnja:04981139-n
サクセス,さくせす,wnja:00063652-n
サッカー,さっかー,wnja:00478262-n
サックス,さっくす,wnja:04141076-n
サドマゾ,さどまぞ,wnja:07494018-n
サバラン,さばらん,wnja:07633960-n
サバンナ,さばんな,wnja:08645847-n
サファリ,さふぁり,wnja:00309906-n
サフラン,さふらん,wnja:04966717-n
サプライ,さぷらい,wnja:01057200-n
サボテン,さぼてん,wnja:11842204-n
サポジラ,さぽじら,wnja:07764315-n
サポニン,さぽにん,wnja:14887925-n
サポート,さぽーと,wnja:00971463-n
サマリー,さまりー,wnja:06467007-n
サミット,さみっと,wnja:08312359-n
サラダ油,さらだゆ,wnja:07674912-n
サラリー,さらりー,wnja:13279262-n
サルタン,さるたん,wnja:10674315-n
サルビア,さるびあ,wnja:07820497-n
サルファ,さるふぁ,wnja:14656219-n
サルーン,さるーん,wnja:04018399-n
サンダル,さんだる,wnja:04133789-n
サンデー,さんでー,wnja:07616487-n
サントス,さんとす,wnja:08856630-n
サントラ,さんとら,wnja:04262969-n
サンプル,さんぷる,wnja:05821775-n
サーカス,さーかす,wnja:00519739-n
サークル,さーくる,wnja:03032811-n
サーバー,さーばー,wnja:04175147-n
サービス,さーびす,wnja:00098625-n
サーブル,さーぶる,wnja:02987492-n
サーベイ,さーべい,wnja:06469223-n
サーベル,さーべる,wnja:02987492-n
サーモン,さーもん,wnja:02534734-n
ザカート,ざかーと,wnja:05914851-n
ザリガニ,ざりがに,wnja:01985128-n
シアター,しあたー,wnja:04417809-n
シイタケ,しいたけ,wnja:13001930-n
シェイド,しぇいど,wnja:04181718-n
シェリー,しぇりー,wnja:07900958-n
シェード,しぇーど,wnja:04181718-n
シェープ,しぇーぷ,wnja:04677514-n
シェーマ,しぇーま,wnja:05891572-n
シェーレ,しぇーれ,wnja:11283843-n
シエスタ,しえすた,wnja:00858631-n
シガリロ,しがりろ,wnja:03031306-n
シグナル,しぐなる,wnja:06791372-n
シスター,しすたー,wnja:09827363-n
シスチン,しすちん,wnja:14604616-n
システム,しすてむ,wnja:03701640-n
シタール,したーる,wnja:04224842-n
シチュー,しちゅー,wnja:07588947-n
シトシン,しとしん,wnja:14828511-n
シトラス,しとらす,wnja:07747055-n
シトリン,しとりん,wnja:15076523-n
シトロン,しとろん,wnja:07750449-n
シナジー,しなじー,wnja:13564910-n
シナプス,しなぷす,wnja:05473928-n
シナモン,しなもん,wnja:07814203-n
シナリオ,しなりお,wnja:06756111-n
シニヨン,しによん,wnja:05259726-n
シノニム,しのにむ,wnja:06303682-n
シフォン,しふぉん,wnja:03016868-n
シャッセ,しゃっせ,wnja:00534152-n
シャッド,しゃっど,wnja:02530421-n
シャッポ,しゃっぽ,wnja:02954340-n
シャトー,しゃとー,wnja:02980441-n
シャドー,しゃどー,wnja:13984613-n
シャフト,しゃふと,wnja:04182322-n
シャベル,しゃべる,wnja:04208210-n
シャボン,しゃぼん,wnja:04253437-n
シャポー,しゃぽー,wnja:02954340-n
シャモア,しゃもあ,wnja:02419336-n
シャリア,しゃりあ,wnja:08455829-n
シャワー,しゃわー,wnja:04208936-n
シャント,しゃんと,wnja:04210858-n
シャーシ,しゃーし,wnja:03010473-n
シャープ,しゃーぷ,wnja:06866599-n
シュガー,しゅがー,wnja:07859284-n
シュート,しゅーと,wnja:00788632-n
シュール,しゅーる,wnja:08470210-n
ショコラ,しょこら,wnja:04972451-n
ショック,しょっく,wnja:01172252-n
ショット,しょっと,wnja:00565302-n
ショップ,しょっぷ,wnja:04202417-n
ショベル,しょべる,wnja:04208210-n
ショーツ,しょーつ,wnja:03234164-n
ショート,しょーと,wnja:00723984-n
ショール,しょーる,wnja:04186455-n
シラバス,しらばす,wnja:06676416-n
シラブル,しらぶる,wnja:06304671-n
シリアル,しりある,wnja:07702796-n
シリコン,しりこん,wnja:14654541-n
シリング,しりんぐ,wnja:13389763-n
シリンダ,しりんだ,wnja:03156279-n
シリーズ,しりーず,wnja:06593803-n
シルバー,しるばー,wnja:04962062-n
シロッコ,しろっこ,wnja:11448153-n
シロップ,しろっぷ,wnja:07859583-n
シロホン,しろほん,wnja:03721384-n
シロモノ,しろもの,wnja:04424218-n
シンカー,しんかー,wnja:00108965-n
シンガー,しんがー,wnja:10599806-n
シンクロ,しんくろ,wnja:04170694-n
シングル,しんぐる,wnja:04222307-n
シンナー,しんなー,wnja:14835333-n
シンバル,しんばる,wnja:03157348-n
シンボル,しんぼる,wnja:05765415-n
シーエム,しーえむ,wnja:07250034-n
シーカー,しーかー,wnja:04167489-n
シーズン,しーずん,wnja:15236475-n
シーズー,しーずー,wnja:02086240-n
シーソー,しーそー,wnja:04167759-n
シールド,しーるど,wnja:04192858-n
ジアミン,じあみん,wnja:14604857-n
ジェット,じぇっと,wnja:03595860-n
ジェリィ,じぇりぃ,wnja:07643306-n
ジェリー,じぇりー,wnja:07643306-n
ジオラマ,じおらま,wnja:03884072-n
ジッター,じったー,wnja:11303522-n
ジッパー,じっぱー,wnja:04238321-n
ジハード,じはーど,wnja:00996513-n
ジプシー,じぷしー,wnja:06969822-n
ジャイブ,じゃいぶ,wnja:07066042-n
ジャイロ,じゃいろ,wnja:03473227-n
ジャガー,じゃがー,wnja:02128925-n
ジャケツ,じゃけつ,wnja:03590306-n
ジャッキ,じゃっき,wnja:03588951-n
ジャック,じゃっく,wnja:03589093-n
ジャッジ,じゃっじ,wnja:05789432-n
ジャップ,じゃっぷ,wnja:09718652-n
ジャンパ,じゃんぱ,wnja:03604629-n
ジャンプ,じゃんぷ,wnja:00119568-n
ジャンル,じゃんる,wnja:03434943-n
ジャーク,じゃーく,wnja:00335988-n
ジャージ,じゃーじ,wnja:03595614-n
ジュゴン,じゅごん,wnja:02074367-n
ジュニア,じゅにあ,wnja:10274815-n
ジュバン,じゅばん,wnja:04508949-n
ジュース,じゅーす,wnja:07923748-n
ジュート,じゅーと,wnja:14925645-n
ジュール,じゅーる,wnja:06832140-n
ジョガー,じょがー,wnja:10223459-n
ジョッキ,じょっき,wnja:02824058-n
ジョーク,じょーく,wnja:06778102-n
ジルコン,じるこん,wnja:15109127-n
ジレンマ,じれんま,wnja:05686086-n
ジンクス,じんくす,wnja:07160424-n
ジングル,じんぐる,wnja:09264599-n
ジーンズ,じーんず,wnja:03175189-n
スィッチ,すぃっち,wnja:04372370-n
スイッチ,すいっち,wnja:00563823-n
スイマー,すいまー,wnja:10683126-n
スイング,すいんぐ,wnja:00541178-n
スイープ,すいーぷ,wnja:00559555-n
スエット,すえっと,wnja:05405751-n
スエード,すえーど,wnja:04350458-n
スカウト,すかうと,wnja:10562749-n
スカラベ,すからべ,wnja:02172182-n
スカラー,すからー,wnja:05864351-n
スカンク,すかんく,wnja:02445715-n
スカンピ,すかんぴ,wnja:07876550-n
スカート,すかーと,wnja:04230808-n
スカーフ,すかーふ,wnja:04143897-n
スキット,すきっと,wnja:00551508-n
スキップ,すきっぷ,wnja:00289906-n
スキニー,すきにー,wnja:07218853-n
スキャナ,すきゃな,wnja:04143140-n
スキャン,すきゃん,wnja:04142549-n
スキート,すきーと,wnja:11304354-n
スキーマ,すきーま,wnja:05891572-n
スキーム,すきーむ,wnja:05891572-n
スクイズ,すくいず,wnja:00788097-n
スクラム,すくらむ,wnja:00242146-n
スクリム,すくりむ,wnja:04155625-n
スクータ,すくーた,wnja:03791053-n
スクープ,すくーぷ,wnja:04149208-n
スクール,すくーる,wnja:08276720-n
スケッチ,すけっち,wnja:04227144-n
スケート,すけーと,wnja:00448466-n
スケール,すけーる,wnja:13815342-n
スコッチ,すこっち,wnja:07907548-n
スコップ,すこっぷ,wnja:04149208-n
スコリア,すこりあ,wnja:15042856-n
スコート,すこーと,wnja:04230808-n
スコープ,すこーぷ,wnja:05125377-n
スコール,すこーる,wnja:11514008-n
スコーン,すこーん,wnja:07690892-n
スズシロ,すずしろ,wnja:07735687-n
スズメガ,すずめが,wnja:02298379-n
スズラン,すずらん,wnja:12471366-n
スタイル,すたいる,wnja:01901213-n
スタウト,すたうと,wnja:05097166-n
スタジオ,すたじお,wnja:04344246-n
スタチン,すたちん,wnja:03676175-n
スタック,すたっく,wnja:04027504-n
スタッコ,すたっこ,wnja:15062057-n
スタッフ,すたっふ,wnja:08439955-n
スタミナ,すたみな,wnja:05032918-n
スタンス,すたんす,wnja:06196284-n
スタント,すたんと,wnja:00046344-n
スタンド,すたんど,wnja:02797692-n
スタンプ,すたんぷ,wnja:04299963-n
スターチ,すたーち,wnja:15053867-n
スタート,すたーと,wnja:00235435-n
スチレン,すちれん,wnja:14595543-n
スチーム,すちーむ,wnja:04309682-n
スチール,すちーる,wnja:04319248-n
スツール,すつーる,wnja:04326896-n
スティル,すてぃる,wnja:04319248-n
ステイト,すていと,wnja:08544813-n
ステッキ,すてっき,wnja:02949202-n
ステッチ,すてっち,wnja:04321238-n
ステップ,すてっぷ,wnja:00285557-n
ステビア,すてびあ,wnja:12004547-n
ステルス,すてるす,wnja:04308273-n
ステレオ,すてれお,wnja:04315948-n
ステント,すてんと,wnja:04314735-n
ステーキ,すてーき,wnja:07658168-n
ステージ,すてーじ,wnja:04296562-n
ステート,すてーと,wnja:08544813-n
ストアー,すとあー,wnja:04202417-n
ストック,すとっく,wnja:04230603-n
ストップ,すとっぷ,wnja:01076046-n
ストレス,すとれす,wnja:07085375-n
ストロボ,すとろぼ,wnja:03358172-n
ストロマ,すとろま,wnja:12962389-n
ストロー,すとろー,wnja:04334232-n
ストーブ,すとーぶ,wnja:03508101-n
ストーム,すとーむ,wnja:11462526-n
ストーリ,すとーり,wnja:15121406-n
ストール,すとーる,wnja:04325704-n
ストーン,すとーん,wnja:09416076-n
ストーヴ,すとーゔ,wnja:04330267-n
スト破り,すとやぶり,wnja:00621198-n
スナック,すなっく,wnja:02796995-n
スナッチ,すなっち,wnja:00627196-n
スナップ,すなっぷ,wnja:00120943-n
スネーク,すねーく,wnja:01726692-n
スノッブ,すのっぶ,wnja:10617024-n
スパイク,すぱいく,wnja:04275661-n
スパット,すぱっと,wnja:00072261-n
スパーク,すぱーく,wnja:07412310-n
スピッツ,すぴっつ,wnja:02112018-n
スピナー,すぴなー,wnja:04278605-n
スピネル,すぴねる,wnja:15050898-n
スピーカ,すぴーか,wnja:03691459-n
スピーク,すぴーく,wnja:11310081-n
スピーチ,すぴーち,wnja:07238694-n
スピード,すぴーど,wnja:05058140-n
スプレー,すぷれー,wnja:02754103-n
スプール,すぷーる,wnja:02860415-n
スプーン,すぷーん,wnja:04284002-n
スペック,すぺっく,wnja:06725067-n
スペルマ,すぺるま,wnja:05457469-n
スペース,すぺーす,wnja:00028651-n
スペード,すぺーど,wnja:04266660-n
スポック,すぽっく,wnja:11311623-n
スポット,すぽっと,wnja:04286128-n
スポンジ,すぽんじ,wnja:10501453-n
スポーク,すぽーく,wnja:04283378-n
スポーツ,すぽーつ,wnja:00433216-n
スマイル,すまいる,wnja:06878071-n
スマック,すまっく,wnja:04244847-n
スモック,すもっく,wnja:03258730-n
スモッグ,すもっぐ,wnja:14518377-n
スモーク,すもーく,wnja:11508092-n
スライス,すらいす,wnja:00572043-n
スライド,すらいど,wnja:00328502-n
スラッジ,すらっじ,wnja:14956661-n
スラリー,すらりー,wnja:14591333-n
スラング,すらんぐ,wnja:07157273-n
スランプ,すらんぷ,wnja:14489113-n
スリット,すりっと,wnja:04241940-n
スリッパ,すりっぱ,wnja:04241394-n
スリップ,すりっぷ,wnja:03013580-n
スリラー,すりらー,wnja:01261113-n
スリング,すりんぐ,wnja:07917618-n
スリーブ,すりーぶ,wnja:04236377-n
スリープ,すりーぷ,wnja:01064863-n
スリーヴ,すりーゔ,wnja:04236377-n
スルタン,するたん,wnja:10674315-n
スループ,するーぷ,wnja:04242408-n
スレイブ,すれいぶ,wnja:09864891-n
スレイヴ,すれいゔ,wnja:09864891-n
スレート,すれーと,wnja:15043002-n
スレーブ,すれーぶ,wnja:09864891-n
スロット,すろっと,wnja:03066606-n
スロープ,すろーぷ,wnja:09437454-n
スーパー,すーぱー,wnja:03176763-n
スーフィ,すーふぃ,wnja:10672371-n
ズボン下,ずぼんした,wnja:03688707-n
セイウチ,せいうち,wnja:02081571-n
セイント,せいんと,wnja:10547145-n
セオリー,せおりー,wnja:05952979-n
セカンド,せかんど,wnja:00723783-n
セクター,せくたー,wnja:07966719-n
セクハラ,せくはら,wnja:00425781-n
セコイア,せこいあ,wnja:11640645-n
セコンド,せこんど,wnja:10568083-n
セシウム,せしうむ,wnja:14634232-n
セックス,せっくす,wnja:00844254-n
セッター,せったー,wnja:02100399-n
セミナー,せみなー,wnja:00892145-n
セミプロ,せみぷろ,wnja:10578349-n
セメント,せめんと,wnja:05308810-n
セモリナ,せもりな,wnja:07570021-n
セラック,せらっく,wnja:14701628-n
セラピー,せらぴー,wnja:00661091-n
セリウム,せりうむ,wnja:14633957-n
セロジネ,せろじね,wnja:12052787-n
センサス,せんさす,wnja:00653388-n
センサー,せんさー,wnja:03180969-n
センタボ,せんたぼ,wnja:13665256-n
センター,せんたー,wnja:00724684-n
セーター,せーたー,wnja:03595614-n
セーブル,せーぶる,wnja:04122492-n
セーラー,せーらー,wnja:09861395-n
ゼラチン,ぜらちん,wnja:07643981-n
ソケット,そけっと,wnja:04255034-n
ソジウム,そじうむ,wnja:14655371-n
ソックス,そっくす,wnja:04254777-n
ソドミー,そどみー,wnja:00849294-n
ソナチネ,そなちね,wnja:07044680-n
ソネット,そねっと,wnja:06381372-n
ソファー,そふぁー,wnja:04256520-n
ソフト帽,そふとぼう,wnja:03325941-n
ソプラノ,そぷらの,wnja:04985930-n
ソムリエ,そむりえ,wnja:10623806-n
ソラマメ,そらまめ,wnja:12576029-n
ソリスト,そりすと,wnja:10623650-n
ソリッド,そりっど,wnja:13860793-n
ソリトン,そりとん,wnja:07346344-n
ソルガム,そるがむ,wnja:12137337-n
ソルバー,そるばー,wnja:10458111-n
ソレイユ,それいゆ,wnja:09450163-n
ソーサー,そーさー,wnja:13875185-n
ソーター,そーたー,wnja:04261116-n
ソーダ水,そーだすい,wnja:07927512-n
ソーナー,そーなー,wnja:04259771-n
ゾウガメ,ぞうがめ,wnja:01670802-n
ゾウムシ,ぞうむし,wnja:02177972-n
ゾンビー,ぞんびー,wnja:07919165-n
タイガー,たいがー,wnja:02129604-n
タイゴン,たいごん,wnja:02130086-n
タイトル,たいとる,wnja:06339416-n
タイパン,たいぱん,wnja:01751472-n
タイピン,たいぴん,wnja:04434670-n
タイマイ,たいまい,wnja:01664990-n
タイマー,たいまー,wnja:04438304-n
タウリン,たうりん,wnja:14656926-n
タガラシ,たがらし,wnja:11722621-n
タクシー,たくしー,wnja:02930766-n
タコノキ,たこのき,wnja:12154773-n
タックス,たっくす,wnja:13308999-n
タックル,たっくる,wnja:00561985-n
タピオカ,たぴおか,wnja:07619881-n
タフィー,たふぃー,wnja:07599783-n
タフネス,たふねす,wnja:05032918-n
タマバエ,たまばえ,wnja:02189363-n
タマバチ,たまばち,wnja:02216740-n
タムタム,たむたむ,wnja:03447721-n
タラゴン,たらごん,wnja:07821610-n
タラップ,たらっぷ,wnja:02672646-n
タラノキ,たらのき,wnja:11798496-n
タリウム,たりうむ,wnja:14657818-n
タレント,たれんと,wnja:05622456-n
タンカー,たんかー,wnja:03845190-n
タンタル,たんたる,wnja:14656666-n
タンニン,たんにん,wnja:15067025-n
タンポポ,たんぽぽ,wnja:12024176-n
タンポン,たんぽん,wnja:04388162-n
ターキー,たーきー,wnja:01794158-n
タータン,たーたん,wnja:04395106-n
ターナー,たーなー,wnja:11352701-n
ターバン,たーばん,wnja:04498389-n
タービン,たーびん,wnja:04498523-n
ターラー,たーらー,wnja:13708282-n
ダイアル,だいある,wnja:03186696-n
ダイキリ,だいきり,wnja:07914413-n
ダイコン,だいこん,wnja:07735687-n
ダイナモ,だいなも,wnja:03260504-n
ダイマー,だいまー,wnja:14835569-n
ダイヤル,だいやる,wnja:03186696-n
ダッフル,だっふる,wnja:03253796-n
ダビット,だびっと,wnja:03164929-n
ダビング,だびんぐ,wnja:03252959-n
ダブルス,だぶるす,wnja:00483508-n
ダマスク,だますく,wnja:03160740-n
ダメージ,だめーじ,wnja:07420770-n
ダンサー,だんさー,wnja:09989502-n
ダンディ,だんでぃ,wnja:09991026-n
ダンベル,だんべる,wnja:03255030-n
ダーチャ,だーちゃ,wnja:03158186-n
ダーリン,だーりん,wnja:09991867-n
チアジン,ちあじん,wnja:14771088-n
チアミン,ちあみん,wnja:15091129-n
チェイス,ちぇいす,wnja:10893606-n
チェイン,ちぇいん,wnja:02999410-n
チェスト,ちぇすと,wnja:03014705-n
チェック,ちぇっく,wnja:00141806-n
チェリー,ちぇりー,wnja:07757132-n
チェンジ,ちぇんじ,wnja:01109687-n
チェーン,ちぇーん,wnja:02999410-n
チオテパ,ちおてぱ,wnja:04425544-n
チカーノ,ちかーの,wnja:09722817-n
チケット,ちけっと,wnja:06518719-n
チコリー,ちこりー,wnja:07730855-n
チッカー,ちっかー,wnja:04432393-n
チマーゼ,ちまーぜ,wnja:15109586-n
チムニー,ちむにー,wnja:03017428-n
チモール,ちもーる,wnja:15073563-n
チャイブ,ちゃいぶ,wnja:12435152-n
チャイム,ちゃいむ,wnja:03017168-n
チャック,ちゃっく,wnja:04238321-n
チャット,ちゃっと,wnja:03608870-n
チャツネ,ちゃつね,wnja:07823105-n
チャネル,ちゃねる,wnja:03006105-n
チャペル,ちゃぺる,wnja:03007130-n
チャンス,ちゃんす,wnja:14483917-n
チャージ,ちゃーじ,wnja:03008275-n
チャーチ,ちゃーち,wnja:03028079-n
チャート,ちゃーと,wnja:03009920-n
チャーム,ちゃーむ,wnja:05850823-n
チュチュ,ちゅちゅ,wnja:02780815-n
チューナ,ちゅーな,wnja:04043733-n
チューバ,ちゅーば,wnja:02804252-n
チューブ,ちゅーぶ,wnja:04493505-n
チュール,ちゅーる,wnja:04496614-n
チョッキ,ちょっき,wnja:04531873-n
チョップ,ちょっぷ,wnja:00566889-n
チョリソ,ちょりそ,wnja:07676520-n
チョーク,ちょーく,wnja:03003091-n
チラミン,ちらみん,wnja:15082524-n
チロシン,ちろしん,wnja:09583723-n
チンチラ,ちんちら,wnja:02367492-n
ツァーリ,つぁーり,wnja:09987161-n
ツィター,つぃたー,wnja:04615226-n
ツィード,つぃーど,wnja:04502502-n
ツイスト,ついすと,wnja:00534631-n
ツイード,ついーど,wnja:03357081-n
ツツジ科,つつじか,wnja:12226322-n
ツバキ科,つばきか,wnja:12929061-n
ツユクサ,つゆくさ,wnja:12606438-n
ツリウム,つりうむ,wnja:14658546-n
ツンドラ,つんどら,wnja:09463226-n
テアトル,てあとる,wnja:03032252-n
ティアラ,てぃあら,wnja:04432203-n
ティティ,てぃてぃ,wnja:02493509-n
ティーチ,てぃーち,wnja:11334003-n
ティーム,てぃーむ,wnja:08208560-n
ティーン,てぃーん,wnja:09772029-n
テイスト,ていすと,wnja:00882702-n
テキスト,てきすと,wnja:06387980-n
テキーラ,てきーら,wnja:07905979-n
テクスト,てくすと,wnja:06387980-n
テスター,てすたー,wnja:04415354-n
テディー,てでぃー,wnja:03013580-n
テナント,てなんと,wnja:10700201-n
テノール,てのーる,wnja:04986054-n
テューバ,てゅーば,wnja:02804252-n
テリーヌ,てりーぬ,wnja:07880213-n
テルペン,てるぺん,wnja:15068635-n
テレコミ,てれこみ,wnja:06271778-n
テレコム,てれこむ,wnja:06271778-n
テレビ局,てれびきょく,wnja:04406350-n
テレホン,てれほん,wnja:04401088-n
テロメア,てろめあ,wnja:05610520-n
テンソル,てんそる,wnja:05573306-n
テンパー,てんぱー,wnja:05021535-n
テンペラ,てんぺら,wnja:04407257-n
テースト,てーすと,wnja:00882702-n
テーパー,てーぱー,wnja:05071368-n
テーブル,てーぶる,wnja:04379243-n
テーベー,てーべー,wnja:14143415-n
テーラー,てーらー,wnja:10689564-n
ディアー,でぃあー,wnja:10927104-n
ディスク,でぃすく,wnja:03208556-n
ディスコ,でぃすこ,wnja:03206282-n
ディナー,でぃなー,wnja:07575726-n
ディレイ,でぃれい,wnja:01066163-n
ディンゴ,でぃんご,wnja:02115641-n
ディーン,でぃーん,wnja:10926066-n
デイケア,でいけあ,wnja:01210439-n
デカダン,でかだん,wnja:09997939-n
デカンタ,でかんた,wnja:02960903-n
デグリー,でぐりー,wnja:06697331-n
デコーダ,でこーだ,wnja:03169063-n
デザイン,でざいん,wnja:00928077-n
デザート,でざーと,wnja:07609840-n
デシベル,でしべる,wnja:13713633-n
デジカメ,でじかめ,wnja:03196062-n
デタント,でたんと,wnja:00355420-n
デッカー,でっかー,wnja:10928140-n
デッサン,でっさん,wnja:04227144-n
デテール,でてーる,wnja:05817845-n
デニール,でにーる,wnja:13584746-n
デネボラ,でねぼら,wnja:09265492-n
デバッガ,でばっが,wnja:06574334-n
デパート,でぱーと,wnja:02813544-n
デマンド,でまんど,wnja:01061333-n
デミタス,でみたす,wnja:03174731-n
デューク,でゅーく,wnja:10038620-n
デュープ,でゅーぷ,wnja:03257343-n
デリック,でりっく,wnja:03178430-n
デング熱,でんぐねつ,wnja:14129784-n
デージー,でーじー,wnja:11939491-n
デーモン,でーもん,wnja:09542339-n
トウキビ,とうきび,wnja:07731952-n
トウワタ,とうわた,wnja:12019035-n
トゲウオ,とげうお,wnja:01454856-n
トコブシ,とこぶし,wnja:01943087-n
トッパー,とっぱー,wnja:04455579-n
トニック,とにっく,wnja:03475823-n
トパーズ,とぱーず,wnja:04973020-n
トビウオ,とびうお,wnja:02550460-n
トビハゼ,とびはぜ,wnja:02619550-n
トビムシ,とびむし,wnja:02163297-n
トピック,とぴっく,wnja:04347225-n
トボガン,とぼがん,wnja:04443433-n
トミズム,とみずむ,wnja:06187350-n
トラクタ,とらくた,wnja:04465501-n
トラクト,とらくと,wnja:06409290-n
トラスト,とらすと,wnja:08236621-n
トラック,とらっく,wnja:00439826-n
トラップ,とらっぷ,wnja:04474466-n
トラノオ,とらのお,wnja:12095020-n
トラブル,とらぶる,wnja:00623862-n
トラベル,とらべる,wnja:00312553-n
トラペン,とらぺん,wnja:04702127-n
トランク,とらんく,wnja:02873244-n
トランス,とらんす,wnja:14407536-n
トランプ,とらんぷ,wnja:00488225-n
トリウム,とりうむ,wnja:14658109-n
トリガイ,とりがい,wnja:01960177-n
トリガー,とりがー,wnja:03470629-n
トリック,とりっく,wnja:00099951-n
トリップ,とりっぷ,wnja:00312553-n
トリトマ,とりとま,wnja:11862835-n
トリマー,とりまー,wnja:04483584-n
トリュフ,とりゅふ,wnja:07609632-n
トルエン,とるえん,wnja:15075378-n
トルコ帽,とるこぼう,wnja:03331077-n
トルコ石,とるこいし,wnja:15082198-n
トレモロ,とれもろ,wnja:07399336-n
トレンド,とれんど,wnja:05750163-n
トレース,とれーす,wnja:04463273-n
トレード,とれーど,wnja:01090446-n
トレーラ,とれーら,wnja:04467307-n
トレーン,とれーん,wnja:03431745-n
トロイカ,とろいか,wnja:04486616-n
トロット,とろっと,wnja:00287561-n
トロリー,とろりー,wnja:04335435-n
トローチ,とろーち,wnja:03936568-n
トロール,とろーる,wnja:04475749-n
トワラー,とわらー,wnja:09843824-n
トンネル,とんねる,wnja:04497962-n
トーキー,とーきー,wnja:06618822-n
トークン,とーくん,wnja:06795746-n
トースト,とーすと,wnja:07686873-n
トータル,とーたる,wnja:04353803-n
トーチカ,とーちか,wnja:03937633-n
トーテム,とーてむ,wnja:04458409-n
トーラス,とーらす,wnja:13900088-n
ドアノブ,どあのぶ,wnja:03222959-n
ドアホン,どあほん,wnja:03578055-n
ドイツ人,どいつじん,wnja:09747722-n
ドイツ語,どいつご,wnja:06950528-n
ドイリー,どいりー,wnja:03219010-n
ドゥオモ,どぅおも,wnja:02984061-n
ドクゼリ,どくぜり,wnja:12934985-n
ドクター,どくたー,wnja:06702458-n
ドクトル,どくとる,wnja:10020890-n
ドスキン,どすきん,wnja:03217653-n
ドパミン,どぱみん,wnja:14838217-n
ドミンゴ,どみんご,wnja:10938199-n
ドメイン,どめいん,wnja:08556491-n
ドライバ,どらいば,wnja:03244047-n
ドライブ,どらいぶ,wnja:00307631-n
ドライヴ,どらいゔ,wnja:00307631-n
ドラクマ,どらくま,wnja:13675218-n
ドラゴン,どらごん,wnja:09494388-n
ドラセナ,どらせな,wnja:12479537-n
ドラッグ,どらっぐ,wnja:03247620-n
ドラフト,どらふと,wnja:03179318-n
ドラマー,どらまー,wnja:10036929-n
ドラム缶,どらむかん,wnja:03249956-n
ドリアン,どりあん,wnja:07762913-n
ドリフト,どりふと,wnja:13469893-n
ドリブル,どりぶる,wnja:00478647-n
ドリーム,どりーむ,wnja:05768553-n
ドルイド,どるいど,wnja:10036444-n
ドルマン,どるまん,wnja:03219859-n
ドルメン,どるめん,wnja:03220237-n
ドレイン,どれいん,wnja:03231912-n
ドローム,どろーむ,wnja:02692232-n
ドローン,どろーん,wnja:03245889-n
ドワーフ,どわーふ,wnja:09541125-n
ドンタク,どんたく,wnja:11325534-n
ドードー,どーどー,wnja:01811243-n
ドーナツ,どーなつ,wnja:07639069-n
ドーラン,どーらん,wnja:03456447-n
ナイター,ないたー,wnja:00456563-n
ナイロン,ないろん,wnja:03836906-n
ナゲット,なげっと,wnja:09375481-n
ナツメグ,なつめぐ,wnja:07815424-n
ナパーム,なぱーむ,wnja:14958254-n
ナプキン,なぷきん,wnja:03807537-n
ナミヘビ,なみへび,wnja:01727646-n
ナメクジ,なめくじ,wnja:01945685-n
ナラタケ,ならたけ,wnja:13232779-n
ナレッジ,なれっじ,wnja:00023271-n
ナンキン,なんきん,wnja:08728066-n
ナンバー,なんばー,wnja:06426111-n
ニクズク,にくずく,wnja:07815424-n
ニクロム,にくろむ,wnja:14961896-n
ニコチン,にこちん,wnja:14714817-n
ニッカー,にっかー,wnja:02896442-n
ニッケル,にっける,wnja:13395652-n
ニトリル,にとりる,wnja:14827346-n
ニュース,にゅーす,wnja:05192897-n
ニューズ,にゅーず,wnja:06619850-n
ニューム,にゅーむ,wnja:14627820-n
ニョッキ,にょっき,wnja:07701715-n
ニワトコ,にわとこ,wnja:07765208-n
ニワトリ,にわとり,wnja:01791625-n
ニンニク,にんにく,wnja:07818277-n
ニードル,にーどる,wnja:03816136-n
ヌードル,ぬーどる,wnja:07699584-n
ネイビー,ねいびー,wnja:04969703-n
ネオジム,ねおじむ,wnja:14645882-n
ネクタイ,ねくたい,wnja:03128085-n
ネクター,ねくたー,wnja:07924276-n
ネズッポ,ねずっぽ,wnja:02618827-n
ネッシー,ねっしー,wnja:09487821-n
ネフロン,ねふろん,wnja:05247178-n
ネムノキ,ねむのき,wnja:11759404-n
ネービー,ねーびー,wnja:08191701-n
ネーブル,ねーぶる,wnja:07749192-n
ノウサギ,のうさぎ,wnja:02326432-n
ノウハウ,のうはう,wnja:05616786-n
ノッカー,のっかー,wnja:03626760-n
ノロジカ,のろじか,wnja:02433546-n
ノンプロ,のんぷろ,wnja:09786585-n
ノヴェル,のゔぇる,wnja:06367879-n
ノーハウ,のーはう,wnja:05616786-n
ハイエナ,はいえな,wnja:02117135-n
ハイカー,はいかー,wnja:10176111-n
ハイタカ,はいたか,wnja:01606335-n
ハイタク,はいたく,wnja:02930766-n
ハイテク,はいてく,wnja:00950858-n
ハイフン,はいふん,wnja:06843148-n
ハクニー,はくにー,wnja:02386224-n
ハザード,はざーど,wnja:03501152-n
ハシバミ,はしばみ,wnja:12288823-n
ハシーシ,はしーし,wnja:03497182-n
ハッカー,はっかー,wnja:10154871-n
ハッシュ,はっしゅ,wnja:03497182-n
ハドロン,はどろん,wnja:09300674-n
ハナバチ,はなばち,wnja:02206856-n
ハヌカー,はぬかー,wnja:15199033-n
ハバネラ,はばねら,wnja:00533322-n
ハマグリ,はまぐり,wnja:07786686-n
ハマシギ,はましぎ,wnja:02027492-n
ハミング,はみんぐ,wnja:01253944-n
ハヤブサ,はやぶさ,wnja:01610955-n
ハラタケ,はらたけ,wnja:13001529-n
ハラール,はらーる,wnja:07664582-n
ハリビユ,はりびゆ,wnja:11824344-n
ハレルヤ,はれるや,wnja:06693655-n
ハロゲン,はろげん,wnja:14904661-n
ハロタン,はろたん,wnja:03480367-n
ハンカチ,はんかち,wnja:03485794-n
ハンガー,はんがー,wnja:03490884-n
ハンケチ,はんけち,wnja:03485794-n
ハンター,はんたー,wnja:09380117-n
ハンディ,はんでぃ,wnja:05156822-n
ハンドラ,はんどら,wnja:10158608-n
ハンドル,はんどる,wnja:03485997-n
ハンノキ,はんのき,wnja:12284262-n
ハンブル,はんぶる,wnja:00075912-n
ハンマー,はんまー,wnja:01175316-n
ハードル,はーどる,wnja:03549589-n
ハーネス,はーねす,wnja:03494706-n
ハーバー,はーばー,wnja:08639058-n
ハーラー,はーらー,wnja:10435988-n
ハーレム,はーれむ,wnja:03494105-n
バイアス,ばいあす,wnja:06201908-n
バイソン,ばいそん,wnja:02410509-n
バイナリ,ばいなり,wnja:06570963-n
バイパス,ばいぱす,wnja:00350380-n
バイブル,ばいぶる,wnja:06422643-n
バイヤス,ばいやす,wnja:06201908-n
バイヤー,ばいやー,wnja:09885145-n
バウンド,ばうんど,wnja:00120202-n
バオバブ,ばおばぶ,wnja:12189620-n
バカンス,ばかんす,wnja:15137890-n
バガテル,ばがてる,wnja:00501479-n
バケット,ばけっと,wnja:02909870-n
バゲット,ばげっと,wnja:07687381-n
バザール,ばざーる,wnja:02813645-n
バシリカ,ばしりか,wnja:02801047-n
バジリカ,ばじりか,wnja:02801184-n
バスコン,ばすこん,wnja:00851994-n
バスタブ,ばすたぶ,wnja:02808440-n
バスーン,ばすーん,wnja:02804610-n
バス会社,ばすがいしゃ,wnja:02925901-n
バソリス,ばそりす,wnja:14932303-n
バチスト,ばちすと,wnja:02809241-n
バックル,ばっくる,wnja:02910353-n
バッター,ばったー,wnja:07860805-n
バッテラ,ばってら,wnja:02858304-n
バッファ,ばっふぁ,wnja:02911158-n
バディー,ばでぃー,wnja:05216365-n
バトラー,ばとらー,wnja:10876419-n
バニリン,ばにりん,wnja:12087032-n
バビルサ,ばびるさ,wnja:02396796-n
バラスト,ばらすと,wnja:02779845-n
バラック,ばらっく,wnja:03547054-n
バラッド,ばらっど,wnja:06378298-n
バランサ,ばらんさ,wnja:02152212-n
バランス,ばらんす,wnja:02777100-n
バラード,ばらーど,wnja:06378298-n
バリアー,ばりあー,wnja:02796623-n
バリウム,ばりうむ,wnja:14629998-n
バリオン,ばりおん,wnja:09215023-n
バリケン,ばりけん,wnja:01852671-n
バリトン,ばりとん,wnja:02793089-n
バリヤー,ばりやー,wnja:05690916-n
バリュー,ばりゅー,wnja:05138208-n
バルコン,ばるこん,wnja:02777734-n
バルサム,ばるさむ,wnja:02783790-n
バルボア,ばるぼあ,wnja:10831860-n
バルール,ばるーる,wnja:04979425-n
バルーン,ばるーん,wnja:02782093-n
バレッタ,ばれった,wnja:02780121-n
バロック,ばろっく,wnja:04698307-n
バンカー,ばんかー,wnja:02920369-n
バンシー,ばんしー,wnja:09544262-n
バンダナ,ばんだな,wnja:02786198-n
バンブー,ばんぶー,wnja:12147226-n
バーガー,ばーがー,wnja:07697100-n
バーゲン,ばーげん,wnja:13253751-n
バージン,ばーじん,wnja:10755257-n
バースト,ばーすと,wnja:00377364-n
バーター,ばーたー,wnja:01109687-n
バーテン,ばーてん,wnja:09841188-n
バーナー,ばーなー,wnja:02923129-n
バーベナ,ばーべな,wnja:12914923-n
バーベル,ばーべる,wnja:02790996-n
バーボン,ばーぼん,wnja:07906718-n
パイオン,ぱいおん,wnja:09392656-n
パイプ役,ぱいぷやく,wnja:09624559-n
パイント,ぱいんと,wnja:13619307-n
パウダー,ぱうだー,wnja:03994008-n
パウンド,ぱうんど,wnja:11244550-n
パエリャ,ぱえりゃ,wnja:07591961-n
パケット,ぱけっと,wnja:07281099-n
パジャマ,ぱじゃま,wnja:03877472-n
パスカル,ぱすかる,wnja:06903115-n
パステル,ぱすてる,wnja:04974575-n
パソコン,ぱそこん,wnja:03918480-n
パターン,ぱたーん,wnja:00410247-n
パチンコ,ぱちんこ,wnja:00459465-n
パッキン,ぱっきん,wnja:14976448-n
パティオ,ぱてぃお,wnja:03899768-n
パテント,ぱてんと,wnja:05188646-n
パトカー,ぱとかー,wnja:03141065-n
パドック,ぱどっく,wnja:03874487-n
パナマ帽,ぱなまぼう,wnja:02859184-n
パニック,ぱにっく,wnja:14405931-n
パノラマ,ぱのらま,wnja:03884072-n
パバーヌ,ぱばーぬ,wnja:00526948-n
パパイヤ,ぱぱいや,wnja:07762244-n
パパイン,ぱぱいん,wnja:14973833-n
パピヨン,ぱぴよん,wnja:02086910-n
パピルス,ぱぴるす,wnja:12151365-n
パプリカ,ぱぷりか,wnja:07824702-n
パライソ,ぱらいそ,wnja:08565506-n
パラソル,ぱらそる,wnja:03889871-n
パラボラ,ぱらぼら,wnja:13886371-n
パラメタ,ぱらめた,wnja:05859071-n
パラレル,ぱられる,wnja:08595720-n
パリサイ,ぱりさい,wnja:10421183-n
パリティ,ぱりてぃ,wnja:13625482-n
パルサー,ぱるさー,wnja:09400987-n
パルタイ,ぱるたい,wnja:08256968-n
パレット,ぱれっと,wnja:03878674-n
パレード,ぱれーど,wnja:08428485-n
パロディ,ぱろでぃ,wnja:06780309-n
パンジー,ぱんじー,wnja:12390485-n
パンスト,ぱんすと,wnja:03885904-n
パンティ,ぱんてぃ,wnja:02854739-n
パンパス,ぱんぱす,wnja:08713655-n
パンパン,ぱんぱん,wnja:10485440-n
パンプス,ぱんぷす,wnja:04022332-n
パン生地,ぱんきじ,wnja:07861158-n
パーカー,ぱーかー,wnja:11222759-n
パーゴラ,ぱーごら,wnja:02732827-n
パーサー,ぱーさー,wnja:06577369-n
パーザー,ぱーざー,wnja:06577369-n
パーセク,ぱーせく,wnja:13657489-n
パーセル,ぱーせる,wnja:11248599-n
パーティ,ぱーてぃ,wnja:07447641-n
パードレ,ぱーどれ,wnja:10081204-n
パーラー,ぱーらー,wnja:02935658-n
パーレン,ぱーれん,wnja:06843393-n
ヒストリ,ひすとり,wnja:06156752-n
ヒストン,ひすとん,wnja:15026256-n
ヒッピー,ひっぴー,wnja:10176475-n
ヒナゲシ,ひなげし,wnja:11902200-n
ヒメハギ,ひめはぎ,wnja:12704844-n
ヒュドラ,ひゅどら,wnja:09496261-n
ヒューズ,ひゅーず,wnja:03407369-n
ヒラタケ,ひらたけ,wnja:13007417-n
ヒラメ筋,ひらめきん,wnja:05575582-n
ヒロイン,ひろいん,wnja:10173410-n
ヒーター,ひーたー,wnja:03508101-n
ヒーラー,ひーらー,wnja:10707233-n
ヒーロー,ひーろー,wnja:05929670-n
ビオチン,びおちん,wnja:15092650-n
ビオロン,びおろん,wnja:04536866-n
ビギナー,びぎなー,wnja:10363913-n
ビジター,びじたー,wnja:10757193-n
ビジネス,びじねす,wnja:01094725-n
ビジョン,びじょん,wnja:05654362-n
ビストロ,びすとろ,wnja:02844214-n
ビスマス,びすます,wnja:14631502-n
ビタミン,びたみん,wnja:15089258-n
ビターズ,びたーず,wnja:07903101-n
ビニール,びにーる,wnja:15088183-n
ビネガー,びねがー,wnja:07828987-n
ビバップ,びばっぷ,wnja:07063101-n
ビフテキ,びふてき,wnja:07658168-n
ビュフェ,びゅふぇ,wnja:07576182-n
ビリオン,びりおん,wnja:01329935-n
ビルダー,びるだー,wnja:09878275-n
ビレッジ,びれっじ,wnja:08226699-n
ビロード,びろーど,wnja:04524941-n
ビンナガ,びんなが,wnja:02627037-n
ビーカー,びーかー,wnja:02815834-n
ビーグル,びーぐる,wnja:02088364-n
ビージー,びーじー,wnja:11364570-n
ビードロ,びーどろ,wnja:14881303-n
ビーバー,びーばー,wnja:02363005-n
ビールス,びーるす,wnja:01328702-n
ビール瓶,びーるびん,wnja:02823428-n
ピカドン,ぴかどん,wnja:02753044-n
ピクシー,ぴくしー,wnja:09540739-n
ピクセル,ぴくせる,wnja:03952277-n
ピケット,ぴけっと,wnja:11234472-n
ピコット,ぴこっと,wnja:03930946-n
ピザパイ,ぴざぱい,wnja:07873807-n
ピストル,ぴすとる,wnja:03343853-n
ピストン,ぴすとん,wnja:03948950-n
ピッケル,ぴっける,wnja:03556679-n
ピッコロ,ぴっころ,wnja:03929091-n
ピッツァ,ぴっつぁ,wnja:07873807-n
ピッツア,ぴっつあ,wnja:07873807-n
ピナクル,ぴなくる,wnja:03943266-n
ピペット,ぴぺっと,wnja:03947111-n
ピボット,ぴぼっと,wnja:00342916-n
ピメント,ぴめんと,wnja:07721195-n
ピモジド,ぴもじど,wnja:03940154-n
ピューマ,ぴゅーま,wnja:02125311-n
ピューレ,ぴゅーれ,wnja:07651025-n
ピラニア,ぴらにあ,wnja:02584449-n
ピリオド,ぴりおど,wnja:06843520-n
ピリジン,ぴりじん,wnja:14692510-n
ピロシキ,ぴろしき,wnja:07624924-n
ピロティ,ぴろてぃ,wnja:02034661-n
ピンキー,ぴんきー,wnja:05567727-n
ピンポン,ぴんぽん,wnja:00499263-n
ピーナツ,ぴーなつ,wnja:07737745-n
ピープル,ぴーぷる,wnja:07942152-n
ピーマン,ぴーまん,wnja:07720875-n
ファイア,ふぁいあ,wnja:07420435-n
ファイト,ふぁいと,wnja:00446493-n
ファイバ,ふぁいば,wnja:03331244-n
ファイル,ふぁいる,wnja:03337140-n
ファイン,ふぁいん,wnja:13301328-n
ファウル,ふぁうる,wnja:00128091-n
ファクス,ふぁくす,wnja:03316105-n
ファクタ,ふぁくた,wnja:07327805-n
ファクト,ふぁくと,wnja:05817396-n
ファゾム,ふぁぞむ,wnja:13617308-n
ファミリ,ふぁみり,wnja:07970406-n
ファラオ,ふぁらお,wnja:10421016-n
ファラド,ふぁらど,wnja:13636286-n
ファルス,ふぁるす,wnja:07016250-n
ファング,ふぁんぐ,wnja:06992929-n
ファンド,ふぁんど,wnja:08070850-n
ファージ,ふぁーじ,wnja:01334862-n
ファース,ふぁーす,wnja:07016250-n
ファーム,ふぁーむ,wnja:03322099-n
フィドル,ふぃどる,wnja:04536866-n
フィルタ,ふぃるた,wnja:03339643-n
フィルム,ふぃるむ,wnja:03338821-n
フィレオ,ふぃれお,wnja:07655337-n
フィンチ,ふぃんち,wnja:01529672-n
フィート,ふぃーと,wnja:13650045-n
フイルム,ふいるむ,wnja:03338821-n
フェアー,ふぇあー,wnja:08408557-n
フェイク,ふぇいく,wnja:03318438-n
フェイス,ふぇいす,wnja:03313873-n
フェイズ,ふぇいず,wnja:15290132-n
フェイド,ふぇいど,wnja:00230172-n
フェザー,ふぇざー,wnja:01896031-n
フェリー,ふぇりー,wnja:03329663-n
フェルト,ふぇると,wnja:03326795-n
フェルミ,ふぇるみ,wnja:10969986-n
フェンス,ふぇんす,wnja:03327234-n
フェース,ふぇーす,wnja:03313873-n
フェーズ,ふぇーず,wnja:15290132-n
フェード,ふぇーど,wnja:00230172-n
フォイル,ふぉいる,wnja:03375575-n
フォッグ,ふぉっぐ,wnja:11458314-n
フォトン,ふぉとん,wnja:09391223-n
フォルダ,ふぉるだ,wnja:03376279-n
フォルテ,ふぉるて,wnja:04990781-n
フォルト,ふぉると,wnja:09278537-n
フォルム,ふぉるむ,wnja:00027807-n
フォント,ふぉんと,wnja:06825399-n
フォーク,ふぉーく,wnja:03383948-n
フォーブ,ふぉーぶ,wnja:10082423-n
フォーム,ふぉーむ,wnja:00027807-n
フォール,ふぉーる,wnja:07427728-n
フクシア,ふくしあ,wnja:12343480-n
フッカー,ふっかー,wnja:11058335-n
フッター,ふったー,wnja:06764244-n
フューズ,ふゅーず,wnja:03407369-n
フライト,ふらいと,wnja:00301192-n
フラスコ,ふらすこ,wnja:03359566-n
フラッグ,ふらっぐ,wnja:03354903-n
フラット,ふらっと,wnja:03359755-n
フラップ,ふらっぷ,wnja:03357716-n
フラッペ,ふらっぺ,wnja:07614198-n
フラボン,ふらぼん,wnja:14869513-n
フラワー,ふらわー,wnja:11669335-n
フランセ,ふらんせ,wnja:09732903-n
フリック,ふりっく,wnja:10982295-n
フリント,ふりんと,wnja:09100690-n
フリーズ,ふりーず,wnja:01063697-n
フルート,ふるーと,wnja:03372029-n
フレアー,ふれあー,wnja:13862644-n
フレイズ,ふれいず,wnja:06316048-n
フレイム,ふれいむ,wnja:03391464-n
フレスコ,ふれすこ,wnja:03359566-n
フレット,ふれっと,wnja:03396074-n
フレンチ,ふれんち,wnja:09708405-n
フレンド,ふれんど,wnja:10112591-n
フレーズ,ふれーず,wnja:06316048-n
フレーム,ふれーむ,wnja:03390983-n
フロアー,ふろあー,wnja:03365592-n
フロスト,ふろすと,wnja:10983931-n
フロック,ふろっく,wnja:03450516-n
フロッグ,ふろっぐ,wnja:03398382-n
フロッピ,ふろっぴ,wnja:03209910-n
フロント,ふろんと,wnja:03313333-n
フロート,ふろーと,wnja:03364340-n
フローラ,ふろーら,wnja:08436759-n
ブイヨン,ぶいよん,wnja:07584938-n
ブギウギ,ぶぎうぎ,wnja:07063249-n
ブタクサ,ぶたくさ,wnja:11919447-n
ブチレン,ぶちれん,wnja:14787093-n
ブッシュ,ぶっしゅ,wnja:10875468-n
ブラウザ,ぶらうざ,wnja:06571301-n
ブラウス,ぶらうす,wnja:02854926-n
ブラウン,ぶらうん,wnja:02907985-n
ブラザー,ぶらざー,wnja:09876454-n
ブラック,ぶらっく,wnja:04960277-n
ブラボー,ぶらぼー,wnja:06692834-n
ブランク,ぶらんく,wnja:06389553-n
ブランコ,ぶらんこ,wnja:04371774-n
ブランチ,ぶらんち,wnja:07574923-n
ブランド,ぶらんど,wnja:06845599-n
ブリッグ,ぶりっぐ,wnja:02901377-n
ブリッジ,ぶりっじ,wnja:00434231-n
ブリッツ,ぶりっつ,wnja:00976085-n
ブリュレ,ぶりゅれ,wnja:09650989-n
ブルシン,ぶるしん,wnja:14715189-n
ブルセラ,ぶるせら,wnja:01351170-n
ブルゾン,ぶるぞん,wnja:03221540-n
ブルマー,ぶるまー,wnja:02854739-n
ブルース,ぶるーす,wnja:07051185-n
ブレイク,ぶれいく,wnja:01062997-n
ブレイド,ぶれいど,wnja:05259512-n
ブレイン,ぶれいん,wnja:05481095-n
ブレザー,ぶれざー,wnja:02850358-n
ブレスト,ぶれすと,wnja:05552607-n
ブレッド,ぶれっど,wnja:07679356-n
ブレンド,ぶれんど,wnja:00380083-n
ブレーキ,ぶれーき,wnja:01076046-n
ブレーク,ぶれーく,wnja:00188007-n
ブレース,ぶれーす,wnja:06842165-n
ブレード,ぶれーど,wnja:02848806-n
ブレーン,ぶれーん,wnja:05481095-n
ブロガー,ぶろがー,wnja:09860415-n
ブロック,ぶろっく,wnja:00562398-n
ブロンズ,ぶろんず,wnja:02906175-n
ブロンド,ぶろんど,wnja:04966017-n
ブローチ,ぶろーち,wnja:02906438-n
ブロード,ぶろーど,wnja:02903727-n
ブースタ,ぶーすた,wnja:02872333-n
ブービー,ぶーびー,wnja:02869965-n
プエブロ,ぷえぶろ,wnja:09068320-n
プシケー,ぷしけー,wnja:10627082-n
プシュケ,ぷしゅけ,wnja:10627082-n
プチブル,ぷちぶる,wnja:08182105-n
プッシュ,ぷっしゅ,wnja:00112312-n
プライス,ぷらいす,wnja:05145118-n
プライド,ぷらいど,wnja:04886881-n
プラズマ,ぷらずま,wnja:05403427-n
プラトー,ぷらとー,wnja:09453008-n
プラヌラ,ぷらぬら,wnja:01909788-n
プラント,ぷらんと,wnja:03956922-n
プリオン,ぷりおん,wnja:09398935-n
プリズム,ぷりずむ,wnja:04005340-n
プリンス,ぷりんす,wnja:10472799-n
プリンタ,ぷりんた,wnja:04004767-n
プリント,ぷりんと,wnja:03926575-n
プリーツ,ぷりーつ,wnja:03965907-n
プルーフ,ぷるーふ,wnja:00153961-n
プルーン,ぷるーん,wnja:07752602-n
プレイス,ぷれいす,wnja:08513718-n
プレゼン,ぷれぜん,wnja:06891022-n
プレハブ,ぷれはぶ,wnja:03999064-n
プレミア,ぷれみあ,wnja:13272059-n
プレース,ぷれーす,wnja:08513718-n
プレート,ぷれーと,wnja:03528901-n
プレーヤ,ぷれーや,wnja:04064401-n
プロセス,ぷろせす,wnja:00029677-n
プロッタ,ぷろった,wnja:03967396-n
プロット,ぷろっと,wnja:06373314-n
プロトン,ぷろとん,wnja:09400037-n
プロパン,ぷろぱん,wnja:14691686-n
プロピル,ぷろぴる,wnja:14998965-n
プロペラ,ぷろぺら,wnja:02692086-n
プロリン,ぷろりん,wnja:14684798-n
プロレス,ぷろれす,wnja:00448126-n
プードル,ぷーどる,wnja:02113335-n
プーリム,ぷーりむ,wnja:15196870-n
プーリー,ぷーりー,wnja:04020298-n
ヘアピン,へあぴん,wnja:02860640-n
ヘキサン,へきさん,wnja:14907122-n
ヘッダー,へっだー,wnja:06343971-n
ヘパリン,へぱりん,wnja:03514974-n
ヘビー級,へびーきゅう,wnja:10167042-n
ヘプタン,へぷたん,wnja:14906656-n
ヘラサギ,へらさぎ,wnja:02006656-n
ヘラジカ,へらじか,wnja:02432983-n
ヘラルド,へらるど,wnja:10171219-n
ヘリウム,へりうむ,wnja:14639921-n
ヘルニア,へるにあ,wnja:14295389-n
ヘルパー,へるぱー,wnja:09815790-n
ヘルペス,へるぺす,wnja:14131950-n
ヘロイン,へろいん,wnja:03516011-n
ヘンリー,へんりー,wnja:11040240-n
ベイビー,べいびー,wnja:09827683-n
ベクター,べくたー,wnja:13913263-n
ベクトル,べくとる,wnja:05864577-n
ベクレル,べくれる,wnja:10840563-n
ベゴニア,べごにあ,wnja:12360108-n
ベタイン,べたいん,wnja:14721951-n
ベテラン,べてらん,wnja:10749123-n
ベネット,べねっと,wnja:10845248-n
ベランダ,べらんだ,wnja:02777734-n
ベルスタ,べるすた,wnja:13652799-n
ベルマン,べるまん,wnja:09848775-n
ベンジル,べんじる,wnja:14622623-n
ベンジン,べんじん,wnja:14774699-n
ベンゼン,べんぜん,wnja:14774699-n
ベンダー,べんだー,wnja:10577284-n
ベーグル,べーぐる,wnja:07693725-n
ベーコン,べーこん,wnja:07670433-n
ベージュ,べーじゅ,wnja:04973291-n
ベータ線,べーたせん,wnja:11428699-n
ペイオフ,ぺいおふ,wnja:13299357-n
ペイスト,ぺいすと,wnja:07856270-n
ペイント,ぺいんと,wnja:03875218-n
ペクチン,ぺくちん,wnja:14978232-n
ペッパー,ぺっぱー,wnja:07815588-n
ペトリ皿,ぺとりざら,wnja:03920288-n
ペナント,ぺなんと,wnja:06705891-n
ペニッヒ,ぺにっひ,wnja:13688190-n
ペプシン,ぺぷしん,wnja:14978729-n
ペプチド,ぺぷちど,wnja:14743046-n
ペプトン,ぺぷとん,wnja:14690447-n
ペプラム,ぺぷらむ,wnja:03914106-n
ペミカン,ぺみかん,wnja:07665146-n
ペヨーテ,ぺよーて,wnja:03750912-n
ペラグラ,ぺらぐら,wnja:14200873-n
ペリカン,ぺりかん,wnja:02051845-n
ペルソナ,ぺるそな,wnja:04677716-n
ペレット,ぺれっと,wnja:13901423-n
ペンキ屋,ぺんきや,wnja:10393909-n
ペンギン,ぺんぎん,wnja:02055803-n
ペンシル,ぺんしる,wnja:03908204-n
ペースト,ぺーすと,wnja:07856270-n
ペーソス,ぺーそす,wnja:05211254-n
ペーパー,ぺーぱー,wnja:06267145-n
ホイスト,ほいすと,wnja:00496167-n
ホイップ,ほいっぷ,wnja:00134574-n
ホイール,ほいーる,wnja:04574999-n
ホエザル,ほえざる,wnja:02492660-n
ホスゲン,ほすげん,wnja:14981847-n
ホステス,ほすてす,wnja:10187491-n
ホステル,ほすてる,wnja:03541537-n
ホスピス,ほすぴす,wnja:00697249-n
ホッケー,ほっけー,wnja:00467995-n
ホッパー,ほっぱー,wnja:03535284-n
ホビット,ほびっと,wnja:09488995-n
ホリデイ,ほりでい,wnja:15137890-n
ホリデー,ほりでー,wnja:15137890-n
ホルダー,ほるだー,wnja:03525454-n
ホルモン,ほるもん,wnja:05407119-n
ホワイト,ほわいと,wnja:04960729-n
ホーマー,ほーまー,wnja:00132355-n
ボイラー,ぼいらー,wnja:02863750-n
ボウフラ,ぼうふら,wnja:02200509-n
ボウラー,ぼうらー,wnja:02881757-n
ボクサー,ぼくさー,wnja:02108089-n
ボタン穴,ぼたんあな,wnja:02928930-n
ボックス,ぼっくす,wnja:02810270-n
ボディー,ぼでぃー,wnja:05216365-n
ボルシチ,ぼるしち,wnja:07584423-n
ボルゾイ,ぼるぞい,wnja:02090622-n
ボンボン,ぼんぼん,wnja:07599649-n
ボーカル,ぼーかる,wnja:00545501-n
ボーゲン,ぼーげん,wnja:02879517-n
ボースン,ぼーすん,wnja:09862183-n
ボータイ,ぼーたい,wnja:02883205-n
ボーダー,ぼーだー,wnja:10269458-n
ボーナス,ぼーなす,wnja:13273154-n
ボーラー,ぼーらー,wnja:02881757-n
ボールド,ぼーるど,wnja:02846511-n
ボール盤,ぼーるばん,wnja:03240892-n
ボール紙,ぼーるがみ,wnja:14799601-n
ポイズン,ぽいずん,wnja:15032376-n
ポインタ,ぽいんた,wnja:03150795-n
ポイント,ぽいんと,wnja:03213826-n
ポエジー,ぽえじー,wnja:07092592-n
ポケット,ぽけっと,wnja:03972524-n
ポスター,ぽすたー,wnja:06793426-n
ポップス,ぽっぷす,wnja:07059962-n
ポドゾル,ぽどぞる,wnja:14993137-n
ポプリン,ぽぷりん,wnja:03983612-n
ポマード,ぽまーど,wnja:03980026-n
ポリゴン,ぽりごん,wnja:13866144-n
ポリシー,ぽりしー,wnja:05901508-n
ポリッジ,ぽりっじ,wnja:07874780-n
ポリマー,ぽりまー,wnja:14994328-n
ポリープ,ぽりーぷ,wnja:01909906-n
ポレンタ,ぽれんた,wnja:07703743-n
ポンチョ,ぽんちょ,wnja:03980874-n
ポンチ絵,ぽんちえ,wnja:06780069-n
ポンプ座,ぽんぷざ,wnja:09200527-n
ポンポン,ぽんぽん,wnja:02589796-n
ポーカー,ぽーかー,wnja:00494768-n
ポータル,ぽーたる,wnja:06359657-n
ポーター,ぽーたー,wnja:07890226-n
マイコン,まいこん,wnja:03918480-n
マイタケ,まいたけ,wnja:13052670-n
マイナス,まいなす,wnja:00871862-n
マイマイ,まいまい,wnja:01944390-n
マイラー,まいらー,wnja:10315561-n
マイルカ,まいるか,wnja:02069412-n
マインド,まいんど,wnja:04620558-n
マウンド,まうんど,wnja:00722984-n
マカロニ,まかろに,wnja:07700964-n
マガジン,まがじん,wnja:02973017-n
マキシム,まきしむ,wnja:07152948-n
マクラメ,まくらめ,wnja:03703730-n
マグナム,まぐなむ,wnja:03709363-n
マシマロ,ましまろ,wnja:07608098-n
マシーン,ましーん,wnja:03699975-n
マジック,まじっく,wnja:00099951-n
マスカラ,ますから,wnja:03724066-n
マスタバ,ますたば,wnja:03727067-n
マスター,ますたー,wnja:03727274-n
マスチフ,ますちふ,wnja:02108254-n
マズルカ,まずるか,wnja:00538052-n
マゼンタ,まぜんた,wnja:04964586-n
マチズモ,まちずも,wnja:04667180-n
マチネー,まちねー,wnja:06894111-n
マックス,まっくす,wnja:04253751-n
マッシュ,まっしゅ,wnja:07805254-n
マテガイ,まてがい,wnja:01959029-n
マテハン,まてはん,wnja:00713784-n
マドラサ,まどらさ,wnja:08283180-n
マドロス,まどろす,wnja:10294602-n
マドンナ,まどんな,wnja:11148748-n
マヌカン,まぬかん,wnja:03717921-n
マネキン,まねきん,wnja:03717921-n
マハディ,まはでぃ,wnja:10282014-n
マハトマ,まはとま,wnja:10281896-n
マフィア,まふぃあ,wnja:08245425-n
マフィン,まふぃん,wnja:07690273-n
マフラー,まふらー,wnja:03797182-n
マペット,まぺっと,wnja:10330835-n
マラソン,まらそん,wnja:01286569-n
マラリア,まらりあ,wnja:14077830-n
マラーノ,まらーの,wnja:10295597-n
マリッジ,まりっじ,wnja:01036996-n
マリンバ,まりんば,wnja:03721384-n
マリーナ,まりーな,wnja:03721590-n
マリーン,まりーん,wnja:10294139-n
マルメロ,まるめろ,wnja:07769584-n
マロニエ,まろにえ,wnja:12768369-n
マンガン,まんがん,wnja:14644654-n
マンゴー,まんごー,wnja:07764155-n
マンテル,まんてる,wnja:11155013-n
マントル,まんとる,wnja:09346450-n
マンモス,まんもす,wnja:02504770-n
マーカー,まーかー,wnja:03721797-n
マーゲイ,まーげい,wnja:02126640-n
マージン,まーじん,wnja:06389553-n
マーブル,まーぶる,wnja:03721047-n
ミエリン,みえりん,wnja:14957893-n
ミオシン,みおしん,wnja:15022617-n
ミキサー,みきさー,wnja:02850732-n
ミクサー,みくさー,wnja:03775388-n
ミクロン,みくろん,wnja:13658496-n
ミサイル,みさいる,wnja:03773504-n
ミジンコ,みじんこ,wnja:01994910-n
ミスター,みすたー,wnja:10601451-n
ミステリ,みすてり,wnja:05685538-n
ミソハギ,みそはぎ,wnja:12328398-n
ミックス,みっくす,wnja:00380083-n
ミッシー,みっしー,wnja:10129825-n
ミツスイ,みつすい,wnja:01526766-n
ミツバチ,みつばち,wnja:02206856-n
ミニコミ,みにこみ,wnja:06409290-n
ミニコン,みにこん,wnja:03770224-n
ミニマム,みにまむ,wnja:13763384-n
ミニマル,みにまる,wnja:08469233-n
ミネラル,みねらる,wnja:14662574-n
ミミズク,みみずく,wnja:01622352-n
ミミック,みみっく,wnja:10319163-n
ミュール,みゅーる,wnja:03798061-n
ミラクル,みらくる,wnja:07288801-n
ミリオン,みりおん,wnja:13751533-n
ムジナモ,むじなも,wnja:12783316-n
ムスカリ,むすかり,wnja:12460697-n
ムッター,むったー,wnja:10332385-n
ムラート,むらーと,wnja:09638454-n
ムロアジ,むろあじ,wnja:02581482-n
ムートン,むーとん,wnja:07666733-n
ムーバー,むーばー,wnja:10335931-n
ムービー,むーびー,wnja:06262567-n
ムームー,むーむー,wnja:03788914-n
メイカー,めいかー,wnja:08060446-n
メカジキ,めかじき,wnja:02629716-n
メガトン,めがとん,wnja:13647353-n
メガホン,めがほん,wnja:03743279-n
メジャー,めじゃー,wnja:03735637-n
メソッド,めそっど,wnja:01024811-n
メソード,めそーど,wnja:05660268-n
メタファ,めたふぁ,wnja:07106800-n
メチレン,めちれん,wnja:14951983-n
メッシュ,めっしゅ,wnja:13654889-n
メディア,めでぃあ,wnja:06254669-n
メドレー,めどれー,wnja:07047505-n
メニュー,めにゅー,wnja:06492939-n
メモリー,めもりー,wnja:03744276-n
メラニン,めらにん,wnja:14757172-n
メラミン,めらみん,wnja:14949746-n
メリケン,めりけん,wnja:05565064-n
メリッサ,めりっさ,wnja:12854443-n
メリット,めりっと,wnja:04807050-n
メリンス,めりんす,wnja:03802393-n
メルヘン,めるへん,wnja:07222581-n
メルロー,めるろー,wnja:07895839-n
メレンゲ,めれんげ,wnja:07621140-n
メロディ,めろでぃ,wnja:07028373-n
メンバー,めんばー,wnja:08170686-n
メーカー,めーかー,wnja:08060446-n
メーザー,めーざー,wnja:03724176-n
メーター,めーたー,wnja:03753077-n
メーデー,めーでー,wnja:15189033-n
メートル,めーとる,wnja:03753077-n
モカシン,もかしん,wnja:03776877-n
モケット,もけっと,wnja:03785237-n
モザイク,もざいく,wnja:03787759-n
モスリン,もすりん,wnja:03802393-n
モチノキ,もちのき,wnja:12756862-n
モチーフ,もちーふ,wnja:03789014-n
モットー,もっとー,wnja:07152259-n
モテット,もてっと,wnja:07280754-n
モニター,もにたー,wnja:03781787-n
モニリア,もにりあ,wnja:13079073-n
モノディ,ものでぃ,wnja:07024705-n
モノマー,ものまー,wnja:14682963-n
モビール,もびーる,wnja:09054480-n
モメント,もめんと,wnja:06022509-n
モラール,もらーる,wnja:04625129-n
モルタル,もるたる,wnja:03786901-n
モルヒネ,もるひね,wnja:03786417-n
モンキー,もんきー,wnja:02484322-n
モーター,もーたー,wnja:03789946-n
モーテル,もーてる,wnja:03788498-n
モートル,もーとる,wnja:03789946-n
モーリー,もーりー,wnja:11191251-n
ヤッピー,やっぴー,wnja:10804923-n
ヤマシギ,やましぎ,wnja:02030996-n
ヤママユ,やままゆ,wnja:02302459-n
ヤマユリ,やまゆり,wnja:12426623-n
ヤンキー,やんきー,wnja:10355942-n
ユウガオ,ゆうがお,wnja:12166128-n
ユグノー,ゆぐのー,wnja:10191089-n
ユスリカ,ゆすりか,wnja:02203008-n
ユダヤ人,ゆだやじん,wnja:09681351-n
ユニオン,ゆにおん,wnja:00381680-n
ユニゾン,ゆにぞん,wnja:04981781-n
ユニット,ゆにっと,wnja:04377057-n
ユマニテ,ゆまにて,wnja:04726938-n
ユリノキ,ゆりのき,wnja:11712282-n
ユンカー,ゆんかー,wnja:09748770-n
ユーカリ,ゆーかり,wnja:12334891-n
ユーザー,ゆーざー,wnja:10741590-n
ユーモア,ゆーもあ,wnja:05211044-n
ユーレカ,ゆーれか,wnja:09063125-n
ヨーデル,よーでる,wnja:07123710-n
ヨーヨー,よーよー,wnja:04613555-n
ライアー,らいあー,wnja:03699280-n
ライオン,らいおん,wnja:02129165-n
ライガー,らいがー,wnja:02129991-n
ライター,らいたー,wnja:03666591-n
ライダー,らいだー,wnja:10185793-n
ライナー,らいなー,wnja:00131608-n
ライバル,らいばる,wnja:10533013-n
ライフル,らいふる,wnja:04090263-n
ラウンジ,らうんじ,wnja:03691817-n
ラウンド,らうんど,wnja:00466377-n
ラクロス,らくろす,wnja:00477392-n
ラグビー,らぐびー,wnja:00470966-n
ラグラン,らぐらん,wnja:04046277-n
ラグーン,らぐーん,wnja:09328746-n
ラケット,らけっと,wnja:03873416-n
ラザニア,らざにあ,wnja:07701053-n
ラジアル,らじある,wnja:04040247-n
ラジアン,らじあん,wnja:13612042-n
ラジウム,らじうむ,wnja:14651921-n
ラスター,らすたー,wnja:04054795-n
ラッカー,らっかー,wnja:03631811-n
ラッキー,らっきー,wnja:11418460-n
ラッシュ,らっしゅ,wnja:00555983-n
ラッセル,らっせる,wnja:07391682-n
ラッソー,らっそー,wnja:11118362-n
ラッパー,らっぱー,wnja:03626760-n
ラテン語,らてんご,wnja:06962600-n
ラディオ,らでぃお,wnja:04041544-n
ラノリン,らのりん,wnja:03640850-n
ラビオリ,らびおり,wnja:07701244-n
ラビット,らびっと,wnja:02324045-n
ラポール,らぽーる,wnja:13811740-n
ラマダン,らまだん,wnja:01243089-n
ララバイ,ららばい,wnja:00546738-n
ランタナ,らんたな,wnja:12915140-n
ランタン,らんたん,wnja:03640988-n
ランダー,らんだー,wnja:09159958-n
ランナー,らんなー,wnja:02577164-n
ラヴァー,らゔぁー,wnja:09622302-n
リアクタ,りあくた,wnja:03834040-n
リウマチ,りうまち,wnja:14080210-n
リキッド,りきっど,wnja:14480420-n
リグニン,りぐにん,wnja:14935319-n
リコペン,りこぺん,wnja:14721342-n
リコール,りこーる,wnja:01258719-n
リサーチ,りさーち,wnja:00636921-n
リザード,りざーど,wnja:01674464-n
リザーブ,りざーぶ,wnja:13368052-n
リスナー,りすなー,wnja:10165448-n
リスリン,りすりん,wnja:14885684-n
リセット,りせっと,wnja:04078955-n
リソース,りそーす,wnja:05154676-n
リゾット,りぞっと,wnja:07875436-n
リゾート,りぞーと,wnja:08581503-n
リタリン,りたりん,wnja:03756624-n
リターン,りたーん,wnja:00328015-n
リチウム,りちうむ,wnja:14643793-n
リッター,りったー,wnja:13624190-n
リットル,りっとる,wnja:13624190-n
リッパー,りっぱー,wnja:10532252-n
リテラシ,りてらし,wnja:05638486-n
リトマス,りとます,wnja:14941407-n
リハビリ,りはびり,wnja:00700260-n
リバース,りばーす,wnja:13858604-n
リパーゼ,りぱーぜ,wnja:14938687-n
リビドー,りびどー,wnja:07489548-n
リピータ,りぴーた,wnja:04076052-n
リピート,りぴーと,wnja:01018630-n
リプライ,りぷらい,wnja:06746005-n
リプレイ,りぷれい,wnja:01020117-n
リプレー,りぷれー,wnja:01020117-n
リベッタ,りべった,wnja:04095577-n
リベット,りべっと,wnja:04095342-n
リベンジ,りべんじ,wnja:01235258-n
リベート,りべーと,wnja:13284784-n
リボース,りぼーす,wnja:14696331-n
リボ核酸,りぼかくさん,wnja:14832193-n
リポート,りぽーと,wnja:06269956-n
リミット,りみっと,wnja:05124057-n
リムジン,りむじん,wnja:03670208-n
リメイク,りめいく,wnja:04074329-n
リモコン,りもこん,wnja:04074963-n
リモネン,りもねん,wnja:14937658-n
リュック,りゅっく,wnja:02769748-n
リュート,りゅーと,wnja:03698360-n
リョウブ,りょうぶ,wnja:12249993-n
リンカー,りんかー,wnja:06576376-n
リンクス,りんくす,wnja:02127052-n
リンデン,りんでん,wnja:14934864-n
リンパ液,りんぱえき,wnja:05404074-n
リンパ管,りんぱかん,wnja:05396807-n
リンパ節,りんぱせつ,wnja:05430095-n
リンパ腫,りんぱしゅ,wnja:14241968-n
リンボク,りんぼく,wnja:12638753-n
リーダー,りーだー,wnja:06415061-n
リーマン,りーまん,wnja:11262168-n
リーマー,りーまー,wnja:04059399-n
ルイボス,るいぼす,wnja:12507823-n
ルックス,るっくす,wnja:04673965-n
ルッコラ,るっこら,wnja:11886537-n
ルテイン,るていん,wnja:14721635-n
ルナリア,るなりあ,wnja:11891395-n
ルバート,るばーと,wnja:15265423-n
ルバーブ,るばーぶ,wnja:07713267-n
ルピナス,るぴなす,wnja:12546832-n
ルーキー,るーきー,wnja:09981834-n
ルージュ,るーじゅ,wnja:03676483-n
ルーター,るーたー,wnja:04114844-n
ルーチン,るーちん,wnja:01026482-n
ルーバー,るーばー,wnja:03692676-n
ルーブル,るーぶる,wnja:13699076-n
ルーメン,るーめん,wnja:13641299-n
ルーラー,るーらー,wnja:04118776-n
レアリテ,れありて,wnja:13955461-n
レイオフ,れいおふ,wnja:00229814-n
レイヤー,れいやー,wnja:03650173-n
レイヨウ,れいよう,wnja:02419796-n
レインジ,れいんじ,wnja:08628921-n
レガッタ,れがった,wnja:07468456-n
レクチン,れくちん,wnja:14889074-n
レコーダ,れこーだ,wnja:04063373-n
レコード,れこーど,wnja:00047745-n
レシチン,れしちん,wnja:14680040-n
レシート,れしーと,wnja:06520222-n
レシーバ,れしーば,wnja:03261776-n
レジスタ,れじすた,wnja:02977438-n
レジャー,れじゃー,wnja:15137676-n
レジュメ,れじゅめ,wnja:05891572-n
レスラー,れすらー,wnja:10793168-n
レッカー,れっかー,wnja:04461696-n
レッスン,れっすん,wnja:00729285-n
レッテル,れってる,wnja:07272172-n
レディー,れでぃー,wnja:09989290-n
レトルト,れとると,wnja:04083649-n
レニウム,れにうむ,wnja:14652390-n
レビュー,れびゅー,wnja:05734018-n
レフリー,れふりー,wnja:10514429-n
レプトン,れぷとん,wnja:13675349-n
レプリカ,れぷりか,wnja:04076533-n
レボドパ,れぼどぱ,wnja:14605132-n
レポータ,れぽーた,wnja:10521662-n
レポート,れぽーと,wnja:06269956-n
レミング,れみんぐ,wnja:02344528-n
レモン水,れもんすい,wnja:07926250-n
レリーフ,れりーふ,wnja:04073669-n
レンタル,れんたる,wnja:01111375-n
レンニン,れんにん,wnja:15004317-n
レヴァー,れゔぁー,wnja:05385534-n
レヴェル,れゔぇる,wnja:03365991-n
レーサー,れーさー,wnja:01730812-n
レーザー,れーざー,wnja:03643253-n
レーズン,れーずん,wnja:07752664-n
レーダー,れーだー,wnja:04039848-n
レーバー,れーばー,wnja:08261320-n
レーベル,れーべる,wnja:07272172-n
レーヨン,れーよん,wnja:04056932-n
ロイシン,ろいしん,wnja:14935128-n
ロケット,ろけっと,wnja:03683995-n
ロザリオ,ろざりお,wnja:04109335-n
ロシア人,ろしあじん,wnja:09728403-n
ロシア語,ろしあご,wnja:06944348-n
ロジウム,ろじうむ,wnja:14652623-n
ロジック,ろじっく,wnja:05773049-n
ロッカー,ろっかー,wnja:02933462-n
ロテノン,ろてのん,wnja:15012478-n
ロベリア,ろべりあ,wnja:12168565-n
ロボット,ろぼっと,wnja:02761392-n
ロマンス,ろまんす,wnja:06369216-n
ロースト,ろーすと,wnja:07580782-n
ローゼル,ろーぜる,wnja:12179632-n
ロータス,ろーたす,wnja:11717399-n
ロータリ,ろーたり,wnja:04465933-n
ローター,ろーたー,wnja:04111668-n
ローダー,ろーだー,wnja:04474035-n
ローマン,ろーまん,wnja:06367879-n
ローマ字,ろーまじ,wnja:06497872-n
ローラー,ろーらー,wnja:03150232-n
ローリエ,ろーりえ,wnja:07816296-n
ローレル,ろーれる,wnja:11119190-n
ワイパー,わいぱー,wnja:04590746-n
ワイヤー,わいやー,wnja:04594218-n
ワカモレ,わかもれ,wnja:07583066-n
ワクチン,わくちん,wnja:04517535-n
ワセリン,わせりん,wnja:04522309-n
ワックス,わっくす,wnja:15094294-n
ワッフル,わっふる,wnja:07641699-n
ワッペン,わっぺん,wnja:03058726-n
ワラビー,わらびー,wnja:01877812-n
ワンタン,わんたん,wnja:07588193-n
ワンツー,わんつー,wnja:00134780-n
ワンマン,わんまん,wnja:10296444-n
ワーカー,わーかー,wnja:02207449-n
ワースト,わーすと,wnja:00127672-n
ワールド,わーるど,wnja:09480809-n
ヴァニラ,ゔぁにら,wnja:07828807-n
ヴァルヴ,ゔぁるゔ,wnja:04519153-n
ヴァンプ,ゔぁんぷ,wnja:09965134-n
ヴィオラ,ゔぃおら,wnja:04536335-n
ヴィデオ,ゔぃでお,wnja:04534127-n
ヴェイル,ゔぇいる,wnja:03502331-n
ヴェール,ゔぇーる,wnja:03502331-n
ヴォルト,ゔぉると,wnja:13643276-n
ヴォレー,ゔぉれー,wnja:00569733-n
一人占め,ひとりじめ,wnja:14444114-n
一区切り,ひとくぎり,wnja:15252907-n
一夫多妻,いっぷたさい,wnja:13966925-n
一妻多夫,いっさいたふ,wnja:13966795-n
一時停止,いちじていし,wnja:14010927-n
一本調子,いっぽんぢょうし,wnja:04629417-n
一視同仁,いっしどうじん,wnja:06202686-n
七つの海,ななつのうみ,wnja:09430615-n
万有引力,ばんゆういんりょく,wnja:11464143-n
上がり段,あがりだん,wnja:04298308-n
上がり端,あがりはな,wnja:03290771-n
上がり高,あがりだか,wnja:04612722-n
上っ張り,うわっぱり,wnja:03863108-n
上気道炎,じょうきどうえん,wnja:14180213-n
上流社会,じょうりゅうしゃかい,wnja:08387930-n
不労所得,ふろうしょとく,wnja:13261380-n
不動産屋,ふどうさんや,wnja:10509810-n
不協和音,ふきょうわおん,wnja:04984698-n
不可思議,ふかしぎ,wnja:05685538-n
不可抗力,ふかこうりょく,wnja:07315350-n
不可知論,ふかちろん,wnja:05980051-n
不定冠詞,ふていかんし,wnja:06325001-n
不得要領,ふとくようりょう,wnja:04824350-n
不換紙幣,ふかんしへい,wnja:13393599-n
不活性化,ふかっせいか,wnja:13496771-n
不良債権,ふりょうさいけん,wnja:13398768-n
不良少年,ふりょうしょうねん,wnja:10184081-n
不貞腐れ,ふてくされ,wnja:07549401-n
不釣合い,ふつりあい,wnja:04752530-n
不随意筋,ふずいいきん,wnja:05460473-n
世捨て人,よすてびと,wnja:10172448-n
中央集権,ちゅうおうしゅうけん,wnja:01237872-n
中性子星,ちゅうせいしせい,wnja:09369692-n
中性洗剤,ちゅうせいせんざい,wnja:03181899-n
丸ぽちゃ,まるぽちゃ,wnja:05000913-n
丸太小屋,まるたこや,wnja:03686924-n
乗っ取り,のっとり,wnja:00088481-n
乳飲み子,ちのみご,wnja:09827683-n
予備試験,よびしけん,wnja:07199013-n
予備選挙,よびせんきょ,wnja:00182571-n
予行演習,よこうえんしゅう,wnja:00897026-n
予防接種,よぼうせっしゅ,wnja:00823884-n
事務次官,じむじかん,wnja:10736788-n
事業年度,じぎょうねんど,wnja:15203120-n
二従兄弟,ふたいとこ,wnja:10568358-n
五臓六腑,ごぞうろっぷ,wnja:05919263-n
亜麻仁油,あまにゆ,wnja:15086352-n
交じらい,まじらい,wnja:01081628-n
交通事故,こうつうじこ,wnja:07301336-n
交通手段,こうつうしゅだん,wnja:04473432-n
交通機関,こうつうきかん,wnja:04473432-n
享楽主義,きょうらくしゅぎ,wnja:09183971-n
人となり,ひととなり,wnja:04617562-n
人事不省,じんじふせい,wnja:05678932-n
人工授精,じんこうじゅせい,wnja:00845352-n
人工流産,じんこうりゅうざん,wnja:07319652-n
人工知能,じんこうちのう,wnja:06133203-n
人工衛星,じんこうえいせい,wnja:04137444-n
人文主義,じんぶんしゅぎ,wnja:08476829-n
人本主義,じんぽんしゅぎ,wnja:05967191-n
人民主義,じんみんしゅぎ,wnja:05965933-n
人民戦線,じんみんせんせん,wnja:08294581-n
人泣かせ,ひとなかせ,wnja:05830059-n
人間工学,にんげんこうがく,wnja:06126523-n
人間関係,にんげんかんけい,wnja:13780719-n
仄めかし,ほのめかし,wnja:05916306-n
仕事部屋,しごとべや,wnja:04602762-n
仕出し屋,しだしや,wnja:09901642-n
仕込み杖,しこみづえ,wnja:04374315-n
付けたり,つけたり,wnja:02679415-n
付け出し,つけだし,wnja:06516955-n
付け届け,つけとどけ,wnja:01086081-n
付け足し,つけたし,wnja:00363788-n
代理業者,だいりぎょうしゃ,wnja:09777012-n
以心伝心,いしんでんしん,wnja:07255998-n
仮想空間,かそうくうかん,wnja:03580615-n
企業合併,きぎょうがっぺい,wnja:01238424-n
企業合同,きぎょうごうどう,wnja:08236621-n
企業秘密,きぎょうひみつ,wnja:06674385-n
伏せ縫い,ふせぬい,wnja:03326475-n
会計年度,かいけいねんど,wnja:15203120-n
会計業務,かいけいぎょうむ,wnja:00618734-n
会計監査,かいけいかんさ,wnja:13411157-n
位置づけ,いちづけ,wnja:00874806-n
住み替え,すみかえ,wnja:00168658-n
住民投票,じゅうみんとうひょう,wnja:00181640-n
余所聞き,よそぎき,wnja:04871002-n
作り付け,つくりつけ,wnja:03354613-n
作り替え,つくりかえ,wnja:00269258-n
作業療法,さぎょうりょうほう,wnja:00664577-n
使い走り,つかいはしり,wnja:00731947-n
使い込み,つかいこみ,wnja:00776732-n
価格競争,かかくきょうそう,wnja:13837200-n
保ち合い,もちあい,wnja:04777852-n
保守主義,ほしゅしゅぎ,wnja:06216160-n
保険会社,ほけんがいしゃ,wnja:08070465-n
保険証券,ほけんしょうけん,wnja:06523641-n
信託会社,しんたくがいしゃ,wnja:08424222-n
信販会社,しんぱんがいしゃ,wnja:08055718-n
信頼関係,しんらいかんけい,wnja:13838386-n
修了証書,しゅうりょうしょうしょ,wnja:06478582-n
修学旅行,しゅうがくりょこう,wnja:00310201-n
修理工場,しゅうりこうじょう,wnja:04075916-n
借り換え,かりかえ,wnja:00400083-n
借り貸し,かりかし,wnja:06293460-n
値上がり,ねあがり,wnja:00364260-n
健康保険,けんこうほけん,wnja:13346773-n
健康状態,けんこうじょうたい,wnja:14546227-n
健康診断,けんこうしんだん,wnja:00142361-n
健康食品,けんこうしょくひん,wnja:07702362-n
傍若無人,ぼうじゃくぶじん,wnja:01170320-n
催眠療法,さいみんりょうほう,wnja:00704064-n
優先順位,ゆうせんじゅんい,wnja:13949802-n
兄ちゃん,にいちゃん,wnja:09876454-n
先っちょ,さきっちょ,wnja:08663156-n
先延ばし,さきのばし,wnja:01067362-n
先祖返り,せんぞがえり,wnja:07343574-n
先端技術,せんたんぎじゅつ,wnja:00950858-n
入れかえ,いれかえ,wnja:00197772-n
入場許可,にゅうじょうきょか,wnja:01248191-n
公衆便所,こうしゅうべんじょ,wnja:04018667-n
公衆衛生,こうしゅうえいせい,wnja:14495466-n
共同住宅,きょうどうじゅうたく,wnja:08226699-n
共同研究,きょうどうけんきゅう,wnja:01205156-n
共和主義,きょうわしゅぎ,wnja:06220299-n
共済組合,きょうさいくみあい,wnja:08227088-n
共産主義,きょうさんしゅぎ,wnja:06214744-n
内分泌腺,ないぶんぴつせん,wnja:05329735-n
内股膏薬,うちまたごうやく,wnja:10007109-n
内輪もめ,うちわもめ,wnja:01172031-n
内部統制,ないぶとうせい,wnja:00806075-n
再従兄弟,はとこ,wnja:10568358-n
写実主義,しゃじつしゅぎ,wnja:05964322-n
写真立て,しゃしんたて,wnja:03931765-n
冷凍食品,れいとうしょくひん,wnja:07572858-n
准看護婦,じゅんかんごふ,wnja:10258304-n
処理時間,しょりじかん,wnja:15297672-n
出っぱり,でっぱり,wnja:04008947-n
出どころ,でどころ,wnja:06675122-n
出刃包丁,でばぼうちょう,wnja:03623556-n
出来合い,できあい,wnja:04059157-n
分け取り,わけどり,wnja:00397953-n
分割払い,ぶんかつばらい,wnja:13296752-n
切り盛り,きりもり,wnja:01135952-n
切り詰め,きりつめ,wnja:00192300-n
切れ込み,きれこみ,wnja:00387897-n
切磋琢磨,せっさたくま,wnja:00893836-n
切迫流産,せっぱくりゅうざん,wnja:00230824-n
刈り込み,かりこみ,wnja:00359903-n
判定基準,はんていきじゅん,wnja:07260623-n
別け隔て,わけへだて,wnja:01153548-n
別れ別れ,わかれわかれ,wnja:05087297-n
到着時刻,とうちゃくじこく,wnja:15180934-n
刷り込み,すりこみ,wnja:05754730-n
前かがみ,まえかがみ,wnja:00336654-n
前後関係,ぜんごかんけい,wnja:06284898-n
前提条件,ぜんていじょうけん,wnja:05892427-n
前立腺癌,ぜんりつせんがん,wnja:14252067-n
前駆症状,ぜんくしょうじょう,wnja:14303877-n
副大統領,ふくだいとうりょう,wnja:10751265-n
副操縦士,ふくそうじゅうし,wnja:09964202-n
力くらべ,ちからくらべ,wnja:07456188-n
加虐性愛,かぎゃくせいあい,wnja:07493830-n
労働市場,ろうどうしじょう,wnja:01098404-n
労働時間,ろうどうじかん,wnja:15118100-n
労働組合,ろうどうくみあい,wnja:08233056-n
動機づけ,どうきづけ,wnja:00070641-n
勘定書き,かんじょうがき,wnja:06516955-n
勝ち抜き,かちぬき,wnja:07464725-n
勢力均衡,せいりょくきんこう,wnja:14002813-n
勢力範囲,せいりょくはんい,wnja:08653570-n
勤務場所,きんむばしょ,wnja:04602044-n
包み隠し,つつみかくし,wnja:01048912-n
化けの皮,ばけのかわ,wnja:04679074-n
化学薬品,かがくやくひん,wnja:14779550-n
医療機関,いりょうきかん,wnja:08053905-n
十万億土,じゅうまんおくど,wnja:05627785-n
十二指腸,じゅうにしちょう,wnja:05534955-n
千両役者,せんりょうやくしゃ,wnja:09762509-n
千差万別,せんさばんべつ,wnja:04751305-n
半ズボン,はんずぼん,wnja:04205318-n
卒業証書,そつぎょうしょうしょ,wnja:06478582-n
協同組合,きょうどうくみあい,wnja:01100877-n
南回帰線,みなみかいきせん,wnja:08675665-n
単刀直入,たんとうちょくにゅう,wnja:04650731-n
単科大学,たんかだいがく,wnja:08278324-n
博打打ち,ばくちうち,wnja:10118844-n
印象主義,いんしょうしゅぎ,wnja:03565051-n
危険地帯,きけんちたい,wnja:08689873-n
厄落とし,やくおとし,wnja:05978472-n
原子爆弾,げんしばくだん,wnja:02753044-n
参考文献,さんこうぶんけん,wnja:06486630-n
双務契約,そうむけいやく,wnja:06522357-n
収入印紙,しゅうにゅういんし,wnja:06855817-n
収容能力,しゅうようのうりょく,wnja:00720951-n
取っ付き,とっつき,wnja:15265518-n
取り壊し,とりこわし,wnja:00376400-n
取り繕い,とりつくろい,wnja:00266806-n
取り零し,とりこぼし,wnja:07475364-n
取締役会,とりしまりやくかい,wnja:08308039-n
受け答え,うけこたえ,wnja:06746005-n
口当たり,くちあたり,wnja:00882702-n
口腔外科,こうくうげか,wnja:06048052-n
古典主義,こてんしゅぎ,wnja:06154724-n
可視光線,かしこうせん,wnja:11473954-n
各駅停車,かくえきていしゃ,wnja:03680942-n
合わせ物,あわせもの,wnja:07938773-n
合名会社,ごうめいがいしゃ,wnja:08060694-n
合成写真,ごうせいしゃしん,wnja:03927201-n
合理主義,ごうりしゅぎ,wnja:05966958-n
同性愛者,どうせいあいしゃ,wnja:10182913-n
同族会社,どうぞくがいしゃ,wnja:08383909-n
向き向き,むきむき,wnja:04715487-n
吟遊詩人,ぎんゆうしじん,wnja:10099093-n
含み笑い,ふくみわらい,wnja:06878071-n
吸い上げ,すいあげ,wnja:13496017-n
吹き抜け,ふきぬけ,wnja:02733213-n
吹き込み,ふきこみ,wnja:00910203-n
呼びかけ,よびかけ,wnja:07101937-n
呼び売り,よびうり,wnja:01116968-n
呼吸器系,こきゅうきけい,wnja:05509889-n
呼吸困難,こきゅうこんなん,wnja:14369744-n
商売道具,しょうばいどうぐ,wnja:04324120-n
商業地域,しょうぎょうちいき,wnja:08539072-n
問いかけ,といかけ,wnja:07193596-n
問題解決,もんだいかいけつ,wnja:05796750-n
営業マン,えいぎょうまん,wnja:09882007-n
噎び泣き,むせびなき,wnja:00868669-n
囚われ人,とらわれびと,wnja:10476086-n
四肢麻痺,ししまひ,wnja:10497534-n
四苦八苦,しくはっく,wnja:00622068-n
回り合せ,まわりあわせ,wnja:07330007-n
回転資金,かいてんしきん,wnja:13359263-n
団体保険,だんたいほけん,wnja:13346432-n
囲い込み,かこいこみ,wnja:00321956-n
図書館員,としょかんいん,wnja:10257948-n
国家主義,こっかしゅぎ,wnja:05965022-n
国民投票,こくみんとうひょう,wnja:00181495-n
国立公園,こくりつこうえん,wnja:08600992-n
国粋主義,こくすいしゅぎ,wnja:05965022-n
土手っ腹,どてっぱら,wnja:05556943-n
土砂降り,どしゃぶり,wnja:11501737-n
土踏まず,つちふまず,wnja:05576573-n
在り来り,ありきたり,wnja:13942743-n
在庫管理,ざいこかんり,wnja:00619889-n
在職期間,ざいしょくきかん,wnja:15291498-n
地域社会,ちいきしゃかい,wnja:08223802-n
地被植物,ちひしょくぶつ,wnja:13112427-n
基本条件,きほんじょうけん,wnja:05893261-n
基本理念,きほんりねん,wnja:05871362-n
増し刷り,ましずり,wnja:06270308-n
売り出し,うりだし,wnja:01117723-n
売り買い,うりかい,wnja:01091905-n
売り込み,うりこみ,wnja:01115162-n
売れ行き,うれゆき,wnja:01096245-n
変わり目,かわりめ,wnja:03005920-n
変温動物,へんおんどうぶつ,wnja:01315581-n
外務大臣,がいむだいじん,wnja:10103794-n
外国為替,がいこくかわせ,wnja:13378348-n
大ヒット,だいひっと,wnja:00064504-n
大学院生,だいがくいんせい,wnja:10141109-n
大立回り,おおたちまわり,wnja:01172441-n
大脳皮質,だいのうひしつ,wnja:05486510-n
大言壮語,たいげんそうご,wnja:07070429-n
大黒頭巾,だいこくずきん,wnja:03049924-n
天の邪鬼,あまのじゃく,wnja:04909270-n
天変地異,てんぺんちい,wnja:07314838-n
天気予報,てんきよほう,wnja:06749729-n
天涯孤独,てんがいこどく,wnja:14415072-n
天真爛漫,てんしんらんまん,wnja:04872676-n
太っちょ,ふとっちょ,wnja:10082146-n
太刀打ち,たちうち,wnja:01168569-n
太陽光線,たいようこうせん,wnja:11485367-n
夫婦関係,ふうふかんけい,wnja:07989373-n
失業保険,しつぎょうほけん,wnja:01088437-n
失業手当,しつぎょうてあて,wnja:01088304-n
奪い合い,うばいあい,wnja:00556142-n
女たらし,おんなたらし,wnja:10789118-n
好い加減,いいかげん,wnja:04670746-n
如何様師,いかさまし,wnja:10201535-n
妊娠中絶,にんしんちゅうぜつ,wnja:00230324-n
威風堂々,いふうどうどう,wnja:04647826-n
婚約指輪,こんやくゆびわ,wnja:03287627-n
婦人科医,ふじんかい,wnja:10154013-n
婦人警官,ふじんけいかん,wnja:10449412-n
嫌がらせ,いやがらせ,wnja:00419644-n
子供部屋,こどもべや,wnja:03017070-n
子宮筋腫,しきゅうきんしゅ,wnja:14238393-n
学校教育,がっこうきょういく,wnja:05757536-n
学生時代,がくせいじだい,wnja:15147598-n
宇宙遊泳,うちゅうゆうえい,wnja:00292981-n
安全ピン,あんぜんぴん,wnja:04127249-n
安全地帯,あんぜんちたい,wnja:04466169-n
安楽いす,あんらくいす,wnja:03262932-n
完全主義,かんぜんしゅぎ,wnja:04637722-n
完全試合,かんぜんじあい,wnja:00474881-n
完璧主義,かんぺきしゅぎ,wnja:04637722-n
定期保険,ていきほけん,wnja:13348964-n
定期預金,ていきよきん,wnja:13381428-n
実証主義,じっしょうしゅぎ,wnja:05166805-n
宵っぱり,よいっぱり,wnja:10357907-n
家庭菜園,かていさいえん,wnja:03620443-n
寄せ集め,よせあつめ,wnja:01014990-n
寒冷前線,かんれいぜんせん,wnja:11460829-n
対抗意識,たいこういしき,wnja:04837425-n
対症療法,たいしょうりょうほう,wnja:00710692-n
封じ込め,ふうじこめ,wnja:01147451-n
封建制度,ほうけんせいど,wnja:07972425-n
専修学校,せんしゅうがっこう,wnja:08285246-n
専制君主,せんせいくんしゅ,wnja:10735298-n
専制政治,せんせいせいじ,wnja:08361001-n
専業主婦,せんぎょうしゅふ,wnja:10189776-n
専門学校,せんもんがっこう,wnja:08285246-n
専門用語,せんもんようご,wnja:06304059-n
小わっぱ,こわっぱ,wnja:09917593-n
小児科医,しょうにかい,wnja:09828760-n
小口現金,こぐちげんきん,wnja:13422411-n
小手調べ,こてしらべ,wnja:05799212-n
小料理屋,こりょうりや,wnja:04081281-n
小春日和,こはるびより,wnja:15185996-n
小競合い,こぜりあい,wnja:00959376-n
小見出し,こみだし,wnja:06345320-n
就業時間,しゅうぎょうじかん,wnja:15118100-n
就職協定,しゅうしょくきょうてい,wnja:06527320-n
局所麻酔,きょくしょますい,wnja:14027204-n
屁っ放り,へっぴり,wnja:00839597-n
山葵大根,わさびだいこん,wnja:11872973-n
山高帽子,やまたかぼうし,wnja:02881757-n
島国根性,しまぐにこんじょう,wnja:14415518-n
巡り合い,めぐりあい,wnja:00147187-n
左右対称,さゆうたいしょう,wnja:05065386-n
差し替え,さしかえ,wnja:00197772-n
差し止め,さしとめ,wnja:06542047-n
巻きぞえ,まきぞえ,wnja:13936153-n
市場価格,しじょうかかく,wnja:13337322-n
帝国主義,ていこくしゅぎ,wnja:06218308-n
師範学校,しはんがっこう,wnja:08412620-n
常世の国,とこよのくに,wnja:08565506-n
広報活動,こうほうかつどう,wnja:07247925-n
延び延び,のびのび,wnja:01066163-n
引きつり,ひきつり,wnja:14360459-n
引き下げ,ひきさげ,wnja:00192300-n
引き剥ぎ,ひきはぎ,wnja:10175507-n
引き続き,ひきつづき,wnja:15133488-n
引っつれ,ひっつれ,wnja:04693900-n
引っ込み,ひっこみ,wnja:07206302-n
張り込み,はりこみ,wnja:00880893-n
当て付け,あてつけ,wnja:07238455-n
当て推量,あてずいりょう,wnja:05803938-n
当て擦り,あてこすり,wnja:06767922-n
当座凌ぎ,とうざしのぎ,wnja:00178551-n
形成外科,けいせいげか,wnja:00690501-n
形而上学,けいじじょうがく,wnja:06162653-n
彫刻具座,ちょうこくぐざ,wnja:09230646-n
彫刻室座,ちょうこくしつざ,wnja:09426494-n
往復切符,おうふくきっぷ,wnja:06519936-n
後ろ押し,うしろおし,wnja:00112312-n
微分係数,びぶんけいすう,wnja:06014730-n
心がまえ,こころがまえ,wnja:06193203-n
心拍停止,しんぱくていし,wnja:14024581-n
心掛かり,こころがかり,wnja:05832264-n
心理状態,しんりじょうたい,wnja:14373582-n
必要経費,ひつようけいひ,wnja:05145118-n
必須条件,ひっすじょうけん,wnja:05893261-n
忍び笑い,しのびわらい,wnja:07127563-n
忍び返し,しのびがえし,wnja:04276404-n
忘れん坊,わすれんぼう,wnja:10555825-n
忘れ形見,わすれがたみ,wnja:03610270-n
応急手当,おうきゅうてあて,wnja:00656524-n
忠義立て,ちゅうぎだて,wnja:01206153-n
快楽主義,かいらくしゅぎ,wnja:09183971-n
思い上り,おもいあがり,wnja:07508996-n
思い付き,おもいつき,wnja:07246582-n
思い入れ,おもいいれ,wnja:00550016-n
思い込み,おもいこみ,wnja:06201908-n
思い違い,おもいちがい,wnja:05893653-n
思惑違い,おもわくちがい,wnja:00072808-n
急行列車,きゅうこうれっしゃ,wnja:03306385-n
急進主義,きゅうしんしゅぎ,wnja:06219875-n
性格検査,せいかくけんさ,wnja:01007463-n
恒温動物,こうおんどうぶつ,wnja:01315330-n
悪ふざけ,わるふざけ,wnja:00427580-n
悲観論者,ひかんろんしゃ,wnja:10419472-n
情報科学,じょうほうかがく,wnja:06128570-n
意気投合,いきとうごう,wnja:06199142-n
意気揚々,いきようよう,wnja:07527656-n
意気消沈,いきしょうちん,wnja:07207273-n
意気込み,いきごみ,wnja:04836683-n
感情移入,かんじょういにゅう,wnja:07554856-n
感覚器官,かんかくきかん,wnja:05299178-n
慰安旅行,いあんりょこう,wnja:00311809-n
憂さ晴し,うさばらし,wnja:00426928-n
懐中時計,かいちゅうどけい,wnja:03973839-n
懐中電灯,かいちゅうでんとう,wnja:03359137-n
懲らしめ,こらしめ,wnja:01160342-n
所有権者,しょゆうけんしゃ,wnja:10388924-n
手あそび,てあそび,wnja:00430140-n
手ぬかり,てぬかり,wnja:05706815-n
手付け金,てつけきん,wnja:13349834-n
手前味噌,てまえみそ,wnja:07229530-n
手合わせ,てあわせ,wnja:07456188-n
手向かい,てむかい,wnja:00202284-n
手拭い地,てぬぐいじ,wnja:04459610-n
打ち切り,うちきり,wnja:01022483-n
払い渡し,はらいわたし,wnja:01120448-n
扶養家族,ふようかぞく,wnja:10004804-n
投げ遣り,なげやり,wnja:04665813-n
折り畳み,おりたたみ,wnja:13569226-n
押しつけ,おしつけ,wnja:00156812-n
押し売り,おしうり,wnja:05167412-n
押し込み,おしこみ,wnja:03148324-n
押し送り,おしおくり,wnja:00445685-n
担い商い,にないあきない,wnja:01116968-n
拡声装置,かくせいそうち,wnja:04018155-n
拾い読み,ひろいよみ,wnja:06598648-n
持ち出し,もちだし,wnja:03105467-n
持ち寄り,もちより,wnja:07574176-n
持ち帰り,もちかえり,wnja:07594511-n
持てなし,もてなし,wnja:01134861-n
持て余し,もてあまし,wnja:05830059-n
持株会社,もちかぶがいしゃ,wnja:08185369-n
指数関数,しすうかんすう,wnja:13789462-n
振幅変調,しんぷくへんちょう,wnja:06281594-n
捕りもの,とりもの,wnja:09977660-n
据え付け,すえつけ,wnja:00240938-n
掃き溜め,はきだめ,wnja:08560027-n
排気ガス,はいきがす,wnja:14837364-n
掛り合い,かかりあい,wnja:00031921-n
接触感染,せっしょくかんせん,wnja:07360647-n
掻っ払い,かっぱらい,wnja:10615929-n
提出期限,ていしゅつきげん,wnja:15180082-n
揺さぶり,ゆさぶり,wnja:00335988-n
揺らめき,ゆらめき,wnja:00348571-n
損害賠償,そんがいばいしょう,wnja:14529408-n
携帯電話,けいたいでんわ,wnja:02992529-n
撃ち合い,うちあい,wnja:00124617-n
支払い人,しはらいにん,wnja:10032342-n
支払期限,しはらいきげん,wnja:15153225-n
支払金額,しはらいきんがく,wnja:13278375-n
支配階級,しはいかいきゅう,wnja:08387806-n
放送番組,ほうそうばんぐみ,wnja:06619428-n
政治献金,せいじけんきん,wnja:13270906-n
教育機関,きょういくきかん,wnja:08276342-n
教育課程,きょういくかてい,wnja:00884466-n
散りぢり,ちりじり,wnja:05087297-n
整形外科,せいけいげか,wnja:00690501-n
敷き布団,しきぶとん,wnja:03408444-n
斜子織り,ななこおり,wnja:02802990-n
断り書き,ことわりがき,wnja:06755947-n
新陳代謝,しんちんたいしゃ,wnja:07443761-n
方向転換,ほうこうてんかん,wnja:00346296-n
旋毛曲り,つむじまがり,wnja:09974496-n
既約分数,きやくぶんすう,wnja:13732295-n
日の入り,ひのいり,wnja:07344015-n
日本晴れ,にほんばれ,wnja:11456462-n
明け渡し,あけわたし,wnja:00213343-n
明りとり,あかりとり,wnja:04232800-n
明り障子,あかりしょうじ,wnja:04201297-n
時代錯誤,じだいさくご,wnja:09606873-n
時価総額,じかそうがく,wnja:00952386-n
景気後退,けいきこうたい,wnja:14013368-n
暗証番号,あんしょうばんごう,wnja:06887441-n
暴れん坊,あばれんぼう,wnja:09879297-n
暴飲暴食,ぼういんぼうしょく,wnja:00748515-n
書き物机,かきものづくえ,wnja:04608329-n
書き直し,かきなおし,wnja:06364149-n
書き言葉,かきことば,wnja:06360314-n
最低賃金,さいていちんぎん,wnja:06658441-n
最大限度,さいだいげんど,wnja:05124928-n
最小限度,さいしょうげんど,wnja:13763384-n
最終期限,さいしゅうきげん,wnja:15268857-n
最高限度,さいこうげんど,wnja:05124928-n
有効期間,ゆうこうきかん,wnja:15141894-n
有料道路,ゆうりょうどうろ,wnja:04501018-n
有給休暇,ゆうきゅうきゅうか,wnja:15139018-n
有色人種,ゆうしょくじんしゅ,wnja:07968354-n
有限会社,ゆうげんがいしゃ,wnja:08185211-n
有限責任,ゆうげんせきにん,wnja:13397018-n
朝ぼらけ,あさぼらけ,wnja:15168790-n
木管楽器,もっかんがっき,wnja:04598582-n
木綿付け,ゆうつけ,wnja:01791625-n
未経験者,みけいけんしゃ,wnja:07948754-n
板ガラス,いたがらす,wnja:03961070-n
枕カバー,まくらかばー,wnja:02975412-n
柔らかみ,やわらかみ,wnja:04938228-n
栄養失調,えいようしっちょう,wnja:14040490-n
株価指数,かぶかしすう,wnja:06641924-n
株式会社,かぶしきがいしゃ,wnja:08383417-n
株式分割,かぶしきぶんかつ,wnja:00439043-n
株式市場,かぶしきしじょう,wnja:04323026-n
根本主義,こんぽんしゅぎ,wnja:06231328-n
根絶やし,ねだやし,wnja:01245061-n
桂冠詩人,けいかんしじん,wnja:10447359-n
棒手振り,ぼてふり,wnja:10411551-n
棘皮動物,きょくひどうぶつ,wnja:02316392-n
棚卸資産,たなおろししさん,wnja:04321534-n
森林地帯,しんりんちたい,wnja:09284015-n
森羅万象,しんらばんしょう,wnja:09466280-n
極楽浄土,ごくらくじょうど,wnja:05627785-n
極超短波,ごくちょうたんぱ,wnja:05057805-n
楽天主義,らくてんしゅぎ,wnja:05211793-n
楽観主義,らっかんしゅぎ,wnja:05211793-n
構成要素,こうせいようそ,wnja:13809207-n
標本抽出,ひょうほんちゅうしゅつ,wnja:00161888-n
標準偏差,ひょうじゅんへんさ,wnja:06025172-n
権限委譲,けんげんいじょう,wnja:01141160-n
機能主義,きのうしゅぎ,wnja:05962043-n
欲求不満,よっきゅうふまん,wnja:07518663-n
正三角形,せいさんかっけい,wnja:13879947-n
正多角形,せいたかっけい,wnja:13867133-n
正真正銘,しょうしんしょうめい,wnja:04783247-n
歩み寄り,あゆみより,wnja:01205564-n
歯ブラシ,はぶらし,wnja:04453156-n
歯磨き粉,はみがきこ,wnja:04453557-n
歯科医師,しかいし,wnja:10004282-n
殴り合い,なぐりあい,wnja:01172441-n
殴り込み,なぐりこみ,wnja:00777324-n
段ボール,だんぼーる,wnja:14800979-n
母ちゃん,かあちゃん,wnja:10278128-n
毛細血管,もうさいけっかん,wnja:05425910-n
民主主義,みんしゅしゅぎ,wnja:06217103-n
民族主義,みんぞくしゅぎ,wnja:05965195-n
民族音楽,みんぞくおんがく,wnja:07060167-n
民本主義,みんぽんしゅぎ,wnja:06217103-n
民間伝承,みんかんでんしょう,wnja:05985602-n
民間防衛,みんかんぼうえい,wnja:00960688-n
気管支炎,きかんしえん,wnja:14146273-n
気象衛星,きしょうえいせい,wnja:04567593-n
気違い水,きちがいみず,wnja:03581634-n
水中翼船,すいちゅうよくせん,wnja:03552749-n
水先案内,みずさきあんない,wnja:00609506-n
水酸化物,すいさんかぶつ,wnja:14914670-n
氷まくら,こおりまくら,wnja:03557840-n
永年勤続,えいねんきんぞく,wnja:05051734-n
決選投票,けっせんとうひょう,wnja:00183357-n
油絵の具,あぶらえのぐ,wnja:03843092-n
泌尿器科,ひにょうきか,wnja:06065208-n
法定代理,ほうていだいり,wnja:14000820-n
法定休日,ほうていきゅうじつ,wnja:15199592-n
泡立て器,あわだてき,wnja:04578934-n
泥絵の具,どろえのぐ,wnja:03072682-n
注意喚起,ちゅういかんき,wnja:07225577-n
洋服箪笥,ようふくだんす,wnja:03015254-n
洒落っ気,しゃれっけ,wnja:04650201-n
洗い濯ぎ,あらいすすぎ,wnja:00251013-n
洟垂らし,はなたらし,wnja:09981834-n
派遣社員,はけんしゃいん,wnja:10699415-n
流動資産,りゅうどうしさん,wnja:13333047-n
流行り物,はやりもの,wnja:03323593-n
流行風邪,はやりかぜ,wnja:14122497-n
海千山千,うみせんやません,wnja:05613962-n
海水浴場,かいすいよくじょう,wnja:08678615-n
海綿動物,かいめんどうぶつ,wnja:01906552-n
消しゴム,けしごむ,wnja:03294833-n
清涼飲料,せいりょういんりょう,wnja:07927197-n
渡り廊下,わたりろうか,wnja:00318035-n
温暖前線,おんだんぜんせん,wnja:11460728-n
温熱療法,おんねつりょうほう,wnja:00707537-n
満場一致,まんじょういっち,wnja:13972387-n
源泉課税,げんせんかぜい,wnja:13311368-n
準備運動,じゅんびうんどう,wnja:01144716-n
滅茶苦茶,めちゃくちゃ,wnja:13976322-n
滑り出し,すべりだし,wnja:05868051-n
漫画雑誌,まんがざっし,wnja:06596364-n
潜在能力,せんざいのうりょく,wnja:05623181-n
火災保険,かさいほけん,wnja:13346337-n
火災警報,かさいけいほう,wnja:07265276-n
炭水化物,たんすいかぶつ,wnja:14792703-n
炭酸飲料,たんさんいんりょう,wnja:07927512-n
為替手形,かわせてがた,wnja:13377268-n
無我夢中,むがむちゅう,wnja:05700087-n
無理強い,むりつよい,wnja:00784388-n
焼きごて,やきごて,wnja:04161010-n
焼きそば,やきそば,wnja:07865484-n
焼き直し,やきなおし,wnja:06635759-n
焼け焦げ,やけこげ,wnja:04695504-n
照り焼き,てりやき,wnja:07880080-n
照り返し,てりかえし,wnja:11503060-n
熱帯雨林,ねったいうりん,wnja:08439126-n
父ちゃん,とうちゃん,wnja:09988063-n
物々交換,ぶつぶつこうかん,wnja:01109687-n
物価指数,ぶっかしすう,wnja:06641181-n
物理療法,ぶつりりょうほう,wnja:00700000-n
特殊効果,とくしゅこうか,wnja:05917994-n
犯罪行為,はんざいこうい,wnja:00735936-n
狙い撃ち,ねらいうち,wnja:00122661-n
独り占い,ひとりうらない,wnja:00495524-n
独立独歩,どくりつどっぽ,wnja:14001031-n
独裁政治,どくさいせいじ,wnja:08440630-n
猫かぶり,ねこかぶり,wnja:10195593-n
猶予期間,ゆうよきかん,wnja:15272382-n
猿ぐつわ,さるぐつわ,wnja:03410740-n
現実主義,げんじつしゅぎ,wnja:05151869-n
理想主義,りそうしゅぎ,wnja:04870643-n
生い立ち,おいたち,wnja:04921417-n
生きがい,いきがい,wnja:09178727-n
生き写し,いきうつし,wnja:04747616-n
生みの親,うみのおや,wnja:10107303-n
生命保険,せいめいほけん,wnja:13347237-n
生命科学,せいめいかがく,wnja:06037298-n
生年月日,せいねんがっぴ,wnja:15142167-n
生活様式,せいかつようしき,wnja:04930632-n
生物兵器,せいぶつへいき,wnja:02842303-n
番狂わせ,ばんくるわせ,wnja:00068170-n
異国情緒,いこくじょうちょ,wnja:04799612-n
疲労困憊,ひろうこんぱい,wnja:07331210-n
痛み止め,いたみどめ,wnja:02707683-n
痩せぎす,やせぎす,wnja:05001867-n
登録商標,とうろくしょうひょう,wnja:06851742-n
白ワイン,しろわいん,wnja:07892813-n
百万長者,ひゃくまんちょうじゃ,wnja:10318607-n
百科事典,ひゃっかじてん,wnja:06427387-n
百科全書,ひゃっかぜんしょ,wnja:06427387-n
皮膚科医,ひふかい,wnja:10006177-n
皺伸ばし,しわのばし,wnja:00426928-n
盗み聞き,ぬすみぎき,wnja:00654400-n
目玉焼き,めだまやき,wnja:07843636-n
目鼻立ち,めはなだち,wnja:05601758-n
相乗効果,そうじょうこうか,wnja:13564910-n
相互作用,そうごさよう,wnja:00039021-n
相互参照,そうごさんしょう,wnja:06764867-n
相加平均,そうかへいきん,wnja:06024230-n
相談窓口,そうだんまどぐち,wnja:00577749-n
相関係数,そうかんけいすう,wnja:06032246-n
睡眠時間,すいみんじかん,wnja:15273626-n
瞬間移動,しゅんかんいどう,wnja:01254473-n
知能指数,ちのうしすう,wnja:13821977-n
短編小説,たんぺんしょうせつ,wnja:06371999-n
砂ぼこり,すなぼこり,wnja:14839846-n
研修期間,けんしゅうきかん,wnja:00599064-n
礼儀作法,れいぎさほう,wnja:06664845-n
社会主義,しゃかいしゅぎ,wnja:06220616-n
社会保険,しゃかいほけん,wnja:01087178-n
社会保障,しゃかいほしょう,wnja:01087939-n
社員食堂,しゃいんしょくどう,wnja:02935891-n
神がかり,かみがかり,wnja:10055181-n
神秘主義,しんぴしゅぎ,wnja:05948857-n
禁断症状,きんだんしょうじょう,wnja:14373057-n
私立学校,しりつがっこう,wnja:08411170-n
科学小説,かがくしょうせつ,wnja:06368628-n
科学技術,かがくぎじゅつ,wnja:00949619-n
移り変り,うつりかわり,wnja:07296428-n
移動電話,いどうでんわ,wnja:02992529-n
税額控除,ぜいがくこうじょ,wnja:13378968-n
積みわら,つみわら,wnja:07963208-n
積み替え,つみかえ,wnja:00061453-n
積み込み,つみこみ,wnja:00713952-n
空き時間,あきじかん,wnja:15137425-n
空威張り,からいばり,wnja:06889591-n
突っかい,つっかい,wnja:01017320-n
突っ掛け,つっかけ,wnja:04241249-n
突っ込み,つっこみ,wnja:00974762-n
突然変異,とつぜんへんい,wnja:07425011-n
立ち位置,たちいち,wnja:08624385-n
立ち往生,たちおうじょう,wnja:07366145-n
立ち泳ぎ,たちおよぎ,wnja:00575214-n
立ち直り,たちなおり,wnja:07419792-n
立ち退き,たちのき,wnja:01194904-n
立て役者,たてやくしゃ,wnja:09762509-n
立候補者,りっこうほしゃ,wnja:09889691-n
競争相手,きょうそうあいて,wnja:10379620-n
第一人者,だいいちにんしゃ,wnja:10235024-n
筆記用具,ひっきようぐ,wnja:04608567-n
筋肉注射,きんにくちゅうしゃ,wnja:00323056-n
節足動物,せっそくどうぶつ,wnja:01767661-n
粉ミルク,こなみるく,wnja:07846143-n
精神療法,せいしんりょうほう,wnja:06056923-n
精神科医,せいしんかい,wnja:10488016-n
精神衛生,せいしんえいせい,wnja:06056923-n
終身保険,しゅうしんほけん,wnja:13347947-n
組み入れ,くみいれ,wnja:05075602-n
結婚休暇,けっこんきゅうか,wnja:15138903-n
結婚指輪,けっこんゆびわ,wnja:04569338-n
絶対主義,ぜったいしゅぎ,wnja:06213688-n
絶対多数,ぜったいたすう,wnja:13581067-n
絶対温度,ぜったいおんど,wnja:05013095-n
絶対評価,ぜったいひょうか,wnja:13853002-n
絶対零度,ぜったいれいど,wnja:05013204-n
絶対音感,ぜったいおんかん,wnja:05658106-n
継ぎ足し,つぎたし,wnja:13253423-n
継続期間,けいぞくきかん,wnja:05051249-n
続き合い,つづきあい,wnja:13780719-n
続けざま,つづけざま,wnja:01010458-n
緊急事態,きんきゅうじたい,wnja:07417405-n
総合大学,そうごうだいがく,wnja:08286569-n
総支配人,そうしはいにん,wnja:10125697-n
緩衝地帯,かんしょうちたい,wnja:08611218-n
練習問題,れんしゅうもんだい,wnja:00729919-n
置き手紙,おきてがみ,wnja:06624161-n
置き換え,おきかえ,wnja:00197772-n
美味しさ,おいしさ,wnja:04995421-n
老いらく,おいらく,wnja:15153787-n
老齢年金,ろうれいねんきん,wnja:13384341-n
考え違い,かんがえちがい,wnja:05895723-n
耐用年数,たいようねんすう,wnja:15140405-n
耳下腺炎,じかせんえん,wnja:14138178-n
耳鼻科医,じびかい,wnja:10059323-n
聞き分け,ききわけ,wnja:05748054-n
職業訓練,しょくぎょうくんれん,wnja:00401314-n
肉体労働,にくたいろうどう,wnja:00620752-n
肝細胞癌,かんさいぼうがん,wnja:14251174-n
肝臓がん,かんぞうがん,wnja:14131651-n
肺炎球菌,はいえんきゅうきん,wnja:01380754-n
背もたれ,せもたれ,wnja:02767433-n
脊椎動物,せきついどうぶつ,wnja:01471070-n
脳下垂体,のうかすいたい,wnja:05483890-n
脳性麻痺,のうせいまひ,wnja:14094653-n
脳脊髄炎,のうせきずいえん,wnja:14342533-n
腔腸動物,こうちょうどうぶつ,wnja:01909422-n
臨機応変,りんきおうへん,wnja:05155476-n
自分自身,じぶんじしん,wnja:09604981-n
自己主張,じこしゅちょう,wnja:01223143-n
自己制御,じこせいぎょ,wnja:01069578-n
自己抑制,じこよくせい,wnja:01069578-n
自己満足,じこまんぞく,wnja:07531713-n
自己陶酔,じことうすい,wnja:04835260-n
自暴自棄,じぼうじき,wnja:04662390-n
自然主義,しぜんしゅぎ,wnja:05973372-n
自然免疫,しぜんめんえき,wnja:14528571-n
自然科学,しぜんかがく,wnja:06000400-n
自然選択,しぜんせんたく,wnja:13563746-n
自由主義,じゆうしゅぎ,wnja:05995576-n
自由時間,じゆうじかん,wnja:01065687-n
自由貿易,じゆうぼうえき,wnja:01092643-n
航空会社,こうくうがいしゃ,wnja:02690081-n
航空運賃,こうくううんちん,wnja:13308336-n
航空郵便,こうくうゆうびん,wnja:06264812-n
船荷証券,ふなにしょうけん,wnja:06520742-n
色変わり,いろがわり,wnja:04695176-n
芝刈り機,しばかりき,wnja:03649909-n
芝居好き,しばいずき,wnja:10440717-n
苦肉の策,くにくのさく,wnja:00178972-n
荒くれ者,あらくれもの,wnja:09879297-n
菜食主義,さいしょくしゅぎ,wnja:07564971-n
落とし卵,おとしたまご,wnja:07842202-n
虚無主義,きょむしゅぎ,wnja:05965388-n
蜻蛉返り,とんぼがえり,wnja:00439484-n
血の巡り,ちのめぐり,wnja:11439031-n
血液内科,けつえきないか,wnja:06051134-n
行儀作法,ぎょうぎさほう,wnja:04898087-n
行動変容,こうどうへんよう,wnja:00700979-n
行動指針,こうどうししん,wnja:06655388-n
行動規範,こうどうきはん,wnja:05668095-n
行動計画,こうどうけいかく,wnja:05902545-n
表意文字,ひょういもじ,wnja:06362441-n
表現主義,ひょうげんしゅぎ,wnja:08467258-n
表面張力,ひょうめんちょうりょく,wnja:11517999-n
表音文字,ひょうおんもじ,wnja:06821889-n
被保険者,ひほけんしゃ,wnja:10209888-n
被子植物,ひししょくぶつ,wnja:11665372-n
被雇用者,ひこようしゃ,wnja:10053808-n
裁定取引,さいていとりひき,wnja:01093965-n
裏切り者,うらぎりもの,wnja:10007109-n
補欠選挙,ほけつせんきょ,wnja:00183240-n
裸子植物,らししょくぶつ,wnja:11595312-n
見せかけ,みせかけ,wnja:00754956-n
見せしめ,みせしめ,wnja:06672752-n
見落とし,みおとし,wnja:00074524-n
親代わり,おやがわり,wnja:01131993-n
親族関係,しんぞくかんけい,wnja:13812607-n
親知らず,おやしらず,wnja:05307952-n
解決手段,かいけつしゅだん,wnja:05661668-n
言いあい,いいあい,wnja:07184149-n
言いつけ,いいつけ,wnja:07168131-n
言い争い,いいあらそい,wnja:07183151-n
言い換え,いいかえ,wnja:06429145-n
言い直し,いいなおし,wnja:06768901-n
言い逃れ,いいのがれ,wnja:01120855-n
言葉付き,ことばつき,wnja:07081739-n
言葉使い,ことばづかい,wnja:07081739-n
言葉遊び,ことばあそび,wnja:00501870-n
言語障害,げんごしょうがい,wnja:14400677-n
記憶媒体,きおくばいたい,wnja:04063868-n
記憶装置,きおくそうち,wnja:03744276-n
証券会社,しょうけんがいしゃ,wnja:08069878-n
証券市場,しょうけんしじょう,wnja:04323026-n
評価制度,ひょうかせいど,wnja:05733221-n
試合運び,しあいはこび,wnja:00557588-n
試行錯誤,しこうさくご,wnja:00641421-n
誇大妄想,こだいもうそう,wnja:14377177-n
読み取り,よみとり,wnja:01004582-n
調理器具,ちょうりきぐ,wnja:03621049-n
調理用具,ちょうりようぐ,wnja:03621049-n
調理道具,ちょうりどうぐ,wnja:03621049-n
識別番号,しきべつばんごう,wnja:06425065-n
警察学校,けいさつがっこう,wnja:08279424-n
譲り合い,ゆずりあい,wnja:07179342-n
譲渡所得,じょうとしょとく,wnja:13311830-n
財団法人,ざいだんほうじん,wnja:08406486-n
販売促進,はんばいそくしん,wnja:07249817-n
販売業者,はんばいぎょうしゃ,wnja:08061905-n
買いつけ,かいつけ,wnja:00079018-n
買い出し,かいだし,wnja:00081836-n
買い戻し,かいもどし,wnja:00079212-n
買い込み,かいこみ,wnja:00079018-n
貸し座敷,かしざしき,wnja:04581595-n
貸し金庫,かしきんこ,wnja:04125257-n
賃貸料金,ちんたいりょうきん,wnja:13295657-n
賃金水準,ちんぎんすいじゅん,wnja:13853546-n
資本主義,しほんしゅぎ,wnja:08364143-n
資金洗浄,しきんせんじょう,wnja:01051221-n
資金調達,しきんちょうたつ,wnja:01099109-n
赤すぐり,あかすぐり,wnja:07744682-n
赤ちゃん,あかちゃん,wnja:01322221-n
赤んぼう,あかんぼう,wnja:09827683-n
赤ワイン,あかわいん,wnja:07892512-n
走り使い,はしりづかい,wnja:10311375-n
走行車線,そうこうしゃせん,wnja:04244152-n
起死回生,きしかいせい,wnja:01048210-n
超過勤務,ちょうかきんむ,wnja:15137194-n
足ならし,あしならし,wnja:01144716-n
路面電車,ろめんでんしゃ,wnja:04335435-n
跳ね返り,はねかえり,wnja:07350401-n
身ごなし,みごなし,wnja:05002822-n
車輪止め,しゃりんどめ,wnja:03023878-n
軍備縮小,ぐんびしゅくしょう,wnja:01157557-n
軍国主義,ぐんこくしゅぎ,wnja:06221974-n
軟体動物,なんたいどうぶつ,wnja:01940488-n
軽はずみ,かるはずみ,wnja:04648440-n
農業機械,のうぎょうきかい,wnja:03322940-n
近親相姦,きんしんそうかん,wnja:00848891-n
返し縫い,かえしぬい,wnja:02771383-n
追い払い,おいばらい,wnja:00208797-n
追い立て,おいたて,wnja:00206927-n
追い越し,おいこし,wnja:00340192-n
追っかけ,おっかけ,wnja:08223263-n
退職年金,たいしょくねんきん,wnja:13384164-n
途中下車,とちゅうげしゃ,wnja:01056411-n
通り言葉,とおりことば,wnja:07157273-n
通信教育,つうしんきょういく,wnja:00890320-n
通信機器,つうしんきき,wnja:04400289-n
通信講座,つうしんこうざ,wnja:00890320-n
通信販売,つうしんはんばい,wnja:06530703-n
通勤手当,つうきんてあて,wnja:13293901-n
連れっ子,つれっこ,wnja:10654461-n
進歩主義,しんぽしゅぎ,wnja:06219711-n
遊び仲間,あそびなかま,wnja:10441037-n
遊び好き,あそびずき,wnja:04649835-n
遊び道具,あそびどうぐ,wnja:03964744-n
運転資金,うんてんしきん,wnja:13354420-n
道しるべ,みちしるべ,wnja:06422740-n
道具一式,どうぐいっしき,wnja:03619396-n
道路標識,どうろひょうしき,wnja:06794374-n
遠隔操作,えんかくそうさ,wnja:04074963-n
適用範囲,てきようはんい,wnja:05123760-n
郵便受け,ゆうびんうけ,wnja:03710193-n
郵便番号,ゆうびんばんごう,wnja:06355705-n
郵便葉書,ゆうびんはがき,wnja:06627938-n
都市ガス,としがす,wnja:14685475-n
酔っ払い,よっぱらい,wnja:10037080-n
酸っぱみ,すっぱみ,wnja:04993882-n
重商主義,じゅうしょうしゅぎ,wnja:08367339-n
重要人物,じゅうようじんぶつ,wnja:09938991-n
重量挙げ,じゅうりょうあげ,wnja:00626188-n
野イチゴ,のいちご,wnja:12630641-n
野辺送り,のべおくり,wnja:07451687-n
金管楽器,きんかんがっき,wnja:02891788-n
金融市場,きんゆうしじょう,wnja:08073601-n
金融機関,きんゆうきかん,wnja:08054721-n
鉄砲百合,てっぽうゆり,wnja:12427757-n
鉄道会社,てつどうかいしゃ,wnja:04048568-n
鉄道車両,てつどうしゃりょう,wnja:02959942-n
鉄道馬車,てつどうばしゃ,wnja:03538300-n
銀行口座,ぎんこうこうざ,wnja:13359690-n
銀行預金,ぎんこうよきん,wnja:13381145-n
防衛機制,ぼうえいきせい,wnja:13459322-n
阿婆擦れ,あばずれ,wnja:09965134-n
陰イオン,いんいおん,wnja:09197815-n
陽イオン,よういおん,wnja:09238294-n
隠し場所,かくしばしょ,wnja:02934888-n
隠し立て,かくしだて,wnja:04652177-n
隠し言葉,かくしことば,wnja:07157273-n
隠れみの,かくれみの,wnja:06760508-n
隠れ遊び,かくれあそび,wnja:00484910-n
隠花植物,いんかしょくぶつ,wnja:11551898-n
集団検診,しゅうだんけんしん,wnja:00142361-n
集積回路,しゅうせきかいろ,wnja:03577090-n
離れ離れ,はなればなれ,wnja:05087297-n
難攻不落,なんこうふらく,wnja:14539029-n
零れ幸い,こぼれざいわい,wnja:07477587-n
電位差計,でんいさけい,wnja:03991646-n
電光石火,でんこうせっか,wnja:04664628-n
電子工学,でんしこうがく,wnja:06099269-n
電気分解,でんきぶんかい,wnja:13472125-n
電気剃刀,でんきかみそり,wnja:04185804-n
電話番号,でんわばんごう,wnja:06426111-n
青酸カリ,せいさんかり,wnja:14862064-n
非常ベル,ひじょうべる,wnja:02694426-n
非常事態,ひじょうじたい,wnja:13933560-n
音標文字,おんぴょうもじ,wnja:06500448-n
音響効果,おんきょうこうか,wnja:05917869-n
音頭取り,おんどとり,wnja:01256417-n
預かり所,あずかりしょ,wnja:03011892-n
預金通帳,よきんつうちょう,wnja:13414159-n
頑固一徹,がんこいってつ,wnja:04908835-n
頬っぺた,ほっぺた,wnja:05602835-n
頭脳集団,ずのうしゅうだん,wnja:08478702-n
頼り甲斐,たよりがい,wnja:04670022-n
顰めっ面,しかめっつら,wnja:06877578-n
風ぐるま,かざぐるま,wnja:04587559-n
風邪ひき,かぜひき,wnja:14145501-n
飛び切り,とびきり,wnja:04728376-n
飛び蹴り,とびげり,wnja:00137877-n
食いつき,くいつき,wnja:07477413-n
食い余し,くいあまし,wnja:07563509-n
食い込み,くいこみ,wnja:00733753-n
食べ残し,たべのこし,wnja:07563509-n
食べ過ぎ,たべすぎ,wnja:00759186-n
食わせ物,くわせもの,wnja:10195593-n
食料品店,しょくりょうひんてん,wnja:03461385-n
食物連鎖,しょくもつれんさ,wnja:11455901-n
飾りつけ,かざりつけ,wnja:03169390-n
養子縁組,ようしえんぐみ,wnja:01185292-n
養老保険,ようろうほけん,wnja:01088563-n
香港ドル,ほんこんどる,wnja:13673455-n
馬鹿笑い,ばかわらい,wnja:07127911-n
駆け落ち,かけおち,wnja:00058608-n
骨惜しみ,ほねおしみ,wnja:04637108-n
高利貸し,こうりがし,wnja:10742384-n
高等学校,こうとうがっこう,wnja:08409617-n
高血圧症,こうけつあつしょう,wnja:14103510-n
高速道路,こうそくどうろ,wnja:03306610-n
鬼ごっこ,おにごっこ,wnja:00487874-n
鳥もも肉,とりももにく,wnja:07650637-n
鳥打ち帽,とりうちぼう,wnja:02954340-n
麦藁帽子,むぎわらぼうし,wnja:02859184-n
あいしらい,あいしらい,wnja:06630852-n
あばずれ女,あばずれおんな,wnja:09965134-n
おしゃぶり,おしゃぶり,wnja:03075768-n
おたんちん,おたんちん,wnja:10100761-n
おとぎの国,おとぎのくに,wnja:05633044-n
お巡りさん,おまわりさん,wnja:10448983-n
お気に入り,おきにいり,wnja:05790758-n
お父ちゃん,おとうちゃん,wnja:09988063-n
お相撲さん,おすもうさん,wnja:10674713-n
お祭り騒ぎ,おまつりさわぎ,wnja:00509846-n
かばん持ち,かばんもち,wnja:10531109-n
かみのけ座,かみのけざ,wnja:09251229-n
かんかん帽,かんかんぼう,wnja:02859184-n
がらっぱち,がらっぱち,wnja:14472624-n
がらんどう,がらんどう,wnja:04867871-n
こぎつね座,こぎつねざ,wnja:09473685-n
ご都合主義,ごつごうしゅぎ,wnja:04835488-n
されこうべ,されこうべ,wnja:05540121-n
せせら笑い,せせらわらい,wnja:06716234-n
ちゃりんこ,ちゃりんこ,wnja:02834778-n
ちゃんころ,ちゃんころ,wnja:13384557-n
ちゃんぽん,ちゃんぽん,wnja:07374756-n
ちょっと見,ちょっとみ,wnja:00877625-n
でっち上げ,でっちあげ,wnja:00751398-n
でぶっちょ,でぶっちょ,wnja:04999401-n
でんでん虫,でんでんむし,wnja:01944390-n
とびうお座,とびうおざ,wnja:09472268-n
のんだくれ,のんだくれ,wnja:10037385-n
はやりっ子,はやりっこ,wnja:09762509-n
ばあちゃん,ばあちゃん,wnja:10142747-n
ばねばかり,ばねばかり,wnja:04288533-n
びっくり箱,びっくりばこ,wnja:03590588-n
ふくらし粉,ふくらしこ,wnja:14772461-n
ふくらはぎ,ふくらはぎ,wnja:05574332-n
ふくれっ面,ふくれっつら,wnja:00878797-n
ぶっきら棒,ぶっきらぼう,wnja:04915462-n
ぼったくり,ぼったくり,wnja:03044537-n
まぐれ幸い,まぐれざいわい,wnja:07477587-n
みみずばれ,みみずばれ,wnja:14298620-n
やかまし屋,やかましや,wnja:09986532-n
やけっぱち,やけっぱち,wnja:07541923-n
ろくでなし,ろくでなし,wnja:10135953-n
アイシング,あいしんぐ,wnja:00558181-n
アイブロウ,あいぶろう,wnja:05313535-n
アイブロー,あいぶろー,wnja:05313535-n
アイボリー,あいぼりー,wnja:04961331-n
アイランド,あいらんど,wnja:09316454-n
アイレット,あいれっと,wnja:03132438-n
アイロニー,あいろにー,wnja:04715075-n
アイロン台,あいろんだい,wnja:03586090-n
アウトロー,あうとろー,wnja:09977660-n
アオギリ科,あおぎりか,wnja:12194776-n
アオミドロ,あおみどろ,wnja:01410457-n
アカウント,あかうんと,wnja:13354985-n
アカデミー,あかでみー,wnja:02669885-n
アカンサス,あかんさす,wnja:12812235-n
アキメネス,あきめねす,wnja:12830222-n
アクション,あくしょん,wnja:00165942-n
アクセサリ,あくせさり,wnja:02671421-n
アクセント,あくせんと,wnja:04987620-n
アクトレス,あくとれす,wnja:09767700-n
アサイラム,あさいらむ,wnja:04071102-n
アザミウマ,あざみうま,wnja:02271897-n
アシナジー,あしなじー,wnja:14024391-n
アシメトリ,あしめとり,wnja:05065717-n
アジェンダ,あじぇんだ,wnja:05910940-n
アジサイ科,あじさいか,wnja:12787565-n
アスタチン,あすたちん,wnja:14629561-n
アスチルベ,あすちるべ,wnja:12794985-n
アスピック,あすぴっく,wnja:07808675-n
アスピリン,あすぴりん,wnja:02748618-n
アスベスト,あすべすと,wnja:14725591-n
アスペクト,あすぺくと,wnja:05850624-n
アスリート,あすりーと,wnja:09820263-n
アセタール,あせたーる,wnja:14710805-n
アセチル基,あせちるき,wnja:14594456-n
アセチレン,あせちれん,wnja:14600742-n
アセンブリ,あせんぶり,wnja:01229938-n
アダプター,あだぷたー,wnja:02678897-n
アダージョ,あだーじょ,wnja:07047804-n
アップリケ,あっぷりけ,wnja:02730437-n
アテローム,あてろーむ,wnja:05269495-n
アデノイド,あでのいど,wnja:05529286-n
アデノシン,あでのしん,wnja:14707101-n
アトラジン,あとらじん,wnja:14629772-n
アトリウム,あとりうむ,wnja:02754656-n
アトロピン,あとろぴん,wnja:02754756-n
アドバイス,あどばいす,wnja:06671484-n
アドバンス,あどばんす,wnja:00282050-n
アナウンス,あなうんす,wnja:06726158-n
アナキスト,あなきすと,wnja:09791816-n
アナキズム,あなきずむ,wnja:06213890-n
アナグラム,あなぐらむ,wnja:06287620-n
アナコンダ,あなこんだ,wnja:01743086-n
アナライザ,あならいざ,wnja:02708711-n
アナリシス,あなりしす,wnja:00634276-n
アナリスト,あなりすと,wnja:09790482-n
アナロジー,あなろじー,wnja:05780339-n
アニゼット,あにぜっと,wnja:07908647-n
アニミズム,あにみずむ,wnja:05958712-n
アネックス,あねっくす,wnja:02713594-n
アネルギー,あねるぎー,wnja:14128536-n
アノラック,あのらっく,wnja:03891051-n
アパッシュ,あぱっしゅ,wnja:06919433-n
アパテイア,あぱていあ,wnja:04636610-n
アパーチャ,あぱーちゃ,wnja:02727016-n
アビリティ,あびりてぃ,wnja:05200169-n
アプレット,あぷれっと,wnja:06570647-n
アプローチ,あぷろーち,wnja:00280853-n
アベレージ,あべれーじ,wnja:06021761-n
アペリチフ,あぺりちふ,wnja:07886463-n
アボリジニ,あぼりじに,wnja:09676490-n
アポイント,あぽいんと,wnja:08385009-n
アマチュア,あまちゅあ,wnja:09786585-n
アマツバメ,あまつばめ,wnja:01832167-n
アマリリス,あまりりす,wnja:12419037-n
アマルガム,あまるがむ,wnja:14716550-n
アマレット,あまれっと,wnja:07908567-n
アミラーゼ,あみらーぜ,wnja:14735457-n
アミロイド,あみろいど,wnja:14730105-n
アムリノン,あむりのん,wnja:02706373-n
アメジスト,あめじすと,wnja:14722589-n
アメフラシ,あめふらし,wnja:01951107-n
アメリカン,あめりかん,wnja:09738400-n
アライグマ,あらいぐま,wnja:02508021-n
アラカルト,あらかると,wnja:06497117-n
アラベスク,あらべすく,wnja:02732572-n
アランダム,あらんだむ,wnja:14824469-n
アリザリン,ありざりん,wnja:14986277-n
アリダード,ありだーど,wnja:02696843-n
アリッサム,ありっさむ,wnja:11870607-n
アルカリ性,あるかりせい,wnja:05039709-n
アルギニン,あるぎにん,wnja:14767796-n
アルコホル,あるこほる,wnja:07884567-n
アルコール,あるこーる,wnja:07884567-n
アルチザン,あるちざん,wnja:09974648-n
アルテミア,あるてみあ,wnja:01995686-n
アルデヒド,あるでひど,wnja:14584765-n
アルドース,あるどーす,wnja:14710662-n
アルバイト,あるばいと,wnja:00584367-n
アルファ線,あるふぁせん,wnja:11423607-n
アルブミン,あるぶみん,wnja:14731509-n
アルマジロ,あるまじろ,wnja:02454379-n
アルマンド,あるまんど,wnja:07840124-n
アレゴリー,あれごりー,wnja:06372095-n
アレルギー,あれるぎー,wnja:14532816-n
アレルゲン,あれるげん,wnja:14584260-n
アロカシア,あろかしあ,wnja:11782036-n
アンケート,あんけーと,wnja:06474122-n
アンコール,あんこーる,wnja:00099439-n
アンゼリカ,あんぜりか,wnja:07826340-n
アンダンテ,あんだんて,wnja:07040148-n
アントニム,あんとにむ,wnja:06288024-n
アンニュイ,あんにゅい,wnja:07539790-n
アンパイア,あんぱいあ,wnja:09803429-n
アンパイヤ,あんぱいや,wnja:09803429-n
アンブレラ,あんぶれら,wnja:04507155-n
アンモニア,あんもにあ,wnja:14743582-n
アヴォカド,あゔぉかど,wnja:07764847-n
アーガイル,あーがいる,wnja:02736934-n
アーケード,あーけーど,wnja:02733213-n
アーチスト,あーちすと,wnja:09812338-n
アーモンド,あーもんど,wnja:07750586-n
イカリソウ,いかりそう,wnja:11698895-n
イスラム教,いすらむきょう,wnja:06234825-n
イソマツ科,いそまつか,wnja:12097927-n
イタリア人,いたりあじん,wnja:09716047-n
イタリア語,いたりあご,wnja:06964247-n
イタリック,いたりっく,wnja:06350918-n
イディオム,いでぃおむ,wnja:07154330-n
イナゴマメ,いなごまめ,wnja:07598335-n
イニシアル,いにしある,wnja:06830997-n
イニシャル,いにしゃる,wnja:06830997-n
イブニング,いぶにんぐ,wnja:15166462-n
イマージュ,いまーじゅ,wnja:04677716-n
イヤフォン,いやふぉん,wnja:03261776-n
イヤホーン,いやほーん,wnja:03261776-n
イラクサ科,いらくさか,wnja:12391745-n
イリジウム,いりじうむ,wnja:14642219-n
イレーザー,いれーざー,wnja:03294833-n
インゴット,いんごっと,wnja:03570526-n
インサイド,いんさいど,wnja:08588152-n
インジウム,いんじうむ,wnja:14641223-n
インスリン,いんすりん,wnja:05410646-n
インセスト,いんせすと,wnja:00848891-n
インセンス,いんせんす,wnja:14918994-n
インソール,いんそーる,wnja:03573848-n
インターン,いんたーん,wnja:10211203-n
インテリア,いんてりあ,wnja:03405725-n
インディオ,いんでぃお,wnja:09726621-n
インディゴ,いんでぃご,wnja:14754860-n
インディー,いんでぃー,wnja:08003306-n
インデクス,いんでくす,wnja:06491786-n
インデント,いんでんと,wnja:06389753-n
イントロン,いんとろん,wnja:14831178-n
インニング,いんにんぐ,wnja:15255804-n
インバース,いんばーす,wnja:13858833-n
インパクト,いんぱくと,wnja:00157957-n
インパルス,いんぱるす,wnja:00104249-n
インプット,いんぷっと,wnja:05827684-n
インボイス,いんぼいす,wnja:06516955-n
インポート,いんぽーと,wnja:03564667-n
イースター,いーすたー,wnja:15188154-n
ウィザード,うぃざーど,wnja:09762509-n
ウィスキー,うぃすきー,wnja:07906284-n
ウィニング,うぃにんぐ,wnja:00064018-n
ウィンター,うぃんたー,wnja:15237782-n
ウィンドウ,うぃんどう,wnja:04587648-n
ウィンドー,うぃんどー,wnja:04587648-n
ウイザード,ういざーど,wnja:09762509-n
ウイスキー,ういすきー,wnja:07906284-n
ウイニング,ういにんぐ,wnja:00064018-n
ウイロイド,ういろいど,wnja:01334690-n
ウインドウ,ういんどう,wnja:04587648-n
ウインドー,ういんどー,wnja:04587648-n
ウェイター,うぇいたー,wnja:10763383-n
ウェーター,うぇーたー,wnja:10763383-n
ウェーバー,うぇーばー,wnja:13638577-n
ウエイター,うえいたー,wnja:10763383-n
ウエハース,うえはーす,wnja:07695012-n
ウエーター,うえーたー,wnja:10763383-n
ウォーター,うぉーたー,wnja:07935504-n
ウオーター,うおーたー,wnja:14845743-n
ウシガエル,うしがえる,wnja:01641577-n
ウシノシタ,うしのした,wnja:02663485-n
ウミガラス,うみがらす,wnja:02046759-n
ウミタナゴ,うみたなご,wnja:02570838-n
ウムラウト,うむらうと,wnja:06823760-n
ウメケムシ,うめけむし,wnja:02307325-n
ウラニウム,うらにうむ,wnja:14660443-n
ウルティマ,うるてぃま,wnja:06305029-n
ウレアーゼ,うれあーぜ,wnja:15084110-n
ウロビリン,うろびりん,wnja:14756606-n
ウーファー,うーふぁー,wnja:04599124-n
エアウェー,えあうぇー,wnja:02690081-n
エアウエイ,えあうえい,wnja:02690081-n
エアゾール,えあぞーる,wnja:11422597-n
エアダクト,えあだくと,wnja:02690941-n
エアバッグ,えあばっぐ,wnja:02685365-n
エアポンプ,えあぽんぷ,wnja:02692513-n
エアポート,えあぽーと,wnja:02692232-n
エアメール,えあめーる,wnja:06622993-n
エアライン,えあらいん,wnja:02690081-n
エアロゾル,えあろぞる,wnja:11422597-n
エイリアン,えいりあん,wnja:09484465-n
エキストラ,えきすとら,wnja:10676569-n
エクルビス,えくるびす,wnja:01985493-n
エグジット,えぐじっと,wnja:03303965-n
エコノミー,えこのみー,wnja:04893787-n
エゴイスト,えごいすと,wnja:10047459-n
エゴノキ科,えごのきか,wnja:12776946-n
エシックス,えしっくす,wnja:06159473-n
エジション,えじしょん,wnja:07959393-n
エジプト人,えじぷとじん,wnja:06990000-n
エスカルゴ,えすかるご,wnja:07782475-n
エスクロー,えすくろー,wnja:13414554-n
エスケープ,えすけーぷ,wnja:00058743-n
エスコート,えすこーと,wnja:00827782-n
エストロン,えすとろん,wnja:14750782-n
エタノール,えたのーる,wnja:14709265-n
エチケット,えちけっと,wnja:04898087-n
エチュード,えちゅーど,wnja:07043518-n
エッセンス,えっせんす,wnja:03916031-n
エッチング,えっちんぐ,wnja:00938791-n
エディター,えでぃたー,wnja:06574841-n
エトランゼ,えとらんぜ,wnja:10661002-n
エトワール,えとわーる,wnja:09444100-n
エナージー,えなーじー,wnja:11452218-n
エネルギー,えねるぎー,wnja:05035961-n
エノキタケ,えのきたけ,wnja:13022210-n
エピグラフ,えぴぐらふ,wnja:06613340-n
エピグラム,えぴぐらむ,wnja:07153727-n
エピスシア,えぴすしあ,wnja:12831932-n
エピソード,えぴそーど,wnja:06396330-n
エピローグ,えぴろーぐ,wnja:00210797-n
エフェクツ,えふぇくつ,wnja:13246079-n
エフェクト,えふぇくと,wnja:05917477-n
エボナイト,えぼないと,wnja:15007534-n
エポレット,えぽれっと,wnja:03292210-n
エメラルド,えめらるど,wnja:13372665-n
エラスチン,えらすちん,wnja:05287731-n
エルビウム,えるびうむ,wnja:14636988-n
エレガンス,えれがんす,wnja:05003590-n
エレキテル,えれきてる,wnja:11449907-n
エレベータ,えれべーた,wnja:03281145-n
エレメント,えれめんと,wnja:05868954-n
エロチズム,えろちずむ,wnja:07489059-n
エンザイム,えんざいむ,wnja:14732946-n
エンジェル,えんじぇる,wnja:09538915-n
エンジニア,えんじにあ,wnja:09615807-n
エンタシス,えんたしす,wnja:13864542-n
エンダイブ,えんだいぶ,wnja:07731587-n
エンドラン,えんどらん,wnja:00559555-n
エンバシー,えんばしー,wnja:03282295-n
エンパイア,えんぱいあ,wnja:07740597-n
エンブレム,えんぶれむ,wnja:03282591-n
エンプレス,えんぷれす,wnja:10053439-n
エンペラー,えんぺらー,wnja:07760070-n
エージズム,えーじずむ,wnja:01154373-n
エーリアン,えーりあん,wnja:09484465-n
エーロゾル,えーろぞる,wnja:11422597-n
オイスター,おいすたー,wnja:07649342-n
オオバコ科,おおばこか,wnja:12598409-n
オキサイド,おきさいど,wnja:14971519-n
オクターブ,おくたーぶ,wnja:06382923-n
オクテット,おくてっと,wnja:07987903-n
オスミウム,おすみうむ,wnja:14647907-n
オセロット,おせろっと,wnja:02125494-n
オットセイ,おっとせい,wnja:02077152-n
オピニオン,おぴにおん,wnja:05837957-n
オフィサー,おふぃさー,wnja:10317007-n
オフェンス,おふぇんす,wnja:00980038-n
オフサイド,おふさいど,wnja:00074324-n
オブザーバ,おぶざーば,wnja:10369528-n
オブラート,おぶらーと,wnja:10348874-n
オプション,おぷしょん,wnja:13241600-n
オプソニン,おぷそにん,wnja:15030264-n
オベリスク,おべりすく,wnja:03837869-n
オペランド,おぺらんど,wnja:05857346-n
オペレッタ,おぺれった,wnja:07027090-n
オペレータ,おぺれーた,wnja:10378412-n
オポッサム,おぽっさむ,wnja:01874928-n
オムニバス,おむにばす,wnja:02924116-n
オモダカ科,おもだかか,wnja:12611815-n
オラトリオ,おらとりお,wnja:07042249-n
オリジナル,おりじなる,wnja:03727274-n
オリックス,おりっくす,wnja:02428349-n
オリーブ油,おりーぶゆ,wnja:07674508-n
オリーブ色,おりーぶいろ,wnja:04974340-n
オルガスム,おるがすむ,wnja:00062133-n
オルゴール,おるごーる,wnja:03801353-n
オルニチン,おるにちん,wnja:14607378-n
オレフィン,おれふぃん,wnja:14713120-n
オーガズム,おーがずむ,wnja:00062133-n
オーキシン,おーきしん,wnja:14745057-n
オーシャン,おーしゃん,wnja:09376198-n
オーディオ,おーでぃお,wnja:02756751-n
オートバイ,おーとばい,wnja:03790512-n
オードブル,おーどぶる,wnja:07582277-n
オーニング,おーにんぐ,wnja:02763901-n
オービター,おーびたー,wnja:04137444-n
オービット,おーびっと,wnja:11218776-n
オープナー,おーぷなー,wnja:03848348-n
オープン戦,おーぷんせん,wnja:00456899-n
カイツブリ,かいつぶり,wnja:02050809-n
カウボーイ,かうぼーい,wnja:09972661-n
カウリング,かうりんぐ,wnja:03530910-n
カウンター,かうんたー,wnja:00135504-n
カウンティ,かうんてぃ,wnja:08546183-n
カキノキ科,かきのきか,wnja:12770068-n
カスタマー,かすたまー,wnja:09984659-n
カスタード,かすたーど,wnja:07619004-n
カスパーゼ,かすぱーぜ,wnja:14669823-n
カセドラル,かせどらる,wnja:02984061-n
カタコンブ,かたこんぶ,wnja:02981024-n
カタコンベ,かたこんべ,wnja:02981024-n
カタツムリ,かたつむり,wnja:01944390-n
カタパルト,かたぱると,wnja:02982232-n
カタラーゼ,かたらーぜ,wnja:14737639-n
カタルシス,かたるしす,wnja:00253395-n
カットオフ,かっとおふ,wnja:03153585-n
カテゴリー,かてごりー,wnja:05838765-n
カテドラル,かてどらる,wnja:02984061-n
カテーテル,かてーてる,wnja:02984469-n
カデンツァ,かでんつぁ,wnja:07046218-n
カトリック,かとりっく,wnja:09679925-n
カドミウム,かどみうむ,wnja:14632444-n
カドリール,かどりーる,wnja:00540485-n
カナムグラ,かなむぐら,wnja:12398526-n
カナメモチ,かなめもち,wnja:12636430-n
カニューレ,かにゅーれ,wnja:02951170-n
カバノキ科,かばのきか,wnja:12280487-n
カフェイン,かふぇいん,wnja:14761122-n
カフェオレ,かふぇおれ,wnja:07919572-n
カブトエビ,かぶとえび,wnja:01995803-n
カブリオレ,かぶりおれ,wnja:02931013-n
カプセル剤,かぷせるざい,wnja:02957586-n
カプチーノ,かぷちーの,wnja:07920349-n
カムバック,かむばっく,wnja:00051077-n
カメラマン,かめらまん,wnja:09889539-n
カメレオン,かめれおん,wnja:01693783-n
カモミール,かもみーる,wnja:11949402-n
カラクール,からくーる,wnja:02414043-n
カラスムギ,からすむぎ,wnja:07804152-n
カラリスト,からりすと,wnja:09938672-n
カリビアン,かりびあん,wnja:08709038-n
カルシウム,かるしうむ,wnja:14632648-n
カルダモン,かるだもん,wnja:07822323-n
カルチャー,かるちゃー,wnja:00917759-n
カルチュア,かるちゅあ,wnja:05751794-n
カルティエ,かるてぃえ,wnja:10885176-n
カルテット,かるてっと,wnja:08247251-n
カルボニル,かるぼにる,wnja:14790526-n
カレンシー,かれんしー,wnja:13385913-n
カレンダー,かれんだー,wnja:08266849-n
カワガラス,かわがらす,wnja:01601694-n
カンガルー,かんがるー,wnja:01877134-n
カンタータ,かんたーた,wnja:07042249-n
カンパニア,かんぱにあ,wnja:00800270-n
カンパニー,かんぱにー,wnja:08058098-n
カンヴァス,かんゔぁす,wnja:02953673-n
カージナル,かーじなる,wnja:09894143-n
カーニバル,かーにばる,wnja:00511555-n
カーバイド,かーばいど,wnja:14792550-n
カーペット,かーぺっと,wnja:04118021-n
カーポート,かーぽーと,wnja:02968074-n
カーリング,かーりんぐ,wnja:00461611-n
ガイダンス,がいだんす,wnja:00815320-n
ガガイモ科,ががいもか,wnja:13233012-n
ガスケット,がすけっと,wnja:03423719-n
ガスタンク,がすたんく,wnja:03423568-n
ガストリン,がすとりん,wnja:05408908-n
ガスパチョ,がすぱちょ,wnja:07585758-n
ガスレンジ,がすれんじ,wnja:03425595-n
ガソホール,がそほーる,wnja:14686723-n
ガンボージ,がんぼーじ,wnja:04966543-n
ガードマン,がーどまん,wnja:10770059-n
ガーリック,がーりっく,wnja:07818277-n
キキョウ科,ききょうか,wnja:12036533-n
キサンチン,きさんちん,wnja:15113050-n
キシロース,きしろーす,wnja:15103780-n
キスマーク,きすまーく,wnja:14226862-n
キックオフ,きっくおふ,wnja:00241507-n
キャタピラ,きゃたぴら,wnja:02983507-n
キャッサバ,きゃっさば,wnja:12926480-n
キャッシュ,きゃっしゅ,wnja:02935017-n
キャッスル,きゃっする,wnja:02980441-n
キャディー,きゃでぃー,wnja:09886403-n
キャバレー,きゃばれー,wnja:00520672-n
キャピタル,きゃぴたる,wnja:06824227-n
キャピトル,きゃぴとる,wnja:06824227-n
キャプテン,きゃぷてん,wnja:09892513-n
キャラクタ,きゃらくた,wnja:04620216-n
キャラバン,きゃらばん,wnja:04520382-n
キャラメル,きゃらめる,wnja:07595180-n
キャリアー,きゃりあー,wnja:00282613-n
キャリヤー,きゃりやー,wnja:00282613-n
キャンサー,きゃんさー,wnja:14239918-n
キャンセル,きゃんせる,wnja:00232386-n
キャンター,きゃんたー,wnja:00288486-n
キャンティ,きゃんてぃ,wnja:07895595-n
キャンディ,きゃんでぃ,wnja:07597365-n
キャンデー,きゃんでー,wnja:07597365-n
キャンドル,きゃんどる,wnja:02948072-n
キャンバス,きゃんばす,wnja:02953673-n
キャンパス,きゃんぱす,wnja:08518374-n
キャンパー,きゃんぱー,wnja:09889941-n
キャンプ場,きゃんぷじょう,wnja:08518171-n
キャンベル,きゃんべる,wnja:10880981-n
キュビスト,きゅびすと,wnja:09982013-n
キュビズム,きゅびずむ,wnja:08466175-n
キュビット,きゅびっと,wnja:13653349-n
キュリウム,きゅりうむ,wnja:14636220-n
キュロット,きゅろっと,wnja:02896442-n
キュンメル,きゅんめる,wnja:07910245-n
キランソウ,きらんそう,wnja:12840749-n
キリシタン,きりしたん,wnja:06185138-n
キログラム,きろぐらむ,wnja:13724582-n
キロバイト,きろばいと,wnja:13627516-n
キロビット,きろびっと,wnja:13627810-n
キロヘルツ,きろへるつ,wnja:15279596-n
キロボルト,きろぼると,wnja:13643770-n
キロワット,きろわっと,wnja:13644761-n
キンギョモ,きんぎょも,wnja:11538820-n
キーノート,きーのーと,wnja:07240278-n
キーボード,きーぼーど,wnja:03613873-n
ギアシフト,ぎあしふと,wnja:03432129-n
ギガバイト,ぎがばいと,wnja:13628761-n
ギタリスト,ぎたりすと,wnja:10151760-n
ギムレット,ぎむれっと,wnja:07914995-n
ギャバジン,ぎゃばじん,wnja:03409297-n
ギャラリー,ぎゃらりー,wnja:03412058-n
ギャルソン,ぎゃるそん,wnja:10763383-n
ギャレージ,ぎゃれーじ,wnja:03416489-n
ギャロップ,ぎゃろっぷ,wnja:00288671-n
ギャンブル,ぎゃんぶる,wnja:00430140-n
ギルバート,ぎるばーと,wnja:10999584-n
クイーンズ,くいーんず,wnja:09123182-n
クエーサー,くえーさー,wnja:09402370-n
クォーター,くぉーたー,wnja:06660396-n
クオリティ,くおりてぃ,wnja:04723816-n
クオーター,くおーたー,wnja:06660396-n
クチュリエ,くちゅりえ,wnja:09972157-n
クッキング,くっきんぐ,wnja:00243918-n
クッション,くっしょん,wnja:03151500-n
クマネズミ,くまねずみ,wnja:02333909-n
クモヒトデ,くもひとで,wnja:02317781-n
クライシス,くらいしす,wnja:07417644-n
クライマー,くらいまー,wnja:09929298-n
クラシック,くらしっく,wnja:03038595-n
クラスター,くらすたー,wnja:07959943-n
クラッカー,くらっかー,wnja:03125352-n
クラッシュ,くらっしゅ,wnja:07301950-n
クラフト紙,くらふとし,wnja:14878980-n
クラミジア,くらみじあ,wnja:01372709-n
クラリオン,くらりおん,wnja:03037899-n
クラレット,くられっと,wnja:04964001-n
クリケット,くりけっと,wnja:00476389-n
クリスタル,くりすたる,wnja:03142834-n
クリスター,くりすたー,wnja:15042772-n
クリッパー,くりっぱー,wnja:03044934-n
クリトリス,くりとりす,wnja:05523420-n
クリニック,くりにっく,wnja:03043274-n
クリノリン,くりのりん,wnja:03132666-n
クリプトン,くりぷとん,wnja:14642916-n
クリーナー,くりーなー,wnja:03040587-n
クルーガー,くるーがー,wnja:11111577-n
クルーラー,くるーらー,wnja:07639577-n
クレアチン,くれあちん,wnja:14825243-n
クレオール,くれおーる,wnja:09709531-n
クレジット,くれじっと,wnja:05903112-n
クレゾール,くれぞーる,wnja:14825982-n
クレマチス,くれまちす,wnja:11729478-n
クレンザー,くれんざー,wnja:03040587-n
クレーター,くれーたー,wnja:09259219-n
クロケット,くろけっと,wnja:10915566-n
クロザピン,くろざぴん,wnja:03053272-n
クロゼット,くろぜっと,wnja:03148324-n
クロッカス,くろっかす,wnja:12416423-n
クロッケー,くろっけー,wnja:00466880-n
クロニクル,くろにくる,wnja:06514093-n
クロニジン,くろにじん,wnja:03048412-n
クロマチン,くろまちん,wnja:05436080-n
クロライド,くろらいど,wnja:15017604-n
クロラミン,くろらみん,wnja:03021696-n
クロロキン,くろろきん,wnja:03022634-n
クローヌス,くろーぬす,wnja:14083061-n
クローバー,くろーばー,wnja:11110917-n
クローラー,くろーらー,wnja:06579715-n
クーデター,くーでたー,wnja:01145015-n
クーポン券,くーぽんけん,wnja:06518068-n
グアノシン,ぐあのしん,wnja:15073285-n
グヤーシュ,ぐやーしゅ,wnja:07590320-n
グライダー,ぐらいだー,wnja:03439814-n
グラウンド,ぐらうんど,wnja:08570402-n
グラノーラ,ぐらのーら,wnja:07704994-n
グラハム粉,ぐらはむこ,wnja:07569644-n
グランプリ,ぐらんぷり,wnja:07459066-n
グリコシド,ぐりこしど,wnja:14887305-n
グリコール,ぐりこーる,wnja:14835980-n
グリセリド,ぐりせりど,wnja:14885088-n
グリセリル,ぐりせりる,wnja:14886443-n
グリセリン,ぐりせりん,wnja:14885684-n
グリセード,ぐりせーど,wnja:00534344-n
グリフォン,ぐりふぉん,wnja:02103181-n
グルカゴン,ぐるかごん,wnja:05410131-n
グルコシド,ぐるこしど,wnja:14887801-n
グルコース,ぐるこーす,wnja:14884120-n
グルタミン,ぐるたみん,wnja:14606704-n
グルテリン,ぐるてりん,wnja:15026155-n
グルーオン,ぐるーおん,wnja:09289802-n
グルーピー,ぐるーぴー,wnja:10148991-n
グレネード,ぐれねーど,wnja:03458271-n
グレービー,ぐれーびー,wnja:07838073-n
グログラン,ぐろぐらん,wnja:03462110-n
グロブリン,ぐろぶりん,wnja:15022171-n
ケイジャン,けいじゃん,wnja:09677280-n
ケチャップ,けちゃっぷ,wnja:07822197-n
ケツァール,けつぁーる,wnja:01844551-n
ケルヴィン,けるゔぃん,wnja:13714756-n
ゲンゴロウ,げんごろう,wnja:02177068-n
ゲンチアナ,げんちあな,wnja:12293419-n
コウノトリ,こうのとり,wnja:02002556-n
コククジラ,こくくじら,wnja:02066245-n
コクチョウ,こくちょう,wnja:01860187-n
コクピット,こくぴっと,wnja:03061505-n
ココナッツ,ここなっつ,wnja:07772935-n
コサージュ,こさーじゅ,wnja:02879087-n
コセカント,こせかんと,wnja:13789002-n
コチニール,こちにーる,wnja:02250280-n
コックニー,こっくにー,wnja:06948017-n
コッペパン,こっぺぱん,wnja:07680932-n
コニャック,こにゃっく,wnja:07903841-n
コネクター,こねくたー,wnja:03091374-n
コミックス,こみっくす,wnja:06596364-n
コミュニケ,こみゅにけ,wnja:06682794-n
コミューン,こみゅーん,wnja:08375369-n
コメディー,こめでぃー,wnja:07015510-n
コモンロー,こもんろー,wnja:06535035-n
コランダム,こらんだむ,wnja:14672717-n
コラーゲン,こらーげん,wnja:05287090-n
コラージュ,こらーじゅ,wnja:03067912-n
コリジョン,こりじょん,wnja:07301543-n
コルク抜き,こるくぬき,wnja:03109150-n
コルセット,こるせっと,wnja:03112869-n
コルチゾン,こるちぞん,wnja:14752952-n
コルネット,こるねっと,wnja:03110669-n
コルヒチン,こるひちん,wnja:03066965-n
コルベット,こるべっと,wnja:03113035-n
コルホーズ,こるほーず,wnja:08057068-n
コレクター,これくたー,wnja:09249155-n
コロシアム,ころしあむ,wnja:02704949-n
コロジオン,ころじおん,wnja:14795263-n
コロタイプ,ころたいぷ,wnja:06679726-n
コロニアル,ころにある,wnja:09937688-n
コロネード,ころねーど,wnja:03071160-n
コンクール,こんくーる,wnja:07456188-n
コングレス,こんぐれす,wnja:08161757-n
コンコルド,こんこるど,wnja:01283935-n
コンコース,こんこーす,wnja:00147091-n
コンサート,こんさーと,wnja:06892775-n
コンセプト,こんせぷと,wnja:05835747-n
コンセント,こんせんと,wnja:04548771-n
コンソール,こんそーる,wnja:03092476-n
コンタクト,こんたくと,wnja:00039297-n
コンテスト,こんてすと,wnja:01168961-n
コンテナー,こんてなー,wnja:03094503-n
コンデンサ,こんでんさ,wnja:02955247-n
コンドーム,こんどーむ,wnja:03088164-n
コンバイン,こんばいん,wnja:03075634-n
コンバット,こんばっと,wnja:00964343-n
コンバータ,こんばーた,wnja:03099945-n
コンバート,こんばーと,wnja:00189106-n
コンパイラ,こんぱいら,wnja:06573600-n
コンパクト,こんぱくと,wnja:03078995-n
コンパス座,こんぱすざ,wnja:09245370-n
コンパニー,こんぱにー,wnja:08058098-n
コンビーフ,こんびーふ,wnja:07664266-n
コンフリー,こんふりー,wnja:07817160-n
コンベアー,こんべあー,wnja:03100897-n
コンベヤー,こんべやー,wnja:03100897-n
コンポート,こんぽーと,wnja:07611046-n
コンロッド,こんろっど,wnja:03091044-n
コーション,こーしょん,wnja:04891184-n
コースター,こーすたー,wnja:03056701-n
コーチャー,こーちゃー,wnja:09931640-n
コードバン,こーどばん,wnja:14762145-n
コーホート,こーほーと,wnja:07943480-n
コールラビ,こーるらび,wnja:07733567-n
ゴブレット,ごぶれっと,wnja:03002948-n
ゴルファー,ごるふぁー,wnja:10136959-n
ゴーカート,ごーかーと,wnja:03444034-n
サイエンス,さいえんす,wnja:05999540-n
サイクロン,さいくろん,wnja:11443721-n
サイドカー,さいどかー,wnja:04214282-n
サイフォン,さいふぉん,wnja:04224155-n
サイボーグ,さいぼーぐ,wnja:09985978-n
サイレンス,さいれんす,wnja:04982207-n
サイレント,さいれんと,wnja:06617752-n
サイレージ,さいれーじ,wnja:07801342-n
サウスポー,さうすぽー,wnja:10252921-n
サキソホン,さきそほん,wnja:04141076-n
サキナビル,さきなびる,wnja:04293608-n
サクソルン,さくそるん,wnja:04141198-n
サクラソウ,さくらそう,wnja:12090890-n
サッカリン,さっかりん,wnja:07859142-n
サテュロス,さてゅろす,wnja:09548111-n
サテライト,さてらいと,wnja:04137444-n
サディスト,さでぃすと,wnja:10545792-n
サディズム,さでぃずむ,wnja:07493830-n
サトイモ科,さといもか,wnja:11778534-n
サトウキビ,さとうきび,wnja:12132502-n
サバイバル,さばいばる,wnja:13962166-n
サファイア,さふぁいあ,wnja:15019483-n
サファイヤ,さふぁいや,wnja:13372812-n
サブウェー,さぶうぇー,wnja:03757138-n
サブマリン,さぶまりん,wnja:04347754-n
サポナリア,さぽなりあ,wnja:11814440-n
サポーター,さぽーたー,wnja:02752615-n
サマリウム,さまりうむ,wnja:14653596-n
サモワール,さもわーる,wnja:04132985-n
サラセニア,さらせにあ,wnja:12779437-n
サラセミア,さらせみあ,wnja:14195715-n
サラバンド,さらばんど,wnja:00527198-n
サルオガセ,さるおがせ,wnja:12989739-n
サルコシン,さるこしん,wnja:15019645-n
サルベージ,さるべーじ,wnja:00096211-n
サロペット,さろぺっと,wnja:03863108-n
サンキュー,さんきゅー,wnja:07229245-n
サングラス,さんぐらす,wnja:04356056-n
サングリア,さんぐりあ,wnja:07916970-n
サンセット,さんせっと,wnja:15169248-n
サンチーム,さんちーむ,wnja:13665965-n
サンドレス,さんどれす,wnja:04355511-n
サンバーン,さんばーん,wnja:14290534-n
サンルーム,さんるーむ,wnja:04356925-n
サーキット,さーきっと,wnja:03033362-n
サーチャー,さーちゃー,wnja:02167944-n
サーティー,さーてぃー,wnja:13749407-n
サーディン,さーでぃん,wnja:02533209-n
サーバント,さーばんと,wnja:10582154-n
サーファー,さーふぁー,wnja:10679054-n
サーフィン,さーふぃん,wnja:00445055-n
サーロイン,さーろいん,wnja:07658958-n
サーヴァー,さーゔぁー,wnja:04175147-n
サーヴィス,さーゔぃす,wnja:00098625-n
ザゼンソウ,ざぜんそう,wnja:11792742-n
ザントマン,ざんとまん,wnja:09541526-n
シアナミド,しあなみど,wnja:14789220-n
シェイバー,しぇいばー,wnja:04185804-n
シェパード,しぇぱーど,wnja:02104523-n
シェリー酒,しぇりーしゅ,wnja:07900958-n
シェルター,しぇるたー,wnja:04191595-n
シェーバー,しぇーばー,wnja:04185804-n
シオニスト,しおにすと,wnja:10805501-n
シオニズム,しおにずむ,wnja:06663463-n
シガレット,しがれっと,wnja:03030663-n
シクラメン,しくらめん,wnja:12093329-n
シクリッド,しくりっど,wnja:02585872-n
シシカバブ,ししかばぶ,wnja:07869775-n
システイン,しすていん,wnja:14604454-n
シストロン,しすとろん,wnja:05436752-n
シソーラス,しそーらす,wnja:06421016-n
シタビラメ,したびらめ,wnja:07791274-n
シトクロム,しとくろむ,wnja:15025571-n
シトルリン,しとるりん,wnja:14604286-n
シナゴーグ,しなごーぐ,wnja:04374735-n
シニシズム,しにしずむ,wnja:07543204-n
シネカメラ,しねかめら,wnja:03789171-n
シネラリア,しねらりあ,wnja:12001707-n
シノプシス,しのぷしす,wnja:06468951-n
シノワズリ,しのわずり,wnja:03019535-n
シビリアン,しびりあん,wnja:09924742-n
シビレエイ,しびれえい,wnja:01496331-n
シメチジン,しめちじん,wnja:03031553-n
シャッター,しゃったー,wnja:04211356-n
シャッフル,しゃっふる,wnja:07374756-n
シャペロン,しゃぺろん,wnja:09908273-n
シャボン玉,しゃぼんだま,wnja:09439120-n
シャリーア,しゃりーあ,wnja:08455829-n
シャロット,しゃろっと,wnja:07723177-n
シャンタン,しゃんたん,wnja:04184316-n
シャンツェ,しゃんつぇ,wnja:04229620-n
シャンパン,しゃんぱん,wnja:07893642-n
シャンプー,しゃんぷー,wnja:04183516-n
シャンペン,しゃんぺん,wnja:07893642-n
シャーマン,しゃーまん,wnja:10626194-n
シュプール,しゅぷーる,wnja:06647036-n
シュミーズ,しゅみーず,wnja:03013580-n
シュリンプ,しゅりんぷ,wnja:07794159-n
シューター,しゅーたー,wnja:03029603-n
ショッカー,しょっかー,wnja:07247803-n
ショルダー,しょるだー,wnja:05548840-n
ショービズ,しょーびず,wnja:08067951-n
シリカゲル,しりかげる,wnja:15041688-n
シリコーン,しりこーん,wnja:15040493-n
シリンダー,しりんだー,wnja:13899804-n
シルエット,しるえっと,wnja:04219277-n
シルヴァー,しるゔぁー,wnja:04962062-n
シロチョウ,しろちょう,wnja:02280223-n
シロフォン,しろふぉん,wnja:03721384-n
シングルス,しんぐるす,wnja:00483313-n
シンパシー,しんぱしー,wnja:06199142-n
シンホニー,しんほにー,wnja:07044760-n
シーケンス,しーけんす,wnja:04173172-n
シーサイド,しーさいど,wnja:09428293-n
シーディー,しーでぃー,wnja:03079230-n
シーホース,しーほーす,wnja:01456756-n
シーリング,しーりんぐ,wnja:05132667-n
ジアゼパム,じあぜぱむ,wnja:03189995-n
ジェット機,じぇっとき,wnja:03595860-n
ジェネラル,じぇねらる,wnja:10123844-n
ジェラシー,じぇらしー,wnja:07550079-n
ジェントリ,じぇんとり,wnja:08387213-n
ジギタリス,じぎたりす,wnja:12882779-n
ジゴキシン,じごきしん,wnja:03197804-n
ジダノシン,じだのしん,wnja:03190897-n
ジッグラト,じっぐらと,wnja:04614655-n
ジドブジン,じどぶじん,wnja:02765429-n
ジフィリス,じふぃりす,wnja:14133985-n
ジフテリア,じふてりあ,wnja:14123510-n
ジベレリン,じべれりん,wnja:14745222-n
ジムカーナ,じむかーな,wnja:07468116-n
ジャグラー,じゃぐらー,wnja:10226413-n
ジャケット,じゃけっと,wnja:03589791-n
ジャスミン,じゃすみん,wnja:12306717-n
ジャズマン,じゃずまん,wnja:10220486-n
ジャッカル,じゃっかる,wnja:02115096-n
ジャロジー,じゃろじー,wnja:03592669-n
ジャンキー,じゃんきー,wnja:10035952-n
ジャンバー,じゃんばー,wnja:03589791-n
ジャンパー,じゃんぱー,wnja:03589791-n
ジャーキー,じゃーきー,wnja:07664770-n
ジャーゴン,じゃーごん,wnja:07071017-n
ジャージー,じゃーじー,wnja:03595523-n
ジャーナル,じゃーなる,wnja:03602465-n
ジャーニー,じゃーにー,wnja:00312553-n
ジャーマン,じゃーまん,wnja:09747722-n
ジュエリー,じゅえりー,wnja:03597469-n
ジュンサイ,じゅんさい,wnja:11718681-n
ジューサー,じゅーさー,wnja:04059516-n
ジョイント,じょいんと,wnja:03600806-n
ジョギング,じょぎんぐ,wnja:00294190-n
ジョッキー,じょっきー,wnja:10223177-n
ジョーカー,じょーかー,wnja:10224098-n
ジルコニア,じるこにあ,wnja:15109391-n
ジンジャー,じんじゃー,wnja:07814925-n
ジンテーゼ,じんてーぜ,wnja:05783940-n
ジーニアス,じーにあす,wnja:05624042-n
ジーメンス,じーめんす,wnja:11299770-n
スイカズラ,すいかずら,wnja:12674120-n
スイミング,すいみんぐ,wnja:00442115-n
スイレン科,すいれんか,wnja:11714618-n
スインガー,すいんがー,wnja:10683675-n
スウィッチ,すうぃっち,wnja:04372370-n
スウィング,すうぃんぐ,wnja:04992008-n
スウェット,すうぇっと,wnja:05405751-n
スエーター,すえーたー,wnja:04370048-n
スカッシュ,すかっしゅ,wnja:00479887-n
スカラップ,すからっぷ,wnja:13874558-n
スキッパー,すきっぱー,wnja:09893344-n
スキャット,すきゃっと,wnja:00547244-n
スキャッブ,すきゃっぶ,wnja:10554455-n
スキャナー,すきゃなー,wnja:04143140-n
スキューバ,すきゅーば,wnja:02731629-n
スキーヤー,すきーやー,wnja:10605253-n
スクアット,すくあっと,wnja:00630071-n
スクラップ,すくらっぷ,wnja:06612649-n
スクラーゼ,すくらーぜ,wnja:14921622-n
スクリプト,すくりぷと,wnja:07009946-n
スクリュー,すくりゅー,wnja:04011827-n
スクリーン,すくりーん,wnja:04152829-n
スクロース,すくろーす,wnja:15062778-n
スクワット,すくわっと,wnja:00630071-n
スクーター,すくーたー,wnja:03791053-n
スクーナー,すくーなー,wnja:04147183-n
スケルツォ,すけるつぉ,wnja:07046917-n
スケーター,すけーたー,wnja:10604491-n
スコーカー,すこーかー,wnja:04292572-n
スタジアム,すたじあむ,wnja:04295881-n
スタチュー,すたちゅー,wnja:04306847-n
スタペリア,すたぺりあ,wnja:13238375-n
スターター,すたーたー,wnja:00920727-n
スターダム,すたーだむ,wnja:13948766-n
スターチス,すたーちす,wnja:12099342-n
ステアリン,すてありん,wnja:15057103-n
スティック,すてぃっく,wnja:04296261-n
スティール,すてぃーる,wnja:04319248-n
ステイタス,すていたす,wnja:13948136-n
ステイヤー,すていやー,wnja:01319001-n
ステッカー,すてっかー,wnja:10644469-n
ステロイド,すてろいど,wnja:14745635-n
ステロール,すてろーる,wnja:15058310-n
ステンレス,すてんれす,wnja:14802921-n
ステータス,すてーたす,wnja:13948136-n
ストゥール,すとぅーる,wnja:04326896-n
ストケシア,すとけしあ,wnja:12020048-n
ストマック,すとまっく,wnja:05395690-n
ストライキ,すとらいき,wnja:01243674-n
ストライク,すとらいく,wnja:00109414-n
ストライプ,すとらいぷ,wnja:02784732-n
ストラップ,すとらっぷ,wnja:04333500-n
ストランド,すとらんど,wnja:08657748-n
ストリッパ,すとりっぱ,wnja:10664340-n
ストリップ,すとりっぷ,wnja:00531490-n
ストリング,すとりんぐ,wnja:04337974-n
ストリート,すとりーと,wnja:04334599-n
ストリーム,すとりーむ,wnja:00329227-n
ストレッチ,すとれっち,wnja:00341243-n
ストレージ,すとれーじ,wnja:03744276-n
ストレート,すとれーと,wnja:07958294-n
ストローク,すとろーく,wnja:00349369-n
ストーカー,すとーかー,wnja:11318824-n
ストーリー,すとーりー,wnja:07221094-n
スナイパー,すないぱー,wnja:10616899-n
スナッパー,すなっぱー,wnja:09904321-n
スニーカー,すにーかー,wnja:03472535-n
スノビズム,すのびずむ,wnja:04889162-n
スノーガン,すのーがん,wnja:04252653-n
スパイダー,すぱいだー,wnja:01772222-n
スパイラル,すぱいらる,wnja:13876371-n
スパゲティ,すぱげてぃ,wnja:07699914-n
スパチュラ,すぱちゅら,wnja:04269944-n
スパニエル,すぱにえる,wnja:02101108-n
スパンカー,すぱんかー,wnja:04267435-n
スピリッツ,すぴりっつ,wnja:07901587-n
スピリット,すぴりっと,wnja:04620558-n
スピーカー,すぴーかー,wnja:03691459-n
スピーゲル,すぴーげる,wnja:15049401-n
スプライン,すぷらいん,wnja:04282379-n
スプリット,すぷりっと,wnja:04243370-n
スプリング,すぷりんぐ,wnja:04288272-n
スプリント,すぷりんと,wnja:00294452-n
スプレッド,すぷれっど,wnja:07856270-n
スプロール,すぷろーる,wnja:08539717-n
スベリヒユ,すべりひゆ,wnja:11857320-n
スペアリブ,すぺありぶ,wnja:07656961-n
スペイン人,すぺいんじん,wnja:09731906-n
スペイン語,すぺいんご,wnja:06966825-n
スペクトル,すぺくとる,wnja:11420831-n
スペリオル,すぺりおる,wnja:09158649-n
スペリング,すぺりんぐ,wnja:06353445-n
スマッシュ,すまっしゅ,wnja:00126236-n
スモーカー,すもーかー,wnja:10614976-n
スライサー,すらいさー,wnja:04237287-n
スライダー,すらいだー,wnja:00109081-n
スラスター,すらすたー,wnja:04430605-n
スラッガー,すらっがー,wnja:09843956-n
スラックス,すらっくす,wnja:04233715-n
スラローム,すらろーむ,wnja:07463950-n
スリンダク,すりんだく,wnja:04353410-n
スレオニン,すれおにん,wnja:15070699-n
スローガン,すろーがん,wnja:07152259-n
スロージン,すろーじん,wnja:07904637-n
スワーミー,すわーみー,wnja:09684901-n
スーベニア,すーべにあ,wnja:05813822-n
ズッキーニ,ずっきーに,wnja:07716358-n
セイボリー,せいぼりー,wnja:12857204-n
セクション,せくしょん,wnja:04164989-n
セクレタリ,せくれたり,wnja:09928451-n
セクレチン,せくれちん,wnja:05409426-n
セグメント,せぐめんと,wnja:04164989-n
セッション,せっしょん,wnja:08417920-n
セミクジラ,せみくじら,wnja:02063662-n
セミコロン,せみころん,wnja:06844739-n
セメスター,せめすたー,wnja:15225797-n
セラピスト,せらぴすと,wnja:10707233-n
セラミック,せらみっく,wnja:00935247-n
セルビア人,せるびあじん,wnja:09751076-n
セルリアク,せるりあく,wnja:07730708-n
セルロイド,せるろいど,wnja:14965501-n
セルロース,せるろーす,wnja:14793921-n
セルローズ,せるろーず,wnja:14793921-n
セレクター,せれくたー,wnja:04169437-n
セレナーデ,せれなーで,wnja:07042586-n
セレナード,せれなーど,wnja:07042586-n
セレモニー,せれもにー,wnja:01027379-n
セロテープ,せろてーぷ,wnja:02992795-n
セロトニン,せろとにん,wnja:14808273-n
セロファン,せろふぁん,wnja:02992368-n
センテンス,せんてんす,wnja:06285090-n
セーフティ,せーふてぃ,wnja:00188620-n
セーラー服,せーらーふく,wnja:04129766-n
ゼオライト,ぜおらいと,wnja:15106867-n
ゼスチャー,ぜすちゃー,wnja:00334509-n
ゼスチュア,ぜすちゅあ,wnja:00334509-n
ゼミナール,ぜみなーる,wnja:00892145-n
ソサエティ,そさえてぃ,wnja:08049401-n
ソルジャー,そるじゃー,wnja:10622053-n
ソレノイド,それのいど,wnja:04259202-n
ソロイスト,そろいすと,wnja:10623650-n
ソンブレロ,そんぶれろ,wnja:04259630-n
ソーイング,そーいんぐ,wnja:00715674-n
ソースパン,そーすぱん,wnja:04138977-n
ソーセージ,そーせーじ,wnja:07675627-n
ゾーニング,ぞーにんぐ,wnja:00928751-n
タイゲーム,たいげーむ,wnja:07353716-n
タイスコア,たいすこあ,wnja:07353716-n
タイピスト,たいぴすと,wnja:10735173-n
タイミング,たいみんぐ,wnja:05046009-n
タイラント,たいらんと,wnja:10735298-n
タカノツメ,たかのつめ,wnja:11814238-n
タカラガイ,たからがい,wnja:01953361-n
タキシード,たきしーど,wnja:03201776-n
タクシー代,たくしーだい,wnja:13308543-n
タグボート,たぐぼーと,wnja:04495843-n
タコグラフ,たこぐらふ,wnja:04382695-n
タコノキ科,たこのきか,wnja:12154773-n
タシロイモ,たしろいも,wnja:12475774-n
タッフィー,たっふぃー,wnja:07599783-n
タブレット,たぶれっと,wnja:03936568-n
タマリクス,たまりくす,wnja:12386263-n
タマリンド,たまりんど,wnja:07764630-n
タランテラ,たらんてら,wnja:00533805-n
タリスマン,たりすまん,wnja:02706586-n
タルムード,たるむーど,wnja:06462396-n
タングラム,たんぐらむ,wnja:04388574-n
タンバリン,たんばりん,wnja:04387400-n
タンブラー,たんぶらー,wnja:04496872-n
タンブール,たんぶーる,wnja:04387201-n
ターゲット,たーげっと,wnja:04394261-n
ターコイズ,たーこいず,wnja:04969798-n
ターニング,たーにんぐ,wnja:00350030-n
ターミナル,たーみなる,wnja:04412901-n
ダイアリー,だいありー,wnja:06402031-n
ダイアログ,だいあろぐ,wnja:06366391-n
ダイエット,だいえっと,wnja:01070187-n
ダイオード,だいおーど,wnja:03202760-n
ダイニング,だいにんぐ,wnja:00840517-n
ダイビング,だいびんぐ,wnja:00442981-n
ダイヤリー,だいやりー,wnja:06402031-n
ダグアウト,だぐあうと,wnja:03254189-n
ダムダム弾,だむだむだん,wnja:03255488-n
ダルシマー,だるしまー,wnja:03254737-n
ダンディー,だんでぃー,wnja:09991026-n
ダンプカー,だんぷかー,wnja:03256166-n
チアノーゼ,ちあのーぜ,wnja:14303009-n
チェアマン,ちぇあまん,wnja:10468962-n
チェイサー,ちぇいさー,wnja:10494935-n
チェッカー,ちぇっかー,wnja:00502952-n
チェリスト,ちぇりすと,wnja:09903501-n
チェレスタ,ちぇれすた,wnja:02990758-n
チェンバロ,ちぇんばろ,wnja:03496296-n
チェーサー,ちぇーさー,wnja:10494935-n
チェーン店,ちぇーんてん,wnja:03001115-n
チカラシバ,ちからしば,wnja:12128645-n
チタニウム,ちたにうむ,wnja:14659211-n
チモロール,ちもろーる,wnja:04438742-n
チャウダー,ちゃうだー,wnja:07587441-n
チャコール,ちゃこーる,wnja:03007824-n
チャパティ,ちゃぱてぃ,wnja:07683490-n
チャプスイ,ちゃぷすい,wnja:07865196-n
チャプター,ちゃぷたー,wnja:06396142-n
チャリティ,ちゃりてぃ,wnja:01089635-n
チャレンジ,ちゃれんじ,wnja:04838210-n
チャンネル,ちゃんねる,wnja:03006398-n
チャーター,ちゃーたー,wnja:06522501-n
チャーハン,ちゃーはん,wnja:07868340-n
チュニック,ちゅにっく,wnja:04497570-n
チューター,ちゅーたー,wnja:09931418-n
チューナー,ちゅーなー,wnja:04043733-n
チョウザメ,ちょうざめ,wnja:02640242-n
チョッパー,ちょっぱー,wnja:03041632-n
チョンガー,ちょんがー,wnja:09829923-n
チョーカー,ちょーかー,wnja:03024882-n
チョーサー,ちょーさー,wnja:10894065-n
チランジア,ちらんじあ,wnja:12607896-n
チロキシン,ちろきしん,wnja:05413647-n
チングルマ,ちんぐるま,wnja:12631331-n
ツイーター,ついーたー,wnja:04502670-n
ツユクサ科,つゆくさか,wnja:12605965-n
ツーピース,つーぴーす,wnja:04504141-n
ツーリスト,つーりすと,wnja:10718131-n
ティケット,てぃけっと,wnja:06518719-n
ティラピア,てぃらぴあ,wnja:02586129-n
ティラミス,てぃらみす,wnja:07613266-n
ティンパニ,てぃんぱに,wnja:03612965-n
ティーンズ,てぃーんず,wnja:15148467-n
テクスチャ,てくすちゃ,wnja:04946877-n
テクニック,てくにっく,wnja:05665146-n
テクノロジ,てくのろじ,wnja:00949619-n
テコドント,てこどんと,wnja:01723883-n
テラコッタ,てらこった,wnja:04414101-n
テラリウム,てらりうむ,wnja:04414199-n
テルビウム,てるびうむ,wnja:13629854-n
テレグラフ,てれぐらふ,wnja:04400499-n
テレタイプ,てれたいぷ,wnja:04404200-n
テレックス,てれっくす,wnja:04404200-n
テレパシー,てれぱしー,wnja:07255998-n
テレビ会議,てれびかいぎ,wnja:07145958-n
テレフォン,てれふぉん,wnja:04401088-n
テレマーク,てれまーく,wnja:00441686-n
テロリスト,てろりすと,wnja:10702781-n
テロリズム,てろりずむ,wnja:00759694-n
テンション,てんしょん,wnja:11514805-n
ディザイン,でぃざいん,wnja:00928077-n
ディジット,でぃじっと,wnja:13741022-n
ディゾルブ,でぃぞるぶ,wnja:06618035-n
ディテクタ,でぃてくた,wnja:03180969-n
ディテール,でぃてーる,wnja:05817845-n
ディナール,でぃなーる,wnja:13668491-n
ディプロマ,でぃぷろま,wnja:06478582-n
ディベート,でぃべーと,wnja:07140978-n
ディボット,でぃぼっと,wnja:09267854-n
ディルハム,でぃるはむ,wnja:13669998-n
ディレクタ,でぃれくた,wnja:09952539-n
ディレンマ,でぃれんま,wnja:05686086-n
ディンギー,でぃんぎー,wnja:03199901-n
ディンプル,でぃんぷる,wnja:05599874-n
ディーゼル,でぃーぜる,wnja:10935128-n
ディーラー,でぃーらー,wnja:08063446-n
デイサイト,でいさいと,wnja:14726823-n
デカンター,でかんたー,wnja:02960903-n
デザイアー,でざいあー,wnja:07484265-n
デザイナー,でざいなー,wnja:09805475-n
デジタイザ,でじたいざ,wnja:03197446-n
デトックス,でとっくす,wnja:03182683-n
デニッシュ,でにっしゅ,wnja:07693590-n
デバッガー,でばっがー,wnja:06574334-n
デフォルト,でふぉると,wnja:05791864-n
デフォルメ,でふぉるめ,wnja:07358060-n
デポジット,でぽじっと,wnja:00372448-n
デマゴーグ,でまごーぐ,wnja:10001481-n
デメリット,でめりっと,wnja:05139094-n
デュエット,でゅえっと,wnja:00529224-n
デューティ,でゅーてぃ,wnja:01129920-n
デリカシー,でりかしー,wnja:04842029-n
デリバリー,でりばりー,wnja:00317207-n
デンジソウ,でんじそう,wnja:12957924-n
デーライト,でーらいと,wnja:11444038-n
トイレット,といれっと,wnja:04446276-n
トキソイド,ときそいど,wnja:15034454-n
トケイソウ,とけいそう,wnja:12383402-n
トチカガミ,とちかがみ,wnja:12613408-n
トチノキ科,とちのきか,wnja:12767951-n
トッカータ,とっかーた,wnja:07044353-n
トッパーズ,とっぱーず,wnja:04973020-n
トッピング,とっぴんぐ,wnja:07621776-n
トビネズミ,とびねずみ,wnja:02351870-n
トマホーク,とまほーく,wnja:04449966-n
トライアル,とらいある,wnja:00791078-n
トラクター,とらくたー,wnja:04465501-n
トラコーマ,とらこーま,wnja:14257377-n
トラザミド,とらざみど,wnja:04448511-n
トラゾドン,とらぞどん,wnja:04476633-n
トラッシュ,とらっしゅ,wnja:14857497-n
トラバース,とらばーす,wnja:00298047-n
トラピーズ,とらぴーず,wnja:04475411-n
トラベラー,とらべらー,wnja:09629752-n
トランクス,とらんくす,wnja:04205318-n
トリアジン,とりあじん,wnja:15079030-n
トリアージ,とりあーじ,wnja:01017167-n
トリカブト,とりかぶと,wnja:11722769-n
トリコット,とりこっと,wnja:04482297-n
トリプシン,とりぷしん,wnja:15081052-n
トリマラン,とりまらん,wnja:04483307-n
トリミング,とりみんぐ,wnja:04484160-n
トルコリラ,とるこりら,wnja:13687160-n
トルコ風呂,とるこぶろ,wnja:00258530-n
トルネード,とるねーど,wnja:11519450-n
トルマリン,とるまりん,wnja:15076619-n
トレイナー,とれいなー,wnja:04370456-n
トレオニン,とれおにん,wnja:15070699-n
トレッカー,とれっかー,wnja:10727944-n
トレランス,とれらんす,wnja:04637923-n
トレーダー,とれーだー,wnja:08063446-n
トレーナー,とれーなー,wnja:04370456-n
トレーラー,とれーらー,wnja:04467099-n
トロフィー,とろふぃー,wnja:04487996-n
トロンビン,とろんびん,wnja:14737249-n
トロール船,とろーるせん,wnja:04476116-n
トワレット,とわれっと,wnja:04446521-n
トースター,とーすたー,wnja:04442312-n
トーダンス,とーだんす,wnja:00528059-n
ドアロック,どあろっく,wnja:03223162-n
ドゥオーモ,どぅおーも,wnja:02984203-n
ドゥーチェ,どぅーちぇ,wnja:10038320-n
ドクウツギ,どくうつぎ,wnja:02780815-n
ドクトリン,どくとりん,wnja:05943300-n
ドッキング,どっきんぐ,wnja:00052146-n
ドブネズミ,どぶねずみ,wnja:02333546-n
ドライバー,どらいばー,wnja:03244047-n
ドリーマー,どりーまー,wnja:10062996-n
ドルフィン,どるふぃん,wnja:02068974-n
ドレッサー,どれっさー,wnja:03015254-n
ドロマイト,どろまいと,wnja:14838055-n
ドーパミン,どーぱみん,wnja:14838217-n
ナイアシン,ないあしん,wnja:15092059-n
ナイティー,ないてぃー,wnja:03824381-n
ナイトメア,ないとめあ,wnja:05769062-n
ナキウサギ,なきうさぎ,wnja:02328429-n
ナチュラル,なちゅらる,wnja:01245950-n
ナッシング,なっしんぐ,wnja:13740168-n
ナツメッグ,なつめっぐ,wnja:07815424-n
ナデシコ科,なでしこか,wnja:11804604-n
ナトリウム,なとりうむ,wnja:14655371-n
ナドロール,などろーる,wnja:03804311-n
ナノグラム,なのぐらむ,wnja:13723189-n
ナフタリン,なふたりん,wnja:14958564-n
ナフタレン,なふたれん,wnja:14958564-n
ナフトール,なふとーる,wnja:14958800-n
ナポリタン,なぽりたん,wnja:10350666-n
ナマケモノ,なまけもの,wnja:02456962-n
ナルシスト,なるしすと,wnja:10345422-n
ナレーター,なれーたー,wnja:10345804-n
ナロキソン,なろきそん,wnja:03806381-n
ナンセンス,なんせんす,wnja:06607339-n
ナーサリー,なーさりー,wnja:03836062-n
ニガヨモギ,にがよもぎ,wnja:11928549-n
ニシキギ科,にしきぎか,wnja:12747563-n
ニシキヘビ,にしきへび,wnja:01744270-n
ニッカーズ,にっかーず,wnja:02896442-n
ニッパ椰子,にっぱやし,wnja:12592058-n
ニヒリズム,にひりずむ,wnja:05965388-n
ニュアンス,にゅあんす,wnja:04959230-n
ニュートン,にゅーとん,wnja:11205375-n
ニルバーナ,にるばーな,wnja:13988224-n
ヌートリア,ぬーとりあ,wnja:02366959-n
ネイチャー,ねいちゃー,wnja:04623113-n
ネイティブ,ねいてぃぶ,wnja:09620794-n
ネイティヴ,ねいてぃゔ,wnja:09620794-n
ネオプレン,ねおぷれん,wnja:15007377-n
ネクタリン,ねくたりん,wnja:07751148-n
ネグリジェ,ねぐりじぇ,wnja:03817647-n
ネグレクト,ねぐれくと,wnja:00418615-n
ネグロイド,ねぐろいど,wnja:09636339-n
ネッキング,ねっきんぐ,wnja:00854000-n
ネックレス,ねっくれす,wnja:03814906-n
ネマトーダ,ねまとーだ,wnja:01929396-n
ネムノキ科,ねむのきか,wnja:11754188-n
ネーション,ねーしょん,wnja:08166552-n
ネーチャー,ねーちゃー,wnja:04623113-n
ノイローゼ,のいろーぜ,wnja:14393161-n
ノクターン,のくたーん,wnja:07047679-n
ノボタン科,のぼたんか,wnja:12348774-n
ノモグラフ,のもぐらふ,wnja:03827716-n
ノモグラム,のもぐらむ,wnja:03827716-n
ノンセンス,のんせんす,wnja:06607339-n
ハイアライ,はいあらい,wnja:00480366-n
ハイキング,はいきんぐ,wnja:00288970-n
ハイクラス,はいくらす,wnja:04728376-n
ハイピッチ,はいぴっち,wnja:04985790-n
ハイファイ,はいふぁい,wnja:01020488-n
ハイブラウ,はいぶらう,wnja:09621545-n
ハイブロー,はいぶろー,wnja:09621545-n
ハイペロン,はいぺろん,wnja:09308242-n
ハイボール,はいぼーる,wnja:07912211-n
ハイライト,はいらいと,wnja:03519081-n
ハイランド,はいらんど,wnja:09302616-n
ハウジング,はうじんぐ,wnja:03546766-n
ハサミムシ,はさみむし,wnja:02272871-n
ハズバンド,はずばんど,wnja:10193967-n
ハダカムギ,はだかむぎ,wnja:12134025-n
ハディース,はでぃーす,wnja:05669181-n
ハトロン紙,はとろんし,wnja:14878980-n
ハハコグサ,ははこぐさ,wnja:11915899-n
ハフニウム,はふにうむ,wnja:14639556-n
ハマビシ科,はまびしか,wnja:12720532-n
ハムスター,はむすたー,wnja:02342885-n
ハリケーン,はりけーん,wnja:11467018-n
ハリジャン,はりじゃん,wnja:10739881-n
ハリモグラ,はりもぐら,wnja:01872401-n
ハルジオン,はるじおん,wnja:11966896-n
ハンセン病,はんせんびょう,wnja:14136187-n
ハンドオフ,はんどおふ,wnja:00561078-n
ハンドベル,はんどべる,wnja:03483230-n
ハンモック,はんもっく,wnja:03482252-n
ハープーン,はーぷーん,wnja:03495671-n
ハーモニカ,はーもにか,wnja:03494278-n
ハーモニー,はーもにー,wnja:04713118-n
バイオマス,ばいおます,wnja:14684918-n
バイオリン,ばいおりん,wnja:04536866-n
バイキング,ばいきんぐ,wnja:07576182-n
バイナリー,ばいなりー,wnja:06570963-n
バイメタル,ばいめたる,wnja:14776237-n
バインダー,ばいんだー,wnja:03337140-n
バウチャー,ばうちゃー,wnja:06518068-n
バウンダリ,ばうんだり,wnja:08512259-n
バガボンド,ばがぼんど,wnja:10744544-n
バクテリア,ばくてりあ,wnja:01348530-n
バグパイプ,ばぐぱいぷ,wnja:02775483-n
バショウ科,ばしょうか,wnja:12351975-n
バジェット,ばじぇっと,wnja:13421462-n
バスケット,ばすけっと,wnja:00480993-n
バスルーム,ばするーむ,wnja:02807731-n
バスローブ,ばすろーぶ,wnja:02807616-n
バズーカ砲,ばずーかほう,wnja:02813752-n
バタフライ,ばたふらい,wnja:00570854-n
バチェラー,ばちぇらー,wnja:09829923-n
バックホー,ばっくほー,wnja:02769290-n
バックラム,ばっくらむ,wnja:02910542-n
バッチ処理,ばっちしょり,wnja:13437902-n
バッテリー,ばってりー,wnja:02810471-n
バッテーラ,ばってーら,wnja:02858304-n
バッファー,ばっふぁー,wnja:02911158-n
バナジウム,ばなじうむ,wnja:14661020-n
バプテスト,ばぷてすと,wnja:09838701-n
バラエティ,ばらえてぃ,wnja:04751305-n
バラライカ,ばららいか,wnja:02776978-n
バリケード,ばりけーど,wnja:02796412-n
バルコニー,ばるこにー,wnja:02777734-n
バレリーナ,ばれりーな,wnja:09834592-n
バロメータ,ばろめーた,wnja:02794156-n
バンジョー,ばんじょー,wnja:02787622-n
バンジロウ,ばんじろう,wnja:12333530-n
バンパイア,ばんぱいあ,wnja:09544109-n
バーコード,ばーこーど,wnja:06354774-n
バージョン,ばーじょん,wnja:05840650-n
バースディ,ばーすでぃ,wnja:15250178-n
バースデイ,ばーすでい,wnja:15250178-n
バースデー,ばーすでー,wnja:15250178-n
バーディー,ばーでぃー,wnja:13595276-n
バーミセリ,ばーみせり,wnja:07700868-n
バーレスク,ばーれすく,wnja:07017999-n
パイオニア,ぱいおにあ,wnja:10434424-n
パイレーツ,ぱいれーつ,wnja:10435367-n
パイロット,ぱいろっと,wnja:03939281-n
パスティス,ぱすてぃす,wnja:07910538-n
パストラミ,ぱすとらみ,wnja:07664379-n
パストラル,ぱすとらる,wnja:07043824-n
パスポート,ぱすぽーと,wnja:04673668-n
パスワード,ぱすわーど,wnja:06674188-n
パッキング,ぱっきんぐ,wnja:00322228-n
パッケージ,ぱっけーじ,wnja:03871083-n
パッション,ぱっしょん,wnja:04628192-n
パッセージ,ぱっせーじ,wnja:07044917-n
パトローネ,ぱとろーね,wnja:03704376-n
パトロール,ぱとろーる,wnja:00824808-n
パネリスト,ぱねりすと,wnja:10396106-n
パパベリン,ぱぱべりん,wnja:03886237-n
パフューム,ぱふゅーむ,wnja:03916031-n
パラグラフ,ぱらぐらふ,wnja:06399995-n
パラコート,ぱらこーと,wnja:14974153-n
パラジウム,ぱらじうむ,wnja:14648754-n
パラダイス,ぱらだいす,wnja:05627785-n
パラダイム,ぱらだいむ,wnja:06210171-n
パラチオン,ぱらちおん,wnja:15012214-n
パラチフス,ぱらちふす,wnja:14138538-n
パラノイア,ぱらのいあ,wnja:14398390-n
パラフィン,ぱらふぃん,wnja:14926086-n
パラメータ,ぱらめーた,wnja:05859071-n
パリッシュ,ぱりっしゅ,wnja:11224173-n
パリティー,ぱりてぃー,wnja:06105314-n
パルチザン,ぱるちざん,wnja:03894217-n
パルミチン,ぱるみちん,wnja:14973492-n
パルメザン,ぱるめざん,wnja:07854348-n
パロディー,ぱろでぃー,wnja:00549610-n
パンケーキ,ぱんけーき,wnja:07640203-n
パンジャビ,ぱんじゃび,wnja:06971605-n
パンティー,ぱんてぃー,wnja:02854739-n
パントリー,ぱんとりー,wnja:03885535-n
パンプキン,ぱんぷきん,wnja:07735510-n
パーキング,ぱーきんぐ,wnja:00168505-n
パーセント,ぱーせんと,wnja:13817526-n
パーティー,ぱーてぃー,wnja:07447641-n
パートナー,ぱーとなー,wnja:10402417-n
パーマロイ,ぱーまろい,wnja:14979285-n
ヒアリング,ひありんぐ,wnja:14484778-n
ヒキガエル,ひきがえる,wnja:01646292-n
ヒスタミン,ひすたみん,wnja:05414724-n
ヒスチジン,ひすちじん,wnja:14908146-n
ヒステリー,ひすてりー,wnja:07520507-n
ヒッコリー,ひっこりー,wnja:12320010-n
ヒドラジン,ひどらじん,wnja:14910581-n
ヒメハギ科,ひめはぎか,wnja:12704636-n
ヒヤシンス,ひやしんす,wnja:12458383-n
ヒヤリング,ひやりんぐ,wnja:14484778-n
ヒューモア,ひゅーもあ,wnja:06776138-n
ヒョウタン,ひょうたん,wnja:03449451-n
ヒルビリー,ひるびりー,wnja:07062315-n
ビアホール,びあほーる,wnja:02823848-n
ビキューナ,びきゅーな,wnja:04533594-n
ビクトリー,びくとりー,wnja:07473441-n
ビショップ,びしょっぷ,wnja:02844056-n
ビスケット,びすけっと,wnja:07635155-n
ビスコース,びすこーす,wnja:04538403-n
ビッグバン,びっぐばん,wnja:07408796-n
ビブラート,びぶらーと,wnja:07399137-n
ビヘイビア,びへいびあ,wnja:14008342-n
ビャクシン,びゃくしん,wnja:11636566-n
ビャクダン,びゃくだん,wnja:12735452-n
ビュッフェ,びゅっふぇ,wnja:07576182-n
ビュレット,びゅれっと,wnja:02921592-n
ビューアー,びゅーあー,wnja:04534651-n
ビューティ,びゅーてぃ,wnja:04683814-n
ビューロー,びゅーろー,wnja:03015254-n
ビリヤード,びりやーど,wnja:00499924-n
ビリルビン,びりるびん,wnja:14756369-n
ビルジング,びるじんぐ,wnja:02913152-n
ビンテージ,びんてーじ,wnja:07892418-n
ビートニク,びーとにく,wnja:09845849-n
ピアッフェ,ぴあっふぇ,wnja:00288384-n
ピアニスト,ぴあにすと,wnja:10430665-n
ピカドール,ぴかどーる,wnja:09836786-n
ピクチャー,ぴくちゃー,wnja:03561345-n
ピクニック,ぴくにっく,wnja:07576438-n
ピグメント,ぴぐめんと,wnja:03875218-n
ピスタチオ,ぴすたちお,wnja:07775050-n
ピチカート,ぴちかーと,wnja:07024607-n
ピッチャー,ぴっちゃー,wnja:00722984-n
ピッチング,ぴっちんぐ,wnja:00106272-n
ピットマン,ぴっとまん,wnja:11236043-n
ピペラジン,ぴぺらじん,wnja:03946814-n
ピラカンサ,ぴらかんさ,wnja:12651229-n
ピラミット,ぴらみっと,wnja:13914837-n
ピラミッド,ぴらみっど,wnja:04029125-n
ピリミジン,ぴりみじん,wnja:14999801-n
ピルエット,ぴるえっと,wnja:00343730-n
ピルグリム,ぴるぐりむ,wnja:10432674-n
ピンカール,ぴんかーる,wnja:05258462-n
ピンセット,ぴんせっと,wnja:03941684-n
ピンホール,ぴんほーる,wnja:03943010-n
ピンボール,ぴんぼーる,wnja:00459284-n
ピーアール,ぴーあーる,wnja:07247925-n
ピーナッツ,ぴーなっつ,wnja:07737745-n
ファイター,ふぁいたー,wnja:03335030-n
ファイナル,ふぁいなる,wnja:07466832-n
ファイバー,ふぁいばー,wnja:03331244-n
ファクター,ふぁくたー,wnja:05868954-n
ファクトリ,ふぁくとり,wnja:03316406-n
ファゴット,ふぁごっと,wnja:02804610-n
ファサード,ふぁさーど,wnja:03313333-n
ファシスト,ふぁしすと,wnja:10079893-n
ファシズム,ふぁしずむ,wnja:06217944-n
ファスナー,ふぁすなー,wnja:04238321-n
ファッキン,ふぁっきん,wnja:00846021-n
ファックス,ふぁっくす,wnja:03316105-n
ファトワー,ふぁとわー,wnja:01191610-n
ファミリー,ふぁみりー,wnja:07970406-n
ファントム,ふぁんとむ,wnja:05897553-n
ファンブル,ふぁんぶる,wnja:00075912-n
ファーザー,ふぁーざー,wnja:10080869-n
ファースト,ふぁーすと,wnja:00723547-n
ファーマー,ふぁーまー,wnja:10966496-n
フィアンセ,ふぃあんせ,wnja:10085869-n
フィギュア,ふぃぎゅあ,wnja:00556992-n
フィクサー,ふぃくさー,wnja:10094046-n
フィッシュ,ふぃっしゅ,wnja:02512053-n
フィナーレ,ふぃなーれ,wnja:00210797-n
フィブリン,ふぃぶりん,wnja:14733941-n
フィヨルド,ふぃよるど,wnja:09281104-n
フィラリア,ふぃらりあ,wnja:01933478-n
フィルター,ふぃるたー,wnja:03339643-n
フィンガー,ふぃんがー,wnja:05566504-n
フィールド,ふぃーるど,wnja:01097119-n
フェアリー,ふぇありー,wnja:09540430-n
フェイント,ふぇいんと,wnja:00172073-n
フェノール,ふぇのーる,wnja:14989545-n
フェライト,ふぇらいと,wnja:14859201-n
フェラチオ,ふぇらちお,wnja:00855169-n
フェリチン,ふぇりちん,wnja:14866166-n
フェレット,ふぇれっと,wnja:02443346-n
フェロモン,ふぇろもん,wnja:14846890-n
フェンダー,ふぇんだー,wnja:03327841-n
フェンネル,ふぇんねる,wnja:07814790-n
フォアグラ,ふぉあぐら,wnja:07858197-n
フォアマン,ふぉあまん,wnja:10104209-n
フォクロア,ふぉくろあ,wnja:05985602-n
フォックス,ふぉっくす,wnja:02118333-n
フォリント,ふぉりんと,wnja:13676544-n
フォルダー,ふぉるだー,wnja:03376279-n
フォワグラ,ふぉわぐら,wnja:07858197-n
フォワード,ふぉわーど,wnja:00725383-n
フォンダン,ふぉんだん,wnja:07605380-n
フォンデュ,ふぉんでゅ,wnja:07867421-n
フォーカス,ふぉーかす,wnja:04703235-n
フォーラム,ふぉーらむ,wnja:03386420-n
フォールト,ふぉーると,wnja:00568813-n
フライス盤,ふらいすばん,wnja:03766044-n
フライパン,ふらいぱん,wnja:03400231-n
フライング,ふらいんぐ,wnja:00246940-n
フラクタル,ふらくたる,wnja:05931152-n
フラックス,ふらっくす,wnja:11477384-n
フラッシュ,ふらっしゅ,wnja:03358172-n
フラッパー,ふらっぱー,wnja:10095420-n
フラミンゴ,ふらみんご,wnja:02007558-n
フラメンコ,ふらめんこ,wnja:00533036-n
フランカー,ふらんかー,wnja:10095061-n
フランス人,ふらんすじん,wnja:09732903-n
フランス語,ふらんすご,wnja:06964901-n
フランネル,ふらんねる,wnja:03356982-n
フラーレン,ふらーれん,wnja:14622141-n
フリカッセ,ふりかっせ,wnja:07592094-n
フリゲート,ふりげーと,wnja:03466600-n
フリスビー,ふりすびー,wnja:03397947-n
フリッター,ふりったー,wnja:07639855-n
フリュート,ふりゅーと,wnja:03372029-n
フリーザー,ふりーざー,wnja:03170635-n
フリージア,ふりーじあ,wnja:12417062-n
フリーダム,ふりーだむ,wnja:13991823-n
フルバック,ふるばっく,wnja:00726867-n
フレイバー,ふれいばー,wnja:05844282-n
フレックス,ふれっくす,wnja:00405628-n
フロックス,ふろっくす,wnja:12810595-n
フロッピィ,ふろっぴぃ,wnja:03209910-n
フロッピー,ふろっぴー,wnja:03209910-n
フロリスト,ふろりすと,wnja:03367410-n
フーリガン,ふーりがん,wnja:09879297-n
ブイネック,ぶいねっく,wnja:04539535-n
ブタジエン,ぶたじえん,wnja:14912092-n
ブタノール,ぶたのーる,wnja:14788200-n
ブッキング,ぶっきんぐ,wnja:01218327-n
ブッシェル,ぶっしぇる,wnja:13620871-n
ブッドレア,ぶっどれあ,wnja:12485653-n
ブティック,ぶてぃっく,wnja:02879309-n
ブライダル,ぶらいだる,wnja:01036996-n
ブラインド,ぶらいんど,wnja:02851099-n
ブラウザー,ぶらうざー,wnja:06571301-n
ブラウニー,ぶらうにー,wnja:07636271-n
ブラウン管,ぶらうんかん,wnja:02985137-n
ブラケット,ぶらけっと,wnja:06842290-n
ブラジャー,ぶらじゃー,wnja:02892767-n
ブラスリー,ぶらすりー,wnja:02892499-n
ブラッシュ,ぶらっしゅ,wnja:02908217-n
ブラッシー,ぶらっしー,wnja:02892626-n
ブランデー,ぶらんでー,wnja:07903208-n
ブリザード,ぶりざーど,wnja:11509570-n
ブリスター,ぶりすたー,wnja:14464512-n
ブリンカー,ぶりんかー,wnja:07262704-n
ブルジョア,ぶるじょあ,wnja:08181658-n
ブルジョワ,ぶるじょわ,wnja:08181658-n
ブルドッグ,ぶるどっぐ,wnja:02108672-n
ブルドーザ,ぶるどーざ,wnja:02916179-n
ブルネット,ぶるねっと,wnja:09877856-n
ブルーマー,ぶるーまー,wnja:02854739-n
ブロイラー,ぶろいらー,wnja:02905036-n
ブロッカー,ぶろっかー,wnja:09860248-n
ブロッコリ,ぶろっこり,wnja:07714990-n
ブロッサム,ぶろっさむ,wnja:11669335-n
ブロマイド,ぶろまいど,wnja:03925226-n
ブローカー,ぶろーかー,wnja:09777012-n
ブーメラン,ぶーめらん,wnja:02871963-n
プシュケー,ぷしゅけー,wnja:10627082-n
プッシング,ぷっしんぐ,wnja:00112312-n
プディング,ぷでぃんぐ,wnja:07612632-n
プトマイン,ぷとまいん,wnja:14999411-n
プライヤー,ぷらいやー,wnja:03966976-n
プラエトル,ぷらえとる,wnja:10463028-n
プラシーボ,ぷらしーぼ,wnja:03952696-n
プラスター,ぷらすたー,wnja:03993403-n
プラスミド,ぷらすみど,wnja:09395266-n
プラゾシン,ぷらぞしん,wnja:03998525-n
プラタナス,ぷらたなす,wnja:12806455-n
プラナリア,ぷらなりあ,wnja:01925270-n
プランタン,ぷらんたん,wnja:15237044-n
プランター,ぷらんたー,wnja:03957315-n
プランナー,ぷらんなー,wnja:10438172-n
プリミドン,ぷりみどん,wnja:04002931-n
プリンセス,ぷりんせす,wnja:10474064-n
プリンター,ぷりんたー,wnja:04000311-n
プルテウス,ぷるてうす,wnja:13019202-n
プルメリア,ぷるめりあ,wnja:11774513-n
プレイヤー,ぷれいやー,wnja:04064401-n
プレゼント,ぷれぜんと,wnja:01086081-n
プレミアム,ぷれみあむ,wnja:13272059-n
プレーヤー,ぷれーやー,wnja:04064401-n
プレーリー,ぷれーりー,wnja:08619524-n
プロカイン,ぷろかいん,wnja:04006727-n
プログラマ,ぷろぐらま,wnja:10481268-n
プログラム,ぷろぐらむ,wnja:05898568-n
プログレス,ぷろぐれす,wnja:00249501-n
プロセッサ,ぷろせっさ,wnja:02995345-n
プロタミン,ぷろたみん,wnja:15026508-n
プロダクト,ぷろだくと,wnja:03748886-n
プロッター,ぷろったー,wnja:03967396-n
プロテイン,ぷろていん,wnja:09399899-n
プロテスト,ぷろてすと,wnja:01177033-n
プロトコル,ぷろとこる,wnja:05668915-n
プロパティ,ぷろぱてぃ,wnja:05849040-n
プロピレン,ぷろぴれん,wnja:14998826-n
プロフィル,ぷろふぃる,wnja:06516404-n
プロブレム,ぷろぶれむ,wnja:06784003-n
プロポーズ,ぷろぽーず,wnja:07161741-n
プロローグ,ぷろろーぐ,wnja:07009421-n
プロンプト,ぷろんぷと,wnja:06280604-n
ヘアオイル,へあおいる,wnja:03475823-n
ヘアピース,へあぴーす,wnja:03476083-n
ヘクタール,へくたーる,wnja:13613985-n
ヘゲモニー,へげもにー,wnja:08361924-n
ヘッドホン,へっどほん,wnja:03261776-n
ヘディング,へでぃんぐ,wnja:00131485-n
ヘドニズム,へどにずむ,wnja:09183971-n
ヘムライン,へむらいん,wnja:08583292-n
ヘリコプタ,へりこぷた,wnja:03512147-n
ヘリックス,へりっくす,wnja:13876561-n
ヘリポート,へりぽーと,wnja:03512830-n
ヘルメット,へるめっと,wnja:03492922-n
ヘレニズム,へれにずむ,wnja:05956489-n
ヘンルーダ,へんるーだ,wnja:07820297-n
ベアリング,べありんぐ,wnja:02817031-n
ベジタブル,べじたぶる,wnja:07707451-n
ベニスズメ,べにすずめ,wnja:01543936-n
ベラドンナ,べらどんな,wnja:02825004-n
ベラパミル,べらぱみる,wnja:04527808-n
ベリリウム,べりりうむ,wnja:14631295-n
ベルカント,べるかんと,wnja:00546216-n
ベルセルク,べるせるく,wnja:09850760-n
ベルベット,べるべっと,wnja:04524941-n
ベルモット,べるもっと,wnja:07899108-n
ベンゾール,べんぞーる,wnja:14774699-n
ベンチャー,べんちゃー,wnja:01117164-n
ベーカリー,べーかりー,wnja:02776631-n
ベーシスト,べーしすと,wnja:09842629-n
ペアリング,ぺありんぐ,wnja:00847340-n
ペアレント,ぺあれんと,wnja:10399491-n
ペイメント,ぺいめんと,wnja:01120448-n
ペキニーズ,ぺきにーず,wnja:02086079-n
ペシミスト,ぺしみすと,wnja:10419472-n
ペストリー,ぺすとりー,wnja:07623136-n
ペチコート,ぺちこーと,wnja:03920737-n
ペチュニア,ぺちゅにあ,wnja:12909421-n
ペッカリー,ぺっかりー,wnja:02397529-n
ペッサリー,ぺっさりー,wnja:03189461-n
ペトロール,ぺとろーる,wnja:14686913-n
ペナルティ,ぺなるてぃ,wnja:01160342-n
ペニシリン,ぺにしりん,wnja:03910033-n
ペペロミア,ぺぺろみあ,wnja:13150894-n
ペンタゴン,ぺんたごん,wnja:03912496-n
ペンダント,ぺんだんと,wnja:03005285-n
ペンライト,ぺんらいと,wnja:03911767-n
ページング,ぺーじんぐ,wnja:07128322-n
ペーズリー,ぺーずりー,wnja:03877351-n
ホイッスル,ほいっする,wnja:04579432-n
ホコリタケ,ほこりたけ,wnja:12969131-n
ホシガラス,ほしがらす,wnja:01581730-n
ホスピタル,ほすぴたる,wnja:03540595-n
ホスフィン,ほすふぃん,wnja:14982129-n
ホッチキス,ほっちきす,wnja:04303497-n
ホッピング,ほっぴんぐ,wnja:03974070-n
ホテイラン,ほていらん,wnja:12049562-n
ホリホック,ほりほっく,wnja:12173664-n
ホルスター,ほるすたー,wnja:03527444-n
ホルマリン,ほるまりん,wnja:14848479-n
ホルミウム,ほるみうむ,wnja:14640222-n
ホログラム,ほろぐらむ,wnja:03527243-n
ホームラン,ほーむらん,wnja:00132355-n
ホームレス,ほーむれす,wnja:07948314-n
ボイコット,ぼいこっと,wnja:00206130-n
ボクシング,ぼくしんぐ,wnja:00445802-n
ボックス席,ぼっくすせき,wnja:02874214-n
ボトックス,ぼとっくす,wnja:14587886-n
ボブスレー,ぼぶすれー,wnja:02860847-n
ボブテール,ぼぶてーる,wnja:02105641-n
ボヘミアン,ぼへみあん,wnja:09863620-n
ボリュウム,ぼりゅうむ,wnja:06413666-n
ボリューム,ぼりゅーむ,wnja:04990220-n
ボルテージ,ぼるてーじ,wnja:11523538-n
ボルドー液,ぼるどーえき,wnja:02874876-n
ボンネット,ぼんねっと,wnja:02869837-n
ボードビル,ぼーどびる,wnja:07020423-n
ボーリング,ぼーりんぐ,wnja:00104976-n
ポインター,ぽいんたー,wnja:02099997-n
ポエトリー,ぽえとりー,wnja:07092592-n
ポジション,ぽじしょん,wnja:00586262-n
ポタージュ,ぽたーじゅ,wnja:07583197-n
ポピュラー,ぽぴゅらー,wnja:07059255-n
ポリアミド,ぽりあみど,wnja:14966058-n
ポリグラフ,ぽりぐらふ,wnja:03979492-n
ポルチーニ,ぽるちーに,wnja:13055577-n
ポロニウム,ぽろにうむ,wnja:14650556-n
ポロネーズ,ぽろねーず,wnja:03978815-n
ポンツーン,ぽんつーん,wnja:03981566-n
ポーション,ぽーしょん,wnja:01085098-n
ポースレン,ぽーすれん,wnja:03018209-n
ポーリング,ぽーりんぐ,wnja:11226933-n
マイクロ波,まいくろは,wnja:11482312-n
マウンテン,まうんてん,wnja:09359803-n
マエストロ,まえすとろ,wnja:10280130-n
マカダミア,まかだみあ,wnja:12221191-n
マキシマム,まきしまむ,wnja:05124928-n
マクシマム,まくしまむ,wnja:05124928-n
マグネシア,まぐねしあ,wnja:14690607-n
マグネット,まぐねっと,wnja:03705379-n
マシュマロ,ましゅまろ,wnja:07608098-n
マシンガン,ましんがん,wnja:03701391-n
マジシャン,まじしゃん,wnja:10280674-n
マジョリカ,まじょりか,wnja:03713436-n
マスカット,ますかっと,wnja:07760153-n
マスキング,ますきんぐ,wnja:05713347-n
マスコット,ますこっと,wnja:10297234-n
マスタード,ますたーど,wnja:07819480-n
マストドン,ますとどん,wnja:02505998-n
マスノスケ,ますのすけ,wnja:02536456-n
マゾヒスト,まぞひすと,wnja:10297367-n
マゾヒズム,まぞひずむ,wnja:07494175-n
マタドール,またどーる,wnja:09836519-n
マチエール,まちえーる,wnja:14580897-n
マッサージ,まっさーじ,wnja:00659048-n
マッシャー,まっしゃー,wnja:03724417-n
マットレス,まっとれす,wnja:03731164-n
マッピング,まっぴんぐ,wnja:13783816-n
マティーニ,まてぃーに,wnja:07916041-n
マテリアル,まてりある,wnja:03309808-n
マトリクス,まとりくす,wnja:08267640-n
マドリガル,まどりがる,wnja:07052925-n
マナティー,まなてぃー,wnja:02073831-n
マニキュア,まにきゅあ,wnja:00660783-n
マニュアル,まにゅある,wnja:06421301-n
マヌーバー,まぬーばー,wnja:00059552-n
マネジャー,まねじゃー,wnja:10014939-n
マネージャ,まねーじゃ,wnja:10014939-n
マホガニー,まほがにー,wnja:12695144-n
ママレード,ままれーど,wnja:07643764-n
マヨネーズ,まよねーず,wnja:07834507-n
マラチオン,まらちおん,wnja:14946082-n
マリアッチ,まりあっち,wnja:08250409-n
マリネード,まりねーど,wnja:07824502-n
マルチーズ,まるちーず,wnja:02085936-n
マングース,まんぐーす,wnja:02137549-n
マンション,まんしょん,wnja:02726305-n
マンダリン,まんだりん,wnja:07747951-n
マンドリル,まんどりる,wnja:02486908-n
マンドリン,まんどりん,wnja:03716966-n
マンドレル,まんどれる,wnja:04277493-n
マンパワー,まんぱわー,wnja:08212347-n
マンホール,まんほーる,wnja:03717447-n
マーガリン,まーがりん,wnja:07672914-n
マーキング,まーきんぐ,wnja:00263642-n
マーケット,まーけっと,wnja:01097292-n
マーメイド,まーめいど,wnja:09489601-n
マーメード,まーめーど,wnja:09489601-n
マーモット,まーもっと,wnja:02361337-n
ミキシング,みきしんぐ,wnja:00380083-n
ミステイク,みすていく,wnja:00070965-n
ミステリー,みすてりー,wnja:05685538-n
ミステーク,みすてーく,wnja:00070965-n
ミストラル,みすとらる,wnja:11482873-n
ミストレス,みすとれす,wnja:10024784-n
ミソサザイ,みそさざい,wnja:01584225-n
ミソロジー,みそろじー,wnja:07978423-n
ミダゾラム,みだぞらむ,wnja:03761845-n
ミッション,みっしょん,wnja:00730984-n
ミツガシワ,みつがしわ,wnja:12484612-n
ミディアム,みでぃあむ,wnja:10306279-n
ミドリムシ,みどりむし,wnja:01406736-n
ミナレット,みなれっと,wnja:03767745-n
ミニチュア,みにちゅあ,wnja:03769397-n
ミニバイク,みにばいく,wnja:03769722-n
ミノカサゴ,みのかさご,wnja:02643566-n
ミメーシス,みめーしす,wnja:05962785-n
ミヤコグサ,みやこぐさ,wnja:12545635-n
ミヤコドリ,みやこどり,wnja:02037110-n
ミュゼット,みゅぜっと,wnja:03800371-n
ミョウバン,みょうばん,wnja:02700622-n
ミリグラム,みりぐらむ,wnja:13723061-n
ミリバール,みりばーる,wnja:13711663-n
ミリボルト,みりぼると,wnja:13642596-n
ミレニアム,みれにあむ,wnja:15141213-n
ミンチパイ,みんちぱい,wnja:07626094-n
ムスタング,むすたんぐ,wnja:02380583-n
ムッシュー,むっしゅー,wnja:10329675-n
ムーヴィー,むーゔぃー,wnja:06262567-n
メカニクス,めかにくす,wnja:00098385-n
メカニズム,めかにずむ,wnja:00098385-n
メガバイト,めがばいと,wnja:13628056-n
メガビット,めがびっと,wnja:13628419-n
メガヘルツ,めがへるつ,wnja:15279957-n
メキシコ人,めきしこじん,wnja:09722658-n
メスカリン,めすかりん,wnja:03750912-n
メソジスト,めそじすと,wnja:10312600-n
メゾチント,めぞちんと,wnja:03758478-n
メゾネット,めぞねっと,wnja:03713151-n
メタデータ,めたでーた,wnja:08462721-n
メタノール,めたのーる,wnja:14687818-n
メタファー,めたふぁー,wnja:07106800-n
メダリスト,めだりすと,wnja:10304914-n
メチオニン,めちおにん,wnja:14952290-n
メチシリン,めちしりん,wnja:03755388-n
メチルドパ,めちるどぱ,wnja:03755991-n
メッセイジ,めっせいじ,wnja:06253690-n
メッセージ,めっせーじ,wnja:06253690-n
メッチェン,めっちぇん,wnja:10084295-n
メディシン,めでぃしん,wnja:03740161-n
メヌエット,めぬえっと,wnja:00536778-n
メラトニン,めらとにん,wnja:05411338-n
メラノーマ,めらのーま,wnja:14252564-n
メリケン粉,めりけんこ,wnja:07569543-n
メルヒェン,めるひぇん,wnja:07222581-n
メルルーサ,めるるーさ,wnja:02524524-n
メロディー,めろでぃー,wnja:05711915-n
メロドラマ,めろどらま,wnja:07016648-n
メントール,めんとーる,wnja:03746861-n
メートル法,めーとるほう,wnja:13577934-n
モザイク病,もざいくびょう,wnja:14280775-n
モジュール,もじゅーる,wnja:03778600-n
モダニスト,もだにすと,wnja:10326643-n
モダニズム,もだにずむ,wnja:03777961-n
モティーフ,もてぃーふ,wnja:03789014-n
モデュール,もでゅーる,wnja:03778600-n
モナーキー,もなーきー,wnja:08363812-n
モノアミン,ものあみん,wnja:14953813-n
モノグラフ,ものぐらふ,wnja:06409448-n
モノグラム,ものぐらむ,wnja:06824041-n
モノタイプ,ものたいぷ,wnja:03784139-n
モノトーン,ものとーん,wnja:07084560-n
モノポリー,ものぽりー,wnja:00505238-n
モノマニア,ものまにあ,wnja:09182524-n
モノレール,ものれーる,wnja:03784053-n
モノローグ,ものろーぐ,wnja:07011387-n
モリブデン,もりぶでん,wnja:14645661-n
モルモット,もるもっと,wnja:02361337-n
モンスター,もんすたー,wnja:09491966-n
モンステラ,もんすてら,wnja:07746749-n
モンスーン,もんすーん,wnja:11484570-n
モーション,もーしょん,wnja:00331950-n
モーニング,もーにんぐ,wnja:03786194-n
モーメント,もーめんと,wnja:06022509-n
ヤマアラシ,やまあらし,wnja:02346627-n
ヤマノイモ,やまのいも,wnja:07711907-n
ユニコーン,ゆにこーん,wnja:10737964-n
ユニティー,ゆにてぃー,wnja:04743370-n
ユニバース,ゆにばーす,wnja:06026276-n
ユニホーム,ゆにほーむ,wnja:04509592-n
ユビキノン,ゆびきのん,wnja:15082890-n
ユマニスム,ゆまにすむ,wnja:05967191-n
ユーザンス,ゆーざんす,wnja:15299585-n
ヨーグルト,よーぐると,wnja:07849336-n
ライセンス,らいせんす,wnja:01139194-n
ライニング,らいにんぐ,wnja:00827379-n
ライブラリ,らいぶらり,wnja:03660664-n
ライラック,らいらっく,wnja:12310349-n
ライヴァル,らいゔぁる,wnja:10533013-n
ラクトース,らくとーす,wnja:14929462-n
ラグタイム,らぐたいむ,wnja:07060844-n
ラザーニャ,らざーにゃ,wnja:07701053-n
ラジエータ,らじえーた,wnja:09403211-n
ラズベリー,らずべりー,wnja:07745466-n
ラテックス,らてっくす,wnja:15006118-n
ラテライト,らてらいと,wnja:14930165-n
ラニチジン,らにちじん,wnja:04053995-n
ラバトリー,らばとりー,wnja:04446276-n
ラビリンス,らびりんす,wnja:03733281-n
ラブレター,らぶれたー,wnja:06626618-n
ラベンダー,らべんだー,wnja:12849717-n
ラミシール,らみしーる,wnja:04412727-n
ラミブジン,らみぶじん,wnja:03636062-n
ラムスキン,らむすきん,wnja:14759003-n
ラリアット,らりあっと,wnja:03644378-n
ランキング,らんきんぐ,wnja:14429484-n
ランゲージ,らんげーじ,wnja:06282651-n
ランセット,らんせっと,wnja:03637618-n
ランタニド,らんたにど,wnja:14624743-n
ランダム化,らんだむか,wnja:01009001-n
ランチャー,らんちゃー,wnja:03647520-n
ランチョン,らんちょん,wnja:07575076-n
ランティエ,らんてぃえ,wnja:10520964-n
ランデブー,らんでぶー,wnja:01231548-n
ランデヴー,らんでゔー,wnja:01231548-n
ランニング,らんにんぐ,wnja:00293916-n
リアクター,りあくたー,wnja:03834040-n
リアリスト,りありすと,wnja:10509161-n
リアリズム,りありずむ,wnja:05151869-n
リアリティ,りありてぃ,wnja:13955461-n
リカバリー,りかばりー,wnja:07419792-n
リガトーニ,りがとーに,wnja:07700348-n
リキュール,りきゅーる,wnja:07907943-n
リクィッド,りくぃっど,wnja:14480420-n
リクイッド,りくいっど,wnja:14480420-n
リクエスト,りくえすと,wnja:01061333-n
リケッチア,りけっちあ,wnja:01371483-n
リコーダー,りこーだー,wnja:04063373-n
リサイタル,りさいたる,wnja:06893441-n
リジェクト,りじぇくと,wnja:05790572-n
リステリア,りすてりあ,wnja:01367083-n
リスポンス,りすぽんす,wnja:00859001-n
リソソーム,りそそーむ,wnja:05434203-n
リゾチーム,りぞちーむ,wnja:14944455-n
リテラシー,りてらしー,wnja:05638486-n
リトグラフ,りとぐらふ,wnja:03677976-n
リトナビル,りとなびる,wnja:04094983-n
リドカイン,りどかいん,wnja:03662016-n
リナックス,りなっくす,wnja:06568855-n
リナロール,りなろーる,wnja:14894029-n
リノリウム,りのりうむ,wnja:14938389-n
リハーサル,りはーさる,wnja:00897026-n
リバイバル,りばいばる,wnja:01047338-n
リバウンド,りばうんど,wnja:00140112-n
リバティー,りばてぃー,wnja:13991823-n
リビジョン,りびじょん,wnja:00399393-n
リフォーム,りふぉーむ,wnja:00269674-n
リブレット,りぶれっと,wnja:07012025-n
リプリント,りぷりんと,wnja:06270308-n
リボソーム,りぼそーむ,wnja:05446394-n
リボルバー,りぼるばー,wnja:04086273-n
リポジトリ,りぽじとり,wnja:03177349-n
リポソーム,りぽそーむ,wnja:05520292-n
リポーター,りぽーたー,wnja:09966710-n
リュージュ,りゅーじゅ,wnja:03695753-n
リューマチ,りゅーまち,wnja:14080210-n
リョクトウ,りょくとう,wnja:12578255-n
リョーマチ,りょーまち,wnja:14080210-n
リラックス,りらっくす,wnja:01064148-n
リンケージ,りんけーじ,wnja:04923024-n
リージョン,りーじょん,wnja:08630985-n
ルテチウム,るてちうむ,wnja:14644063-n
ルテニウム,るてにうむ,wnja:14653242-n
ルネサンス,るねさんす,wnja:15259812-n
ルビジウム,るびじうむ,wnja:14652954-n
ルーティン,るーてぃん,wnja:01026482-n
ルーレット,るーれっと,wnja:00509399-n
レアリスム,れありすむ,wnja:05151869-n
レイアップ,れいあっぷ,wnja:00111660-n
レイシズム,れいしずむ,wnja:01155044-n
レイディー,れいでぃー,wnja:09989290-n
レインボー,れいんぼー,wnja:09403427-n
レオタード,れおたーど,wnja:03657511-n
レオロジー,れおろじー,wnja:06102316-n
レキシコン,れきしこん,wnja:06418901-n
レクイエム,れくいえむ,wnja:07033913-n
レクチャー,れくちゃー,wnja:00892861-n
レクチュア,れくちゅあ,wnja:00892861-n
レコーダー,れこーだー,wnja:04063373-n
レコード針,れこーどばり,wnja:03923918-n
レシーバー,れしーばー,wnja:03261776-n
レジェンド,れじぇんど,wnja:06371413-n
レジオネラ,れじおねら,wnja:01374224-n
レジスター,れじすたー,wnja:02977438-n
レジデンス,れじでんす,wnja:03719053-n
レストラン,れすとらん,wnja:04081281-n
レスビアン,れすびあん,wnja:00857424-n
レスポンス,れすぽんす,wnja:00859001-n
レスリング,れすりんぐ,wnja:00447540-n
レズビアン,れずびあん,wnja:10254965-n
レセプター,れせぷたー,wnja:05299178-n
レセルピン,れせるぴん,wnja:04078236-n
レゾナンス,れぞなんす,wnja:11477921-n
レチノール,れちのーる,wnja:15090065-n
レッカー車,れっかーしゃ,wnja:04461696-n
レトリック,れとりっく,wnja:06170498-n
レフェリー,れふぇりー,wnja:10514429-n
レボルバー,れぼるばー,wnja:04086273-n
レポーター,れぽーたー,wnja:09966710-n
レモネード,れもねーど,wnja:07926250-n
レンギョウ,れんぎょう,wnja:12303083-n
レンジャク,れんじゃく,wnja:01603600-n
レンジャー,れんじゃー,wnja:09942275-n
レンタカー,れんたかー,wnja:13248598-n
レントゲン,れんとげん,wnja:11268326-n
レントラー,れんとらー,wnja:07055923-n
レンネット,れんねっと,wnja:14738623-n
レーシズム,れーしずむ,wnja:06203758-n
レーシング,れーしんぐ,wnja:01160729-n
レードーム,れーどーむ,wnja:04045255-n
ロイマチス,ろいまちす,wnja:14080210-n
ロカビリー,ろかびりー,wnja:07064537-n
ロゴタイプ,ろごたいぷ,wnja:07272084-n
ロドプシン,ろどぷしん,wnja:15088869-n
ロビイスト,ろびいすと,wnja:10268629-n
ロブスター,ろぶすたー,wnja:01982650-n
ロマネスク,ろまねすく,wnja:05842706-n
ロラゼパム,ろらぜぱむ,wnja:03690005-n
ローション,ろーしょん,wnja:03690938-n
ロースター,ろーすたー,wnja:04097760-n
ロータリー,ろーたりー,wnja:04465933-n
ローファー,ろーふぁー,wnja:03680355-n
ローブラウ,ろーぶらう,wnja:10423031-n
ローブロー,ろーぶろー,wnja:06721269-n
ローマンス,ろーまんす,wnja:13931436-n
ワイシャツ,わいしゃつ,wnja:04197391-n
ワイナリー,わいなりー,wnja:04592465-n
ワイヤレス,わいやれす,wnja:04041544-n
ワッシャー,わっしゃー,wnja:04554684-n
ワンピース,わんぴーす,wnja:03236735-n
ワーキング,わーきんぐ,wnja:04601473-n
ヴァイラス,ゔぁいらす,wnja:01328702-n
ヴァカンス,ゔぁかんす,wnja:15137890-n
ヴァージン,ゔぁーじん,wnja:10755257-n
ヴィジョン,ゔぃじょん,wnja:05654362-n
ヴィタミン,ゔぃたみん,wnja:15089258-n
ヴィールス,ゔぃーるす,wnja:01328702-n
ヴェテラン,ゔぇてらん,wnja:10749123-n
ヴェランダ,ゔぇらんだ,wnja:04527648-n
ヴォーカル,ゔぉーかる,wnja:00545501-n
ヴルガータ,ゔるがーた,wnja:06448594-n
一人ぼっち,ひとりぼっち,wnja:14415072-n
一酸化炭素,いっさんかたんそ,wnja:14797641-n
一酸化窒素,いっさんかちっそ,wnja:14767202-n
上腕三頭筋,じょうわんさんとうきん,wnja:05579753-n
上腕二頭筋,じょうわんにとうきん,wnja:05579436-n
二酸化塩素,にさんかえんそ,wnja:14809843-n
二酸化炭素,にさんかたんそ,wnja:14796969-n
二酸化硫黄,にさんかいおう,wnja:15064053-n
二酸化窒素,にさんかちっそ,wnja:14767087-n
人工呼吸器,じんこうこきゅうき,wnja:04080833-n
人文主義者,じんぶんしゅぎしゃ,wnja:10191192-n
人間ドック,にんげんどっく,wnja:00142361-n
仕掛かり品,しかかりひん,wnja:04601587-n
仮装舞踏会,かそうぶとうかい,wnja:07449157-n
仮面舞踏会,かめんぶとうかい,wnja:07449157-n
住宅ローン,じゅうたくろーん,wnja:13374979-n
係わり合い,かかわりあい,wnja:00031921-n
保守主義者,ほしゅしゅぎしゃ,wnja:09957156-n
値引き合戦,ねびきがっせん,wnja:13837200-n
値引き競争,ねびききょうそう,wnja:13837200-n
先端巨大症,せんたんきょだいしょう,wnja:14368483-n
入り替わり,いりかわり,wnja:07443761-n
入れ代わり,いれかわり,wnja:07443761-n
公衆トイレ,こうしゅうといれ,wnja:04018667-n
公認会計士,こうにんかいけいし,wnja:09905185-n
共同企業体,きょうどうきぎょうたい,wnja:08236438-n
共和主義者,きょうわしゅぎしゃ,wnja:10522495-n
再取り込み,さいとりこみ,wnja:13551396-n
割り増し金,わりましきん,wnja:13272059-n
労働力人口,ろうどうりょくじんこう,wnja:08212347-n
労働許可証,ろうどうきょかしょう,wnja:06531908-n
取扱説明書,とりあつかいせつめいしょ,wnja:06421685-n
周波数変調,しゅうはすうへんちょう,wnja:06281721-n
問い合わせ,といあわせ,wnja:05797597-n
嗅ぎタバコ,かぎたばこ,wnja:04252939-n
国民総生産,こくみんそうせいさん,wnja:13257098-n
国粋主義者,こくすいしゅぎしゃ,wnja:09911849-n
売り手市場,うりてしじょう,wnja:01098265-n
多年生植物,たねんせいしょくぶつ,wnja:11553240-n
大売り出し,おおうりだし,wnja:01117723-n
大学院大学,だいがくいんだいがく,wnja:08282696-n
天下分け目,てんかわけめ,wnja:14033185-n
子宮内膜症,しきゅうないまくしょう,wnja:14204763-n
子宮外妊娠,しきゅうがいにんしん,wnja:14047740-n
完全主義者,かんぜんしゅぎしゃ,wnja:10415230-n
定期刊行物,ていきかんこうぶつ,wnja:06593296-n
客あしらい,きゃくあしらい,wnja:00098625-n
小型自動車,こがたじどうしゃ,wnja:03079136-n
巡り合わせ,めぐりあわせ,wnja:07330007-n
左ぎっちょ,ひだりぎっちょ,wnja:10253122-n
年金受給者,ねんきんじゅきゅうしゃ,wnja:10414612-n
広告代理店,こうこくだいりてん,wnja:08353912-n
引き合わせ,ひきあわせ,wnja:07217349-n
引き立て役,ひきたてやく,wnja:05853924-n
強情っぱり,ごうじょっぱり,wnja:04863074-n
待ち合わせ,まちあわせ,wnja:01231548-n
後発医薬品,こうはついやくひん,wnja:03434549-n
急進主義者,きゅうしんしゅぎしゃ,wnja:06841159-n
恋わずらい,こいわずらい,wnja:07487493-n
悪性黒色腫,あくせいこくしょくしゅ,wnja:14252564-n
悲観主義者,ひかんしゅぎしゃ,wnja:10419472-n
意地っ張り,いじっぱり,wnja:04863074-n
手形交換所,てがたこうかんじょ,wnja:08055516-n
押しボタン,おしぼたん,wnja:04027023-n
持続可能性,じぞくかのうせい,wnja:05029594-n
掘り出し物,ほりだしもの,wnja:13253751-n
掛け合わせ,かけあわせ,wnja:00847340-n
支払い通知,しはらいつうち,wnja:07185668-n
放射線科医,ほうしゃせんかい,wnja:10504206-n
救命ボート,きゅうめいぼーと,wnja:03662601-n
教員免許状,きょういんめんきょじょう,wnja:06479494-n
教育委員会,きょういくいいんかい,wnja:08413408-n
数珠つなぎ,じゅずつなぎ,wnja:08459648-n
新保守主義,しんほしゅしゅぎ,wnja:06216408-n
新古典主義,しんこてんしゅぎ,wnja:06154464-n
日付変更線,ひづけへんこうせん,wnja:08599792-n
暮らし向き,くらしむき,wnja:14473222-n
最大公約数,さいだいこうやくすう,wnja:13735163-n
最小公倍数,さいしょうこうばいすう,wnja:05860639-n
有線テレビ,ゆうせんてれび,wnja:02933990-n
松ぼっくり,まつぼっくり,wnja:11683331-n
果たし合い,はたしあい,wnja:01172784-n
株式取引所,かぶしきとりひきじょ,wnja:04323026-n
構文解析器,こうぶんかいせきき,wnja:06577369-n
歯科技工士,しかぎこうし,wnja:10004019-n
歯科衛生士,しかえいせいし,wnja:10003870-n
比例代表制,ひれいだいひょうせい,wnja:01217720-n
決まり文句,きまりもんく,wnja:06608277-n
洗濯ばさみ,せんたくばさみ,wnja:03051249-n
流行性感冒,りゅうこうせいかんぼう,wnja:14122497-n
清涼飲料水,せいりょういんりょうすい,wnja:07927197-n
湯沸かし器,ゆわかしき,wnja:04560113-n
火災報知器,かさいほうちき,wnja:03343737-n
無政府主義,むせいふしゅぎ,wnja:06213890-n
無政府状態,むせいふじょうたい,wnja:13973059-n
無脊椎動物,むせきついどうぶつ,wnja:01905661-n
玄関ホール,げんかんほーる,wnja:02715513-n
現実主義者,げんじつしゅぎしゃ,wnja:10509161-n
理学療法士,りがくりょうほうし,wnja:10427764-n
界面活性剤,かいめんかっせいざい,wnja:15096783-n
痩せっぽち,やせっぽち,wnja:04143712-n
盛り上がり,もりあがり,wnja:13894434-n
目抜き通り,めぬきどおり,wnja:03712729-n
相対性原理,そうたいせいげんり,wnja:05990480-n
相対性理論,そうたいせいりろん,wnja:06106502-n
睡眠導入剤,すいみんどうにゅうざい,wnja:04260934-n
磁気単極子,じきたんきょくし,wnja:09345792-n
社交ダンス,しゃこうだんす,wnja:00532110-n
社会主義者,しゃかいしゅぎしゃ,wnja:10618848-n
空気ポンプ,くうきぽんぷ,wnja:02692513-n
空気圧縮機,くうきあっしゅくき,wnja:02686227-n
突然変異体,とつぜんへんいたい,wnja:01324305-n
米国大統領,べいこくだいとうりょう,wnja:00597265-n
精神分裂病,せいしんぶんれつびょう,wnja:14398523-n
精神分裂症,せいしんぶんれつしょう,wnja:14398523-n
精神安定剤,せいしんあんていざい,wnja:04470232-n
紙巻き煙草,かみまきたばこ,wnja:03030663-n
素っ破抜き,すっぱぬき,wnja:00907340-n
経営学修士,けいえいがくしゅうし,wnja:06701359-n
羽交い締め,はがいじめ,wnja:00813571-n
老人ホーム,ろうじんほーむ,wnja:03528100-n
耳鼻咽喉科,じびいんこうか,wnja:06062842-n
聴覚障害者,ちょうかくしょうがいしゃ,wnja:14550797-n
職業安定所,しょくぎょうあんていしょ,wnja:08354523-n
腕立て伏せ,うでたてふせ,wnja:00629318-n
自動販売機,じどうはんばいき,wnja:02760199-n
自己同一性,じこどういつせい,wnja:04618070-n
自由主義者,じゆうしゅぎしゃ,wnja:10256756-n
茶飲み仲間,ちゃのみなかま,wnja:09877951-n
茶飲み友達,ちゃのみともだち,wnja:09877951-n
菜食主義者,さいしょくしゅぎしゃ,wnja:10747119-n
葉巻き煙草,はまきたばこ,wnja:03030035-n
蒸気機関車,じょうききかんしゃ,wnja:04310018-n
虚無主義者,きょむしゅぎしゃ,wnja:10358420-n
衆議院議員,しゅうぎいんぎいん,wnja:09955781-n
行きちがい,いきちがい,wnja:13982357-n
行きどまり,いきどまり,wnja:14015361-n
西洋わさび,せいようわさび,wnja:11872973-n
見込み外れ,みこみはずれ,wnja:00072808-n
見込み違い,みこみちがい,wnja:00072808-n
計量経済学,けいりょうけいざいがく,wnja:06150449-n
負け惜しみ,まけおしみ,wnja:06719299-n
買い手市場,かいてしじょう,wnja:01097920-n
貸借対照表,たいしゃくたいしょうひょう,wnja:13403964-n
賃貸借契約,ちんたいしゃくけいやく,wnja:06523132-n
超現実主義,ちょうげんじつしゅぎ,wnja:08470210-n
跳ね上がり,はねあがり,wnja:07414222-n
身体障害者,しんたいしょうがいしゃ,wnja:07946288-n
軍国主義者,ぐんこくしゅぎしゃ,wnja:10316013-n
迷惑メール,めいわくめーる,wnja:06280347-n
進歩主義者,しんぽしゅぎしゃ,wnja:10256756-n
運転免許証,うんてんめんきょしょう,wnja:06550206-n
過酸化水素,かさんかすいそ,wnja:14781225-n
道徳的危険,どうとくてききけん,wnja:14542579-n
遠心分離機,えんしんぶんりき,wnja:02995998-n
遺体安置所,いたいあんちじょ,wnja:03785499-n
郵便ポスト,ゆうびんぽすと,wnja:03937437-n
酸化防止剤,さんかぼうしざい,wnja:14724645-n
重炭酸曹達,じゅうたんさんそーだ,wnja:14775995-n
間に合わせ,まにあわせ,wnja:00178551-n
電子メール,でんしめーる,wnja:06279326-n
電子レンジ,でんしれんじ,wnja:03761084-n
電子商取引,でんししょうとりひき,wnja:01092974-n
電子計算機,でんしけいさんき,wnja:03082979-n
電気ギター,でんきぎたー,wnja:03272010-n
電話交換手,でんわこうかんしゅ,wnja:10698064-n
非営利団体,ひえいりだんたい,wnja:01137597-n
飛び込み台,とびこみだい,wnja:03216080-n
食器洗い機,しょっきあらいき,wnja:03207941-n
駈けっくら,かけっくら,wnja:07458453-n
高等弁務官,こうとうべんむかん,wnja:10174445-n
高等裁判所,こうとうさいばんしょ,wnja:08336188-n
あてずっぽう,あてずっぽう,wnja:05803938-n
あやつり人形,あやつりにんぎょう,wnja:04025350-n
あんぽんたん,あんぽんたん,wnja:09921409-n
いたずらっ子,いたずらっこ,wnja:10200047-n
うっかりミス,うっかりみす,wnja:00073828-n
おたふく風邪,おたふくかぜ,wnja:14352570-n
おたんこなす,おたんこなす,wnja:10100761-n
おばあちゃん,おばあちゃん,wnja:10142747-n
お手伝いさん,おてつだいさん,wnja:10282672-n
くたびれ儲け,くたびれもうけ,wnja:00743155-n
しゃれこうべ,しゃれこうべ,wnja:05540121-n
ちんちくりん,ちんちくりん,wnja:10040344-n
ちんぷんかん,ちんぷんかん,wnja:06607339-n
でんぐり返し,でんぐりがえし,wnja:00437788-n
にゃんにゃん,にゃんにゃん,wnja:02121620-n
はちぶんぎ座,はちぶんぎざ,wnja:09376866-n
ひとまとまり,ひとまとまり,wnja:07996689-n
ほったらかし,ほったらかし,wnja:04665813-n
アイシャドー,あいしゃどー,wnja:03309687-n
アイスショー,あいすしょー,wnja:00520783-n
アイスティー,あいすてぃー,wnja:07934282-n
アイストング,あいすとんぐ,wnja:03558633-n
アイスピック,あいすぴっく,wnja:03558007-n
アイスリンク,あいすりんく,wnja:03558176-n
アイライナー,あいらいなー,wnja:03309110-n
アイヴォリー,あいゔぉりー,wnja:04961331-n
アウタルキー,あうたるきー,wnja:08361001-n
アウトサイド,あうとさいど,wnja:08613593-n
アウトテイク,あうとていく,wnja:06614901-n
アウトバーン,あうとばーん,wnja:02758863-n
アウトプット,あうとぷっと,wnja:13758745-n
アウトライン,あうとらいん,wnja:05891572-n
アウトリガー,あうとりがー,wnja:03861271-n
アウトルック,あうとるっく,wnja:05944958-n
アウトレット,あうとれっと,wnja:03303965-n
アガパンサス,あがぱんさす,wnja:12429148-n
アクアチント,あくあちんと,wnja:00939091-n
アクアノート,あくあのーと,wnja:09999036-n
アクアビット,あくあびっと,wnja:07902799-n
アクアマリン,あくあまりん,wnja:04969798-n
アクアラング,あくあらんぐ,wnja:02731629-n
アクアリウム,あくありうむ,wnja:02732072-n
アクシデント,あくしでんと,wnja:07300960-n
アクセサリー,あくせさりー,wnja:02671421-n
アクチニウム,あくちにうむ,wnja:14627655-n
アクチノイド,あくちのいど,wnja:14584110-n
アクロバット,あくろばっと,wnja:00434075-n
アクロポリス,あくろぽりす,wnja:02676938-n
アクロレイン,あくろれいん,wnja:14998290-n
アコーデオン,あこーでおん,wnja:02672831-n
アシクロビル,あしくろびる,wnja:02678528-n
アシスタント,あしすたんと,wnja:09815790-n
アシドーシス,あしどーしす,wnja:14019600-n
アシメトリー,あしめとりー,wnja:05065717-n
アジテーター,あじてーたー,wnja:09778783-n
アジュバント,あじゅばんと,wnja:02680947-n
アスタリスク,あすたりすく,wnja:06828389-n
アステリスク,あすてりすく,wnja:06828389-n
アストラカン,あすとらかん,wnja:09004358-n
アスパラガス,あすぱらがす,wnja:07719213-n
アスパラギン,あすぱらぎん,wnja:14602851-n
アスファルト,あすふぁると,wnja:14667455-n
アセスメント,あせすめんと,wnja:00874067-n
アセトアミド,あせとあみど,wnja:14711197-n
アセンブラー,あせんぶらー,wnja:06573337-n
アセンブリー,あせんぶりー,wnja:01229938-n
アップタウン,あっぷたうん,wnja:08554206-n
アップリンク,あっぷりんく,wnja:07280295-n
アップルパイ,あっぷるぱい,wnja:07626174-n
アツモリソウ,あつもりそう,wnja:12056217-n
アテトーシス,あてとーしす,wnja:14108938-n
アテノロール,あてのろーる,wnja:02751782-n
アテンション,あてんしょん,wnja:05650579-n
アテンダント,あてんだんと,wnja:09821831-n
アドバイザー,あどばいざー,wnja:09774266-n
アドレナリン,あどれなりん,wnja:05408388-n
アドヴァイス,あどゔぁいす,wnja:06671484-n
アドヴァンス,あどゔぁんす,wnja:07357388-n
アナウンサー,あなうんさー,wnja:09795124-n
アナトキシン,あなときしん,wnja:15034454-n
アナライザー,あならいざー,wnja:02708711-n
アナーキスト,あなーきすと,wnja:09791816-n
アナーキズム,あなーきずむ,wnja:06213890-n
アニュスデイ,あにゅすでい,wnja:06456276-n
アネクドート,あねくどーと,wnja:07220586-n
アノレクシア,あのれくしあ,wnja:14055796-n
アパルトマン,あぱるとまん,wnja:02726305-n
アビオニクス,あびおにくす,wnja:06097231-n
アビタシオン,あびたしおん,wnja:01054545-n
アビリティー,あびりてぃー,wnja:05200169-n
アフタヌーン,あふたぬーん,wnja:15166191-n
アフターケア,あふたーけあ,wnja:00656192-n
アプリコット,あぷりこっと,wnja:04971675-n
アペタイザー,あぺたいざー,wnja:07581346-n
アペリティフ,あぺりてぃふ,wnja:07886463-n
アホロートル,あほろーとる,wnja:01632777-n
アミオダロン,あみおだろん,wnja:02702304-n
アミグダリン,あみぐだりん,wnja:14887464-n
アミノピリン,あみのぴりん,wnja:02702166-n
アムネスティ,あむねすてぃ,wnja:01249315-n
アメリカ英語,あめりかえいご,wnja:06947479-n
アメリシウム,あめりしうむ,wnja:14628494-n
アライアンス,あらいあんす,wnja:08293982-n
アリゲーター,ありげーたー,wnja:01698434-n
アルカロイド,あるかろいど,wnja:14712692-n
アルゴリズム,あるごりずむ,wnja:05847438-n
アルセニック,あるせにっく,wnja:14768201-n
アルバトロス,あるばとろす,wnja:02058221-n
アルピニスト,あるぴにすと,wnja:09785659-n
アルピニズム,あるぴにずむ,wnja:00325975-n
アルミニウム,あるみにうむ,wnja:14627820-n
アレグレット,あれぐれっと,wnja:07039949-n
アレンジャー,あれんじゃー,wnja:10383237-n
アロサウルス,あろさうるす,wnja:01714231-n
アンクレット,あんくれっと,wnja:02713097-n
アンサンブル,あんさんぶる,wnja:03289985-n
アンジェラス,あんじぇらす,wnja:06456384-n
アンスリウム,あんすりうむ,wnja:11783920-n
アンソロジー,あんそろじー,wnja:06591609-n
アンチノック,あんちのっく,wnja:14585223-n
アンチモニー,あんちもにー,wnja:14628668-n
アンチョビー,あんちょびー,wnja:02533834-n
アンティーク,あんてぃーく,wnja:02723754-n
アンドロイド,あんどろいど,wnja:02710201-n
アンドロゲン,あんどろげん,wnja:14747587-n
アンバサダー,あんばさだー,wnja:09787534-n
アンパサンド,あんぱさんど,wnja:06841873-n
アンビション,あんびしょん,wnja:04836268-n
アンピシリン,あんぴしりん,wnja:02705651-n
アンモナイト,あんもないと,wnja:09195958-n
アンモニア水,あんもにあすい,wnja:14743840-n
アンモニウム,あんもにうむ,wnja:14744120-n
アヴェニュー,あゔぇにゅー,wnja:02763472-n
アーキテクト,あーきてくと,wnja:09805475-n
アースカラー,あーすからー,wnja:14673978-n
アーチェリー,あーちぇりー,wnja:00446980-n
アーティクル,あーてぃくる,wnja:06324669-n
アーティスト,あーてぃすと,wnja:09812338-n
アーミッシュ,あーみっしゅ,wnja:09677713-n
アームチェア,あーむちぇあ,wnja:02738535-n
イグアノドン,いぐあのどん,wnja:01707698-n
イスラエル人,いすらえるじん,wnja:09715833-n
イソソルビド,いそそるびど,wnja:03588046-n
イソニアジド,いそにあじど,wnja:03587715-n
イソフルラン,いそふるらん,wnja:03587623-n
イソロイシン,いそろいしん,wnja:14924067-n
イットリウム,いっとりうむ,wnja:14661740-n
イデオロギー,いでおろぎー,wnja:06212839-n
イヌサフラン,いぬさふらん,wnja:12455540-n
イノシトール,いのしとーる,wnja:14919819-n
イミダゾール,いみだぞーる,wnja:14916670-n
イミプラミン,いみぷらみん,wnja:03561889-n
イルミナント,いるみなんと,wnja:14687513-n
イルージョン,いるーじょん,wnja:00099951-n
インゲンマメ,いんげんまめ,wnja:07726796-n
インサイダー,いんさいだー,wnja:10208583-n
インシデント,いんしでんと,wnja:07307477-n
インシュリン,いんしゅりん,wnja:05410646-n
インジケータ,いんじけーた,wnja:03568117-n
インジナビル,いんじなびる,wnja:03568430-n
インタビュウ,いんたびゅう,wnja:07196075-n
インタビュー,いんたびゅー,wnja:07196075-n
インタプリタ,いんたぷりた,wnja:06575932-n
インタラプト,いんたらぷと,wnja:00383952-n
インタレスト,いんたれすと,wnja:05682950-n
インターバル,いんたーばる,wnja:06858779-n
インターホン,いんたーほん,wnja:03578055-n
インダストリ,いんだすとり,wnja:00923444-n
インディアン,いんでぃあん,wnja:09645091-n
インデックス,いんでっくす,wnja:06491786-n
インバランス,いんばらんす,wnja:05065717-n
インフェルノ,いんふぇるの,wnja:05629682-n
インプラント,いんぷらんと,wnja:03563710-n
インベントリ,いんべんとり,wnja:01011425-n
インベーダー,いんべーだー,wnja:10214062-n
インポテンツ,いんぽてんつ,wnja:14044930-n
イーサネット,いーさねっと,wnja:03300216-n
ウィジェット,うぃじぇっと,wnja:03218545-n
ウィンドミル,うぃんどみる,wnja:04587559-n
ウィークデイ,うぃーくでい,wnja:15163157-n
ウィークデー,うぃーくでー,wnja:15136723-n
ウインドミル,ういんどみる,wnja:04587559-n
ウイークデー,ういーくでー,wnja:15163157-n
ウェイトレス,うぇいとれす,wnja:10763620-n
ウェディング,うぇでぃんぐ,wnja:01036996-n
ウェブサイト,うぇぶさいと,wnja:06359193-n
ウェブページ,うぇぶぺーじ,wnja:06358900-n
ウェートレス,うぇーとれす,wnja:10763620-n
ウエアハウス,うえあはうす,wnja:04551055-n
ウエイトレス,うえいとれす,wnja:10763620-n
ウエディング,うえでぃんぐ,wnja:01036996-n
ウエートレス,うえーとれす,wnja:10763620-n
ウォッシャー,うぉっしゃー,wnja:04554684-n
ウォッチング,うぉっちんぐ,wnja:00879759-n
ウォルフラム,うぉるふらむ,wnja:14659512-n
ウォンバット,うぉんばっと,wnja:01883070-n
ウォームギヤ,うぉーむぎや,wnja:04604806-n
ウオッチング,うおっちんぐ,wnja:00879759-n
ウツボカズラ,うつぼかずら,wnja:12781814-n
ウメバチソウ,うめばちそう,wnja:12801520-n
ウルドゥー語,うるどぅーご,wnja:06969916-n
ウロキナーゼ,うろきなーぜ,wnja:14984066-n
ウンディーネ,うんでぃーね,wnja:09541346-n
ウーステッド,うーすてっど,wnja:04605163-n
エアクラフト,えあくらふと,wnja:02686568-n
エアフォース,えあふぉーす,wnja:08196024-n
エアプランツ,えあぷらんつ,wnja:13122985-n
エアプレイン,えあぷれいん,wnja:02691156-n
エアプレーン,えあぷれーん,wnja:02691156-n
エアホステス,えあほすてす,wnja:10655875-n
エアポケット,えあぽけっと,wnja:11423028-n
エアロビクス,えあろびくす,wnja:00625858-n
エイジェント,えいじぇんと,wnja:09777353-n
エオラプトル,えおらぷとる,wnja:01715134-n
エキスパート,えきすぱーと,wnja:09617867-n
エキスプレス,えきすぷれす,wnja:03306385-n
エクササイズ,えくささいず,wnja:00624738-n
エクスタシー,えくすたしー,wnja:13986372-n
エクスパート,えくすぱーと,wnja:09617867-n
エクスプレス,えくすぷれす,wnja:03306385-n
エクスペンス,えくすぺんす,wnja:13275288-n
エクスポート,えくすぽーと,wnja:03306207-n
エクソシスト,えくそしすと,wnja:10072054-n
エコノミクス,えこのみくす,wnja:06149484-n
エコノミスト,えこのみすと,wnja:10043643-n
エコロジスト,えころじすと,wnja:10043163-n
エシャロット,えしゃろっと,wnja:12433178-n
エスカレータ,えすかれーた,wnja:03295773-n
エスクワイア,えすくわいあ,wnja:10064046-n
エスタゾラム,えすたぞらむ,wnja:03298211-n
エストロゲン,えすとろげん,wnja:14749794-n
エスノロジー,えすのろじー,wnja:06146880-n
エスプレッソ,えすぷれっそ,wnja:07920052-n
エッグカップ,えっぐかっぷ,wnja:03266498-n
エッグノッグ,えっぐのっぐ,wnja:07932039-n
エッセイスト,えっせいすと,wnja:10064405-n
エディション,えでぃしょん,wnja:06590446-n
エトランジェ,えとらんじぇ,wnja:10661002-n
エトルリア人,えとるりあじん,wnja:09716643-n
エノコログサ,えのころぐさ,wnja:12107970-n
エピネフリン,えぴねふりん,wnja:05408388-n
エフェドリン,えふぇどりん,wnja:14713487-n
エボラ出血熱,えぼらしゅっけつねつ,wnja:14135623-n
エミュレート,えみゅれーと,wnja:05665984-n
エモーション,えもーしょん,wnja:07480068-n
エラスターゼ,えらすたーぜ,wnja:14849540-n
エラストマー,えらすとまー,wnja:14840583-n
エルゴタミン,えるごたみん,wnja:14714028-n
エルゴノビン,えるごのびん,wnja:14713748-n
エルステッド,えるすてっど,wnja:11212426-n
エルニーニョ,えるにーにょ,wnja:11084110-n
エレキギター,えれきぎたー,wnja:03272010-n
エレクトロン,えれくとろん,wnja:09271904-n
エレクトーン,えれくとーん,wnja:03273551-n
エレベーター,えれべーたー,wnja:03281145-n
エレヴェータ,えれゔぇーた,wnja:03281145-n
エンコウソウ,えんこうそう,wnja:11728099-n
エンタルピー,えんたるぴー,wnja:05012272-n
エンチラーダ,えんちらーだ,wnja:07867021-n
エンディング,えんでぃんぐ,wnja:06398401-n
エントランス,えんとらんす,wnja:03290771-n
エントロピー,えんとろぴー,wnja:05012585-n
エンドユーザ,えんどゆーざ,wnja:10057491-n
エンフルラン,えんふるらん,wnja:03287459-n
エンプティー,えんぷてぃー,wnja:14455206-n
エンベロープ,えんべろーぷ,wnja:03291741-n
エンレイソウ,えんれいそう,wnja:11784497-n
エージェント,えーじぇんと,wnja:09777012-n
オイルスキン,おいるすきん,wnja:03844815-n
オオトリテエ,おおとりてえ,wnja:06411592-n
オキサゼパム,おきさぜぱむ,wnja:03867675-n
オキシダント,おきしだんと,wnja:14780040-n
オキシトシン,おきしとしん,wnja:05411571-n
オシログラフ,おしろぐらふ,wnja:03857687-n
オシログラム,おしろぐらむ,wnja:03857588-n
オストリッチ,おすとりっち,wnja:01518878-n
オゾンホール,おぞんほーる,wnja:09382570-n
オドメーター,おどめーたー,wnja:03841143-n
オフホワイト,おふほわいと,wnja:04961331-n
オブザーバー,おぶざーばー,wnja:10369528-n
オブジェクト,おぶじぇくと,wnja:06132724-n
オブリガート,おぶりがーと,wnja:06815970-n
オプチミスト,おぷちみすと,wnja:10380126-n
オプチミズム,おぷちみずむ,wnja:05211793-n
オペラグラス,おぺらぐらす,wnja:02841315-n
オペレーター,おぺれーたー,wnja:10378412-n
オリエンタル,おりえんたる,wnja:09643078-n
オリンピック,おりんぴっく,wnja:07457126-n
オルガスムス,おるがすむす,wnja:00062133-n
オルガニスト,おるがにすと,wnja:10382825-n
オンザロック,おんざろっく,wnja:07918601-n
オントロジー,おんとろじー,wnja:06162979-n
オンブズマン,おんぶずまん,wnja:10377394-n
オーガンジー,おーがんじー,wnja:03854421-n
オークション,おーくしょん,wnja:00092366-n
オーケストラ,おーけすとら,wnja:08248157-n
オーソライズ,おーそらいず,wnja:01138670-n
オーソリティ,おーそりてぃ,wnja:06411592-n
オーチャード,おーちゃーど,wnja:03463832-n
オートマット,おーとまっと,wnja:02760099-n
オートマトン,おーとまとん,wnja:00333572-n
オートミール,おーとみーる,wnja:07568502-n
オートモビル,おーともびる,wnja:02958343-n
オードトワレ,おーどとわれ,wnja:04448070-n
オーナメント,おーなめんと,wnja:03169390-n
オーバチュア,おーばちゅあ,wnja:07040820-n
オーバヘッド,おーばへっど,wnja:15298011-n
オーバーラン,おーばーらん,wnja:00914343-n
オープニング,おーぷにんぐ,wnja:00239230-n
オープンカー,おーぷんかー,wnja:03100240-n
オールディー,おーるでぃー,wnja:07052700-n
カイモグラフ,かいもぐらふ,wnja:03629643-n
カウンセラー,かうんせらー,wnja:09774266-n
カオリナイト,かおりないと,wnja:14679147-n
カスタネット,かすたねっと,wnja:02869249-n
カタストロフ,かたすとろふ,wnja:07314838-n
カタレプシー,かたれぷしー,wnja:14070206-n
カッティング,かってぃんぐ,wnja:00387657-n
カットグラス,かっとぐらす,wnja:03153145-n
カットバック,かっとばっく,wnja:00353782-n
カットワーク,かっとわーく,wnja:03154895-n
カップケーキ,かっぷけーき,wnja:07631023-n
カテコラミン,かてこらみん,wnja:14807929-n
カニバリズム,かにばりずむ,wnja:00412839-n
カフェテリア,かふぇてりあ,wnja:02935658-n
カフスボタン,かふすぼたん,wnja:03146075-n
カプサイシン,かぷさいしん,wnja:15032829-n
カマーバンド,かまーばんど,wnja:03147397-n
カムシャフト,かむしゃふと,wnja:02946824-n
カヤツリグサ,かやつりぐさ,wnja:12151170-n
カラギーナン,からぎーなん,wnja:14801711-n
カラーテレビ,からーてれび,wnja:03072201-n
カリカチュア,かりかちゅあ,wnja:06780069-n
カリキュラム,かりきゅらむ,wnja:06676416-n
カリフラワー,かりふらわー,wnja:07715103-n
カルシトニン,かるしとにん,wnja:05413465-n
カルチノイド,かるちのいど,wnja:14237148-n
カルバメート,かるばめーと,wnja:14792281-n
カルビニスト,かるびにすと,wnja:09889346-n
カルボキシル,かるぼきしる,wnja:14790796-n
カルボナーラ,かるぼなーら,wnja:07831146-n
カロチノイド,かろちのいど,wnja:14720962-n
カロテノイド,かろてのいど,wnja:14720962-n
カンブリック,かんぶりっく,wnja:02942147-n
カージオイド,かーじおいど,wnja:13909632-n
カーディガン,かーでぃがん,wnja:02113186-n
カーディナル,かーでぃなる,wnja:09894143-n
カートゥーン,かーとぅーん,wnja:06780678-n
カートリッジ,かーとりっじ,wnja:02971691-n
カーネリアン,かーねりあん,wnja:14801594-n
カーペンター,かーぺんたー,wnja:09896685-n
カーボネート,かーぼねーと,wnja:14798450-n
ガイドブック,がいどぶっく,wnja:06422740-n
ガイドポスト,がいどぽすと,wnja:06794374-n
ガイドライン,がいどらいん,wnja:05848541-n
ガスタービン,がすたーびん,wnja:03426574-n
ガスバーナー,がすばーなー,wnja:02855390-n
ガスメーター,がすめーたー,wnja:03424489-n
ガドリニウム,がどりにうむ,wnja:14638041-n
ガラクトース,がらくとーす,wnja:14876771-n
ガードレール,がーどれーる,wnja:04127395-n
キクイタダキ,きくいただき,wnja:01563945-n
キネスコープ,きねすこーぷ,wnja:03617594-n
キネティクス,きねてぃくす,wnja:06113597-n
キャスチング,きゃすちんぐ,wnja:00909899-n
キャセロール,きゃせろーる,wnja:02978753-n
キャッシャー,きゃっしゃー,wnja:02977438-n
キャッシング,きゃっしんぐ,wnja:13375891-n
キャッチャー,きゃっちゃー,wnja:00723241-n
キャパシティ,きゃぱしてぃ,wnja:00720951-n
キャビネット,きゃびねっと,wnja:02933112-n
キャブレター,きゃぶれたー,wnja:02962200-n
キャプション,きゃぷしょん,wnja:06346891-n
キャプスタン,きゃぷすたん,wnja:02957252-n
キャミソール,きゃみそーる,wnja:02944075-n
キャラウェー,きゃらうぇー,wnja:07816726-n
キャラクター,きゃらくたー,wnja:04620216-n
キャンディー,きゃんでぃー,wnja:07597365-n
キャンピング,きゃんぴんぐ,wnja:01055165-n
キャンペーン,きゃんぺーん,wnja:00798245-n
キャンヴァス,きゃんゔぁす,wnja:02953673-n
キュレーター,きゅれーたー,wnja:09983889-n
キュービスム,きゅーびすむ,wnja:08466175-n
キュービズム,きゅーびずむ,wnja:08466175-n
キロカロリー,きろかろりー,wnja:13726562-n
キロサイクル,きろさいくる,wnja:15279596-n
キロメートル,きろめーとる,wnja:13659760-n
キロリットル,きろりっとる,wnja:13624873-n
キンカジュー,きんかじゅー,wnja:02499316-n
キンカチョウ,きんかちょう,wnja:01544389-n
キングコブラ,きんぐこぶら,wnja:01748906-n
キンポウゲ科,きんぽうげか,wnja:11719468-n
キーストーン,きーすとーん,wnja:00723783-n
キーホルダー,きーほるだー,wnja:03615037-n
キーポイント,きーぽいんと,wnja:05794057-n
ギアボックス,ぎあぼっくす,wnja:03431570-n
ギャラクシー,ぎゃらくしー,wnja:08271042-n
ギャンブラー,ぎゃんぶらー,wnja:10118844-n
クインテット,くいんてっと,wnja:07041795-n
クエスチョン,くえすちょん,wnja:07193596-n
クォリティー,くぉりてぃー,wnja:04723816-n
クオリティー,くおりてぃー,wnja:04723816-n
クサカゲロウ,くさかげろう,wnja:02264734-n
クサトベラ科,くさとべらか,wnja:12167749-n
クジャクソウ,くじゃくそう,wnja:11957678-n
クックブック,くっくぶっく,wnja:06413020-n
クライアント,くらいあんと,wnja:03827107-n
クラクション,くらくしょん,wnja:02761834-n
クラスメイト,くらすめいと,wnja:10560106-n
クラスメート,くらすめーと,wnja:10560106-n
クラスルーム,くらするーむ,wnja:03038685-n
クラッシャー,くらっしゃー,wnja:03141702-n
クラビコード,くらびこーど,wnja:03038870-n
クラフトマン,くらふとまん,wnja:09974648-n
クラブハウス,くらぶはうす,wnja:03054311-n
クラリネット,くらりねっと,wnja:03037709-n
クランベリー,くらんべりー,wnja:07743902-n
クリエイター,くりえいたー,wnja:09536363-n
クリエーター,くりえーたー,wnja:09536363-n
クリッピング,くりっぴんぐ,wnja:06612649-n
クリティック,くりてぃっく,wnja:06374587-n
クリーニング,くりーにんぐ,wnja:00251013-n
クルーネック,くるーねっく,wnja:03131431-n
クレオソート,くれおそーと,wnja:14825631-n
クレンジング,くれんじんぐ,wnja:00251013-n
クロコダイル,くろこだいる,wnja:01697178-n
クロスワード,くろすわーど,wnja:06785654-n
クロノグラフ,くろのぐらふ,wnja:03026907-n
クロミフェン,くろみふぇん,wnja:03048094-n
クロロプレン,くろろぷれん,wnja:14912245-n
クロロホルム,くろろほるむ,wnja:03022406-n
クロワッサン,くろわっさん,wnja:07691650-n
クローゼット,くろーぜっと,wnja:03148324-n
グアナベンズ,ぐあなべんず,wnja:03464266-n
グッドウィル,ぐっどうぃる,wnja:04640356-n
グラインダー,ぐらいんだー,wnja:03765561-n
グラウンダー,ぐらうんだー,wnja:00129089-n
グラジオラス,ぐらじおらす,wnja:05281452-n
グラスノスチ,ぐらすのすち,wnja:06659397-n
グラファイト,ぐらふぁいと,wnja:14796575-n
グラフィクス,ぐらふぃくす,wnja:03453985-n
グリコーゲン,ぐりこーげん,wnja:14795749-n
グリセロール,ぐりせろーる,wnja:14885684-n
グリッサンド,ぐりっさんど,wnja:06857122-n
グリッシーニ,ぐりっしーに,wnja:07680655-n
グルコサミン,ぐるこさみん,wnja:14752323-n
グルーピング,ぐるーぴんぐ,wnja:01012360-n
グループ分け,ぐるーぷわけ,wnja:01012360-n
グレートデン,ぐれーとでん,wnja:02109047-n
グロリオーサ,ぐろりおーさ,wnja:12455950-n
グローランプ,ぐろーらんぷ,wnja:03441465-n
グーズベリー,ぐーずべりー,wnja:07744430-n
ケアレスミス,けあれすみす,wnja:00074524-n
ケフェウス座,けふぇうすざ,wnja:09240272-n
ケミストリー,けみすとりー,wnja:06084469-n
ケースワーク,けーすわーく,wnja:01209079-n
ケータリング,けーたりんぐ,wnja:01104324-n
ケーブルカー,けーぶるかー,wnja:02934451-n
ゲシュタルト,げしゅたると,wnja:05931341-n
ゲストハウス,げすとはうす,wnja:03465605-n
ゲッケイジュ,げっけいじゅ,wnja:11704093-n
ゲリマンダー,げりまんだー,wnja:00754593-n
ゲルセミウム,げるせみうむ,wnja:12485811-n
ゲルマニウム,げるまにうむ,wnja:14638517-n
コクシジウム,こくしじうむ,wnja:01422835-n
コケットリー,こけっとりー,wnja:00512522-n
コショウソウ,こしょうそう,wnja:07733005-n
コスチューム,こすちゅーむ,wnja:02728440-n
コスメチック,こすめちっく,wnja:03113152-n
コックピット,こっくぴっと,wnja:03061505-n
コックローチ,こっくろーち,wnja:02233338-n
コネクション,こねくしょん,wnja:00031921-n
コハクチョウ,こはくちょう,wnja:01859496-n
コピーライト,こぴーらいと,wnja:06473168-n
コマーシャル,こまーしゃる,wnja:01101329-n
コミッション,こみっしょん,wnja:07169480-n
コミュニスト,こみゅにすと,wnja:09945319-n
コミュニズム,こみゅにずむ,wnja:06214744-n
コミュニティ,こみゅにてぃ,wnja:08223802-n
コメツキムシ,こめつきむし,wnja:02176439-n
コメディアン,こめでぃあん,wnja:09940146-n
コモンセンス,こもんせんす,wnja:05614657-n
コラゲナーゼ,こらげなーぜ,wnja:14736079-n
コリアンダー,こりあんだー,wnja:07817315-n
コルサージュ,こるさーじゅ,wnja:02879087-n
コルダイテス,こるだいてす,wnja:11606846-n
コルチコイド,こるちこいど,wnja:14751417-n
コルチゾール,こるちぞーる,wnja:14752702-n
コレクション,これくしょん,wnja:01014990-n
コロラチュラ,ころらちゅら,wnja:00546299-n
コロンビウム,ころんびうむ,wnja:14647154-n
コンスタント,こんすたんと,wnja:13585429-n
コンセンサス,こんせんさす,wnja:13971901-n
コンダクター,こんだくたー,wnja:09952539-n
コンチェルト,こんちぇると,wnja:07043275-n
コンツェルト,こんつぇると,wnja:07043275-n
コンテキスト,こんてきすと,wnja:06284898-n
コンテクスト,こんてくすと,wnja:06284898-n
コントラクト,こんとらくと,wnja:06520944-n
コントラスト,こんとらすと,wnja:05126362-n
コントラバス,こんとらばす,wnja:02803934-n
コントラルト,こんとらると,wnja:06872905-n
コントローラ,こんとろーら,wnja:03096960-n
コントロール,こんとろーる,wnja:00803617-n
コンバーター,こんばーたー,wnja:03099945-n
コンパイラー,こんぱいらー,wnja:06573600-n
コンパウンド,こんぱうんど,wnja:05870180-n
コンパニオン,こんぱにおん,wnja:09760609-n
コンピュータ,こんぴゅーた,wnja:03082979-n
コンフリクト,こんふりくと,wnja:04714679-n
コンプレクス,こんぷれくす,wnja:07482521-n
コンポーザー,こんぽーざー,wnja:09947232-n
コンミューン,こんみゅーん,wnja:08375369-n
コージュロイ,こーじゅろい,wnja:03106722-n
コーティング,こーてぃんぐ,wnja:03058107-n
コーデュロイ,こーでゅろい,wnja:03106722-n
コーヒーミル,こーひーみる,wnja:03063485-n
コールガール,こーるがーる,wnja:09889065-n
コールスロー,こーるすろー,wnja:07808587-n
コールタール,こーるたーる,wnja:14911899-n
コールドロン,こーるどろん,wnja:10879155-n
コールローン,こーるろーん,wnja:13399275-n
コーンビーフ,こーんびーふ,wnja:07664266-n
コーンミール,こーんみーる,wnja:07568095-n
ゴルフクラブ,ごるふくらぶ,wnja:03446070-n
ゴルフコース,ごるふこーす,wnja:03446528-n
ゴルフバッグ,ごるふばっぐ,wnja:03445617-n
ゴールポスト,ごーるぽすと,wnja:03443149-n
ゴールライン,ごーるらいん,wnja:08579134-n
サイクリスト,さいくりすと,wnja:09986189-n
サイクリング,さいくりんぐ,wnja:00451370-n
サイクロイド,さいくろいど,wnja:13908777-n
サイコロジー,さいころじー,wnja:06136258-n
サイトカイン,さいとかいん,wnja:14828193-n
サイドボード,さいどぼーど,wnja:02912065-n
サイドライン,さいどらいん,wnja:08651104-n
サイバー空間,さいばーくうかん,wnja:03580615-n
サイレンサー,さいれんさー,wnja:04218564-n
サイロキシン,さいろきしん,wnja:05413647-n
サインボード,さいんぼーど,wnja:04217882-n
サキソフォン,さきそふぉん,wnja:04141076-n
サクソフォン,さくそふぉん,wnja:04141076-n
サクラソウ科,さくらそうか,wnja:12090318-n
サクラメント,さくらめんと,wnja:01034925-n
サクランボウ,さくらんぼう,wnja:07757132-n
サスペンダー,さすぺんだー,wnja:02887489-n
サゼッション,さぜっしょん,wnja:07163988-n
サッカロース,さっかろーす,wnja:15062778-n
サックリング,さっくりんぐ,wnja:11323448-n
サッサフラス,さっさふらす,wnja:07816052-n
サナトリウム,さなとりうむ,wnja:04133497-n
サバティカル,さばてぃかる,wnja:15139849-n
サブグループ,さぶぐるーぷ,wnja:08001083-n
サブシステム,さぶしすてむ,wnja:08435937-n
サブジェクト,さぶじぇくと,wnja:04347225-n
サブスタンス,さぶすたんす,wnja:00019613-n
サブタイトル,さぶたいとる,wnja:06347037-n
サブメニュー,さぶめにゅー,wnja:06493721-n
サブユニット,さぶゆにっと,wnja:13662703-n
サブルーチン,さぶるーちん,wnja:06582403-n
サプライヤー,さぷらいやー,wnja:10677271-n
サプリカント,さぷりかんと,wnja:10464052-n
サプリメント,さぷりめんと,wnja:02679415-n
サボタージュ,さぼたーじゅ,wnja:01244895-n
サマーハウス,さまーはうす,wnja:04354026-n
サラセニア科,さらせにあか,wnja:12779233-n
サラダボウル,さらだぼうる,wnja:04130257-n
サラブレッド,さらぶれっど,wnja:01323599-n
サラリーマン,さらりーまん,wnja:09632518-n
サリドマイド,さりどまいど,wnja:04417467-n
サンクション,さんくしょん,wnja:01124246-n
サンシェード,さんしぇーど,wnja:03889871-n
サンシャイン,さんしゃいん,wnja:11485367-n
サンセベリア,さんせべりあ,wnja:12480895-n
サンチュール,さんちゅーる,wnja:02827606-n
サンドイッチ,さんどいっち,wnja:07695965-n
サンバイザー,さんばいざー,wnja:04357795-n
サンプリング,さんぷりんぐ,wnja:00161888-n
サージェント,さーじぇんと,wnja:11281837-n
サーチャージ,さーちゃーじ,wnja:13325505-n
サーチライト,さーちらいと,wnja:04160847-n
サードベース,さーどべーす,wnja:00724168-n
サーフボード,さーふぼーど,wnja:04363559-n
サーミスター,さーみすたー,wnja:04420206-n
ザバイヨーネ,ざばいよーね,wnja:07621497-n
シェアウェア,しぇあうぇあ,wnja:06587596-n
シグネチャー,しぐねちゃー,wnja:06404582-n
シニフィアン,しにふぃあん,wnja:06290637-n
シミュレータ,しみゅれーた,wnja:04221823-n
シャンデリア,しゃんでりあ,wnja:03005285-n
シャンデリヤ,しゃんでりや,wnja:03005285-n
シャンブレー,しゃんぶれー,wnja:03004409-n
シャンペーン,しゃんぺーん,wnja:07893642-n
シャープナー,しゃーぷなー,wnja:04185071-n
シャーリング,しゃーりんぐ,wnja:00246460-n
シュナウザー,しゅなうざー,wnja:02096756-n
シュノーケル,しゅのーける,wnja:04250850-n
シュヴァリエ,しゅゔぁりえ,wnja:09902256-n
ショウルーム,しょうるーむ,wnja:04209811-n
ショットガン,しょっとがん,wnja:04206356-n
ショッピング,しょっぴんぐ,wnja:00081836-n
ショーケース,しょーけーす,wnja:02975212-n
ショートトン,しょーととん,wnja:13721529-n
ショーボート,しょーぼーと,wnja:04208760-n
ショールーム,しょーるーむ,wnja:04209811-n
シルクハット,しるくはっと,wnja:03237416-n
シンクタンク,しんくたんく,wnja:08478702-n
シンジケート,しんじけーと,wnja:08246302-n
シンタックス,しんたっくす,wnja:08436203-n
シンドローム,しんどろーむ,wnja:05870790-n
シンビジウム,しんびじうむ,wnja:12055516-n
シンフォニー,しんふぉにー,wnja:07044760-n
シンポジウム,しんぽじうむ,wnja:08327616-n
シンメトリー,しんめとりー,wnja:05064827-n
シークェンス,しーくぇんす,wnja:04173172-n
シークエンス,しーくえんす,wnja:04173172-n
シークタイム,しーくたいむ,wnja:15269128-n
シークレット,しーくれっと,wnja:06672953-n
シーズニング,しーずにんぐ,wnja:07809368-n
シートパイル,しーとぱいる,wnja:04189651-n
シーラカンス,しーらかんす,wnja:02515713-n
ジアゾキシド,じあぞきしど,wnja:03190303-n
ジアゾニウム,じあぞにうむ,wnja:14771831-n
ジェスチャー,じぇすちゃー,wnja:00334509-n
ジェスチュア,じぇすちゅあ,wnja:00334509-n
ジェット気流,じぇっときりゅう,wnja:11470139-n
ジェネレータ,じぇねれーた,wnja:03433877-n
ジェノサイド,じぇのさいど,wnja:01245159-n
ジェントリー,じぇんとりー,wnja:08387213-n
ジオプトリー,じおぷとりー,wnja:13584918-n
ジオメトリー,じおめとりー,wnja:06004685-n
ジスキネジア,じすきねじあ,wnja:14092577-n
ジステンパー,じすてんぱー,wnja:14264042-n
ジフルニサル,じふるにさる,wnja:03195118-n
ジャイアント,じゃいあんと,wnja:01323781-n
ジャコウネコ,じゃこうねこ,wnja:02135844-n
ジャスティス,じゃすてぃす,wnja:04850117-n
ジャズバンド,じゃずばんど,wnja:08250302-n
ジャンケット,じゃんけっと,wnja:07611733-n
ジャンダルム,じゃんだるむ,wnja:10123122-n
ジャンボリー,じゃんぼりー,wnja:00518669-n
ジュラルミン,じゅらるみん,wnja:14839322-n
ジョッパーズ,じょっぱーず,wnja:03600285-n
ジョーゼット,じょーぜっと,wnja:03435743-n
ジルコニウム,じるこにうむ,wnja:14662281-n
ジルチアゼム,じるちあぜむ,wnja:03198637-n
ジレッタント,じれったんと,wnja:09987696-n
ジンゴイズム,じんごいずむ,wnja:04878646-n
スイカズラ科,すいかずらか,wnja:11727358-n
スイートピー,すいーとぴー,wnja:12540800-n
スウィミング,すうぃみんぐ,wnja:00442115-n
スウェーター,すうぇーたー,wnja:04370048-n
スカイライン,すかいらいん,wnja:08585657-n
スカトロジー,すかとろじー,wnja:07124928-n
スカラシップ,すからしっぷ,wnja:13266170-n
スカンジウム,すかんじうむ,wnja:14653831-n
スキャニング,すきゃにんぐ,wnja:13553083-n
スキャンダル,すきゃんだる,wnja:07223811-n
スキンヘッド,すきんへっど,wnja:10607478-n
スキーリフト,すきーりふと,wnja:04231693-n
スクループル,すくるーぷる,wnja:13722060-n
スクレイピー,すくれいぴー,wnja:14272421-n
スクレーパー,すくれーぱー,wnja:04150980-n
スクーリング,すくーりんぐ,wnja:00888693-n
スクールバス,すくーるばす,wnja:04146614-n
スケジューラ,すけじゅーら,wnja:04145417-n
スケジュール,すけじゅーる,wnja:05910940-n
スケーリング,すけーりんぐ,wnja:01005284-n
スコアカード,すこあかーど,wnja:06507941-n
スコアボード,すこあぼーど,wnja:04149813-n
スコポラミン,すこぽらみん,wnja:04149490-n
スズカケノキ,すずかけのき,wnja:12806732-n
スタイリスト,すたいりすと,wnja:10155849-n
スタンダード,すたんだーど,wnja:05924920-n
スタントマン,すたんとまん,wnja:10666846-n
スターアニス,すたーあにす,wnja:07826930-n
スターリング,すたーりんぐ,wnja:13385080-n
スターレット,すたーれっと,wnja:09444942-n
スチュワード,すちゅわーど,wnja:10655442-n
スチルカメラ,すちるかめら,wnja:02942699-n
スチームバス,すちーむばす,wnja:04308583-n
スッポンタケ,すっぽんたけ,wnja:13040303-n
スティンガー,すてぃんがー,wnja:07918309-n
ステイション,すていしょん,wnja:04306080-n
ステラジアン,すてらじあん,wnja:13612791-n
ステーション,すてーしょん,wnja:04306080-n
ステーツマン,すてーつまん,wnja:10650162-n
ステープラー,すてーぷらー,wnja:04303497-n
ストッキング,すとっきんぐ,wnja:04323819-n
ストライカー,すとらいかー,wnja:10178216-n
ストラクチャ,すとらくちゃ,wnja:04341686-n
ストラテジー,すとらてじー,wnja:05905348-n
ストリッパー,すとりっぱー,wnja:10664340-n
ストレッサー,すとれっさー,wnja:09448829-n
ストロフルス,すとろふるす,wnja:12316572-n
ストロベリー,すとろべりー,wnja:07745940-n
スナック菓子,すなっくがし,wnja:07712382-n
スネアドラム,すねあどらむ,wnja:04249415-n
スパイウェア,すぱいうぇあ,wnja:06587980-n
スパゲッティ,すぱげってぃ,wnja:07699914-n
スパゲティー,すぱげてぃー,wnja:07699914-n
スパンコール,すぱんこーる,wnja:04173698-n
スパーリング,すぱーりんぐ,wnja:00446804-n
スピッカート,すぴっかーと,wnja:00101570-n
スピロヘータ,すぴろへーた,wnja:01381829-n
スピーキング,すぴーきんぐ,wnja:07129867-n
スフィンクス,すふぃんくす,wnja:04274807-n
スプライサー,すぷらいさー,wnja:04282231-n
スプリンター,すぷりんたー,wnja:10641413-n
スプレーガン,すぷれーがん,wnja:04287747-n
スプロケット,すぷろけっと,wnja:03064935-n
スプートニク,すぷーとにく,wnja:04290615-n
スペアタイヤ,すぺあたいや,wnja:05556204-n
スペアミント,すぺあみんと,wnja:12856287-n
スペクタクル,すぺくたくる,wnja:04271891-n
スペランカー,すぺらんかー,wnja:10460286-n
スペーシング,すぺーしんぐ,wnja:05083328-n
スペースバー,すぺーすばー,wnja:04264628-n
スペースマン,すぺーすまん,wnja:09818022-n
スポーツカー,すぽーつかー,wnja:04285008-n
スポーツマン,すぽーつまん,wnja:09820263-n
スモッキング,すもっきんぐ,wnja:04246271-n
スモーキング,すもーきんぐ,wnja:00834636-n
スループット,するーぷっと,wnja:04429756-n
スーツケース,すーつけーす,wnja:02773838-n
スーパーマン,すーぱーまん,wnja:10001764-n
スーフィズム,すーふぃずむ,wnja:05949266-n
スーブニール,すーぶにーる,wnja:05813822-n
ズームレンズ,ずーむれんず,wnja:04403413-n
セイタカシギ,せいたかしぎ,wnja:02035210-n
セキュリティ,せきゅりてぃ,wnja:00823316-n
セクステット,せくすてっと,wnja:07987689-n
セクレタリー,せくれたりー,wnja:09928451-n
セセッション,せせっしょん,wnja:00385104-n
セメンタイト,せめんたいと,wnja:14805145-n
セレクション,せれくしょん,wnja:00161243-n
センタリング,せんたりんぐ,wnja:00120943-n
センチメント,せんちめんと,wnja:07481951-n
センチュリー,せんちゅりー,wnja:15205532-n
センリョウ科,せんりょうか,wnja:13151265-n
セールスマン,せーるすまん,wnja:10548537-n
ゼントルマン,ぜんとるまん,wnja:10127273-n
ソサエティー,そさえてぃー,wnja:08049401-n
ソシアリズム,そしありずむ,wnja:06220616-n
ソシオロジー,そしおろじー,wnja:06151693-n
ソフトウェア,そふとうぇあ,wnja:06566077-n
ソフトウエア,そふとうえあ,wnja:06566077-n
ソフトコピー,そふとこぴー,wnja:06391347-n
ソフトボール,そふとぼーる,wnja:00475787-n
ソースコード,そーすこーど,wnja:06358513-n
ソーティング,そーてぃんぐ,wnja:01016832-n
ソードテール,そーどてーる,wnja:01448291-n
タイプライタ,たいぷらいた,wnja:04505036-n
タイムカード,たいむかーど,wnja:04437131-n
タイムセール,たいむせーる,wnja:01117723-n
タイムマシン,たいむましん,wnja:04437793-n
タクティック,たくてぃっく,wnja:05905152-n
タッチダウン,たっちだうん,wnja:00188766-n
タッチライン,たっちらいん,wnja:08654029-n
タップダンス,たっぷだんす,wnja:00527872-n
タツナミソウ,たつなみそう,wnja:04232153-n
タブラチュア,たぶらちゅあ,wnja:06816335-n
タペストリー,たぺすとりー,wnja:04393404-n
タランチュラ,たらんちゅら,wnja:01774750-n
タリアテッレ,たりあてっれ,wnja:07701372-n
タングステン,たんぐすてん,wnja:14659512-n
タンジェント,たんじぇんと,wnja:13871134-n
タンブリング,たんぶりんぐ,wnja:00434075-n
ターンパイク,たーんぱいく,wnja:04501018-n
ダイアモンド,だいあもんど,wnja:02780916-n
ダイアローグ,だいあろーぐ,wnja:06366391-n
ダイアンサス,だいあんさす,wnja:11807849-n
ダイオキシン,だいおきしん,wnja:14836308-n
ダイジェスト,だいじぇすと,wnja:06593099-n
ダイナマイト,だいなまいと,wnja:03260293-n
ダイナミクス,だいなみくす,wnja:06113597-n
ダイヤグラム,だいやぐらむ,wnja:06496397-n
ダイヤモンド,だいやもんど,wnja:02799593-n
ダイヤローグ,だいやろーぐ,wnja:06366391-n
ダイヴィング,だいゔぃんぐ,wnja:00442981-n
ダウンタイム,だうんたいむ,wnja:15117621-n
ダッグアウト,だっぐあうと,wnja:03254189-n
ダブルニット,だぶるにっと,wnja:03227317-n
ダブルプレイ,だぶるぷれい,wnja:00564373-n
ダブルプレー,だぶるぷれー,wnja:00564373-n
ダブルベッド,だぶるべっど,wnja:03225988-n
ダブルベース,だぶるべーす,wnja:02803934-n
ダブルボギー,だぶるぼぎー,wnja:13595699-n
ダルメシアン,だるめしあん,wnja:09988918-n
ダンスホール,だんすほーる,wnja:02783324-n
ダンプリング,だんぷりんぐ,wnja:07702193-n
ダークブルー,だーくぶるー,wnja:04969703-n
ダークホース,だーくほーす,wnja:02385580-n
チアリーダー,ちありーだー,wnja:09913455-n
チェックイン,ちぇっくいん,wnja:00141669-n
チェーンソー,ちぇーんそー,wnja:03000684-n
チオリダジン,ちおりだじん,wnja:04425262-n
チャウチャウ,ちゃうちゃう,wnja:02112137-n
チャチャチャ,ちゃちゃちゃ,wnja:00535557-n
チャパティー,ちゃぱてぃー,wnja:07683490-n
チャリオット,ちゃりおっと,wnja:03009111-n
チャリティー,ちゃりてぃー,wnja:01089635-n
チャンピオン,ちゃんぴおん,wnja:09762509-n
チューニング,ちゅーにんぐ,wnja:00999588-n
チューリップ,ちゅーりっぷ,wnja:12454159-n
チョコレート,ちょこれーと,wnja:04972451-n
チンパンジー,ちんぱんじー,wnja:02481823-n
チーズケーキ,ちーずけーき,wnja:03012263-n
チームメイト,ちーむめいと,wnja:10695050-n
チームメート,ちーむめーと,wnja:10695050-n
チームワーク,ちーむわーく,wnja:01203494-n
ツインベッド,ついんべっど,wnja:04503413-n
ツキノワグマ,つきのわぐま,wnja:02133704-n
ツヅラフジ科,つづらふじか,wnja:11712827-n
ツベルクリン,つべるくりん,wnja:15111903-n
ツボクラリン,つぼくらりん,wnja:15111609-n
ツリガネムシ,つりがねむし,wnja:01396951-n
ツーステップ,つーすてっぷ,wnja:00536120-n
ティーカップ,てぃーかっぷ,wnja:04397452-n
ティーシャツ,てぃーしゃつ,wnja:03595614-n
ティーセット,てぃーせっと,wnja:04398309-n
ティーチイン,てぃーちいん,wnja:07145783-n
ティーチャー,てぃーちゃー,wnja:10694258-n
ティーハウス,てぃーはうす,wnja:04398497-n
ティーバッグ,てぃーばっぐ,wnja:04396808-n
ティーポット,てぃーぽっと,wnja:04398044-n
ティールーム,てぃーるーむ,wnja:04398497-n
テイクアウト,ていくあうと,wnja:07594511-n
テイクダウン,ていくだうん,wnja:07471514-n
テオフィリン,ておふぃりん,wnja:04419315-n
テキスタイル,てきすたいる,wnja:03309808-n
テクスタイル,てくすたいる,wnja:03309808-n
テクスチャー,てくすちゃー,wnja:04946877-n
テクスチュア,てくすちゅあ,wnja:04984007-n
テクニシャン,てくにしゃん,wnja:10696251-n
テクネチウム,てくねちうむ,wnja:14657047-n
テクノロジー,てくのろじー,wnja:00949619-n
テスティング,てすてぃんぐ,wnja:00644702-n
テストケース,てすとけーす,wnja:01198588-n
テトラヒメナ,てとらひめな,wnja:01396322-n
テニスコート,てにすこーと,wnja:04409712-n
テレキネシス,てれきねしす,wnja:07257045-n
テレビカメラ,てれびかめら,wnja:04404997-n
テレビジョン,てれびじょん,wnja:04405907-n
テレメーター,てれめーたー,wnja:04400899-n
テロメラーゼ,てろめらーぜ,wnja:15068282-n
テンプレート,てんぷれーと,wnja:05938976-n
テークアウト,てーくあうと,wnja:06737628-n
テークダウン,てーくだうん,wnja:07471514-n
テープデッキ,てーぷでっき,wnja:04392526-n
テールライト,てーるらいと,wnja:04384910-n
テールランプ,てーるらんぷ,wnja:04384910-n
ディスクール,でぃすくーる,wnja:06284777-n
ディスケット,でぃすけっと,wnja:03209910-n
ディスタンス,でぃすたんす,wnja:05084201-n
ディスプレイ,でぃすぷれい,wnja:03210940-n
ディスプレー,でぃすぷれー,wnja:03210940-n
ディテクター,でぃてくたー,wnja:03180969-n
ディフェンス,でぃふぇんす,wnja:00823750-n
ディレクター,でぃれくたー,wnja:09952539-n
ディレクトリ,でぃれくとり,wnja:06423619-n
ディープキス,でぃーぷきす,wnja:00138799-n
デイノニクス,でいのにくす,wnja:01718096-n
デオドラント,でおどらんと,wnja:03176594-n
デカメートル,でかめーとる,wnja:13659419-n
デシメートル,でしめーとる,wnja:13658998-n
デシリットル,でしりっとる,wnja:13624026-n
デジタイザー,でじたいざー,wnja:03197446-n
デスクトップ,ですくとっぷ,wnja:02769075-n
デスペラード,ですぺらーど,wnja:10008388-n
デッドヒート,でっどひーと,wnja:07354009-n
デッドライン,でっどらいん,wnja:15180082-n
デッドロック,でっどろっく,wnja:14015361-n
デフォールト,でふぉーると,wnja:05791864-n
デフロスター,でふろすたー,wnja:03172211-n
デモクラシー,でもくらしー,wnja:06217103-n
デモクラット,でもくらっと,wnja:10002031-n
デュアリズム,でゅありずむ,wnja:05960698-n
デリバティブ,でりばてぃぶ,wnja:06480506-n
デンマーク人,でんまーくじん,wnja:09699642-n
データベース,でーたべーす,wnja:06588511-n
トガリネズミ,とがりねずみ,wnja:01891438-n
トケイソウ科,とけいそうか,wnja:12383073-n
トップコート,とっぷこーと,wnja:03057021-n
トマトソース,とまとそーす,wnja:07831267-n
トライシクル,とらいしくる,wnja:04482393-n
トラジディー,とらじでぃー,wnja:07016948-n
トランペット,とらんぺっと,wnja:03110669-n
トランポリン,とらんぽりん,wnja:04469514-n
トリアゾラム,とりあぞらむ,wnja:04480625-n
トリコロール,とりころーる,wnja:04481796-n
トリビューン,とりびゅーん,wnja:04481255-n
トリプレット,とりぷれっと,wnja:10729801-n
トルティーヤ,とるてぃーや,wnja:07880583-n
トレポネーマ,とれぽねーま,wnja:01382699-n
トレードオフ,とれーどおふ,wnja:01166760-n
トレーニング,とれーにんぐ,wnja:00893955-n
トロツキスト,とろつきすと,wnja:10731013-n
トロツキズム,とろつきずむ,wnja:06215977-n
トロリーバス,とろりーばす,wnja:04487081-n
トロンボーン,とろんぼーん,wnja:04487394-n
トワイライト,とわいらいと,wnja:11515935-n
トーテミズム,とーてみずむ,wnja:05954672-n
トートバッグ,とーとばっぐ,wnja:02970408-n
トートロジー,とーとろじー,wnja:07091214-n
トーナメント,とーなめんと,wnja:07464725-n
トーンアーム,とーんあーむ,wnja:04450465-n
ドゥーワップ,どぅーわっぷ,wnja:07061677-n
ドキュメント,どきゅめんと,wnja:03217458-n
ドッグレース,どっぐれーす,wnja:07459868-n
ドライアイス,どらいあいす,wnja:15047167-n
ドライミルク,どらいみるく,wnja:07846143-n
ドライヴァー,どらいゔぁー,wnja:04154565-n
ドレスシャツ,どれすしゃつ,wnja:03238879-n
ドレッシング,どれっしんぐ,wnja:07832902-n
ドローイング,どろーいんぐ,wnja:03234306-n
ドーミトリー,どーみとりー,wnja:03224893-n
ナイトウエア,ないとうえあ,wnja:03825080-n
ナイトクラブ,ないとくらぶ,wnja:02931417-n
ナイトドレス,ないとどれす,wnja:03824381-n
ナガスクジラ,ながすくじら,wnja:02065026-n
ナスタチウム,なすたちうむ,wnja:07819769-n
ナップサック,なっぷさっく,wnja:02769748-n
ナップザック,なっぷざっく,wnja:02769748-n
ナノメートル,なのめーとる,wnja:13658278-n
ナビゲーター,なびげーたー,wnja:10546428-n
ナフトキノン,なふときのん,wnja:15092751-n
ナプロキセン,なぷろきせん,wnja:03807895-n
ナメクジウオ,なめくじうお,wnja:01467804-n
ナルシシズム,なるししずむ,wnja:04835260-n
ナロルフィン,なろるふぃん,wnja:03806180-n
ナンバリング,なんばりんぐ,wnja:06490887-n
ニチニチソウ,にちにちそう,wnja:11772408-n
ニッカボッカ,にっかぼっか,wnja:02896442-n
ニックネーム,にっくねーむ,wnja:06337693-n
ニットウェア,にっとうぇあ,wnja:03625943-n
ニットウエア,にっとうえあ,wnja:03625943-n
ニトラゼパム,にとらぜぱむ,wnja:03826331-n
ニフェジピン,にふぇじぴん,wnja:03824014-n
ニューカマー,にゅーかまー,wnja:10355449-n
ニュータウン,にゅーたうん,wnja:08626522-n
ニュートラル,にゅーとらる,wnja:00234423-n
ニュートリノ,にゅーとりの,wnja:09369412-n
ニュートロン,にゅーとろん,wnja:09369520-n
ニュールック,にゅーるっく,wnja:05750471-n
ニルヴァーナ,にるゔぁーな,wnja:13988224-n
ニンフェット,にんふぇっと,wnja:10368624-n
ヌクレアーゼ,ぬくれあーぜ,wnja:14963916-n
ヌクレオシド,ぬくれおしど,wnja:14964367-n
ヌクレオチド,ぬくれおちど,wnja:14964590-n
ヌーディスト,ぬーでぃすと,wnja:10365701-n
ヌーディズム,ぬーでぃずむ,wnja:01031563-n
ネオンランプ,ねおんらんぷ,wnja:03818343-n
ネクタイピン,ねくたいぴん,wnja:04433800-n
ネクロポリス,ねくろぽりす,wnja:08521623-n
ネッカチーフ,ねっかちーふ,wnja:03610992-n
ネックライン,ねっくらいん,wnja:03815278-n
ネットワーク,ねっとわーく,wnja:03085333-n
ネプツニウム,ねぷつにうむ,wnja:14646403-n
ネポティズム,ねぽてぃずむ,wnja:01154900-n
ノスタルジア,のすたるじあ,wnja:07487375-n
ノスタルジー,のすたるじー,wnja:07487375-n
ノックアウト,のっくあうと,wnja:00134099-n
ノックダウン,のっくだうん,wnja:00133981-n
ノボビオシン,のぼびおしん,wnja:03833409-n
ノミノフスマ,のみのふすま,wnja:11818271-n
ノルディック,のるでぃっく,wnja:06953731-n
ノンストップ,のんすとっぷ,wnja:00302001-n
ノートブック,のーとぶっく,wnja:03832673-n
ノーベリウム,のーべりうむ,wnja:14647722-n
ハイジャック,はいじゃっく,wnja:00769944-n
ハイスクール,はいすくーる,wnja:08409617-n
ハイビジョン,はいびじょん,wnja:06278475-n
ハイブリッド,はいぶりっど,wnja:05870615-n
ハイラックス,はいらっくす,wnja:02372584-n
ハゴロモモ科,はごろももか,wnja:11717820-n
ハシディズム,はしでぃずむ,wnja:06234257-n
ハッチバック,はっちばっく,wnja:03498662-n
ハプロタイプ,はぷろたいぷ,wnja:05439582-n
ハマカンザシ,はまかんざし,wnja:12098827-n
ハマミズナ科,はまみずなか,wnja:11818945-n
ハルマゲドン,はるまげどん,wnja:00956340-n
ハルマッタン,はるまったん,wnja:11438756-n
ハロウィーン,はろうぃーん,wnja:15191233-n
ハンカチーフ,はんかちーふ,wnja:03485794-n
ハンティング,はんてぃんぐ,wnja:00452293-n
ハンドバック,はんどばっく,wnja:02774152-n
ハンドバッグ,はんどばっぐ,wnja:02774152-n
ハンドブック,はんどぶっく,wnja:06416206-n
ハンドボール,はんどぼーる,wnja:00479440-n
ハンドリング,はんどりんぐ,wnja:00140652-n
ハンバーガー,はんばーがー,wnja:07697100-n
ハードウェア,はーどうぇあ,wnja:03493333-n
ハードウエア,はーどうえあ,wnja:03493333-n
ハードコピー,はーどこぴー,wnja:06391566-n
ハードトップ,はーどとっぷ,wnja:03493219-n
ハードボード,はーどぼーど,wnja:15102455-n
ハーフタイム,はーふたいむ,wnja:15272571-n
ハーフバック,はーふばっく,wnja:00727002-n
ハーフパンツ,はーふぱんつ,wnja:03653833-n
ハーブティー,はーぶてぃー,wnja:07933891-n
バイオプシー,ばいおぷしー,wnja:05740929-n
バイオレット,ばいおれっと,wnja:12387839-n
バイオレンス,ばいおれんす,wnja:00965404-n
バイオロジー,ばいおろじー,wnja:06037666-n
バイタリティ,ばいたりてぃ,wnja:04633453-n
バイリンガル,ばいりんがる,wnja:09854290-n
バケイション,ばけいしょん,wnja:15137890-n
バケーション,ばけーしょん,wnja:15137890-n
バシトラシン,ばしとらしん,wnja:02767240-n
バスストップ,ばすすとっぷ,wnja:08517676-n
バターナイフ,ばたーないふ,wnja:02928049-n
バターミルク,ばたーみるく,wnja:07847047-n
バックアップ,ばっくあっぷ,wnja:01213886-n
バックハンド,ばっくはんど,wnja:00566690-n
バックパック,ばっくぱっく,wnja:02769748-n
バックボード,ばっくぼーど,wnja:02768226-n
バックボーン,ばっくぼーん,wnja:02768433-n
バックミラー,ばっくみらー,wnja:04059947-n
バッティング,ばってぃんぐ,wnja:00126584-n
バッファロー,ばっふぁろー,wnja:02407959-n
バドミントン,ばどみんとん,wnja:00480508-n
バニーガール,ばにーがーる,wnja:09880189-n
バラエティー,ばらえてぃー,wnja:04751305-n
バリアシオン,ばりあしおん,wnja:05840650-n
バルビタール,ばるびたーる,wnja:02791894-n
バレーボール,ばれーぼーる,wnja:00480211-n
バロメーター,ばろめーたー,wnja:02794156-n
バンダリズム,ばんだりずむ,wnja:01249816-n
バンデグラフ,ばんでぐらふ,wnja:03280394-n
バンドネオン,ばんどねおん,wnja:02786736-n
バンドワゴン,ばんどわごん,wnja:02787120-n
バンレイシ科,ばんれいしか,wnja:11693566-n
バークリウム,ばーくりうむ,wnja:14631134-n
バーテンダー,ばーてんだー,wnja:09841188-n
バートレット,ばーとれっと,wnja:10836862-n
バードコール,ばーどこーる,wnja:02843465-n
バーバリズム,ばーばりずむ,wnja:00424934-n
バーベキュー,ばーべきゅー,wnja:07576781-n
パイナップル,ぱいなっぷる,wnja:07753275-n
パイプライン,ぱいぷらいん,wnja:03946325-n
パッチテスト,ぱっちてすと,wnja:05745486-n
パッチワーク,ぱっちわーく,wnja:03898500-n
パッティング,ぱってぃんぐ,wnja:00572838-n
パフォーマー,ぱふぉーまー,wnja:10415638-n
パフューマー,ぱふゅーまー,wnja:10416270-n
パラシュート,ぱらしゅーと,wnja:03888257-n
パラドックス,ぱらどっくす,wnja:06724559-n
パラフレーズ,ぱらふれーず,wnja:06429316-n
パラメーター,ぱらめーたー,wnja:05859071-n
パリジェンヌ,ぱりじぇんぬ,wnja:09708889-n
パルティータ,ぱるてぃーた,wnja:07047165-n
パワープレー,ぱわーぷれー,wnja:00558396-n
パンクロック,ぱんくろっく,wnja:07065740-n
パンデミック,ぱんでみっく,wnja:07435713-n
パントグラフ,ぱんとぐらふ,wnja:03885410-n
パントマイム,ぱんとまいむ,wnja:00550016-n
パンフレット,ぱんふれっと,wnja:06409290-n
パースニップ,ぱーすにっぷ,wnja:07735404-n
パーマネント,ぱーまねんと,wnja:05260533-n
パーラメント,ぱーらめんと,wnja:00492497-n
ヒエラルキー,ひえらるきー,wnja:08376051-n
ヒエラルヒー,ひえらるひー,wnja:08376051-n
ヒエログリフ,ひえろぐりふ,wnja:06362441-n
ヒストグラム,ひすとぐらむ,wnja:07001865-n
ヒダントイン,ひだんといん,wnja:03550533-n
ヒップパッド,ひっぷぱっど,wnja:03521771-n
ヒップホップ,ひっぷほっぷ,wnja:07064055-n
ヒップライン,ひっぷらいん,wnja:08583682-n
ヒドララジン,ひどららじん,wnja:03550671-n
ヒメジョオン,ひめじょおん,wnja:11966083-n
ビジネスマン,びじねすまん,wnja:09882007-n
ビチューメン,びちゅーめん,wnja:14911530-n
ビッグバンド,びっぐばんど,wnja:08250168-n
ビッグフット,びっぐふっと,wnja:09487385-n
ビットマップ,びっとまっぷ,wnja:02845425-n
ビデオカメラ,びでおかめら,wnja:02942349-n
ビデオテープ,びでおてーぷ,wnja:04534359-n
ビネグレット,びねぐれっと,wnja:07833816-n
ビブラフォン,びぶらふぉん,wnja:04532831-n
ビャクダン科,びゃくだんか,wnja:12734722-n
ビューティー,びゅーてぃー,wnja:04683814-n
ビルディング,びるでぃんぐ,wnja:02913152-n
ビワモドキ科,びわもどきか,wnja:12362844-n
ビーチタオル,びーちたおる,wnja:02814428-n
ビーチハウス,びーちはうす,wnja:02814338-n
ピアニッシモ,ぴあにっしも,wnja:04991389-n
ピギーバック,ぴぎーばっく,wnja:00319513-n
ピコファラド,ぴこふぁらど,wnja:13635854-n
ピックアップ,ぴっくあっぷ,wnja:00319176-n
ピッグスキン,ぴっぐすきん,wnja:14763424-n
ピロカルピン,ぴろかるぴん,wnja:03938838-n
ピロガロール,ぴろがろーる,wnja:14615400-n
ピロキシカム,ぴろきしかむ,wnja:03948041-n
ピンポイント,ぴんぽいんと,wnja:03943544-n
ピースサイン,ぴーすさいん,wnja:07274197-n
ファイアマン,ふぁいあまん,wnja:10091651-n
ファイナンス,ふぁいなんす,wnja:01098698-n
ファインダー,ふぁいんだー,wnja:03340723-n
ファクシミリ,ふぁくしみり,wnja:03316105-n
ファクトリー,ふぁくとりー,wnja:03316406-n
ファシリティ,ふぁしりてぃ,wnja:03315023-n
ファッション,ふぁっしょん,wnja:03323593-n
ファニチャー,ふぁにちゃー,wnja:03405725-n
ファブリック,ふぁぶりっく,wnja:03309808-n
ファモチジン,ふぁもちじん,wnja:03319858-n
ファルセット,ふぁるせっと,wnja:05127357-n
ファンタジア,ふぁんたじあ,wnja:07044543-n
ファンタジー,ふぁんたじー,wnja:05632446-n
ファーロング,ふぁーろんぐ,wnja:13651072-n
フィクション,ふぃくしょん,wnja:06367107-n
フィコビリン,ふぃこびりん,wnja:01399236-n
フィッシング,ふぃっしんぐ,wnja:00453935-n
フィットネス,ふぃっとねす,wnja:14546432-n
フィニッシュ,ふぃにっしゅ,wnja:00210797-n
フィラメント,ふぃらめんと,wnja:03336575-n
フィリピン人,ふぃりぴんじん,wnja:09727440-n
フィロソフィ,ふぃろそふぃ,wnja:06158346-n
フィーチャー,ふぃーちゃー,wnja:05601758-n
フィーチュア,ふぃーちゅあ,wnja:05601758-n
フィーリング,ふぃーりんぐ,wnja:00026192-n
フェアウェイ,ふぇあうぇい,wnja:08569319-n
フェアウェー,ふぇあうぇー,wnja:08569319-n
フェアウエイ,ふぇあうえい,wnja:08569319-n
フェアウエー,ふぇあうえー,wnja:08569319-n
フェナセチン,ふぇなせちん,wnja:02675354-n
フェニックス,ふぇにっくす,wnja:09058376-n
フェニトイン,ふぇにといん,wnja:03203441-n
フェネルジン,ふぇねるじん,wnja:03921749-n
フェノメノン,ふぇのめのん,wnja:00034213-n
フェミニスト,ふぇみにすと,wnja:10084635-n
フェミニズム,ふぇみにずむ,wnja:00800421-n
フェルマータ,ふぇるまーた,wnja:05052243-n
フェルミウム,ふぇるみうむ,wnja:14637339-n
フェルミ粒子,ふぇるみりゅうし,wnja:09279161-n
フェンシング,ふぇんしんぐ,wnja:01171644-n
フェンタニル,ふぇんたにる,wnja:03328650-n
フォアハンド,ふぉあはんど,wnja:00567418-n
フォトグラフ,ふぉとぐらふ,wnja:03925226-n
フォノグラフ,ふぉのぐらふ,wnja:04064401-n
フォレスター,ふぉれすたー,wnja:10975404-n
フォンデュー,ふぉんでゅー,wnja:07867421-n
フォークロア,ふぉーくろあ,wnja:05985602-n
フォーチュン,ふぉーちゅん,wnja:13370938-n
フォートラン,ふぉーとらん,wnja:06902362-n
フォーマット,ふぉーまっと,wnja:04677385-n
フォーミュラ,ふぉーみゅら,wnja:05846932-n
フジウツギ科,ふじうつぎか,wnja:12485122-n
フタバガキ科,ふたばがきか,wnja:12376950-n
フットボール,ふっとぼーる,wnja:00468480-n
フットライト,ふっとらいと,wnja:03380134-n
フットワーク,ふっとわーく,wnja:00565219-n
フュージョン,ふゅーじょん,wnja:13485525-n
フューチャー,ふゅーちゃー,wnja:15121625-n
フラグメント,ふらぐめんと,wnja:04250026-n
フラッシャー,ふらっしゃー,wnja:03358841-n
フラボノイド,ふらぼのいど,wnja:14869658-n
フランシウム,ふらんしうむ,wnja:14637864-n
フランスパン,ふらんすぱん,wnja:07687469-n
フリカンドー,ふりかんどー,wnja:07666071-n
フリクション,ふりくしょん,wnja:13981137-n
フリーウェア,ふりーうぇあ,wnja:06567865-n
フリーウェー,ふりーうぇー,wnja:03306610-n
フリーキック,ふりーきっく,wnja:00137534-n
フリースロー,ふりーすろー,wnja:00110964-n
フリータイム,ふりーたいむ,wnja:15137425-n
フリーハンド,ふりーはんど,wnja:05198756-n
フリーランス,ふりーらんす,wnja:10110421-n
フルクトース,ふるくとーす,wnja:14874932-n
フルフラール,ふるふらーる,wnja:14876473-n
フルラゼパム,ふるらぜぱむ,wnja:03371363-n
フレイジング,ふれいじんぐ,wnja:01012608-n
フレカイニド,ふれかいにど,wnja:03362393-n
フレグランス,ふれぐらんす,wnja:05714466-n
フレージング,ふれーじんぐ,wnja:01012608-n
フロアショー,ふろあしょー,wnja:00520672-n
フロアリング,ふろありんぐ,wnja:14871370-n
フロマージュ,ふろまーじゅ,wnja:07850329-n
フロンティア,ふろんてぃあ,wnja:08505402-n
フローリスト,ふろーりすと,wnja:03367410-n
ブイヤベース,ぶいやべーす,wnja:07591586-n
ブックエンド,ぶっくえんど,wnja:02871005-n
ブックケース,ぶっくけーす,wnja:02870880-n
ブックレット,ぶっくれっと,wnja:06413889-n
ブラキシズム,ぶらきしずむ,wnja:00279534-n
ブラスバンド,ぶらすばんど,wnja:08249336-n
ブラックバス,ぶらっくばす,wnja:02564720-n
ブラッシング,ぶらっしんぐ,wnja:00256620-n
ブラマンジェ,ぶらまんじぇ,wnja:07610746-n
ブランケット,ぶらんけっと,wnja:02849154-n
ブリオッシュ,ぶりおっしゅ,wnja:07691539-n
ブリスケット,ぶりすけっと,wnja:07657547-n
ブルドーザー,ぶるどーざー,wnja:02916179-n
ブルーチーズ,ぶるーちーず,wnja:07852045-n
ブルーベリー,ぶるーべりー,wnja:07743544-n
ブレスレット,ぶれすれっと,wnja:02887970-n
ブロッキング,ぶろっきんぐ,wnja:00562398-n
ブロッコリー,ぶろっこりー,wnja:07714990-n
ブールバール,ぶーるばーる,wnja:02763472-n
プサントレン,ぷさんとれん,wnja:08283866-n
プライウッド,ぷらいうっど,wnja:03971218-n
プライバシー,ぷらいばしー,wnja:04622932-n
プラクティス,ぷらくてぃす,wnja:00894552-n
プラスチック,ぷらすちっく,wnja:14592610-n
プラセオジム,ぷらせおじむ,wnja:14651212-n
プランクトン,ぷらんくとん,wnja:01383638-n
プランジャー,ぷらんじゃー,wnja:03948950-n
プランニング,ぷらんにんぐ,wnja:00928371-n
プリマドンナ,ぷりまどんな,wnja:10471732-n
プリンシプル,ぷりんしぷる,wnja:05793210-n
プルオーバー,ぷるおーばー,wnja:03595614-n
プルトニウム,ぷるとにうむ,wnja:14649775-n
プレジデント,ぷれじでんと,wnja:10467179-n
プレスクール,ぷれすくーる,wnja:08276539-n
プレステージ,ぷれすてーじ,wnja:14435809-n
プレッシャー,ぷれっしゃー,wnja:05195362-n
プレッツェル,ぷれっつぇる,wnja:07695742-n
プレドニゾン,ぷれどにぞん,wnja:14753414-n
プログラマー,ぷろぐらまー,wnja:10481268-n
プロゲスチン,ぷろげすちん,wnja:14747338-n
プロシージャ,ぷろしーじゃ,wnja:00577068-n
プロジェクタ,ぷろじぇくた,wnja:04009552-n
プロジェクト,ぷろじぇくと,wnja:00795720-n
プロスペクト,ぷろすぺくと,wnja:05944958-n
プロセッサー,ぷろせっさー,wnja:02995345-n
プロテアーゼ,ぷろてあーぜ,wnja:14999106-n
プロテオーム,ぷろておーむ,wnja:14736854-n
プロデューサ,ぷろでゅーさ,wnja:07328756-n
プロトコール,ぷろとこーる,wnja:06665108-n
プロトタイプ,ぷろとたいぷ,wnja:05937524-n
プロパガンダ,ぷろぱがんだ,wnja:06674542-n
プロパティー,ぷろぱてぃー,wnja:05849040-n
プロパノール,ぷろぱのーる,wnja:14998142-n
プロビタミン,ぷろびたみん,wnja:15090379-n
プロフィット,ぷろふぃっと,wnja:05157574-n
プロフィール,ぷろふぃーる,wnja:06516404-n
プロベネシド,ぷろべねしど,wnja:04006584-n
プロポーザル,ぷろぽーざる,wnja:05916155-n
プロムナード,ぷろむなーど,wnja:00284101-n
プロメタジン,ぷろめたじん,wnja:04010348-n
プロメチウム,ぷろめちうむ,wnja:14651479-n
プロモーター,ぷろもーたー,wnja:10383237-n
プロラクチン,ぷろらくちん,wnja:14749543-n
プロレタリア,ぷろれたりあ,wnja:10481711-n
プロレタリヤ,ぷろれたりや,wnja:10481711-n
プロンプター,ぷろんぷたー,wnja:04010779-n
ヘアスタイル,へあすたいる,wnja:05256862-n
ヘアトニック,へあとにっく,wnja:03475823-n
ヘアリキッド,へありきっど,wnja:03475823-n
ヘッディング,へっでぃんぐ,wnja:06343971-n
ヘッドセット,へっどせっと,wnja:03505667-n
ヘッドフォン,へっどふぉん,wnja:03261776-n
ヘッドホーン,へっどほーん,wnja:03261776-n
ヘッドライト,へっどらいと,wnja:03503997-n
ヘッドライン,へっどらいん,wnja:06344461-n
ヘッドランプ,へっどらんぷ,wnja:03503997-n
ヘッドロック,へっどろっく,wnja:00814106-n
ヘモグロビン,へもぐろびん,wnja:15024240-n
ヘリコプター,へりこぷたー,wnja:03512147-n
ヘリンボーン,へりんぼーん,wnja:03516266-n
ヘルスフード,へるすふーど,wnja:07702362-n
ヘルプデスク,へるぷですく,wnja:01210547-n
ヘレフォード,へれふぉーど,wnja:02407625-n
ベジタリアン,べじたりあん,wnja:10747119-n
ベストセラー,べすとせらー,wnja:06412497-n
ベッドカバー,べっどかばー,wnja:02822220-n
ベッドルーム,べっどるーむ,wnja:02821627-n
ベネフィット,べねふぃっと,wnja:05142641-n
ベビーオイル,べびーおいる,wnja:02766961-n
ベビーブーム,べびーぶーむ,wnja:08371838-n
ベリーダンス,べりーだんす,wnja:00530554-n
ベルガモット,べるがもっと,wnja:12708941-n
ベンジャミン,べんじゃみん,wnja:10845050-n
ベンチマーク,べんちまーく,wnja:07259145-n
ベークライト,べーくらいと,wnja:14596216-n
ベースアップ,べーすあっぷ,wnja:05110185-n
ベースボール,べーすぼーる,wnja:00471613-n
ベースメント,べーすめんと,wnja:02800675-n
ベースライン,べーすらいん,wnja:08573140-n
ベータトロン,べーたとろん,wnja:02832838-n
ペッティング,ぺってぃんぐ,wnja:00854000-n
ペットフード,ぺっとふーど,wnja:07805731-n
ペディキュア,ぺでぃきゅあ,wnja:00660957-n
ペディメント,ぺでぃめんと,wnja:03904657-n
ペナルティー,ぺなるてぃー,wnja:01160342-n
ペニシラミン,ぺにしらみん,wnja:03909835-n
ペパーミント,ぺぱーみんと,wnja:07606538-n
ペプチダーゼ,ぺぷちだーぜ,wnja:14999106-n
ペポカボチャ,ぺぽかぼちゃ,wnja:07715721-n
ペリスコープ,ぺりすこーぷ,wnja:03917048-n
ペリフェラル,ぺりふぇらる,wnja:03916720-n
ペルセウス座,ぺるせうすざ,wnja:09390236-n
ペンステモン,ぺんすてもん,wnja:12884523-n
ペンタゾシン,ぺんたぞしん,wnja:03912664-n
ペントハウス,ぺんとはうす,wnja:03912821-n
ペンフレンド,ぺんふれんど,wnja:10414379-n
ページェント,ぺーじぇんと,wnja:00899761-n
ペーブメント,ぺーぶめんと,wnja:04215402-n
ホタルブクロ,ほたるぶくろ,wnja:12036939-n
ホットケーキ,ほっとけーき,wnja:07640203-n
ホットソース,ほっとそーす,wnja:07830593-n
ホットドッグ,ほっとどっぐ,wnja:07697537-n
ホットパンツ,ほっとぱんつ,wnja:03543112-n
ホムンクルス,ほむんくるす,wnja:10183157-n
ホモフォニー,ほもふぉにー,wnja:07031144-n
ホモフォビア,ほもふぉびあ,wnja:06203472-n
ホロコースト,ほろこーすと,wnja:01245318-n
ホロスコープ,ほろすこーぷ,wnja:06749594-n
ホームスパン,ほーむすぱん,wnja:03529444-n
ホームベース,ほーむべーす,wnja:03528901-n
ホームページ,ほーむぺーじ,wnja:06359096-n
ボタンホール,ぼたんほーる,wnja:02928930-n
ボディガード,ぼでぃがーど,wnja:08215801-n
ボディービル,ぼでぃーびる,wnja:00625993-n
ボブキャット,ぼぶきゃっと,wnja:02127482-n
ボランティア,ぼらんてぃあ,wnja:10759151-n
ボリシェビキ,ぼりしぇびき,wnja:09863936-n
ボルシェビキ,ぼるしぇびき,wnja:09863936-n
ボルボックス,ぼるぼっくす,wnja:01409244-n
ボロメーター,ぼろめーたー,wnja:02865214-n
ボンディング,ぼんでぃんぐ,wnja:05665769-n
ボーカリスト,ぼーかりすと,wnja:10599806-n
ボーキサイト,ぼーきさいと,wnja:14668277-n
ボートハウス,ぼーとはうす,wnja:02859443-n
ポインセチア,ぽいんせちあ,wnja:12920204-n
ポストイット,ぽすといっと,wnja:06259297-n
ポストカード,ぽすとかーど,wnja:06627938-n
ポップアップ,ぽっぷあっぷ,wnja:06413260-n
ポップアート,ぽっぷあーと,wnja:03983068-n
ポップコーン,ぽっぷこーん,wnja:07732636-n
ポップフライ,ぽっぷふらい,wnja:00128976-n
ポテトサラダ,ぽてとさらだ,wnja:07807594-n
ポテンシャル,ぽてんしゃる,wnja:05623181-n
ポドフィルム,ぽどふぃるむ,wnja:11699915-n
ポニーテール,ぽにーてーる,wnja:05260380-n
ポピュリスト,ぽぴゅりすと,wnja:10001481-n
ポピュリスム,ぽぴゅりすむ,wnja:07025302-n
ポラリティー,ぽらりてぃー,wnja:13856110-n
ポリウレタン,ぽりうれたん,wnja:14903095-n
ポリエステル,ぽりえすてる,wnja:03979377-n
ポリエチレン,ぽりえちれん,wnja:14594313-n
ポリスチレン,ぽりすちれん,wnja:14595711-n
ポリフォニー,ぽりふぉにー,wnja:07024929-n
ポリペプチド,ぽりぺぷちど,wnja:14742917-n
ポリミキシン,ぽりみきしん,wnja:03979717-n
ポリメラーゼ,ぽりめらーぜ,wnja:14984378-n
ポルカドット,ぽるかどっと,wnja:03978300-n
ポルトガル語,ぽるとがるご,wnja:06966310-n
ポルフィリン,ぽるふぃりん,wnja:15024124-n
ポートレート,ぽーとれーと,wnja:03987079-n
マイクロホン,まいくろほん,wnja:03759954-n
マイノリティ,まいのりてぃ,wnja:05122850-n
マウスピース,まうすぴーす,wnja:03794798-n
マキラドーラ,まきらどーら,wnja:03720665-n
マクスウェル,まくすうぇる,wnja:13638375-n
マグネサイト,まぐねさいと,wnja:14680514-n
マグネシウム,まぐねしうむ,wnja:14644249-n
マザーボード,まざーぼーど,wnja:03125057-n
マスキュリン,ますきゅりん,wnja:06329165-n
マスクメロン,ますくめろん,wnja:07755707-n
マスクラット,ますくらっと,wnja:02338145-n
マッチプレー,まっちぷれー,wnja:00466630-n
マトリックス,まとりっくす,wnja:08267640-n
マドモアゼル,まどもあぜる,wnja:02595339-n
マドモワゼル,まどもわぜる,wnja:02595339-n
マニフィカト,まにふぃかと,wnja:07037059-n
マニフェスト,まにふぇすと,wnja:06727224-n
マニホールド,まにほーるど,wnja:03717750-n
マネキン人形,まねきんにんぎょう,wnja:03717921-n
マネジメント,まねじめんと,wnja:01133281-n
マネタリスト,まねたりすと,wnja:10328123-n
マネタリズム,まねたりずむ,wnja:05995898-n
マネージャー,まねーじゃー,wnja:10014939-n
マノメーター,まのめーたー,wnja:03718335-n
マハラージャ,まはらーじゃ,wnja:10281637-n
マリオネット,まりおねっと,wnja:04025130-n
マリゴールド,まりごーるど,wnja:12020507-n
マルサス主義,まるさすしゅぎ,wnja:05995726-n
マングローブ,まんぐろーぶ,wnja:12345899-n
マンゴスチン,まんごすちん,wnja:07763987-n
マンドレーク,まんどれーく,wnja:12906498-n
マーガレット,まーがれっと,wnja:11925898-n
マークアップ,まーくあっぷ,wnja:06787602-n
マージョラム,まーじょらむ,wnja:07818995-n
マーチャント,まーちゃんと,wnja:10309896-n
マーマレード,まーまれーど,wnja:07643764-n
マーモセット,まーもせっと,wnja:02490219-n
ミオグロビン,みおぐろびん,wnja:13628419-n
ミクロトーム,みくろとーむ,wnja:03760944-n
ミコナゾール,みこなぞーる,wnja:03758720-n
ミッドナイト,みっどないと,wnja:15168185-n
ミッドランド,みっどらんど,wnja:09145553-n
ミドルクラス,みどるくらす,wnja:08181658-n
ミドルネーム,みどるねーむ,wnja:06337202-n
ミニアチュア,みにあちゅあ,wnja:03769397-n
ミニマリスト,みにまりすと,wnja:10320230-n
ミノキシジル,みのきしじる,wnja:03771820-n
ミノタウロス,みのたうろす,wnja:09499056-n
ミュージアム,みゅーじあむ,wnja:03800563-n
ミュージカル,みゅーじかる,wnja:07019172-n
ミュージック,みゅーじっく,wnja:00543233-n
ミュータント,みゅーたんと,wnja:01324305-n
ミリアンペア,みりあんぺあ,wnja:13637613-n
ミリタリスト,みりたりすと,wnja:10316013-n
ミリタリズム,みりたりずむ,wnja:06221974-n
ミリミクロン,みりみくろん,wnja:13658278-n
ミリリットル,みりりっとる,wnja:13623636-n
ミルクセーキ,みるくせーき,wnja:07923297-n
ミーティング,みーてぃんぐ,wnja:08307589-n
ミートボール,みーとぼーる,wnja:07871436-n
ミートローフ,みーとろーふ,wnja:07871810-n
ムーブメント,むーぶめんと,wnja:00798245-n
ムーンライト,むーんらいと,wnja:11484975-n
ムーヴメント,むーゔめんと,wnja:00798245-n
メカニックス,めかにっくす,wnja:00098385-n
メガサイクル,めがさいくる,wnja:15279957-n
メガテリウム,めがてりうむ,wnja:02458675-n
メガロポリス,めがろぽりす,wnja:08537708-n
メキシレチン,めきしれちん,wnja:03757925-n
メゾソプラノ,めぞそぷらの,wnja:06873017-n
メタセコイア,めたせこいあ,wnja:11640132-n
メトホルミン,めとほるみん,wnja:03753657-n
メトロノーム,めとろのーむ,wnja:03757604-n
メトロポリス,めとろぽりす,wnja:08226335-n
メモランダム,めもらんだむ,wnja:06504462-n
メランコリア,めらんこりあ,wnja:07533097-n
メランコリー,めらんこりー,wnja:07533097-n
メルクマール,めるくまーる,wnja:06813310-n
メルファラン,めるふぁらん,wnja:03743577-n
メンテナンス,めんてなんす,wnja:00267522-n
モクセイソウ,もくせいそう,wnja:12385429-n
モダニティー,もだにてぃー,wnja:05050668-n
モダリティー,もだりてぃー,wnja:13801424-n
モダンジャズ,もだんじゃず,wnja:07063921-n
モダンダンス,もだんだんす,wnja:00530018-n
モダンバレエ,もだんばれえ,wnja:00529784-n
モニュメント,もにゅめんと,wnja:03743902-n
モノクローム,ものくろーむ,wnja:02846399-n
モラリティー,もらりてぃー,wnja:04846770-n
モーターカー,もーたーかー,wnja:02958343-n
モールスキン,もーるすきん,wnja:03780799-n
ユウロピウム,ゆうろぴうむ,wnja:14637176-n
ユニフォーム,ゆにふぉーむ,wnja:04509592-n
ユニヴァース,ゆにゔぁーす,wnja:06026276-n
ユートピアン,ゆーとぴあん,wnja:10743356-n
ユーモリスト,ゆーもりすと,wnja:10191943-n
ユーロダラー,ゆーろだらー,wnja:13674479-n
ヨットレース,よっとれーす,wnja:07459992-n
ヨードチンキ,よーどちんき,wnja:04439305-n
ヨードホルム,よーどほるむ,wnja:03583252-n
ヨーマンリー,よーまんりー,wnja:08215989-n
ライティング,らいてぃんぐ,wnja:00608645-n
ライトショー,らいとしょー,wnja:00521450-n
ライトニング,らいとにんぐ,wnja:11475279-n
ライノタイプ,らいのたいぷ,wnja:03675235-n
ライブラリー,らいぶらりー,wnja:03660664-n
ライムライト,らいむらいと,wnja:14437386-n
ラジエーター,らじえーたー,wnja:04041069-n
ラジカリズム,らじかりずむ,wnja:06219875-n
ラチチュード,らちちゅーど,wnja:08595720-n
ラップトップ,らっぷとっぷ,wnja:03642806-n
ラディッシュ,らでぃっしゅ,wnja:07735687-n
ラピスラズリ,らぴすらずり,wnja:14929797-n
ラプソディー,らぷそでぃー,wnja:06382590-n
ラベタロール,らべたろーる,wnja:03630544-n
ラボラトリー,らぼらとりー,wnja:03629986-n
ランジェリー,らんじぇりー,wnja:03673450-n
ランタノイド,らんたのいど,wnja:14624743-n
ランチタイム,らんちたいむ,wnja:15165917-n
ランナウェイ,らんなうぇい,wnja:10115082-n
ランブータン,らんぶーたん,wnja:07769731-n
ランプウェイ,らんぷうぇい,wnja:04051549-n
ランプウェー,らんぷうぇー,wnja:04051549-n
ランプウエー,らんぷうえー,wnja:04051549-n
ラーマーヤナ,らーまーやな,wnja:06464024-n
リアクション,りあくしょん,wnja:00202816-n
リアクタンス,りあくたんす,wnja:11504313-n
リアリティー,りありてぃー,wnja:13955461-n
リアルタイム,りあるたいむ,wnja:15298852-n
リクルーター,りくるーたー,wnja:10512562-n
リストバンド,りすとばんど,wnja:04556204-n
リセッション,りせっしょん,wnja:14013368-n
リセプション,りせぷしょん,wnja:06630852-n
リダクション,りだくしょん,wnja:00192300-n
リックサック,りっくさっく,wnja:02769748-n
リテラチャー,りてらちゃー,wnja:00610592-n
リニューアル,りにゅーある,wnja:01248852-n
リノリューム,りのりゅーむ,wnja:14938389-n
リバタリアン,りばたりあん,wnja:10257402-n
リバーシブル,りばーしぶる,wnja:04085574-n
リパブリック,りぱぶりっく,wnja:08361329-n
リファレンス,りふぁれんす,wnja:01264050-n
リベラリスト,りべらりすと,wnja:10256756-n
リベラリズム,りべらりずむ,wnja:06218623-n
リューマチス,りゅーまちす,wnja:14080210-n
リレーション,りれーしょん,wnja:00031921-n
リレーレース,りれーれーす,wnja:07464083-n
リングサイド,りんぐさいど,wnja:04093478-n
リーディング,りーでぃんぐ,wnja:05808794-n
リーフレット,りーふれっと,wnja:13154077-n
ルシフェリン,るしふぇりん,wnja:14757011-n
ルックザック,るっくざっく,wnja:02769748-n
ルネッサンス,るねっさんす,wnja:15259812-n
ルミネセンス,るみねせんす,wnja:05018785-n
ルーフラック,るーふらっく,wnja:03696301-n
ルームメイト,るーむめいと,wnja:10538518-n
ルールブック,るーるぶっく,wnja:07954211-n
レインコート,れいんこーと,wnja:03702719-n
レインジャー,れいんじゃー,wnja:09942275-n
レジスタンス,れじすたんす,wnja:00202284-n
レストハウス,れすとはうす,wnja:04081699-n
レセプション,れせぷしょん,wnja:06630852-n
レパートリー,れぱーとりー,wnja:08336844-n
レビューワー,れびゅーわー,wnja:09942431-n
レファレンス,れふぁれんす,wnja:01264050-n
レフルノミド,れふるのみど,wnja:03654086-n
レンジフード,れんじふーど,wnja:04053677-n
レンズフード,れんずふーど,wnja:03531808-n
レンダリング,れんだりんぐ,wnja:04075615-n
レントゲン線,れんとげんせん,wnja:11527177-n
レーザー光線,れーざーこうせん,wnja:11485681-n
レースコース,れーすこーす,wnja:04037625-n
レーンコート,れーんこーと,wnja:03702719-n
レーンジャー,れーんじゃー,wnja:09942275-n
ロイヤリティ,ろいやりてぃ,wnja:13257982-n
ログキャビン,ろぐきゃびん,wnja:03686924-n
ロケーション,ろけーしょん,wnja:00027167-n
ロジンバッグ,ろじんばっぐ,wnja:04110281-n
ロタウイルス,ろたういるす,wnja:01341090-n
ロックアウト,ろっくあうと,wnja:00202620-n
ロボティクス,ろぼてぃくす,wnja:06133654-n
ロマンチスト,ろまんちすと,wnja:10537822-n
ローカリズム,ろーかりずむ,wnja:06202429-n
ローズヒップ,ろーずひっぷ,wnja:12620546-n
ローズマリー,ろーずまりー,wnja:07820145-n
ロードゲーム,ろーどげーむ,wnja:00456690-n
ロードテスト,ろーどてすと,wnja:05800153-n
ロールモデル,ろーるもでる,wnja:10324851-n
ローンテニス,ろーんてにす,wnja:00482298-n
ワイングラス,わいんぐらす,wnja:04592099-n
ワタリガラス,わたりがらす,wnja:01579260-n
ワルファリン,わるふぁりん,wnja:04551205-n
ワンデルング,わんでるんぐ,wnja:00288970-n
ワークシート,わーくしーと,wnja:06536737-n
ワークソング,わーくそんぐ,wnja:07053993-n
ワークフロー,わーくふろー,wnja:00250143-n
ワークブック,わーくぶっく,wnja:06415791-n
ワーディング,わーでぃんぐ,wnja:07081739-n
ワードローブ,わーどろーぶ,wnja:04550184-n
ヴァイオリン,ゔぁいおりん,wnja:04536866-n
ヴァイキング,ゔぁいきんぐ,wnja:09730383-n
ヴァラエティ,ゔぁらえてぃ,wnja:04751305-n
ヴァージナル,ゔぁーじなる,wnja:04537436-n
ヴァージョン,ゔぁーじょん,wnja:05840650-n
ヴォリューム,ゔぉりゅーむ,wnja:04990220-n
ヴォルテージ,ゔぉるてーじ,wnja:11523538-n
上がり下がり,あがりさがり,wnja:07337390-n
中央処理装置,ちゅうおうしょりそうち,wnja:02995345-n
二等辺三角形,にとうへんさんかっけい,wnja:13880199-n
公共交通機関,こうきょうこうつうきかん,wnja:04019101-n
内閣総理大臣,ないかくそうりだいじん,wnja:09906986-n
労働組合主義,ろうどうくみあいしゅぎ,wnja:08473482-n
卸売物価指数,おろしうりぶっかしすう,wnja:06641524-n
原子力潜水艦,げんしりょくせんすいかん,wnja:03811295-n
実行時エラー,じっこうじえらー,wnja:07300316-n
小ブルジョア,しょうぶるじょあ,wnja:08182105-n
平方メートル,へいほうめーとる,wnja:13613294-n
景気動向指数,けいきどうこうしすう,wnja:06640317-n
核エネルギー,かくえねるぎー,wnja:11425989-n
検索エンジン,けんさくえんじん,wnja:06578654-n
無政府主義者,むせいふしゅぎしゃ,wnja:09791816-n
生まれ変わり,うまれかわり,wnja:07321247-n
目覚まし時計,めざましどけい,wnja:02694662-n
空想科学小説,くうそうかがくしょうせつ,wnja:06368628-n
脳性小児麻痺,のうせいしょうにまひ,wnja:14094653-n
自然言語処理,しぜんげんごしょり,wnja:06142412-n
航空チケット,こうくうちけっと,wnja:06519253-n
行動パターン,こうどうぱたーん,wnja:01221254-n
録音スタジオ,ろくおんすたじお,wnja:04064107-n
電動のこぎり,でんどうのこぎり,wnja:03996145-n
駐車スペース,ちゅうしゃすぺーす,wnja:08615810-n
きょしちょう座,きょしちょうざ,wnja:09462924-n
けんびきょう座,けんびきょうざ,wnja:09354142-n
ちゃらんぽらん,ちゃらんぽらん,wnja:04670746-n
アイスキューブ,あいすきゅーぶ,wnja:03557141-n
アイスクリーム,あいすくりーむ,wnja:07614500-n
アイスコーヒー,あいすこーひー,wnja:07920540-n
アイスホッケー,あいすほっけー,wnja:00463543-n
アイスボックス,あいすぼっくす,wnja:04070727-n
アイソスタシー,あいそすたしー,wnja:14003432-n
アイデアリスト,あいでありすと,wnja:10196965-n
アイルランド人,あいるらんどじん,wnja:09732778-n
アウターウエア,あうたーうえあ,wnja:03859495-n
アウトサイダー,あうとさいだー,wnja:10103921-n
アカデミシャン,あかでみしゃん,wnja:09759311-n
アキュムレータ,あきゅむれーた,wnja:02673078-n
アクセスタイム,あくせすたいむ,wnja:15171857-n
アクチュアリー,あくちゅありー,wnja:10652954-n
アクチュエータ,あくちゅえーた,wnja:02678384-n
アクティビティ,あくてぃびてぃ,wnja:00407535-n
アクトミオシン,あくとみおしん,wnja:14729737-n
アグリビジネス,あぐりびじねす,wnja:01104406-n
アグリーメント,あぐりーめんと,wnja:05795044-n
アコーディオン,あこーでぃおん,wnja:02672831-n
アサインメント,あさいんめんと,wnja:00164345-n
アザチオプリン,あざちおぷりん,wnja:02765247-n
アシッドヘッド,あしっどへっど,wnja:09763272-n
アシンメトリー,あしんめとりー,wnja:05065717-n
アジテーション,あじてーしょん,wnja:00333366-n
アストロロジー,あすとろろじー,wnja:05778131-n
アスパルテーム,あすぱるてーむ,wnja:07858841-n
アセチルコリン,あせちるこりん,wnja:14808418-n
アセトアニリド,あせとあにりど,wnja:02674912-n
アセノスフェア,あせのすふぇあ,wnja:09209025-n
アセブトロール,あせぶとろーる,wnja:02673480-n
アタッチメント,あたっちめんと,wnja:00147595-n
アッパーカット,あっぱーかっと,wnja:01175195-n
アップルソース,あっぷるそーす,wnja:07825850-n
アデノウイルス,あでのういるす,wnja:01330126-n
アトモスフィア,あともすふぃあ,wnja:09210604-n
アトモスフェア,あともすふぇあ,wnja:09210604-n
アトラクション,あとらくしょん,wnja:06615561-n
アトリビュート,あとりびゅーと,wnja:00024264-n
アドバタイザー,あどばたいざー,wnja:09773962-n
アドバンテージ,あどばんてーじ,wnja:05154517-n
アドベンチャー,あどべんちゃー,wnja:00796315-n
アドミッション,あどみっしょん,wnja:01248191-n
アドヴァイザー,あどゔぁいざー,wnja:09774266-n
アナクロニズム,あなくろにずむ,wnja:15180304-n
アナフラニール,あなふらにーる,wnja:03048322-n
アナルセックス,あなるせっくす,wnja:00849294-n
アナログ計算機,あなろぐけいさんき,wnja:02708224-n
アニバーサリー,あにばーさりー,wnja:15249799-n
アバンギャルド,あばんぎゃるど,wnja:08465558-n
アパルトヘイト,あぱるとへいと,wnja:08379353-n
アパートメント,あぱーとめんと,wnja:02726305-n
アフラトキシン,あふらときしん,wnja:14714645-n
アブストラクト,あぶすとらくと,wnja:02669079-n
アプリケーター,あぷりけーたー,wnja:02730265-n
アポストロフィ,あぽすとろふぃ,wnja:06841987-n
アミノフィリン,あみのふぃりん,wnja:02701984-n
アメリカニズム,あめりかにずむ,wnja:00413554-n
アモキシシリン,あもきししりん,wnja:02703894-n
アルカローシス,あるかろーしす,wnja:14021266-n
アルコール中毒,あるこーるちゅうどく,wnja:09181993-n
アルコール飲料,あるこーるいんりょう,wnja:07884567-n
アルゼンチン人,あるぜんちんじん,wnja:09691149-n
アルドステロン,あるどすてろん,wnja:14752511-n
アルファベット,あるふぁべっと,wnja:06497459-n
アルファルファ,あるふぁるふぁ,wnja:07801779-n
アルプラゾラム,あるぷらぞらむ,wnja:02699343-n
アレンジメント,あれんじめんと,wnja:00939628-n
アロケーション,あろけーしょん,wnja:01083645-n
アロプリノール,あろぷりのーる,wnja:02698036-n
アンダーウェア,あんだーうぇあ,wnja:04508949-n
アンダーウエア,あんだーうえあ,wnja:04508949-n
アンダーカット,あんだーかっと,wnja:00387526-n
アンダーシャツ,あんだーしゃつ,wnja:04223299-n
アンダースロー,あんだーすろー,wnja:00109771-n
アンビバレンス,あんびばれんす,wnja:07483305-n
アンフェタミン,あんふぇたみん,wnja:02704153-n
アーキテクチャ,あーきてくちゃ,wnja:00610738-n
アーギュメント,あーぎゅめんと,wnja:06356299-n
アールヌーボー,あーるぬーぼー,wnja:08465312-n
イソシアネート,いそしあねーと,wnja:14923872-n
イッテルビウム,いってるびうむ,wnja:14661482-n
イブプロフェン,いぶぷろふぇん,wnja:03556281-n
イミテーション,いみてーしょん,wnja:01020936-n
イリュージョン,いりゅーじょん,wnja:00099951-n
インキュベータ,いんきゅべーた,wnja:03567066-n
インクスタンド,いんくすたんど,wnja:03572205-n
イングランド人,いんぐらんどじん,wnja:09732668-n
インジケーター,いんじけーたー,wnja:03568117-n
インスペクター,いんすぺくたー,wnja:10067968-n
インセンティブ,いんせんてぃぶ,wnja:09179776-n
インタビュアー,いんたびゅあー,wnja:10213319-n
インタフェイス,いんたふぇいす,wnja:03578656-n
インタフェース,いんたふぇーす,wnja:03578656-n
インタヴュアー,いんたゔゅあー,wnja:10213319-n
インターネット,いんたーねっと,wnja:03580615-n
インターフォン,いんたーふぉん,wnja:03578055-n
インタープリタ,いんたーぷりた,wnja:06575932-n
インターラプト,いんたーらぷと,wnja:00383952-n
インダクション,いんだくしょん,wnja:11468172-n
インダクタンス,いんだくたんす,wnja:03569014-n
インダストリー,いんだすとりー,wnja:00923444-n
インディケータ,いんでぃけーた,wnja:03568117-n
インデキシング,いんできしんぐ,wnja:01013156-n
イントラネット,いんとらねっと,wnja:03581756-n
インドメタシン,いんどめたしん,wnja:03568653-n
インピーダンス,いんぴーだんす,wnja:11503968-n
インフィールド,いんふぃーるど,wnja:02799593-n
インフォーマー,いんふぉーまー,wnja:10206173-n
インフルエンザ,いんふるえんざ,wnja:14122497-n
インフルエンス,いんふるえんす,wnja:00157081-n
インベンション,いんべんしょん,wnja:00940412-n
インベントリー,いんべんとりー,wnja:01011425-n
ウィークエンド,うぃーくえんど,wnja:15170504-n
ウイークエンド,ういーくえんど,wnja:15170504-n
ウェストライン,うぇすとらいん,wnja:05555688-n
ウェブブラウザ,うぇぶぶらうざ,wnja:06571301-n
ウエストライン,うえすとらいん,wnja:05555688-n
ウエットスーツ,うえっとすーつ,wnja:04574067-n
ウエーティング,うえーてぃんぐ,wnja:05909306-n
ウォーターポロ,うぉーたーぽろ,wnja:00464478-n
ウォームアップ,うぉーむあっぷ,wnja:01144716-n
ウッドクラフト,うっどくらふと,wnja:00607775-n
ウッドブロック,うっどぶろっく,wnja:04597536-n
ウッドペッカー,うっどぺっかー,wnja:01838598-n
ウパニシャッド,うぱにしゃっど,wnja:06466253-n
エアクッション,えあくっしょん,wnja:02687682-n
エアターミナル,えあたーみなる,wnja:02693246-n
エアレーション,えあれーしょん,wnja:13428159-n
エイジェンシー,えいじぇんしー,wnja:08057206-n
エキシビション,えきしびしょん,wnja:08407619-n
エキジビション,えきじびしょん,wnja:08407619-n
エキノコックス,えきのこっくす,wnja:01927928-n
エクスキューズ,えくすきゅーず,wnja:06741305-n
エクスチェンジ,えくすちぇんじ,wnja:01109467-n
エクセプション,えくせぷしょん,wnja:05821246-n
エクリチュール,えくりちゅーる,wnja:06364641-n
エグゼクティブ,えぐぜくてぃぶ,wnja:10069645-n
エグゼクティヴ,えぐぜくてぃゔ,wnja:10069645-n
エコノマイザー,えこのまいざー,wnja:10044470-n
エコノミックス,えこのみっくす,wnja:06149484-n
エスカレーター,えすかれーたー,wnja:03295773-n
エストリオール,えすとりおーる,wnja:14750622-n
エタネルセプト,えたねるせぷと,wnja:03299006-n
エチルエーテル,えちるえーてる,wnja:03299929-n
エディトリアル,えでぃとりある,wnja:06268567-n
エトサクシミド,えとさくしみど,wnja:03300578-n
エバーグリーン,えばーぐりーん,wnja:13099833-n
エピキュリアン,えぴきゅりあん,wnja:10061656-n
エピステーメー,えぴすてーめー,wnja:05612358-n
エマージェンシ,えまーじぇんし,wnja:07417405-n
エラスティック,えらすてぃっく,wnja:03267696-n
エレヴェーター,えれゔぇーたー,wnja:03281145-n
エロティシズム,えろてぃしずむ,wnja:14037925-n
エンカウンター,えんかうんたー,wnja:07414922-n
エンケファリン,えんけふぁりん,wnja:14809373-n
エンジンオイル,えんじんおいる,wnja:14953441-n
エンジンルーム,えんじんるーむ,wnja:03288500-n
エンタテイナー,えんたていなー,wnja:09616922-n
エンドユーザー,えんどゆーざー,wnja:10057491-n
エンドルフィン,えんどるふぃん,wnja:14809057-n
エージェンシー,えーじぇんしー,wnja:08057206-n
エーデルワイス,えーでるわいす,wnja:11989393-n
オイルシェール,おいるしぇーる,wnja:15038789-n
オイルバーナー,おいるばーなー,wnja:03843221-n
オイルペイント,おいるぺいんと,wnja:03844233-n
オキサプロジン,おきさぷろじん,wnja:03867515-n
オシロスコープ,おしろすこーぷ,wnja:03857828-n
オスティナート,おすてぃなーと,wnja:07045637-n
オストラシズム,おすとらしずむ,wnja:14427633-n
オックステール,おっくすてーる,wnja:02158494-n
オトギリソウ科,おとぎりそうか,wnja:12363988-n
オブザーヴァー,おぶざーゔぁー,wnja:10369528-n
オプティミズム,おぷてぃみずむ,wnja:05211793-n
オペレーション,おぺれーしょん,wnja:00671351-n
オポチュニスト,おぽちゅにすと,wnja:10379376-n
オポチュニズム,おぽちゅにずむ,wnja:04835488-n
オメプラゾール,おめぷらぞーる,wnja:14777606-n
オランウータン,おらんうーたん,wnja:02480495-n
オリジナリティ,おりじなりてぃ,wnja:05634613-n
オルガナイザー,おるがないざー,wnja:10383237-n
オルタネーター,おるたねーたー,wnja:02700064-n
オレンジエード,おれんじえーど,wnja:07926442-n
オンシジューム,おんしじゅーむ,wnja:12074408-n
オーガナイザー,おーがないざー,wnja:10383237-n
オーガンディー,おーがんでぃー,wnja:03854421-n
オーステナイト,おーすてないと,wnja:14769760-n
オーストリッチ,おーすとりっち,wnja:01518878-n
オーソリティー,おーそりてぃー,wnja:06411592-n
オーディエンス,おーでぃえんす,wnja:08221897-n
オーディション,おーでぃしょん,wnja:00794614-n
オートクラシー,おーとくらしー,wnja:08361001-n
オートクレーブ,おーとくれーぶ,wnja:02758960-n
オートジャイロ,おーとじゃいろ,wnja:02759387-n
オートマチック,おーとまちっく,wnja:02760855-n
オーニソプター,おーにそぷたー,wnja:03857156-n
オーバーオール,おーばーおーる,wnja:03863108-n
オーバーコート,おーばーこーと,wnja:03057021-n
オーバーチュア,おーばーちゅあ,wnja:07040820-n
オーバーフロー,おーばーふろー,wnja:07407272-n
オーバーヘッド,おーばーへっど,wnja:08556065-n
オーバーホール,おーばーほーる,wnja:00268112-n
オーバーラップ,おーばーらっぷ,wnja:03641706-n
オーバーワーク,おーばーわーく,wnja:00623370-n
オープンセサミ,おーぷんせさみ,wnja:07170660-n
オールスパイス,おーるすぱいす,wnja:07814007-n
カウンセリング,かうんせりんぐ,wnja:00591236-n
カクテルドレス,かくてるどれす,wnja:03062015-n
カシューナッツ,かしゅーなっつ,wnja:07772147-n
カセットテープ,かせっとてーぷ,wnja:02979399-n
カセットデッキ,かせっとでっき,wnja:02979074-n
カタクチイワシ,かたくちいわし,wnja:02533834-n
カタストロフィ,かたすとろふぃ,wnja:07314838-n
カムフラージュ,かむふらーじゅ,wnja:01049266-n
カメラアングル,かめらあんぐる,wnja:05076384-n
カモフラージュ,かもふらーじゅ,wnja:01049266-n
カヤツリグサ科,かやつりぐさか,wnja:12149751-n
カラーチャート,からーちゃーと,wnja:07001446-n
カリグラフィー,かりぐらふぃー,wnja:06403969-n
カリホルニウム,かりほるにうむ,wnja:14633037-n
カルセオラリア,かるせおらりあ,wnja:12879527-n
カルチベーター,かるちべーたー,wnja:03146846-n
カルトゥーシュ,かるとぅーしゅ,wnja:02971473-n
カンファレンス,かんふぁれんす,wnja:07142566-n
カーテンコール,かーてんこーる,wnja:07229341-n
カーネーション,かーねーしょん,wnja:11808468-n
カーボランダム,かーぼらんだむ,wnja:14799476-n
ガストロノミー,がすとろのみー,wnja:00936296-n
ガレージセール,がれーじせーる,wnja:01119250-n
ガーターベルト,がーたーべると,wnja:03421324-n
ガールフレンド,がーるふれんど,wnja:10130686-n
キウイフルーツ,きういふるーつ,wnja:07763629-n
キサントフィル,きさんとふぃる,wnja:14721635-n
キツネノマゴ科,きつねのまごか,wnja:12811856-n
キネトスコープ,きねとすこーぷ,wnja:03617834-n
キャスティング,きゃすてぃんぐ,wnja:00161603-n
キャパシタンス,きゃぱしたんす,wnja:11433546-n
キャパシティー,きゃぱしてぃー,wnja:00720951-n
キャビンクラス,きゃびんくらす,wnja:02932693-n
キャピタリズム,きゃぴたりずむ,wnja:08364143-n
キャピタルロス,きゃぴたるろす,wnja:13312010-n
キャフェテリア,きゃふぇてりあ,wnja:02935891-n
キャプテンシー,きゃぷてんしー,wnja:00589769-n
キャンブリック,きゃんぶりっく,wnja:02942147-n
キューティクル,きゅーてぃくる,wnja:01903756-n
キングサーモン,きんぐさーもん,wnja:02536456-n
キングメーカー,きんぐめーかー,wnja:10233248-n
キンチャクソウ,きんちゃくそう,wnja:12879527-n
ギフトショップ,ぎふとしょっぷ,wnja:03436417-n
クォンティティ,くぉんてぃてぃ,wnja:00033615-n
クオンティティ,くおんてぃてぃ,wnja:00033615-n
クライストロン,くらいすとろん,wnja:03622526-n
クライマックス,くらいまっくす,wnja:06373747-n
クラスタリング,くらすたりんぐ,wnja:07959943-n
クラッチバッグ,くらっちばっぐ,wnja:03055418-n
クラヴィコード,くらゔぃこーど,wnja:03038870-n
クリエーション,くりえーしょん,wnja:00908492-n
クリスマスイブ,くりすますいぶ,wnja:15196444-n
クリップボード,くりっぷぼーど,wnja:03044418-n
クリティシズム,くりてぃしずむ,wnja:05734018-n
クリノメーター,くりのめーたー,wnja:03043798-n
クリーニング屋,くりーにんぐや,wnja:03039827-n
クリームソース,くりーむそーす,wnja:07837545-n
クリームソーダ,くりーむそーだ,wnja:07928163-n
クリームチーズ,くりーむちーず,wnja:07851298-n
クリーンルーム,くりーんるーむ,wnja:03040376-n
クレアチン燐酸,くれあちんりんさん,wnja:14982421-n
クレアトゥール,くれあとぅーる,wnja:09614315-n
クレッシェンド,くれっしぇんど,wnja:04990525-n
クレーピジョン,くれーぴじょん,wnja:03039259-n
クロスオーバー,くろすおーばー,wnja:07032753-n
クロノメーター,くろのめーたー,wnja:03027001-n
クロマトグラム,くろまとぐらむ,wnja:03026741-n
クロムイエロー,くろむいえろー,wnja:14811556-n
クロロフォルム,くろろふぉるむ,wnja:03022406-n
クロロベンゼン,くろろべんぜん,wnja:14603236-n
クローズアップ,くろーずあっぷ,wnja:03049695-n
クンニリングス,くんにりんぐす,wnja:00855055-n
グラフィックス,ぐらふぃっくす,wnja:03453985-n
グランドスラム,ぐらんどすらむ,wnja:07474809-n
グランドピアノ,ぐらんどぴあの,wnja:03086457-n
グリーンピース,ぐりーんぴーす,wnja:07725531-n
グループウェア,ぐるーぷうぇあ,wnja:06567960-n
ケトプロフェン,けとぷろふぇん,wnja:03612134-n
ケースワーカー,けーすわーかー,wnja:10620027-n
ケーパビリティ,けーぱびりてぃ,wnja:05202497-n
ケーブルテレビ,けーぶるてれび,wnja:02933990-n
ゲンタマイシン,げんたまいしん,wnja:03435382-n
ゲームセンター,げーむせんたー,wnja:03912105-n
コアビタシオン,こあびたしおん,wnja:01054876-n
コエロフィシス,こえろふぃしす,wnja:01713170-n
コスモポリタン,こすもぽりたん,wnja:09967406-n
コナベーション,こなべーしょん,wnja:08539717-n
コノテーション,このてーしょん,wnja:05923566-n
コバルトブルー,こばるとぶるー,wnja:04969798-n
コピーライター,こぴーらいたー,wnja:09965021-n
コマンドライン,こまんどらいん,wnja:06586355-n
コミッショナー,こみっしょなー,wnja:09943811-n
コミュナリズム,こみゅなりずむ,wnja:01040943-n
コミュニティー,こみゅにてぃー,wnja:08223802-n
コメンテーター,こめんてーたー,wnja:09942431-n
コレステロール,これすてろーる,wnja:15058544-n
コンコルダート,こんこるだーと,wnja:06772260-n
コンサルタント,こんさるたんと,wnja:09774266-n
コンシェルジェ,こんしぇるじぇ,wnja:09951953-n
コンシェルジュ,こんしぇるじゅ,wnja:09951953-n
コンシューマー,こんしゅーまー,wnja:09612848-n
コンスタンタン,こんすたんたん,wnja:14820747-n
コンストラクタ,こんすとらくた,wnja:09878275-n
コンスピラシー,こんすぴらしー,wnja:05908882-n
コンセプション,こんせぷしょん,wnja:00844847-n
コンダクタンス,こんだくたんす,wnja:11503813-n
コンディション,こんでぃしょん,wnja:06755568-n
コントローラー,こんとろーらー,wnja:03096960-n
コンドミニアム,こんどみにあむ,wnja:03088389-n
コンバージョン,こんばーじょん,wnja:00400083-n
コンバーチブル,こんばーちぶる,wnja:03100240-n
コンパクトカー,こんぱくとかー,wnja:03079136-n
コンビニエンス,こんびにえんす,wnja:04718563-n
コンピューター,こんぴゅーたー,wnja:03082979-n
コンファレンス,こんふぁれんす,wnja:07142566-n
コンプレックス,こんぷれっくす,wnja:07482521-n
コンベンション,こんべんしょん,wnja:01229938-n
コンポジション,こんぽじしょん,wnja:00939452-n
コンポーネント,こんぽーねんと,wnja:05868954-n
コンミッション,こんみっしょん,wnja:08322981-n
コーディネイト,こーでぃねいと,wnja:06010930-n
コーディネータ,こーでぃねーた,wnja:09963914-n
コーディネート,こーでぃねーと,wnja:06010930-n
コーナーキック,こーなーきっく,wnja:00137709-n
コーヒーカップ,こーひーかっぷ,wnja:03063073-n
コーヒーポット,こーひーぽっと,wnja:03063689-n
コールセンター,こーるせんたー,wnja:02940385-n
コーンスターチ,こーんすたーち,wnja:15054467-n
ゴナドトロピン,ごなどとろぴん,wnja:05410315-n
ゴマノハグサ科,ごまのはぐさか,wnja:12876032-n
ゴーストタウン,ごーすとたうん,wnja:08671509-n
ゴールキーパー,ごーるきーぱー,wnja:10134001-n
サイクロセリン,さいくろせりん,wnja:03155788-n
サイクロトロン,さいくろとろん,wnja:03156071-n
サイコキネシス,さいこきねしす,wnja:07257045-n
サイコセラピー,さいこせらぴー,wnja:06056923-n
サイコロジスト,さいころじすと,wnja:10488865-n
サイテーション,さいてーしょん,wnja:06558277-n
サイトカイニン,さいとかいにん,wnja:14745477-n
サイドポケット,さいどぽけっと,wnja:04214958-n
サキシトキシン,さきしときしん,wnja:15020297-n
サクリファイス,さくりふぁいす,wnja:00130846-n
サジェスチョン,さじぇすちょん,wnja:05916155-n
サテンステッチ,さてんすてっち,wnja:04138560-n
サブアセンブリ,さぶあせんぶり,wnja:04346855-n
サブカルチャー,さぶかるちゃー,wnja:08288753-n
サマーストック,さまーすとっく,wnja:07007556-n
サワークリーム,さわーくりーむ,wnja:07848093-n
サンクチュアリ,さんくちゅあり,wnja:03004824-n
サンダーバード,さんだーばーど,wnja:10709979-n
サンテティスム,さんててぃすむ,wnja:04376715-n
サンドウィッチ,さんどうぃっち,wnja:07695965-n
サンドウェッジ,さんどうぇっじ,wnja:04135024-n
サンドペーパー,さんどぺーぱー,wnja:14849880-n
サンプルブック,さんぷるぶっく,wnja:06416206-n
サヴァイヴァル,さゔぁいゔぁる,wnja:13962166-n
サーチエンジン,さーちえんじん,wnja:06578654-n
サードニックス,さーどにっくす,wnja:15019972-n
サービスエリア,さーびすえりあ,wnja:08648781-n
サーベイランス,さーべいらんす,wnja:00652466-n
サーモスタット,さーもすたっと,wnja:04422875-n
サーモメーター,さーもめーたー,wnja:04421872-n
サーモンピンク,さーもんぴんく,wnja:04965371-n
シアノヒドリン,しあのひどりん,wnja:14827505-n
シクロプロパン,しくろぷろぱん,wnja:03155661-n
シミュレーター,しみゅれーたー,wnja:04221823-n
シャツブラウス,しゃつぶらうす,wnja:04198562-n
シャークスキン,しゃーくすきん,wnja:04184880-n
シャーマニズム,しゃーまにずむ,wnja:06244852-n
シュニッツェル,しゅにっつぇる,wnja:07880458-n
ショートケーキ,しょーとけーき,wnja:07694659-n
ショートニング,しょーとにんぐ,wnja:07672687-n
ショートパンツ,しょーとぱんつ,wnja:04205318-n
ショービジネス,しょーびじねす,wnja:08067951-n
ショービニスム,しょーびにすむ,wnja:04878646-n
ショービニズム,しょーびにずむ,wnja:04878646-n
シルバーグレー,しるばーぐれー,wnja:04962062-n
シンクロトロン,しんくろとろん,wnja:04375775-n
シングルヒット,しんぐるひっと,wnja:00132601-n
シングルベッド,しんぐるべっど,wnja:04222210-n
シンセサイザー,しんせさいざー,wnja:04376400-n
シンチグラフィ,しんちぐらふぃ,wnja:06052685-n
シンバスタチン,しんばすたちん,wnja:04221994-n
シンパサイザー,しんぱさいざー,wnja:10686073-n
シンポジューム,しんぽじゅーむ,wnja:08327616-n
シーロスタット,しーろすたっと,wnja:03062798-n
ジェネラリスト,じぇねらりすと,wnja:10520286-n
ジェネレーター,じぇねれーたー,wnja:03433877-n
ジェムストーン,じぇむすとーん,wnja:14699752-n
ジェントルマン,じぇんとるまん,wnja:10127273-n
ジオグラフィー,じおぐらふぃー,wnja:06122178-n
ジグソーパズル,じぐそーぱずる,wnja:03598930-n
ジストロフィー,じすとろふぃー,wnja:14160365-n
ジスプロシウム,じすぷろしうむ,wnja:14636647-n
ジスルフィラム,じするふぃらむ,wnja:03214051-n
ジャックナイフ,じゃっくないふ,wnja:03038480-n
ジャッジメント,じゃっじめんと,wnja:04892084-n
ジャンクション,じゃんくしょん,wnja:00147454-n
ジャンクフード,じゃんくふーど,wnja:07702509-n
ジャンセニスム,じゃんせにすむ,wnja:06188989-n
ジャンプスーツ,じゃんぷすーつ,wnja:03605598-n
ジャーナリスト,じゃーなりすと,wnja:10224578-n
ジャーナリズム,じゃーなりずむ,wnja:06266417-n
ジンチョウゲ科,じんちょうげか,wnja:12346179-n
スイートコーン,すいーとこーん,wnja:07732168-n
スイートルーム,すいーとるーむ,wnja:04351550-n
スウェーデン人,すうぇーでんじん,wnja:09732441-n
スエットスーツ,すえっとすーつ,wnja:04370774-n
スカイダイバー,すかいだいばー,wnja:10608188-n
スカラムーシュ,すからむーしゅ,wnja:10555538-n
スカラーシップ,すからーしっぷ,wnja:13266170-n
スカルプチャー,すかるぷちゃー,wnja:00937656-n
スカルプチュア,すかるぷちゅあ,wnja:04157320-n
スクイズプレー,すくいずぷれー,wnja:00564710-n
スクエアダンス,すくえあだんす,wnja:00539951-n
スクールメート,すくーるめーと,wnja:10560106-n
スケッチブック,すけっちぶっく,wnja:04227370-n
スケプティック,すけぷてぃっく,wnja:10604634-n
スケートボード,すけーとぼーど,wnja:04225987-n
スケートリンク,すけーとりんく,wnja:04093625-n
スケープゴート,すけーぷごーと,wnja:10555311-n
スタビライザー,すたびらいざー,wnja:04294212-n
スタビリティー,すたびりてぃー,wnja:13970124-n
スタートライン,すたーとらいん,wnja:08653873-n
スチュワーデス,すちゅわーです,wnja:10655875-n
ステイトメント,すていとめんと,wnja:06584891-n
ステレオタイプ,すてれおたいぷ,wnja:05927586-n
ステージダンス,すてーじだんす,wnja:00528397-n
ステートメント,すてーとめんと,wnja:06584891-n
ストックヤード,すとっくやーど,wnja:04325208-n
ストラクチャー,すとらくちゃー,wnja:04341686-n
ストリキニーネ,すとりきにーね,wnja:14715008-n
ストリートカー,すとりーとかー,wnja:04335435-n
ストレッチング,すとれっちんぐ,wnja:00628692-n
ストレッチ体操,すとれっちたいそう,wnja:00628692-n
ストレンジャー,すとれんじゃー,wnja:10661002-n
ストロンチウム,すとろんちうむ,wnja:14655731-n
スネークウッド,すねーくうっど,wnja:11775626-n
スネークダンス,すねーくだんす,wnja:00542841-n
スパゲッティー,すぱげってぃー,wnja:07699914-n
スパンデックス,すぱんでっくす,wnja:04267165-n
スピリチュアル,すぴりちゅある,wnja:07035420-n
スピーカーホン,すぴーかーほん,wnja:04270371-n
スピードボール,すぴーどぼーる,wnja:00108181-n
スプラッシャー,すぷらっしゃー,wnja:04281375-n
スプリンクラー,すぷりんくらー,wnja:04289027-n
スペシャリスト,すぺしゃりすと,wnja:09617867-n
スポットライト,すぽっとらいと,wnja:04286575-n
スポンジケーキ,すぽんじけーき,wnja:07632037-n
スポークスマン,すぽーくすまん,wnja:10638310-n
スポーツウエア,すぽーつうえあ,wnja:04285803-n
スポーツシャツ,すぽーつしゃつ,wnja:03978966-n
スマートカード,すまーとかーど,wnja:13377003-n
スライディング,すらいでぃんぐ,wnja:00328502-n
スロットマシン,すろっとましん,wnja:03399971-n
スーパースター,すーぱーすたー,wnja:09762509-n
スープスプーン,すーぷすぷーん,wnja:04263502-n
セカンドハウス,せかんどはうす,wnja:04535252-n
セカンドベース,せかんどべーす,wnja:00723783-n
セキュリティー,せきゅりてぃー,wnja:00823316-n
セットポイント,せっとぽいんと,wnja:13610540-n
セファレキシン,せふぁれきしん,wnja:02996249-n
セマンティクス,せまんてぃくす,wnja:06179792-n
セミコンダクタ,せみこんだくた,wnja:04171831-n
セミファイナル,せみふぁいなる,wnja:07467393-n
セリグラフィー,せりぐらふぃー,wnja:00939231-n
セルフサービス,せるふさーびす,wnja:00098939-n
セルフタイマー,せるふたいまー,wnja:03172738-n
センセイション,せんせいしょん,wnja:14037480-n
センセーション,せんせーしょん,wnja:14037480-n
センチメートル,せんちめーとる,wnja:13658828-n
センティメント,せんてぃめんと,wnja:07481951-n
セントポーリア,せんとぽーりあ,wnja:12832976-n
セールストーク,せーるすとーく,wnja:07248653-n
ゼネレーション,ぜねれーしょん,wnja:08368907-n
ゼリービーンズ,ぜりーびーんず,wnja:07606669-n
ソシオメトリー,そしおめとりー,wnja:06152631-n
ソニックブーム,そにっくぶーむ,wnja:07348041-n
ソファーベッド,そふぁーべっど,wnja:03100346-n
ソフトドリンク,そふとどりんく,wnja:07927197-n
ソマトトロピン,そまととろぴん,wnja:05412649-n
ソリューション,そりゅーしょん,wnja:00190783-n
ソングライター,そんぐらいたー,wnja:10624540-n
ソーシャリズム,そーしゃりずむ,wnja:06220616-n
ソーラーハウス,そーらーはうす,wnja:04258438-n
タイトルページ,たいとるぺーじ,wnja:06257653-n
タイトルロール,たいとるろーる,wnja:05929887-n
タイプライター,たいぷらいたー,wnja:04505036-n
タイムカプセル,たいむかぷせる,wnja:04436992-n
タイムキーパー,たいむきーぱー,wnja:10711370-n
タイムテーブル,たいむてーぶる,wnja:06496397-n
タイムマシーン,たいむましーん,wnja:04437793-n
タイヤチェーン,たいやちぇーん,wnja:04440963-n
タクティックス,たくてぃっくす,wnja:05905152-n
タモキシフェン,たもきしふぇん,wnja:03298565-n
タートルネック,たーとるねっく,wnja:04502197-n
ターボジェット,たーぼじぇっと,wnja:03321103-n
ターボプロップ,たーぼぷろっぷ,wnja:04012482-n
ターミノロジー,たーみのろじー,wnja:06304059-n
ターンテーブル,たーんてーぶる,wnja:04501550-n
ダイナミックス,だいなみっくす,wnja:06113597-n
ダゲレオタイプ,だげれおたいぷ,wnja:03159331-n
ダストボックス,だすとぼっくす,wnja:03256032-n
ダックスフント,だっくすふんと,wnja:02089232-n
ダッシュボード,だっしゅぼーど,wnja:03163222-n
ダッフルコート,だっふるこーと,wnja:03254046-n
ダブルイーグル,だぶるいーぐる,wnja:13392357-n
ダブルドリブル,だぶるどりぶる,wnja:00478855-n
ダブルヘッダー,だぶるへっだー,wnja:00460951-n
ダンプトラック,だんぷとらっく,wnja:03256166-n
ダーウィニズム,だーうぃにずむ,wnja:06110091-n
チェックブック,ちぇっくぶっく,wnja:13414310-n
チェックマーク,ちぇっくまーく,wnja:06818747-n
チェックメイト,ちぇっくめいと,wnja:00167764-n
チェックリスト,ちぇっくりすと,wnja:06489070-n
チェーンストア,ちぇーんすとあ,wnja:03001115-n
チオペンタール,ちおぺんたーる,wnja:04424936-n
チャーティズム,ちゃーてぃずむ,wnja:05956287-n
チュウインガム,ちゅういんがむ,wnja:07599998-n
チューインガム,ちゅーいんがむ,wnja:07599998-n
チュートリアル,ちゅーとりある,wnja:07148022-n
チューベローズ,ちゅーべろーず,wnja:12480456-n
チューンアップ,ちゅーんあっぷ,wnja:01000969-n
チーズバーガー,ちーずばーがー,wnja:07697313-n
ツリフネソウ科,つりふねそうか,wnja:12683950-n
ツーリングカー,つーりんぐかー,wnja:04459122-n
ティースプーン,てぃーすぷーん,wnja:04398688-n
テキストブック,てきすとぶっく,wnja:06414372-n
テクノクラシー,てくのくらしー,wnja:08363106-n
テクノクラート,てくのくらーと,wnja:10696672-n
テストステロン,てすとすてろん,wnja:14748577-n
テレプリンター,てれぷりんたー,wnja:04404200-n
テレヴィジョン,てれゔぃじょん,wnja:04405907-n
テンダーロイン,てんだーろいん,wnja:07659793-n
テーブルクロス,てーぶるくろす,wnja:04380143-n
テーブルテニス,てーぶるてにす,wnja:00499263-n
テーブルナイフ,てーぶるないふ,wnja:04380346-n
テープレコーダ,てーぷれこーだ,wnja:04393095-n
ディクショナリ,でぃくしょなり,wnja:06418901-n
ディスカウント,でぃすかうんと,wnja:00362103-n
ディスカバリー,でぃすかばりー,wnja:05808218-n
ディスコテック,でぃすこてっく,wnja:03206282-n
ディスコテーク,でぃすこてーく,wnja:03206282-n
ディスペンサー,でぃすぺんさー,wnja:03210683-n
ディナーセット,でぃなーせっと,wnja:03202246-n
ディプロドクス,でぃぷろどくす,wnja:01710177-n
ディプロマシー,でぃぷろましー,wnja:04890865-n
ディメトロドン,でぃめとろどん,wnja:01722670-n
ディメンション,でぃめんしょん,wnja:05091194-n
ディレッタント,でぃれったんと,wnja:09987696-n
デカルコマニー,でかるこまにー,wnja:00935453-n
デコレーション,でこれーしょん,wnja:03169390-n
デジタルカメラ,でじたるかめら,wnja:03196062-n
デスポティズム,ですぽてぃずむ,wnja:08440630-n
デノテーション,でのてーしょん,wnja:05922949-n
デフィニション,でふぃにしょん,wnja:06744396-n
デプレッション,でぷれっしょん,wnja:07537485-n
デュプリケート,でゅぷりけーと,wnja:03257343-n
デリカテッセン,でりかてっせん,wnja:03173387-n
デリゲーション,でりげーしょん,wnja:01140839-n
デレゲーション,でれげーしょん,wnja:01140839-n
デンドロビウム,でんどろびうむ,wnja:12059314-n
データファイル,でーたふぁいる,wnja:06508816-n
トウダイグサ科,とうだいぐさか,wnja:12916935-n
トコフェロール,とこふぇろーる,wnja:15092409-n
トブラマイシン,とぶらまいしん,wnja:04443588-n
トマトジュース,とまとじゅーす,wnja:07925500-n
トマトペースト,とまとぺーすと,wnja:07826250-n
トモグラフィー,ともぐらふぃー,wnja:00901083-n
トライアングル,とらいあんぐる,wnja:04480853-n
トライボロジー,とらいぼろじー,wnja:06135095-n
トラディション,とらでぃしょん,wnja:05667404-n
トランジスター,とらんじすたー,wnja:04471632-n
トランスファー,とらんすふぁー,wnja:00201671-n
トランスポゾン,とらんすぽぞん,wnja:14831812-n
トランスポート,とらんすぽーと,wnja:00315986-n
トランスレータ,とらんすれいた,wnja:06581268-n
トランペッター,とらんぺったー,wnja:10732010-n
トリケラトプス,とりけらとぷす,wnja:01704323-n
トリプトファン,とりぷとふぁん,wnja:15081417-n
トリプルプレー,とりぷるぷれー,wnja:00564477-n
トリミプラミン,とりみぷらみん,wnja:04483399-n
トリートメント,とりーとめんと,wnja:00658082-n
トレンチコート,とれんちこーと,wnja:04479046-n
トレードマーク,とれーどまーく,wnja:04732543-n
トロンプルイユ,とろんぷるいゆ,wnja:04487576-n
ドライブウエー,どらいぶうえー,wnja:03244388-n
ドラッグストア,どらっぐすとあ,wnja:03249342-n
ドレスメーカー,どれすめーかー,wnja:10033412-n
ドロップキック,どろっぷきっく,wnja:00137877-n
ナイチンゲール,ないちんげーる,wnja:01560105-n
ナイトキャップ,ないときゃっぷ,wnja:00460844-n
ナショナリスト,なしょなりすと,wnja:10407310-n
ナショナリズム,なしょなりずむ,wnja:05965022-n
ナチュラリスト,なちゅらりすと,wnja:10346514-n
ナチュラリズム,なちゅらりずむ,wnja:05973372-n
ナルコレプシー,なるこれぷしー,wnja:03808424-n
ナヴィゲーター,なゔぃげーたー,wnja:10546428-n
ニオイヤグルマ,においやぐるま,wnja:11918808-n
ニューウェイブ,にゅーうぇいぶ,wnja:08465558-n
ニューウェーブ,にゅーうぇーぶ,wnja:08465558-n
ニューウェーヴ,にゅーうぇーゔ,wnja:08465558-n
ニューウエーブ,にゅーうえーぶ,wnja:08465558-n
ニュースレター,にゅーすれたー,wnja:06681976-n
ニューディール,にゅーでぃーる,wnja:06657109-n
ニューヨーカー,にゅーよーかー,wnja:09744679-n
ニンフォマニア,にんふぉまにあ,wnja:07489925-n
ネオスチグミン,ねおすちぐみん,wnja:03818843-n
ネービーブルー,ねーびーぶるー,wnja:04969703-n
ノミネーション,のみねーしょん,wnja:00164152-n
ノートパソコン,のーとぱそこん,wnja:03832673-n
ハイアラーキー,はいあらーきー,wnja:08376051-n
ハイクオリティ,はいくおりてぃ,wnja:04728376-n
ハイジャッカー,はいじゃっかー,wnja:10175725-n
ハイソサエティ,はいそさえてぃ,wnja:08387930-n
ハイパーリンク,はいぱーりんく,wnja:06586672-n
ハイブリドーマ,はいぶりどーま,wnja:05470013-n
ハウスキーパー,はうすきーぱー,wnja:10188715-n
ハプトグロビン,はぷとぐろびん,wnja:14734625-n
ハロペリドール,はろぺりどーる,wnja:03480186-n
ハンデキャップ,はんできゃっぷ,wnja:05156822-n
ハンドクリーム,はんどくりーむ,wnja:03484487-n
ハンドブレーキ,はんどぶれーき,wnja:03483637-n
ハードディスク,はーどでぃすく,wnja:03492542-n
ハープシコード,はーぷしこーど,wnja:03496296-n
バイオリニスト,ばいおりにすと,wnja:10754578-n
バイタリティー,ばいたりてぃー,wnja:04633453-n
バイブレーター,ばいぶれーたー,wnja:04533199-n
バスターミナル,ばすたーみなる,wnja:02926288-n
バックギャモン,ばっくぎゃもん,wnja:00502822-n
バックグランド,ばっくぐらんど,wnja:02769075-n
バックステージ,ばっくすてーじ,wnja:04592962-n
バックナンバー,ばっくなんばー,wnja:10161521-n
バックパッカー,ばっくぱっかー,wnja:09830629-n
バックファイア,ばっくふぁいあ,wnja:07408965-n
バトントワラー,ばとんとわらー,wnja:09843824-n
バランスシート,ばらんすしーと,wnja:13403964-n
バリエーション,ばりえーしょん,wnja:04521699-n
バリデーション,ばりでーしょん,wnja:00153961-n
バレエダンサー,ばれえだんさー,wnja:09834699-n
バンコマイシン,ばんこまいしん,wnja:04520618-n
バーゲンセール,ばーげんせーる,wnja:01117723-n
パイナップル科,ぱいなっぷるか,wnja:12606907-n
パイプオルガン,ぱいぷおるがん,wnja:03854065-n
パインジュース,ぱいんじゅーす,wnja:07925116-n
パウンドケーキ,ぱうんどけーき,wnja:07633229-n
パッセンジャー,ぱっせんじゃー,wnja:10403876-n
パトロールカー,ぱとろーるかー,wnja:03141065-n
パフォーマンス,ぱふぉーまんす,wnja:00550771-n
パブリシティー,ぱぶりしてぃー,wnja:07248801-n
パラセーリング,ぱらせーりんぐ,wnja:00304349-n
パルプマガジン,ぱるぷまがじん,wnja:06596607-n
パルボウイルス,ぱるぼういるす,wnja:01341183-n
パレットナイフ,ぱれっとないふ,wnja:03878828-n
パワーショベル,ぱわーしょべる,wnja:03996416-n
パンクレアチン,ぱんくれあちん,wnja:14848995-n
パンパスグラス,ぱんぱすぐらす,wnja:12115180-n
パーカッション,ぱーかっしょん,wnja:03915437-n
パーコレーター,ぱーこれーたー,wnja:03915118-n
パーセンテージ,ぱーせんてーじ,wnja:13817526-n
パーソナリティ,ぱーそなりてぃ,wnja:04617562-n
パーティション,ぱーてぃしょん,wnja:03894379-n
パートタイマー,ぱーとたいまー,wnja:10402709-n
パーミッション,ぱーみっしょん,wnja:01139194-n
ヒエラティック,ひえらてぃっく,wnja:06362260-n
ヒッチハイカー,ひっちはいかー,wnja:10178077-n
ヒドロキシジン,ひどろきしじん,wnja:03554131-n
ヒポコンデリー,ひぽこんでりー,wnja:14375005-n
ヒューマニスト,ひゅーまにすと,wnja:10191192-n
ヒューマニズム,ひゅーまにずむ,wnja:05967191-n
ヒューマニティ,ひゅーまにてぃ,wnja:04726938-n
ヒューマノイド,ひゅーまのいど,wnja:02710201-n
ヒヨスチアミン,ひよすちあみん,wnja:03554795-n
ヒラコテリウム,ひらこてりうむ,wnja:02375592-n
ビジネスローン,びじねすろーん,wnja:13374764-n
ビデオカセット,びでおかせっと,wnja:04533700-n
ビデオディスク,びでおでぃすく,wnja:04533946-n
ビブリオマニア,びぶりおまにあ,wnja:04946266-n
ビンクリスチン,びんくりすちん,wnja:04535826-n
ビンブラスチン,びんぶらすちん,wnja:04535634-n
ビーフィーター,びーふぃーたー,wnja:10803691-n
ビーフシチュー,びーふしちゅー,wnja:07592481-n
ビーフステーキ,びーふすてーき,wnja:07658168-n
ピッチショット,ぴっちしょっと,wnja:00573664-n
ピッチフォーク,ぴっちふぉーく,wnja:03950359-n
ピリドキサール,ぴりどきさーる,wnja:15091669-n
ピンクレディー,ぴんくれでぃー,wnja:07916582-n
ファイアーマン,ふぁいあーまん,wnja:10091651-n
ファイヤーマン,ふぁいやーまん,wnja:10091651-n
ファイルサーバ,ふぁいるさーば,wnja:03337494-n
ファウルボール,ふぁうるぼーる,wnja:00128091-n
ファシリティー,ふぁしりてぃー,wnja:03315023-n
ファランドール,ふぁらんどーる,wnja:00532896-n
ファルファッレ,ふぁるふぁっれ,wnja:07699430-n
ファレノプシス,ふぁれのぷしす,wnja:12076381-n
ファンクション,ふぁんくしょん,wnja:05149325-n
ファンファーレ,ふぁんふぁーれ,wnja:06856884-n
ファーニチャー,ふぁーにちゃー,wnja:03405725-n
ファームウェア,ふぁーむうぇあ,wnja:06357814-n
ファームウエア,ふぁーむうえあ,wnja:06357814-n
フィコシアニン,ふぃこしあにん,wnja:01399450-n
フィデリティー,ふぃでりてぃー,wnja:04804306-n
フィトナジオン,ふぃとなじおん,wnja:15092942-n
フィフティーン,ふぃふてぃーん,wnja:13747469-n
フィロソフィー,ふぃろそふぃー,wnja:06158346-n
フィーディング,ふぃーでぃんぐ,wnja:01057759-n
フィードバック,ふぃーどばっく,wnja:00202816-n
フェスティバル,ふぇすてぃばる,wnja:00517728-n
フェットチーネ,ふぇっとちーね,wnja:07700638-n
フェティシズム,ふぇてぃしずむ,wnja:00738058-n
フェデラリスト,ふぇでらりすと,wnja:10082997-n
フェニレフリン,ふぇにれふりん,wnja:03922863-n
フェノチアジン,ふぇのちあじん,wnja:14771643-n
フェリーボート,ふぇりーぼーと,wnja:03329663-n
フォトフレーム,ふぉとふれーむ,wnja:03931765-n
フォルマリズム,ふぉるまりずむ,wnja:05961867-n
フォローアップ,ふぉろーあっぷ,wnja:03377582-n
フォークソング,ふぉーくそんぐ,wnja:07050952-n
フォークダンス,ふぉーくだんす,wnja:00537682-n
フォークリフト,ふぉーくりふと,wnja:03384352-n
フォーマリズム,ふぉーまりずむ,wnja:05961867-n
フォームラバー,ふぉーむらばー,wnja:14872875-n
フクロオオカミ,ふくろおおかみ,wnja:01884476-n
フットブレーキ,ふっとぶれーき,wnja:03379719-n
フットボーラー,ふっとぼーらー,wnja:10101634-n
フライドポテト,ふらいどぽてと,wnja:07711080-n
フラビウイルス,ふらびういるす,wnja:01332795-n
フラワーポット,ふらわーぽっと,wnja:03991062-n
フランチャイズ,ふらんちゃいず,wnja:06526811-n
フリートレード,ふりーとれーど,wnja:01092643-n
フリーラジカル,ふりーらじかる,wnja:14874196-n
フルオレセイン,ふるおれせいん,wnja:14987695-n
フルフェナジン,ふるふぇなじん,wnja:03371258-n
フルーツケーキ,ふるーつけーき,wnja:07631350-n
フルーツサラダ,ふるーつさらだ,wnja:07807922-n
フルーツポンチ,ふるーつぽんち,wnja:07930062-n
フルーティスト,ふるーてぃすと,wnja:10098245-n
フレッシュマン,ふれっしゅまん,wnja:10111688-n
フレンチホルン,ふれんちほるん,wnja:03394916-n
フレンドシップ,ふれんどしっぷ,wnja:13931145-n
フレームワーク,ふれーむわーく,wnja:03391770-n
フロアスタンド,ふろあすたんど,wnja:03367059-n
フロックコート,ふろっくこーと,wnja:03398228-n
フロッタージュ,ふろったーじゅ,wnja:00856076-n
フローチャート,ふろーちゃーと,wnja:06582085-n
ブックメーカー,ぶっくめーかー,wnja:09866354-n
ブラウンスイス,ぶらうんすいす,wnja:02406533-n
ブラウンソース,ぶらうんそーす,wnja:07836456-n
ブラックアウト,ぶらっくあうと,wnja:15271619-n
ブラックベリー,ぶらっくべりー,wnja:07744811-n
ブラックホール,ぶらっくほーる,wnja:09223177-n
ブラックリスト,ぶらっくりすと,wnja:06487260-n
ブリーフィング,ぶりーふぃんぐ,wnja:07217782-n
ブリーフケース,ぶりーふけーす,wnja:02900705-n
ブルジョアジー,ぶるじょあじー,wnja:08181658-n
ブルジョワジー,ぶるじょわじー,wnja:08181658-n
ブレイクスルー,ぶれいくするー,wnja:05808218-n
ブレイクダウン,ぶれいくだうん,wnja:07421316-n
ブレークスルー,ぶれーくするー,wnja:05808218-n
ブレークダウン,ぶれーくだうん,wnja:07421316-n
ブーゲンビリア,ぶーげんびりあ,wnja:11838916-n
ブールヴァール,ぶーるゔぁーる,wnja:02763472-n
プシロフィトン,ぷしろふぃとん,wnja:13217993-n
プッシュボタン,ぷっしゅぼたん,wnja:04027023-n
プライオリティ,ぷらいおりてぃ,wnja:05047279-n
プライムタイム,ぷらいむたいむ,wnja:15166897-n
プライヴァシー,ぷらいゔぁしー,wnja:04622932-n
プラスティック,ぷらすてぃっく,wnja:14592610-n
プラットホーム,ぷらっとほーむ,wnja:03962685-n
プラネタリウム,ぷらねたりうむ,wnja:03956157-n
プラバスタチン,ぷらばすたちん,wnja:03997980-n
プリファレンス,ぷりふぁれんす,wnja:05158095-n
プリントアウト,ぷりんとあうと,wnja:07265075-n
プレイスキック,ぷれいすきっく,wnja:00137279-n
プレスティージ,ぷれすてぃーじ,wnja:14435809-n
プレスリリース,ぷれすりりーす,wnja:06747484-n
プレースキック,ぷれーすきっく,wnja:00137279-n
プロカルバジン,ぷろかるばじん,wnja:04007126-n
プログラミング,ぷろぐらみんぐ,wnja:00928947-n
プロゲステロン,ぷろげすてろん,wnja:14746048-n
プロジェクター,ぷろじぇくたー,wnja:04009552-n
プロセスチーズ,ぷろせすちーず,wnja:07851926-n
プロダクション,ぷろだくしょん,wnja:00912960-n
プロテイナーゼ,ぷろていなーぜ,wnja:14999106-n
プロテクション,ぷろてくしょん,wnja:00784755-n
プロテスタント,ぷろてすたんと,wnja:06228549-n
プロデューサー,ぷろでゅーさー,wnja:07328756-n
プロトプラスト,ぷろとぷらすと,wnja:05431585-n
プロトロンビン,ぷろとろんびん,wnja:15070897-n
プロフェッサー,ぷろふぇっさー,wnja:10480730-n
プロポーション,ぷろぽーしょん,wnja:05076827-n
プロモーション,ぷろもーしょん,wnja:00249780-n
プロレスリング,ぷろれすりんぐ,wnja:00448126-n
ヘアドライヤー,へあどらいやー,wnja:03483316-n
ヘアドレッサー,へあどれっさー,wnja:10155849-n
ヘッジファンド,へっじふぁんど,wnja:08071229-n
ヘマトクリット,へまとくりっと,wnja:03514129-n
ヘミアセタール,へみあせたーる,wnja:14905911-n
ヘリオトロープ,へりおとろーぷ,wnja:14781631-n
ヘリングボーン,へりんぐぼーん,wnja:03516266-n
ヘーゼルナッツ,へーぜるなっつ,wnja:07772788-n
ベビーシッター,べびーしったー,wnja:09829305-n
ベンケイソウ科,べんけいそうか,wnja:12785110-n
ベンチレーター,べんちれーたー,wnja:04526964-n
ベークドポテト,べーくどぽてと,wnja:07710952-n
ペデストリアン,ぺですとりあん,wnja:10412055-n
ペニシリナーゼ,ぺにしりなーぜ,wnja:14978544-n
ペプシノーゲン,ぺぷしのーげん,wnja:14978887-n
ペラルゴニウム,ぺらるごにうむ,wnja:12687211-n
ペルフェナジン,ぺるふぇなじん,wnja:03918297-n
ペレストロイカ,ぺれすとろいか,wnja:06658545-n
ペースメーカー,ぺーすめーかー,wnja:02388143-n
ペーパータオル,ぺーぱーたおる,wnja:03887697-n
ペーパーバック,ぺーぱーばっく,wnja:03886432-n
ホイールベース,ほいーるべーす,wnja:05087173-n
ホスピタリティ,ほすぴたりてぃ,wnja:06631506-n
ホットスポット,ほっとすぽっと,wnja:03543511-n
ホットプレート,ほっとぷれーと,wnja:03543254-n
ホバークラフト,ほばーくらふと,wnja:03547229-n
ホメオボックス,ほめおぼっくす,wnja:05438778-n
ホモジェネート,ほもじぇねーと,wnja:14908422-n
ホモセクシャル,ほもせくしゃる,wnja:10122645-n
ホルンフェルス,ほるんふぇるす,wnja:14699068-n
ホログラフィー,ほろぐらふぃー,wnja:06101333-n
ホワイトソース,ほわいとそーす,wnja:07837362-n
ホワイトメタル,ほわいとめたる,wnja:14719597-n
ホームグランド,ほーむぐらんど,wnja:08580583-n
ホームプレート,ほーむぷれーと,wnja:03528901-n
ホームムービー,ほーむむーびー,wnja:06615458-n
ホールドアップ,ほーるどあっぷ,wnja:00781912-n
ボキャブラリー,ぼきゃぶらりー,wnja:05651242-n
ボックスカーフ,ぼっくすかーふ,wnja:14784601-n
ボディーガード,ぼでぃーがーど,wnja:08215801-n
ボヘミアニズム,ぼへみあにずむ,wnja:01223672-n
ボリシェヴィキ,ぼりしぇゔぃき,wnja:09863936-n
ボルシェヴィキ,ぼるしぇゔぃき,wnja:09863936-n
ボーイフレンド,ぼーいふれんど,wnja:09871364-n
ボーダーライン,ぼーだーらいん,wnja:08512736-n
ボードビリアン,ぼーどびりあん,wnja:10746799-n
ポケットナイフ,ぽけっとないふ,wnja:03973628-n
ポケットバイク,ぽけっとばいく,wnja:03769722-n
ポケットマネー,ぽけっとまねー,wnja:13422545-n
ポシビリティー,ぽしびりてぃー,wnja:05792192-n
ポジショニング,ぽじしょにんぐ,wnja:01051331-n
ポピュラー音楽,ぽぴゅらーおんがく,wnja:07059255-n
ポリオウイルス,ぽりおういるす,wnja:01337734-n
ポリティシャン,ぽりてぃしゃん,wnja:10450303-n
ポリティックス,ぽりてぃっくす,wnja:06148148-n
ポリプロピレン,ぽりぷろぴれん,wnja:14996158-n
ポリューション,ぽりゅーしょん,wnja:00276987-n
ポンパドゥール,ぽんぱどぅーる,wnja:05260240-n
ポークチェック,ぽーくちぇっく,wnja:00563212-n
ポートフォリオ,ぽーとふぉりお,wnja:00721282-n
マイクログラム,まいくろぐらむ,wnja:13722929-n
マイクロフォン,まいくろふぉん,wnja:03759954-n
マイコトキシン,まいこときしん,wnja:15036536-n
マイコプラズマ,まいこぷらずま,wnja:01373826-n
マイナーリーグ,まいなーりーぐ,wnja:08231678-n
マイノリティー,まいのりてぃー,wnja:05122850-n
マイルストーン,まいるすとーん,wnja:07271167-n
マガジンラック,まがじんらっく,wnja:03704549-n
マキアベリズム,まきあべりずむ,wnja:06214164-n
マクロコスモス,まくろこすもす,wnja:09466280-n
マクロファージ,まくろふぁーじ,wnja:05450740-n
マジョリティー,まじょりてぃー,wnja:13581067-n
マスカルポーネ,ますかるぽーね,wnja:07851554-n
マスターピース,ますたーぴーす,wnja:03727605-n
マスタープラン,ますたーぷらん,wnja:05899442-n
マッカーシズム,まっかーしずむ,wnja:00426388-n
マッコウクジラ,まっこうくじら,wnja:02067240-n
マッシュポテト,まっしゅぽてと,wnja:07711569-n
マッシュルーム,まっしゅるーむ,wnja:07734744-n
マッチポイント,まっちぽいんと,wnja:13610669-n
マネーサプライ,まねーさぷらい,wnja:13357178-n
マネージメント,まねーじめんと,wnja:01133281-n
マルチメディア,まるちめでぃあ,wnja:06261744-n
マルテンサイト,まるてんさいと,wnja:14948377-n
マントルピース,まんとるぴーす,wnja:03719343-n
マーケティング,まーけてぃんぐ,wnja:01112420-n
マーブルケーキ,まーぶるけーき,wnja:07634406-n
ミクロメーター,みくろめーたー,wnja:03759661-n
ミザントロープ,みざんとろーぷ,wnja:10321882-n
ミトコンドリア,みとこんどりあ,wnja:05445389-n
ミニアチュール,みにあちゅーる,wnja:03769397-n
ミネストローネ,みねすとろーね,wnja:07586894-n
ミノサイクリン,みのさいくりん,wnja:03771066-n
ミュージシャン,みゅーじしゃん,wnja:10339966-n
ミリオンセラー,みりおんせらー,wnja:06412497-n
ミーアキャット,みーあきゃっと,wnja:02138441-n
ムラサキツバメ,むらさきつばめ,wnja:01596608-n
ムービーカメラ,むーびーかめら,wnja:03789171-n
メインテナンス,めいんてなんす,wnja:00267522-n
メインフレーム,めいんふれーむ,wnja:03711711-n
メジャーカップ,めじゃーかっぷ,wnja:03733805-n
メスシリンダー,めすしりんだー,wnja:03451711-n
メチレンブルー,めちれんぶるー,wnja:14771270-n
メッセンジャー,めっせんじゃー,wnja:10311021-n
メトプロロール,めとぷろろーる,wnja:03756857-n
メンシェヴィキ,めんしぇゔぃき,wnja:10309147-n
メンタルテスト,めんたるてすと,wnja:01006675-n
メンタルヘルス,めんたるへるす,wnja:14379130-n
メンデレビウム,めんでれびうむ,wnja:14645092-n
メンバーシップ,めんばーしっぷ,wnja:13931627-n
メールオーダー,めーるおーだー,wnja:06530703-n
メールボックス,めーるぼっくす,wnja:03710193-n
モッツァレッラ,もっつぁれっら,wnja:07854184-n
モノカルチャー,ものかるちゃー,wnja:00918055-n
モノクローナル,ものくろーなる,wnja:15029781-n
モラルハザード,もらるはざーど,wnja:14542579-n
モーターバイク,もーたーばいく,wnja:03790512-n
モータープール,もーたーぷーる,wnja:08293684-n
モーターホーム,もーたーほーむ,wnja:02946348-n
モーターボート,もーたーぼーと,wnja:03790230-n
ユニバーシティ,ゆにばーしてぃ,wnja:04511002-n
ユーサネイジア,ゆーさねいじあ,wnja:00219856-n
ユーザビリティ,ゆーざびりてぃ,wnja:05150129-n
ユースホステル,ゆーすほすてる,wnja:03541537-n
ユーティリティ,ゆーてぃりてぃ,wnja:04516874-n
ライスペーパー,らいすぺーぱー,wnja:14975872-n
ライトブラウン,らいとぶらうん,wnja:04972801-n
ライトモチーフ,らいともちーふ,wnja:07028797-n
ライノウイルス,らいのういるす,wnja:01338537-n
ライフサイクル,らいふさいくる,wnja:11473807-n
ライフスタイル,らいふすたいる,wnja:04930632-n
ライブラリアン,らいぶらりあん,wnja:10257948-n
ライムジュース,らいむじゅーす,wnja:07925327-n
ラインドライブ,らいんどらいぶ,wnja:00131608-n
ラインバッカー,らいんばっかー,wnja:10263002-n
ラインプリンタ,らいんぷりんた,wnja:03672827-n
ラウオルフィア,らうおるふぃあ,wnja:11775340-n
ラクトフラビン,らくとふらびん,wnja:15091473-n
ラショナリズム,らしょなりずむ,wnja:05975473-n
ラジオニュース,らじおにゅーす,wnja:06683513-n
ラッシュアワー,らっしゅあわー,wnja:15229144-n
ラディカリズム,らでぃかりずむ,wnja:06219875-n
ラナンキュラス,らなんきゅらす,wnja:11720088-n
ランドスケープ,らんどすけーぷ,wnja:08646902-n
ランプシェード,らんぷしぇーど,wnja:03637318-n
リコッタチーズ,りこったちーず,wnja:07854614-n
リストウオッチ,りすとうおっち,wnja:04607869-n
リトマス試験紙,りとますしけんし,wnja:14941642-n
リノベーション,りのべーしょん,wnja:00265119-n
リビングウィル,りびんぐうぃる,wnja:06544841-n
リビングルーム,りびんぐるーむ,wnja:03679712-n
リフレクション,りふれくしょん,wnja:11503060-n
リフレッシャー,りふれっしゃー,wnja:00891850-n
リフレーション,りふれーしょん,wnja:13548350-n
リミテーション,りみてーしょん,wnja:00808182-n
リュックサック,りゅっくさっく,wnja:02769748-n
リロケーション,りろけーしょん,wnja:00168658-n
リヴァイヴァル,りゔぁいゔぁる,wnja:01047338-n
リーダーシップ,りーだーしっぷ,wnja:01256417-n
ルポルタージュ,るぽるたーじゅ,wnja:06683784-n
ルーフガーデン,るーふがーでん,wnja:04105609-n
レギュレーター,れぎゅれーたー,wnja:04072193-n
レコーディング,れこーでぃんぐ,wnja:00910203-n
レターペーパー,れたーぺーぱー,wnja:06258852-n
レッサーパンダ,れっさーぱんだ,wnja:02509815-n
レトロウイルス,れとろういるす,wnja:01336282-n
レモンイエロー,れもんいえろー,wnja:04966543-n
レモンジュース,れもんじゅーす,wnja:07925229-n
レーシングカー,れーしんぐかー,wnja:04037443-n
ロイヤリティー,ろいやりてぃー,wnja:13257982-n
ロイヤルティー,ろいやるてぃー,wnja:13257982-n
ロジスティクス,ろじすてぃくす,wnja:01060745-n
ロッカールーム,ろっかーるーむ,wnja:03683708-n
ロックガーデン,ろっくがーでん,wnja:04099854-n
ロックンロール,ろっくんろーる,wnja:07064715-n
ロボティックス,ろぼてぃっくす,wnja:06133654-n
ロマンチシズム,ろまんちしずむ,wnja:05152902-n
ロマンティスト,ろまんてぃすと,wnja:10537822-n
ロングアイアン,ろんぐあいあん,wnja:03688066-n
ローストビーフ,ろーすとびーふ,wnja:07663796-n
ロールオーバー,ろーるおーばー,wnja:01155722-n
ローレンシウム,ろーれんしうむ,wnja:14643323-n
ワイルドカード,わいるどかーど,wnja:04584512-n
ワイルドライス,わいるどらいす,wnja:12145919-n
ワインクーラー,わいんくーらー,wnja:04591887-n
ワンダーランド,わんだーらんど,wnja:05632175-n
ワーカホリック,わーかほりっく,wnja:10609556-n
ワークショップ,わーくしょっぷ,wnja:00892413-n
ヴァイオレット,ゔぁいおれっと,wnja:12387839-n
ヴァイタリティ,ゔぁいたりてぃ,wnja:04633453-n
ヴァケイション,ゔぁけいしょん,wnja:15137890-n
ヴァケーション,ゔぁけーしょん,wnja:15137890-n
ヴァラエティー,ゔぁらえてぃー,wnja:04751305-n
ヴィデオテープ,ゔぃでおてーぷ,wnja:04534359-n
ヴェルヴェット,ゔぇるゔぇっと,wnja:04525038-n
ヴォーカリスト,ゔぉーかりすと,wnja:10599806-n
一酸化炭素中毒,いっさんかたんそちゅうどく,wnja:14510401-n
位置エネルギー,いちえねるぎー,wnja:11494472-n
免疫グロブリン,めんえきぐろぶりん,wnja:15030481-n
未確認飛行物体,みかくにんひこうぶったい,wnja:05897825-n
流行性耳下腺炎,りゅうこうせいじかせんえん,wnja:14138178-n
消費者物価指数,しょうひしゃぶっかしすう,wnja:06641654-n
現金自動支払機,げんきんじどうしはらいき,wnja:02977058-n
磁気共鳴映像法,じききょうめいえいぞうほう,wnja:00902579-n
神経性無食欲症,しんけいせいむしょくよくしょう,wnja:14061263-n
ぼうえんきょう座,ぼうえんきょうざ,wnja:09455524-n
アイコノスコープ,あいこのすこーぷ,wnja:03559373-n
アイソトニックス,あいそとにっくす,wnja:00628131-n
アイソメトリック,あいそめとりっく,wnja:06801740-n
アイソレーション,あいそれーしょん,wnja:01202029-n
アイディアリスト,あいでぃありすと,wnja:10196965-n
アイデンティティ,あいでんてぃてぃ,wnja:04618070-n
アウトストラーダ,あうとすとらーだ,wnja:02762508-n
アウトフィールド,あうとふぃーるど,wnja:03859717-n
アカウンティング,あかうんてぃんぐ,wnja:00618734-n
アキュムレーター,あきゅむれーたー,wnja:02673078-n
アクセシビリティ,あくせしびりてぃ,wnja:04718999-n
アクセラレーター,あくせられーたー,wnja:02670683-n
アクセレレーター,あくせれれーたー,wnja:02670382-n
アクチノマイシン,あくちのまいしん,wnja:02677602-n
アクチュアリティ,あくちゅありてぃ,wnja:13955461-n
アクティビティー,あくてぃびてぃー,wnja:00407535-n
アクリロニトリル,あくりろにとりる,wnja:14998677-n
アグリカルチャー,あぐりかるちゃー,wnja:00916464-n
アグリカルチュア,あぐりかるちゅあ,wnja:00916464-n
アスパラギナーゼ,あすぱらぎなーぜ,wnja:02747915-n
アセトアルデヒド,あせとあるでひど,wnja:14711008-n
アソシエーション,あそしえーしょん,wnja:05763916-n
アダプテーション,あだぷてーしょん,wnja:06408779-n
アッチェレランド,あっちぇれらんど,wnja:15264726-n
アドキャンペーン,あどきゃんぺーん,wnja:00798959-n
アドバタイジング,あどばたいじんぐ,wnja:01101329-n
アドヴァンテージ,あどゔぁんてーじ,wnja:05155821-n
アドヴェンチャー,あどゔぇんちゃー,wnja:00796315-n
アナウンスメント,あなうんすめんと,wnja:06726158-n
アナスチグマート,あなすちぐまーと,wnja:02709101-n
アニマトロニクス,あにまとろにくす,wnja:06133802-n
アフガンハウンド,あふがんはうんど,wnja:02088094-n
アブセンティズム,あぶせんてぃずむ,wnja:01234528-n
アプリケーション,あぷりけーしょん,wnja:00633329-n
アベイラビリティ,あべいらびりてぃ,wnja:04718999-n
アペンディックス,あぺんでぃっくす,wnja:06399337-n
アポイントメント,あぽいんとめんと,wnja:08385009-n
アポストロフィー,あぽすとろふぃー,wnja:06841987-n
アマチュアリズム,あまちゅありずむ,wnja:06246076-n
アミトリプチリン,あみとりぷちりん,wnja:02702575-n
アミューズメント,あみゅーずめんと,wnja:00429048-n
アメリカンプラン,あめりかんぷらん,wnja:13415744-n
アモバルビタール,あもばるびたーる,wnja:02703499-n
アルコールランプ,あるこーるらんぷ,wnja:04280373-n
アンキロサウルス,あんきろさうるす,wnja:01702256-n
アンギオテンシン,あんぎおてんしん,wnja:02711890-n
アングロサクソン,あんぐろさくそん,wnja:06949591-n
アンジオテンシン,あんじおてんしん,wnja:02711890-n
アンタッチャブル,あんたっちゃぶる,wnja:10386515-n
アンドロステロン,あんどろすてろん,wnja:14747981-n
アンプリファイア,あんぷりふぁいあ,wnja:02705944-n
アンプロンプチュ,あんぷろんぷちゅ,wnja:07239927-n
アヴァンギャルド,あゔぁんぎゃるど,wnja:08465558-n
アーキテクチャー,あーきてくちゃー,wnja:00610738-n
アーキテクチュア,あーきてくちゅあ,wnja:00610738-n
アーティチョーク,あーてぃちょーく,wnja:07718747-n
イエローオーカー,いえろーおーかー,wnja:14844281-n
イクイップメント,いくいっぷめんと,wnja:03294048-n
イクチオサウルス,いくちおさうるす,wnja:01724840-n
イソプロパノール,いそぷろぱのーる,wnja:14709907-n
イニシエーション,いにしえーしょん,wnja:07453195-n
イブニングドレス,いぶにんぐどれす,wnja:03384891-n
イマジネイション,いまじねいしょん,wnja:05625465-n
イマジネーション,いまじねーしょん,wnja:05625465-n
イミグレーション,いみぐれーしょん,wnja:00056311-n
イラストレーター,いらすとれーたー,wnja:09812068-n
イルミネーション,いるみねーしょん,wnja:13983147-n
インキュベーター,いんきゅべーたー,wnja:03567066-n
インシュアランス,いんしゅあらんす,wnja:06523641-n
インジェクション,いんじぇくしょん,wnja:00322634-n
インスツルメント,いんすつるめんと,wnja:03800933-n
インスティンクト,いんすてぃんくと,wnja:05622723-n
インストラクター,いんすとらくたー,wnja:10694258-n
インストルメント,いんすとるめんと,wnja:03800933-n
インスペクション,いんすぺくしょん,wnja:00141806-n
インタビューアー,いんたびゅーあー,wnja:10213319-n
インタラクション,いんたらくしょん,wnja:00039021-n
インターステート,いんたーすてーと,wnja:03581354-n
インターチェンジ,いんたーちぇんじ,wnja:03577818-n
インターフェイス,いんたーふぇいす,wnja:03578656-n
インターフェロン,いんたーふぇろん,wnja:03579137-n
インターフェース,いんたーふぇーす,wnja:03578656-n
インタープリター,いんたーぷりたー,wnja:06575932-n
インターロイキン,いんたーろいきん,wnja:14921090-n
インティファーダ,いんてぃふぁーだ,wnja:00963447-n
インテリジェンス,いんてりじぇんす,wnja:05617606-n
イントネーション,いんとねーしょん,wnja:07084166-n
インビテーション,いんびてーしょん,wnja:07186148-n
インフォーマント,いんふぉーまんと,wnja:10205985-n
インフリキシマブ,いんふりきしまぶ,wnja:03569657-n
インフレーション,いんふれーしょん,wnja:13498828-n
インプレッション,いんぷれっしょん,wnja:04675314-n
インベストメント,いんべすとめんと,wnja:01099436-n
インペリアリズム,いんぺりありずむ,wnja:06661396-n
インヴェンション,いんゔぇんしょん,wnja:00940412-n
イースターエッグ,いーすたーえっぐ,wnja:07841800-n
ウィンザーチェア,うぃんざーちぇあ,wnja:04590933-n
ウィークポイント,うぃーくぽいんと,wnja:05159606-n
ウイークポイント,ういーくぽいんと,wnja:05159606-n
ウェルウィッチア,うぇるうぃっちあ,wnja:11599324-n
ウォッチポケット,うぉっちぽけっと,wnja:03375070-n
ウオッチポケット,うおっちぽけっと,wnja:03375070-n
ウマノスズクサ科,うまのすずくさか,wnja:11801038-n
ウレタンフォーム,うれたんふぉーむ,wnja:14903339-n
ウロビリノーゲン,うろびりのーげん,wnja:14756754-n
エアステーション,えあすてーしょん,wnja:02685585-n
エクスカーション,えくすかーしょん,wnja:00310201-n
エクステンション,えくすてんしょん,wnja:00367768-n
エクスペリエンス,えくすぺりえんす,wnja:05758059-n
エコノミークラス,えこのみーくらす,wnja:02932693-n
エスカレーション,えすかれーしょん,wnja:00366846-n
エストラジオール,えすとらじおーる,wnja:14750316-n
エチルアルコール,えちるあるこーる,wnja:07902121-n
エデュケーション,えでゅけーしょん,wnja:00611433-n
エバンジェリスト,えばんじぇりすと,wnja:10067011-n
エボリューション,えぼりゅーしょん,wnja:13464820-n
エマージェンシー,えまーじぇんしー,wnja:07417405-n
エミュレーション,えみゅれーしょん,wnja:05665984-n
エリスロマイシン,えりすろまいしん,wnja:03295357-n
エリテマトーデス,えりてまとーです,wnja:14221138-n
エルゴステロール,えるごすてろーる,wnja:15059404-n
エレクトロニクス,えれくとろにくす,wnja:06099269-n
エロキューション,えろきゅーしょん,wnja:07083246-n
エンゲージメント,えんげーじめんと,wnja:07228211-n
エンジニアリング,えんじにありんぐ,wnja:06125041-n
エンタテイメント,えんたていめんと,wnja:00429048-n
エンターテイナー,えんたーていなー,wnja:09616922-n
エンタープライズ,えんたーぷらいず,wnja:08056231-n
エンテロウイルス,えんてろういるす,wnja:01337915-n
エンテロキナーゼ,えんてろきなーぜ,wnja:14850190-n
エンブロイダリー,えんぶろいだりー,wnja:03282933-n
エンプロイメント,えんぷろいめんと,wnja:13968092-n
オブジェクション,おぶじぇくしょん,wnja:07208338-n
オブリゲーション,おぶりげーしょん,wnja:01129920-n
オリエンタリズム,おりえんたりずむ,wnja:05168063-n
オリジナリティー,おりじなりてぃー,wnja:05634613-n
オリーブグリーン,おりーぶぐりーん,wnja:04968139-n
オレンジイエロー,おれんじいえろー,wnja:04966717-n
オレンジジュース,おれんじじゅーす,wnja:07924834-n
オングストローム,おんぐすとろーむ,wnja:13658027-n
オートクチュール,おーとくちゅーる,wnja:05751063-n
オーバーシューズ,おーばーしゅーず,wnja:03865949-n
オーバーシュート,おーばーしゅーと,wnja:00281898-n
オーバードライブ,おーばーどらいぶ,wnja:03863783-n
オープンフレーム,おーぷんふれーむ,wnja:00188007-n
オールドスタイル,おーるどすたいる,wnja:06826974-n
オーレオマイシン,おーれおまいしん,wnja:03023415-n
カイロプラクター,かいろぷらくたー,wnja:09919200-n
カウボーイハット,かうぼーいはっと,wnja:03124170-n
カウンターパンチ,かうんたーぱんち,wnja:00135504-n
カウンターブロー,かうんたーぶろー,wnja:01173569-n
カクテルラウンジ,かくてるらうんじ,wnja:03062122-n
カタストロフィー,かたすとろふぃー,wnja:07314838-n
カテコールアミン,かてこーるあみん,wnja:14807929-n
カルシフェロール,かるしふぇろーる,wnja:15092227-n
ガソリンエンジン,がそりんえんじん,wnja:03424630-n
ガソリンスタンド,がそりんすたんど,wnja:03425092-n
キャッシュカード,きゃっしゅかーど,wnja:13376643-n
キャットウォーク,きゃっとうぉーく,wnja:02986605-n
キャピタルゲイン,きゃぴたるげいん,wnja:13311830-n
キャピタルレター,きゃぴたるれたー,wnja:06824227-n
キュウカンチョウ,きゅうかんちょう,wnja:01578180-n
キュリオシティー,きゅりおしてぃー,wnja:03149951-n
キロメートル毎時,きろめーとるまいじ,wnja:15279767-n
キーボーディスト,きーぼーでぃすと,wnja:10229883-n
ギャザースカート,ぎゃざーすかーと,wnja:03429003-n
クォンティティー,くぉんてぃてぃー,wnja:00033615-n
クォーターバック,くぉーたーばっく,wnja:00726567-n
クオンティティー,くおんてぃてぃー,wnja:00033615-n
クオーターバック,くおーたーばっく,wnja:10498816-n
クランクシャフト,くらんくしゃふと,wnja:03127408-n
クリスマスカード,くりすますかーど,wnja:06627623-n
クリスマスケーキ,くりすますけーき,wnja:07631511-n
クリスマスツリー,くりすますつりー,wnja:03026626-n
クリスマスローズ,くりすますろーず,wnja:11734300-n
クレジットカード,くれじっとかーど,wnja:13376012-n
クロウメモドキ科,くろうめもどきか,wnja:12599185-n
クロストリジウム,くろすとりじうむ,wnja:01357156-n
クロルプロマジン,くろるぷろまじん,wnja:03023175-n
クロルヘキシジン,くろるへきしじん,wnja:03022250-n
クロロマイセチン,くろろまいせちん,wnja:03021858-n
グラスファイバー,ぐらすふぁいばー,wnja:03852031-n
グラディエーター,ぐらでぃえーたー,wnja:10131815-n
グラハムブレッド,ぐらはむぶれっど,wnja:07683039-n
グランドスタンド,ぐらんどすたんど,wnja:03452953-n
グリセオフルビン,ぐりせおふるびん,wnja:03460674-n
グループサウンズ,ぐるーぷさうんず,wnja:08250501-n
グレープジュース,ぐれーぷじゅーす,wnja:07924560-n
グレープフルーツ,ぐれーぷふるーつ,wnja:07749969-n
ケトアシドーシス,けとあしどーしす,wnja:14019840-n
コイルスプリング,こいるすぷりんぐ,wnja:03066359-n
ココナッツミルク,ここなっつみるく,wnja:07773428-n
コナーベーション,こなーべーしょん,wnja:08539717-n
コマーシャリズム,こまーしゃりずむ,wnja:01090446-n
コミュニケーター,こみゅにけーたー,wnja:09610660-n
コラボレーション,こらぼれーしょん,wnja:01205156-n
コリオグラファー,こりおぐらふぁー,wnja:09920283-n
コレスポンデンス,これすぽんでんす,wnja:06623614-n
コレスポンデント,これすぽんでんと,wnja:09966710-n
コンキスタドール,こんきすたどーる,wnja:09956780-n
コングロマリット,こんぐろまりっと,wnja:08058937-n
コンサートホール,こんさーとほーる,wnja:03086580-n
コンサーバティブ,こんさーばてぃぶ,wnja:09957156-n
コンタクトレンズ,こんたくとれんず,wnja:03094159-n
コンディショナー,こんでぃしょなー,wnja:03088020-n
コンデンスミルク,こんでんすみるく,wnja:07846471-n
コンバーティブル,こんばーてぃぶる,wnja:03100240-n
コンパチビリティ,こんぱちびりてぃ,wnja:04712735-n
コンパートメント,こんぱーとめんと,wnja:03079741-n
コンビネーション,こんびねーしょん,wnja:03688707-n
コンフェッション,こんふぇっしょん,wnja:01039307-n
コンプライアンス,こんぷらいあんす,wnja:01203676-n
コンペティション,こんぺてぃしょん,wnja:07456188-n
コンヴェンション,こんゔぇんしょん,wnja:01229938-n
コーディネーター,こーでぃねーたー,wnja:09963914-n
コーヒークリーム,こーひーくりーむ,wnja:07847917-n
コーヒーショップ,こーひーしょっぷ,wnja:02935658-n
コーヒーブレイク,こーひーぶれいく,wnja:07577918-n
コーヒーブレーク,こーひーぶれーく,wnja:07577918-n
コーヒーメーカー,こーひーめーかー,wnja:03063338-n
コーポレイション,こーぽれいしょん,wnja:08059412-n
コーポレーション,こーぽれーしょん,wnja:08059412-n
コールドクリーム,こーるどくりーむ,wnja:03067339-n
ゴールデンアワー,ごーるでんあわー,wnja:15166897-n
ゴールドラッシュ,ごーるどらっしゅ,wnja:01123304-n
サイエンティスト,さいえんてぃすと,wnja:10560637-n
サイコアナリシス,さいこあなりしす,wnja:00704305-n
サイコセラピスト,さいこせらぴすと,wnja:10489944-n
サイトシーイング,さいとしーいんぐ,wnja:00879607-n
サイバネティクス,さいばねてぃくす,wnja:06142598-n
サイバースペース,さいばーすぺーす,wnja:03580615-n
サウンドトラック,さうんどとらっく,wnja:04262969-n
サブアセンブリー,さぶあせんぶりー,wnja:04346855-n
サブディレクトリ,さぶでぃれくとり,wnja:06490743-n
サルコイドーシス,さるこいどーしす,wnja:14564934-n
サルトリイバラ科,さるとりいばらか,wnja:12469725-n
サンクチュアリー,さんくちゅありー,wnja:03004824-n
サンディカリズム,さんでぃかりずむ,wnja:08321621-n
サービスブレーク,さーびすぶれーく,wnja:07475242-n
サーモグラフィー,さーもぐらふぃー,wnja:01006313-n
シアノコバラミン,しあのこばらみん,wnja:15091304-n
シガレットケース,しがれっとけーす,wnja:03031012-n
シチュエイション,しちゅえいしょん,wnja:13925752-n
シチュエーション,しちゅえーしょん,wnja:13925752-n
シテュエーション,してゅえーしょん,wnja:13925752-n
シナリオライター,しなりおらいたー,wnja:10555936-n
シビックセンター,しびっくせんたー,wnja:03078506-n
シビリゼーション,しびりぜーしょん,wnja:08287844-n
シプロヘプタジン,しぷろへぷたじん,wnja:03157582-n
シミュレーション,しみゅれーしょん,wnja:00899049-n
シャクジョウソウ,しゃくじょうそう,wnja:12259316-n
シャッフルボード,しゃっふるぼーど,wnja:00467536-n
シャワーカーテン,しゃわーかーてん,wnja:04209239-n
ショウジョウソウ,しょうじょうそう,wnja:12920521-n
ショルダーバッグ,しょるだーばっぐ,wnja:04207343-n
ショルダーパッド,しょるだーぱっど,wnja:04207903-n
ショーウィンドー,しょーうぃんどー,wnja:14516082-n
ショーウインドー,しょーういんどー,wnja:14516082-n
ショートアイアン,しょーとあいあん,wnja:04205062-n
ショートブレッド,しょーとぶれっど,wnja:07636020-n
ショーマンシップ,しょーまんしっぷ,wnja:05640040-n
シンクロスコープ,しんくろすこーぷ,wnja:04375926-n
シングルブレスト,しんぐるぶれすと,wnja:04222470-n
シンコペーション,しんこぺーしょん,wnja:07087223-n
シンプリシティー,しんぷりしてぃー,wnja:04766059-n
ジェネレーション,じぇねれーしょん,wnja:08368907-n
ジェロントロジー,じぇろんとろじー,wnja:06050650-n
ジャイロコンパス,じゃいろこんぱす,wnja:03473078-n
ジャイロスコープ,じゃいろすこーぷ,wnja:03473227-n
ジャケツイバラ科,じゃけついばらか,wnja:12487647-n
ジャムセッション,じゃむせっしょん,wnja:00102374-n
ジュークボックス,じゅーくぼっくす,wnja:03604156-n
ジョイスティック,じょいすてぃっく,wnja:03602883-n
スウェットシャツ,すうぇっとしゃつ,wnja:04370456-n
スウェットスーツ,すうぇっとすーつ,wnja:04370774-n
スクラップブック,すくらっぷぶっく,wnja:02695079-n
スクラルファート,すくらるふぁーと,wnja:04349701-n
スケジューリング,すけじゅーりんぐ,wnja:01144355-n
スケーラビリティ,すけーらびりてぃ,wnja:05210116-n
スタッフドエッグ,すたっふどえっぐ,wnja:07842433-n
スチームアイロン,すちーむあいろん,wnja:04309833-n
スチームタービン,すちーむたーびん,wnja:04310604-n
ストップウォッチ,すとっぷうぉっち,wnja:04328186-n
ストップウオッチ,すとっぷうおっち,wnja:04328186-n
ストライクゾーン,すとらいくぞーん,wnja:08690974-n
ストラックアウト,すとらっくあうと,wnja:00130347-n
ストリップショー,すとりっぷしょー,wnja:00531490-n
ストロボスコープ,すとろぼすこーぷ,wnja:04340521-n
ストロークプレー,すとろーくぷれー,wnja:00466524-n
スナップショット,すなっぷしょっと,wnja:04248607-n
スパイロメーター,すぱいろめーたー,wnja:04280845-n
スピードスケート,すぴーどすけーと,wnja:00449168-n
スピードメーター,すぴーどめーたー,wnja:04273796-n
スフォルツァンド,すふぉるつぁんど,wnja:06869428-n
スプリングボード,すぷりんぐぼーど,wnja:04288673-n
スプレッドシート,すぷれっどしーと,wnja:06579952-n
スペキュレーター,すぺきゅれーたー,wnja:10634075-n
スペクトログラフ,すぺくとろぐらふ,wnja:04272782-n
スペクトログラム,すぺくとろぐらむ,wnja:04272638-n
スポットチェック,すぽっとちぇっく,wnja:00142140-n
スポーツウーマン,すぽーつうーまん,wnja:10638922-n
スモーガスボード,すもーがすぼーど,wnja:07593199-n
スモークサーモン,すもーくさーもん,wnja:07796649-n
スローモーション,すろーもーしょん,wnja:06617866-n
スワップファイル,すわっぷふぁいる,wnja:08556266-n
スーパータンカー,すーぱーたんかー,wnja:04359034-n
スーパーバイザー,すーぱーばいざー,wnja:06580351-n
セクシャリティー,せくしゃりてぃー,wnja:05006898-n
セクシュアリティ,せくしゅありてぃ,wnja:05006898-n
セコバルビタール,せこばるびたーる,wnja:04163740-n
セファロスポリン,せふぁろすぽりん,wnja:02996840-n
セマンティックス,せまんてぃっくす,wnja:06179792-n
セレンディピティ,せれんでぃぴてぃ,wnja:11463895-n
センシビリティー,せんしびりてぃー,wnja:05652926-n
セールスウーマン,せーるすうーまん,wnja:10548419-n
ソシアルワーカー,そしあるわーかー,wnja:10620027-n
ソラリゼーション,そらりぜーしょん,wnja:05044387-n
ソーシャルダンス,そーしゃるだんす,wnja:00532110-n
ソースプログラム,そーすぷろぐらむ,wnja:06577063-n
ソーラーシステム,そーらーしすてむ,wnja:09439433-n
タイムレコーダー,たいむれこーだー,wnja:04437276-n
タキストスコープ,たきすとすこーぷ,wnja:04382537-n
タルカムパウダー,たるかむぱうだー,wnja:04386792-n
ダイニングルーム,だいにんぐるーむ,wnja:03200701-n
ダブルフォールト,だぶるふぉーると,wnja:00071546-n
チェッカーボード,ちぇっかーぼーど,wnja:03011521-n
チャコールグレー,ちゃこーるぐれー,wnja:04962240-n
ツーベースヒット,つーべーすひっと,wnja:00132756-n
ティラノサウルス,てぃらのさうるす,wnja:01713764-n
ティーグラウンド,てぃーぐらうんど,wnja:08661277-n
ティーパーティー,てぃーぱーてぃー,wnja:07450463-n
テキストエディタ,てきすとえでぃた,wnja:06576727-n
テキストファイル,てきすとふぁいる,wnja:06510977-n
テストドライバー,てすとどらいばー,wnja:10703553-n
テストパイロット,てすとぱいろっと,wnja:10704098-n
テトラサイクリン,てとらさいくりん,wnja:04416530-n
テトロドトキシン,てとろどときしん,wnja:15069338-n
テンプテーション,てんぷてーしょん,wnja:00159620-n
テーブルスプーン,てーぶるすぷーん,wnja:04381073-n
テープレコーダー,てーぷれこーだー,wnja:04393095-n
ディクショナリー,でぃくしょなりー,wnja:06418901-n
ディスカッション,でぃすかっしょん,wnja:07138085-n
ディスクブレーキ,でぃすくぶれーき,wnja:03208938-n
ディフィニション,でぃふぃにしょん,wnja:06744396-n
ディモルフォセカ,でぃもるふぉせか,wnja:11961266-n
デオキシリボース,でおきしりぼーす,wnja:14833514-n
デオキシリボ核酸,でおきしりぼかくさん,wnja:14830364-n
デクラメーション,でくらめーしょん,wnja:07242324-n
デクレッシェンド,でくれっしぇんど,wnja:04991225-n
デスクリプション,ですくりぷしょん,wnja:07201365-n
デバイスドライバ,でばいすどらいば,wnja:06574473-n
デフレスパイラル,でふれすぱいらる,wnja:13499590-n
デベロップメント,でべろっぷめんと,wnja:13464557-n
デモンストレータ,でもんすとれーた,wnja:10002760-n
デュープリケート,でゅーぷりけーと,wnja:03257343-n
データマイニング,でーたまいにんぐ,wnja:13455234-n
トラブルメーカー,とらぶるめーかー,wnja:10731244-n
トランキライザー,とらんきらいざー,wnja:04470232-n
トランザクション,とらんざくしょん,wnja:01106808-n
トランスデューサ,とらんすでゅーさ,wnja:04470953-n
トランスポンダー,とらんすぽんだー,wnja:04473275-n
トランスレーター,とらんすれーたー,wnja:06581268-n
トリアムシノロン,とりあむしのろん,wnja:15078768-n
トリクロロエタン,とりくろろえたん,wnja:14851414-n
トレーラーハウス,とれーらーはうす,wnja:04467099-n
ドキュメンタリー,どきゅめんたりー,wnja:06616806-n
ドリップコーヒー,どりっぷこーひー,wnja:07919894-n
ドルフィンキック,どるふぃんきっく,wnja:00574790-n
ドルマンスリーブ,どるまんすりーぶ,wnja:03220095-n
ドレスメーキング,どれすめーきんぐ,wnja:00608162-n
ナショナリティー,なしょなりてぃー,wnja:13953787-n
ナノテクノロジー,なのてくのろじー,wnja:06134899-n
ニッカーボッカー,にっかーぼっかー,wnja:02896442-n
ニトログリセリン,にとろぐりせりん,wnja:14886579-n
ニトロセルロース,にとろせるろーす,wnja:14794993-n
ニューススタンド,にゅーすすたんど,wnja:03822656-n
ネオプラトニズム,ねおぷらとにずむ,wnja:05973603-n
ネゴシエーション,ねごしえーしょん,wnja:07148192-n
ノウゼンカズラ科,のうぜんかずらか,wnja:12813393-n
ノウゼンハレン科,のうぜんはれんか,wnja:12719277-n
ノルアドレナリン,のるあどれなりん,wnja:05407890-n
ノルエピネフリン,のるえぴねふりん,wnja:05407890-n
ノルトリプチリン,のるとりぷちりん,wnja:03830582-n
ノンフィクション,のんふぃくしょん,wnja:06367571-n
ハイソサエティー,はいそさえてぃー,wnja:08387930-n
ハイドロプレーン,はいどろぷれーん,wnja:04160586-n
ハイパーテキスト,はいぱーてきすと,wnja:06262176-n
ハイファッション,はいふぁっしょん,wnja:00618642-n
ハイフネーション,はいふねーしょん,wnja:00390445-n
ハウスキーピング,はうすきーぴんぐ,wnja:00580961-n
ハモンドオルガン,はもんどおるがん,wnja:03273551-n
ハワイアンギター,はわいあんぎたー,wnja:03499907-n
ハンディキャップ,はんでぃきゃっぷ,wnja:05156822-n
ハンディクラフト,はんでぃくらふと,wnja:03485655-n
ハンドローション,はんどろーしょん,wnja:03487444-n
バイオグラフィー,ばいおぐらふぃー,wnja:06515827-n
バイオサイエンス,ばいおさいえんす,wnja:06037298-n
バイナリファイル,ばいなりふぁいる,wnja:06509675-n
バスクラリネット,ばすくらりねっと,wnja:02803539-n
バスケットボール,ばすけっとぼーる,wnja:00480993-n
バタフライバルブ,ばたふらいばるぶ,wnja:02927887-n
バックグラウンド,ばっくぐらうんど,wnja:02769075-n
バックパッキング,ばっくぱっきんぐ,wnja:00319312-n
バッターボックス,ばったーぼっくす,wnja:02810270-n
バーミキュライト,ばーみきゅらいと,wnja:15087486-n
パイロットボート,ぱいろっとぼーと,wnja:03939178-n
パッキングケース,ぱっきんぐけーす,wnja:03871724-n
パッケージツアー,ぱっけーじつあー,wnja:00748919-n
パラサイコロジー,ぱらさいころじー,wnja:07256375-n
パーキングエリア,ぱーきんぐえりあ,wnja:08615638-n
パースペクティブ,ぱーすぺくてぃぶ,wnja:05944958-n
パースペクティヴ,ぱーすぺくてぃゔ,wnja:06208751-n
パーソナリティー,ぱーそなりてぃー,wnja:04617562-n
パートナーシップ,ぱーとなーしっぷ,wnja:08060694-n
パーフォーマンス,ぱーふぉーまんす,wnja:00550771-n
ヒアルロニダーゼ,ひあるろにだーぜ,wnja:14910165-n
ヒドロコルチゾン,ひどろこるちぞん,wnja:14752702-n
ヒドロモルフォン,ひどろもるふぉん,wnja:03553708-n
ヒューマニティー,ひゅーまにてぃー,wnja:04726938-n
ヒョウモンチョウ,ひょうもんちょう,wnja:02278210-n
ビジネスカレッジ,びじねすかれっじ,wnja:08281682-n
ビジネススクール,びじねすすくーる,wnja:08281812-n
ピテカントロプス,ぴてかんとろぷす,wnja:02473554-n
ピーナッツバター,ぴーなっつばたー,wnja:07855510-n
ファイアウォール,ふぁいあうぉーる,wnja:03348142-n
ファイバーグラス,ふぁいばーぐらす,wnja:14866769-n
ファイルシステム,ふぁいるしすてむ,wnja:05732614-n
ファーストネーム,ふぁーすとねーむ,wnja:06337307-n
ファーストベース,ふぁーすとべーす,wnja:00723547-n
ファーストレディ,ふぁーすとれでぃ,wnja:10092794-n
フィコエリトリン,ふぃこえりとりん,wnja:01399366-n
フィゾスチグミン,ふぃぞすちぐみん,wnja:12487262-n
フィロデンドロン,ふぃろでんどろん,wnja:11791341-n
フィンガーボール,ふぃんがーぼーる,wnja:03341606-n
フィールディング,ふぃーるでぃんぐ,wnja:00126721-n
フィールドワーク,ふぃーるどわーく,wnja:00637354-n
フェイスパウダー,ふぇいすぱうだー,wnja:03314780-n
フェスティヴァル,ふぇすてぃゔぁる,wnja:00517728-n
フェデレーション,ふぇでれーしょん,wnja:08303275-n
フェトプロテイン,ふぇとぷろていん,wnja:15033662-n
フェニルアラニン,ふぇにるあらにん,wnja:14981579-n
フェニルブタゾン,ふぇにるぶたぞん,wnja:03922722-n
フェンシクリジン,ふぇんしくりじん,wnja:03921499-n
フェースパウダー,ふぇーすぱうだー,wnja:03314780-n
フォックステリア,ふぉっくすてりあ,wnja:02095050-n
フォトグラファー,ふぉとぐらふぁー,wnja:10426749-n
フォーメイション,ふぉーめいしょん,wnja:08426461-n
フォーメーション,ふぉーめーしょん,wnja:00925207-n
フォールディング,ふぉーるでぃんぐ,wnja:13569226-n
フラッシュバック,ふらっしゅばっく,wnja:06401526-n
フラッシュランプ,ふらっしゅらんぷ,wnja:03358172-n
フランクフルター,ふらんくふるたー,wnja:07675627-n
フリーマーケット,ふりーまーけっと,wnja:08571898-n
フルオロウラシル,ふるおろうらしる,wnja:03370821-n
フルーツカクテル,ふるーつかくてる,wnja:07581931-n
フルーツジュース,ふるーつじゅーす,wnja:07924033-n
フレキシビリティ,ふれきしびりてぃ,wnja:04659287-n
フレンチトースト,ふれんちとーすと,wnja:07868200-n
ブラインドサイド,ぶらいんどさいど,wnja:08649873-n
ブラインドデート,ぶらいんどでーと,wnja:08385490-n
ブラックペッパー,ぶらっくぺっぱー,wnja:13149506-n
ブラックユーモア,ぶらっくゆーもあ,wnja:07068133-n
ブロックバスター,ぶろっくばすたー,wnja:00064151-n
プライオリティー,ぷらいおりてぃー,wnja:05047279-n
プライマリーケア,ぷらいまりーけあ,wnja:00656033-n
プラグマティズム,ぷらぐまてぃずむ,wnja:05151869-n
プラスターボード,ぷらすたーぼーど,wnja:03957762-n
プラスモディウム,ぷらすもでぃうむ,wnja:01424420-n
プラットフォーム,ぷらっとふぉーむ,wnja:03962685-n
プランテーション,ぷらんてーしょん,wnja:13252513-n
プリマバレリーナ,ぷりまばれりーな,wnja:10471640-n
プルークボーゲン,ぷるーくぼーげん,wnja:04252225-n
プレーリードッグ,ぷれーりーどっぐ,wnja:02359324-n
プロトケラトプス,ぷろとけらとぷす,wnja:01704103-n
プロバビリティー,ぷろばびりてぃー,wnja:04756172-n
プロパンジオール,ぷろぱんじおーる,wnja:14852003-n
プロレタリアート,ぷろれたりあーと,wnja:08180639-n
ヘッドクォーター,へっどくぉーたー,wnja:03504723-n
ヘッドクオーター,へっどくおーたー,wnja:03504723-n
ベンゾジアゼピン,べんぞじあぜぴん,wnja:02830852-n
ホイップクリーム,ほいっぷくりーむ,wnja:07621388-n
ホスピタリティー,ほすぴたりてぃー,wnja:06631506-n
ホモセクシュアル,ほもせくしゅある,wnja:10122645-n
ホルムアルデヒド,ほるむあるでひど,wnja:14873196-n
ホワイトペッパー,ほわいとぺっぱー,wnja:07815956-n
ホームグラウンド,ほーむぐらうんど,wnja:08580583-n
ホームストレッチ,ほーむすとれっち,wnja:03529740-n
ホームバンキング,ほーむばんきんぐ,wnja:01100491-n
ボディーチェック,ぼでぃーちぇっく,wnja:00946060-n
ボールベアリング,ぼーるべありんぐ,wnja:02780315-n
ポックスウイルス,ぽっくすういるす,wnja:01333731-n
ポピュラリティー,ぽぴゅらりてぃー,wnja:04808639-n
ポピュレーション,ぽぴゅれーしょん,wnja:13779804-n
ポラロイドカメラ,ぽらろいどかめら,wnja:03976467-n
ポルノグラフィー,ぽるのぐらふぃー,wnja:00747215-n
ポーカーフェイス,ぽーかーふぇいす,wnja:04680133-n
ポーカーフェース,ぽーかーふぇーす,wnja:04680133-n
マイクロセカンド,まいくろせかんど,wnja:15236176-n
マイクロフィルム,まいくろふぃるむ,wnja:03759432-n
マイクロメーター,まいくろめーたー,wnja:03759661-n
マイグレーション,まいぐれーしょん,wnja:01123095-n
マウンテンゴリラ,まうんてんごりら,wnja:02481366-n
マウンテンバイク,まうんてんばいく,wnja:03792782-n
マスタードソース,ますたーどそーす,wnja:07838905-n
マスターファイル,ますたーふぁいる,wnja:06509902-n
マッキントッシュ,まっきんとっしゅ,wnja:07740954-n
マニュスクリプト,まにゅすくりぷと,wnja:06406979-n
マルチプロセッサ,まるちぷろせっさ,wnja:03799240-n
マルティメディア,まるてぃめでぃあ,wnja:06261744-n
マーカンチリズム,まーかんちりずむ,wnja:08367339-n
マーキュロクロム,まーきゅろくろむ,wnja:03748002-n
マーケッティング,まーけってぃんぐ,wnja:01112420-n
ミニッツステーキ,みにっつすてーき,wnja:07658580-n
ミュージッシャン,みゅーじっしゃん,wnja:10339966-n
メインストリート,めいんすとりーと,wnja:03712729-n
メインディッシュ,めいんでぃっしゅ,wnja:07579688-n
メタンフェタミン,めたんふぇたみん,wnja:03754295-n
メチルアルコール,めちるあるこーる,wnja:14687818-n
メトトレキサート,めととれきさーと,wnja:03755712-n
メトロニダゾール,めとろにだぞーる,wnja:03757428-n
メルカプトプリン,めるかぷとぷりん,wnja:03748456-n
メープルシロップ,めーぷるしろっぷ,wnja:07860447-n
メーンストリート,めーんすとりーと,wnja:03712729-n
モジュレーション,もじゅれーしょん,wnja:06281295-n
モルトウイスキー,もるとういすきー,wnja:07907548-n
モーターサイクル,もーたーさいくる,wnja:03790512-n
モーニングコール,もーにんぐこーる,wnja:06274546-n
ユニオンショップ,ゆにおんしょっぷ,wnja:08235173-n
ユニバーシティー,ゆにばーしてぃー,wnja:04511002-n
ユニヴァーシティ,ゆにゔぁーしてぃ,wnja:04511002-n
ユーティリティー,ゆーてぃりてぃー,wnja:05138208-n
ユートピアニズム,ゆーとぴあにずむ,wnja:06221323-n
ライトモティーフ,らいともてぃーふ,wnja:07028797-n
ライフジャケット,らいふじゃけっと,wnja:03662887-n
ライフヒストリー,らいふひすとりー,wnja:06515827-n
ラインプリンター,らいんぷりんたー,wnja:03672827-n
ラウドスピーカー,らうどすぴーかー,wnja:03691459-n
ラグランスリーブ,らぐらんすりーぶ,wnja:04046400-n
ラストワンマイル,らすとわんまいる,wnja:00291286-n
ランソプラゾール,らんそぷらぞーる,wnja:14777277-n
ランタイムエラー,らんたいむえらー,wnja:07300316-n
ランダムウォーク,らんだむうぉーく,wnja:13545973-n
ランチョンマット,らんちょんまっと,wnja:03952886-n
リクリエーション,りくりえーしょん,wnja:00401783-n
リップスティック,りっぷすてぃっく,wnja:03676483-n
リバタリアニズム,りばたりあにずむ,wnja:06219185-n
リラクセーション,りらくせーしょん,wnja:01064148-n
リラクゼーション,りらくぜーしょん,wnja:01064148-n
レギュレーション,れぎゅれーしょん,wnja:05846054-n
レクリェーション,れくりぇーしょん,wnja:00401783-n
レクリエーション,れくりえーしょん,wnja:00401783-n
レゾリューション,れぞりゅーしょん,wnja:11505769-n
レチタティーヴォ,れちたてぃーゔぉ,wnja:07087346-n
レバーソーセージ,ればーそーせーじ,wnja:07677360-n
レボリューション,れぼりゅーしょん,wnja:00962722-n
レーザープリンタ,れーざーぷりんた,wnja:03643737-n
レーダービーコン,れーだーびーこん,wnja:07263897-n
ロジスティックス,ろじすてぃっくす,wnja:01060745-n
ロッキングチェア,ろっきんぐちぇあ,wnja:04099969-n
ロマンティシズム,ろまんてぃしずむ,wnja:05152902-n
ロードデンドロン,ろーどでんどろん,wnja:12244153-n
ローラースケート,ろーらーすけーと,wnja:00448958-n
ロールプレイング,ろーるぷれいんぐ,wnja:00552097-n
ワイドスクリーン,わいどすくりーん,wnja:04583776-n
ヴァイオリニスト,ゔぁいおりにすと,wnja:10754578-n
ヴァイタリティー,ゔぁいたりてぃー,wnja:04633453-n
ヴァリエーション,ゔぁりえーしょん,wnja:05840650-n
ヴォキャブラリー,ゔぉきゃぶらりー,wnja:05651242-n
匂いあらせいとう,においあらせいとう,wnja:11887119-n
筋ジストロフィー,すじじすとろふぃー,wnja:14160365-n
重炭酸ナトリウム,じゅうたんさんなとりうむ,wnja:14775995-n
みなみのさんかく座,みなみのさんかくざ,wnja:09461864-n
アイスランドポピー,あいすらんどぽぴー,wnja:11901294-n
アイソメトリックス,あいそめとりっくす,wnja:00627849-n
アイデンティティー,あいでんてぃてぃー,wnja:04618070-n
アイボリーブラック,あいぼりーぶらっく,wnja:14918883-n
アインスタイニウム,あいんすたいにうむ,wnja:14636822-n
アカウンタビリティ,あかうんたびりてぃ,wnja:04669828-n
アグロバクテリウム,あぐろばくてりうむ,wnja:01354724-n
アスレチッククラブ,あすれちっくくらぶ,wnja:03472112-n
アセトアミノフェン,あせとあみのふぇん,wnja:02674482-n
アゼルバイジャン人,あぜるばいじゃんじん,wnja:06927007-n
アドバタイズメント,あどばたいずめんと,wnja:01101329-n
アルゼンチンタンゴ,あるぜんちんたんご,wnja:00537423-n
アレキサンドライト,あれきさんどらいと,wnja:14715679-n
アンプリファイアー,あんぷりふぁいあー,wnja:02705944-n
アートディレクター,あーとでぃれくたー,wnja:09811281-n
イソチオシアネート,いそちおしあねーと,wnja:15033367-n
イソプロテレノール,いそぷろてれのーる,wnja:03587874-n
イラストレーション,いらすとれーしょん,wnja:03561345-n
インシュレーション,いんしゅれーしょん,wnja:01202029-n
インストゥルメント,いんすとぅるめんと,wnja:03800933-n
インストラクション,いんすとらくしょん,wnja:06584891-n
インスピレーション,いんすぴれーしょん,wnja:01261845-n
インターナショナル,いんたーなしょなる,wnja:08366071-n
インテグレーション,いんてぐれーしょん,wnja:00871418-n
インテリアデザイン,いんてりあでざいん,wnja:00608354-n
インディペンデンス,いんでぃぺんでんす,wnja:09106770-n
インディペンデント,いんでぃぺんでんと,wnja:10110421-n
イントロダクション,いんとろだくしょん,wnja:00240184-n
インパクトプリンタ,いんぱくとぷりんた,wnja:03563200-n
インフォメーション,いんふぉめーしょん,wnja:06634376-n
インプリケーション,いんぷりけーしょん,wnja:05920791-n
インヴェストメント,いんゔぇすとめんと,wnja:01099436-n
ウインドブレーカー,ういんどぶれーかー,wnja:03589791-n
ウェディングドレス,うぇでぃんぐどれす,wnja:02898585-n
ウェディングリング,うぇでぃんぐりんぐ,wnja:04569338-n
ウエディングケーキ,うえでぃんぐけーき,wnja:07632802-n
ウエディングドレス,うえでぃんぐどれす,wnja:02898585-n
ウエディングリング,うえでぃんぐりんぐ,wnja:04569338-n
ウォータークーラー,うぉーたーくーらー,wnja:04559166-n
ウォーターシュート,うぉーたーしゅーと,wnja:04558199-n
ウォーターフロント,うぉーたーふろんと,wnja:08633683-n
ウォータープルーフ,うぉーたーぷるーふ,wnja:04049405-n
エクスプレッション,えくすぷれっしょん,wnja:06880249-n
エクスプロージョン,えくすぷろーじょん,wnja:00377364-n
エクスペディション,えくすぺでぃしょん,wnja:00309647-n
エスノセントリズム,えすのせんとりずむ,wnja:06201667-n
エチレングリコール,えちれんぐりこーる,wnja:14851850-n
エドモントサウルス,えどもんとさうるす,wnja:01707000-n
エモーショナリズム,えもーしょなりずむ,wnja:04626280-n
エンタテインメント,えんたていんめんと,wnja:00429048-n
エンターテイメント,えんたーていめんと,wnja:00429048-n
エンフォースメント,えんふぉーすめんと,wnja:01127019-n
エヴァンジェリスト,えゔぁんじぇりすと,wnja:10067011-n
エヴォリューション,えゔぉりゅーしょん,wnja:13464820-n
オオサンショウウオ,おおさんしょううお,wnja:01633781-n
オキシヘモグロビン,おきしへもぐろびん,wnja:15024773-n
オブストラクション,おぶすとらくしょん,wnja:00562280-n
オリエンテーション,おりえんてーしょん,wnja:00891512-n
オーガニゼイション,おーがにぜいしょん,wnja:01008378-n
オーガニゼーション,おーがにぜーしょん,wnja:01008378-n
オーディオメーター,おーでぃおめーたー,wnja:02757337-n
オートチェンジャー,おーとちぇんじゃー,wnja:04063154-n
オーナードライバー,おーなーどらいばー,wnja:10389760-n
オーバーアクション,おーばーあくしょん,wnja:00551585-n
カウンターアタック,かうんたーあたっく,wnja:00978173-n
カクテルパーティー,かくてるぱーてぃー,wnja:07448608-n
カルチャーショック,かるちゃーしょっく,wnja:05684249-n
キャタストロフィー,きゃたすとろふぃー,wnja:07314838-n
キャンプファイヤー,きゃんぷふぁいやー,wnja:07303585-n
キロボルトアンペア,きろぼるとあんぺあ,wnja:13645331-n
クリアリングハウス,くりありんぐはうす,wnja:08055516-n
クロスレファレンス,くろすれふぁれんす,wnja:06764867-n
クロスワードパズル,くろすわーどぱずる,wnja:06785654-n
クロマトグラフィー,くろまとぐらふぃー,wnja:13448778-n
クロールプロマジン,くろーるぷろまじん,wnja:03023175-n
グラウンドキーパー,ぐらうんどきーぱー,wnja:10148663-n
グリセルアルデヒド,ぐりせるあるでひど,wnja:14884820-n
コッカースパニエル,こっかーすぱにえる,wnja:02102318-n
コマンドプロンプト,こまんどぷろんぷと,wnja:06280604-n
コマーシャルアート,こまーしゃるあーと,wnja:03076298-n
コミニュケーション,こみにゅけーしょん,wnja:00033020-n
コミュニケイション,こみゅにけいしょん,wnja:00033020-n
コミュニケーション,こみゅにけーしょん,wnja:00033020-n
コリンエステラーゼ,こりんえすてらーぜ,wnja:14735822-n
コルチコステロイド,こるちこすてろいど,wnja:14751417-n
コンサルテーション,こんさるてーしょん,wnja:01264050-n
コンシューマリズム,こんしゅーまりずむ,wnja:00799409-n
コンディショニング,こんでぃしょにんぐ,wnja:05752921-n
コントラファゴット,こんとらふぁごっと,wnja:03096439-n
コントロールタワー,こんとろーるたわー,wnja:03098959-n
コントロールパネル,こんとろーるぱねる,wnja:03098140-n
コンパクトディスク,こんぱくとでぃすく,wnja:03079230-n
コンパチビリティー,こんぱちびりてぃー,wnja:04712735-n
コンピューティング,こんぴゅーてぃんぐ,wnja:06128570-n
コーディネイション,こーでぃねいしょん,wnja:00807273-n
コーディネーション,こーでぃねーしょん,wnja:00807273-n
ゴクラクチョウカ科,ごくらくちょうかか,wnja:12354068-n
サイバネティックス,さいばねてぃっくす,wnja:06142598-n
サウンドエフェクト,さうんどえふぇくと,wnja:05917869-n
サラダドレッシング,さらだどれっしんぐ,wnja:07832902-n
サルファダイアジン,さるふぁだいあじん,wnja:04351936-n
サンプリング周波数,さんぷりんぐしゅうはすう,wnja:15285279-n
サーロインステーキ,さーろいんすてーき,wnja:07659684-n
シクロヘキサノール,しくろへきさのーる,wnja:14827763-n
システムアナリスト,しすてむあなりすと,wnja:10687728-n
システムプログラム,しすてむぷろぐらむ,wnja:06580646-n
シベリアンハスキー,しべりあんはすきー,wnja:02110185-n
シュールレアリスト,しゅーるれありすと,wnja:10679845-n
シュールレアリスム,しゅーるれありすむ,wnja:08470210-n
ショッピングカート,しょっぴんぐかーと,wnja:04204347-n
ショッピングバッグ,しょっぴんぐばっぐ,wnja:04204081-n
ショッピングモール,しょっぴんぐもーる,wnja:03965456-n
ショートストーリー,しょーとすとーりー,wnja:06371999-n
ジアセチルモルヒネ,じあせちるもるひね,wnja:03516011-n
ジェットコースター,じぇっとこーすたー,wnja:04102406-n
ジェロントクラシー,じぇろんとくらしー,wnja:08361720-n
ジデオキシイノシン,じでおきしいのしん,wnja:03190897-n
ジメンヒドリナート,じめんひどりなーと,wnja:03198951-n
ジャイアントパンダ,じゃいあんとぱんだ,wnja:02510455-n
スコッチウイスキー,すこっちういすきー,wnja:07907548-n
スタグフレーション,すたぐふれーしょん,wnja:13560738-n
スティラコサウルス,すてぃらこさうるす,wnja:01704626-n
ステンレススチール,すてんれすすちーる,wnja:14802921-n
ステージエフェクト,すてーじえふぇくと,wnja:05918171-n
ステージマネジャー,すてーじまねじゃー,wnja:10645611-n
ストレプトマイシン,すとれぷとまいしん,wnja:04336380-n
スピリチュアリズム,すぴりちゅありずむ,wnja:05951969-n
スピーカーシステム,すぴーかーしすてむ,wnja:03691459-n
スピーカーユニット,すぴーかーゆにっと,wnja:03691459-n
スペキュレーション,すぺきゅれーしょん,wnja:13342692-n
スポークスパーソン,すぽーくすぱーそん,wnja:10638385-n
スポーツキャスター,すぽーつきゃすたー,wnja:10639637-n
スポーツジャケット,すぽーつじゃけっと,wnja:02850358-n
スポーツマンシップ,すぽーつまんしっぷ,wnja:04839555-n
スルファニルアミド,するふぁにるあみど,wnja:04352759-n
スーパーマーケット,すーぱーまーけっと,wnja:03176763-n
セクシュアリティー,せくしゅありてぃー,wnja:05006898-n
センチメンタリスト,せんちめんたりすと,wnja:10579676-n
ソーシャルワーカー,そーしゃるわーかー,wnja:10620027-n
ダイニングテーブル,だいにんぐてーぶる,wnja:03201208-n
チェーンスモーカー,ちぇーんすもーかー,wnja:09905697-n
ティッシュペーパー,てぃっしゅぺーぱー,wnja:14928008-n
ティーンエイジャー,てぃーんえいじゃー,wnja:09772029-n
ティーンエージャー,てぃーんえーじゃー,wnja:09772029-n
テレカンファレンス,てれかんふぁれんす,wnja:07145958-n
テレマーケティング,てれまーけてぃんぐ,wnja:01116026-n
ディスクジョッキー,でぃすくじょっきー,wnja:10017272-n
ディスクロージャー,でぃすくろーじゃー,wnja:07213395-n
ディナーパーティー,でぃなーぱーてぃー,wnja:08253815-n
ディベルティメント,でぃべるてぃめんと,wnja:07042586-n
ディーゼルエンジン,でぃーぜるえんじん,wnja:03193107-n
デスティネーション,ですてぃねーしょん,wnja:05981768-n
デバリュエーション,でばりゅえーしょん,wnja:00353992-n
デモンストレーター,でもんすとれーたー,wnja:10002760-n
データプロセシング,でーたぷろせしんぐ,wnja:13455487-n
トイレットペーパー,といれっとぺーぱー,wnja:15075141-n
トニックウォーター,とにっくうぉーたー,wnja:07929172-n
トニックウオーター,とにっくうおーたー,wnja:07929172-n
トランスミッション,とらんすみっしょん,wnja:04472243-n
トランスレーション,とらんすれーしょん,wnja:06536389-n
トリニトロトルエン,とりにとろとるえん,wnja:04442143-n
トロンボプラスチン,とろんぼぷらすちん,wnja:15071035-n
ドライクリーニング,どらいくりーにんぐ,wnja:00252169-n
ニッカーボッカーズ,にっかーぼっかーず,wnja:02896442-n
ニュースキャスター,にゅーすきゃすたー,wnja:10356344-n
ネオコロニアリズム,ねおころにありずむ,wnja:00426757-n
ノベライゼーション,のべらいぜーしょん,wnja:00931453-n
ハンガーストライキ,はんがーすとらいき,wnja:01242962-n
ハンバーグステーキ,はんばーぐすてーき,wnja:07664121-n
バイオテクノロジー,ばいおてくのろじー,wnja:06126761-n
バニシングクリーム,ばにしんぐくりーむ,wnja:03067339-n
バレンシアオレンジ,ばれんしあおれんじ,wnja:07749312-n
バーベキューソース,ばーべきゅーそーす,wnja:07835331-n
パッションフルーツ,ぱっしょんふるーつ,wnja:07753743-n
パネルヒーティング,ぱねるひーてぃんぐ,wnja:03882430-n
パフィオペディルム,ぱふぃおぺでぃるむ,wnja:12075495-n
パブリックスクール,ぱぶりっくすくーる,wnja:08410282-n
パワーステアリング,ぱわーすてありんぐ,wnja:03996849-n
パーキングメーター,ぱーきんぐめーたー,wnja:03891332-n
パーソナルチェック,ぱーそなるちぇっく,wnja:13383289-n
パーマネントプレス,ぱーまねんとぷれす,wnja:03917814-n
ビスコースレーヨン,びすこーすれーよん,wnja:04538403-n
ビネグレットソース,びねぐれっとそーす,wnja:07833816-n
ビブリオグラフィー,びぶりおぐらふぃー,wnja:06486630-n
ビューティーサロン,びゅーてぃーさろん,wnja:04131208-n
ビリヤードテーブル,びりやーどてーぶる,wnja:03982430-n
ビーフストロガノフ,びーふすとろがのふ,wnja:07878145-n
ピッチングウエッジ,ぴっちんぐうえっじ,wnja:03950537-n
ファイアーウオール,ふぁいあーうおーる,wnja:03348142-n
ファイバースコープ,ふぁいばーすこーぷ,wnja:03332005-n
ファッションモデル,ふぁっしょんもでる,wnja:10291240-n
フィットネスクラブ,ふぃっとねすくらぶ,wnja:03506370-n
フェノバルビタール,ふぇのばるびたーる,wnja:04256152-n
フォックスハウンド,ふぉっくすはうんど,wnja:02089555-n
フォトモンタージュ,ふぉともんたーじゅ,wnja:03927201-n
フラストレーション,ふらすとれーしょん,wnja:07518663-n
フラッシュオーバー,ふらっしゅおーばー,wnja:11454470-n
フルルビプロフェン,ふるるびぷろふぇん,wnja:03371532-n
フレキシビリティー,ふれきしびりてぃー,wnja:04659287-n
フロッピーディスク,ふろっぴーでぃすく,wnja:03209910-n
ブラックコメディー,ぶらっくこめでぃー,wnja:07015841-n
ブレストストローク,ぶれすとすとろーく,wnja:00571060-n
ブロードキャスター,ぶろーどきゃすたー,wnja:09875786-n
プレゼンテーション,ぷれぜんてーしょん,wnja:06891022-n
プロスタグランジン,ぷろすたぐらんじん,wnja:05414931-n
プロスティテュート,ぷろすてぃてゅーと,wnja:10485440-n
プロトアクチニウム,ぷろとあくちにうむ,wnja:14651708-n
プロムナードデッキ,ぷろむなーどでっき,wnja:03549732-n
ベーキングパウダー,べーきんぐぱうだー,wnja:14772461-n
ペントキシフィリン,ぺんときしふぃりん,wnja:03913437-n
ポーラログラフィー,ぽーらろぐらふぃー,wnja:00647147-n
マイクロプロセッサ,まいくろぷろせっさ,wnja:03760310-n
マクロビオティック,まくろびおてぃっく,wnja:07564515-n
マスターベーション,ますたーべーしょん,wnja:00855674-n
マニュファクチャー,まにゅふぁくちゃー,wnja:00923444-n
マーカンティリズム,まーかんてぃりずむ,wnja:08367339-n
マーケットプライス,まーけっとぷらいす,wnja:13337322-n
マーチャンダイザー,まーちゃんだいざー,wnja:10309896-n
ミニコンピューター,みにこんぴゅーたー,wnja:03770224-n
ミネラルウォーター,みねらるうぉーたー,wnja:07936745-n
ミネラルウオーター,みねらるうおーたー,wnja:07936745-n
モータリゼーション,もーたりぜーしょん,wnja:00102927-n
ユニフォーミティー,ゆにふぉーみてぃー,wnja:04745370-n
ヨークシャーテリア,よーくしゃーてりあ,wnja:02094433-n
ライティングデスク,らいてぃんぐですく,wnja:04608329-n
リハビリテイション,りはびりていしょん,wnja:00700260-n
リハビリテーション,りはびりてーしょん,wnja:00700260-n
リフレッシュメント,りふれっしゅめんと,wnja:00401783-n
リモートターミナル,りもーとたーみなる,wnja:04075291-n
レコードプレイヤー,れこーどぷれいやー,wnja:04064401-n
レコードプレーヤー,れこーどぷれーやー,wnja:04064401-n
レセプションルーム,れせぷしょんるーむ,wnja:04061793-n
レフレックスカメラ,れふれっくすかめら,wnja:04069434-n
レンジファインダー,れんじふぁいんだー,wnja:04053508-n
レーザープリンター,れーざーぷりんたー,wnja:03643737-n
ロックミュージック,ろっくみゅーじっく,wnja:07064715-n
ワンダーフォーゲル,わんだーふぉーげる,wnja:00288970-n
ワークステーション,わーくすてーしょん,wnja:04603399-n
汎用コンピューター,はんようこんぴゅーたー,wnja:03711711-n
積極的差別是正措置,せっきょくてきさべつぜせいそち,wnja:06659685-n
アイスクリームソーダ,あいすくりーむそーだ,wnja:07923034-n
アイリッシュコーヒー,あいりっしゅこーひー,wnja:07919441-n
アイリッシュシチュー,あいりっしゅしちゅー,wnja:07591049-n
アカウンタビリティー,あかうんたびりてぃー,wnja:04669828-n
アナログコンピュータ,あなろぐこんぴゅーた,wnja:02708224-n
アブセンティーイズム,あぶせんてぃーいずむ,wnja:01234528-n
アブソリューティズム,あぶそりゅーてぃずむ,wnja:06213688-n
イグニッションコイル,いぐにっしょんこいる,wnja:03560860-n
イングリッシュホルン,いんぐりっしゅほるん,wnja:03288742-n
インスタントコーヒー,いんすたんとこーひー,wnja:07920663-n
インターネットカフェ,いんたーねっとかふぇ,wnja:03155178-n
インテリアデザイナー,いんてりあでざいなー,wnja:10210648-n
インデックスファンド,いんでっくすふぁんど,wnja:08071756-n
インフォーメーション,いんふぉーめーしょん,wnja:06634376-n
インプロビゼーション,いんぷろびぜーしょん,wnja:00099588-n
ウインナーソーセージ,ういんなーそーせーじ,wnja:07676855-n
ウェイティングルーム,うぇいてぃんぐるーむ,wnja:03691817-n
ウエイティングルーム,うえいてぃんぐるーむ,wnja:03691817-n
ウエーティングルーム,うえーてぃんぐるーむ,wnja:03691817-n
ウォータージャケット,うぉーたーじゃけっと,wnja:04560619-n
エアコンディショナー,えあこんでぃしょなー,wnja:02686379-n
エアロダイナミックス,えあろだいなみっくす,wnja:06114351-n
エキシビションゲーム,えきしびしょんげーむ,wnja:00456899-n
エキジビションゲーム,えきじびしょんげーむ,wnja:00456899-n
エスタブリシュメント,えすたぶりしゅめんと,wnja:08053576-n
エンサイクロペディア,えんさいくろぺでぃあ,wnja:06427387-n
エンターテインメント,えんたーていんめんと,wnja:00429048-n
オイルペインティング,おいるぺいんてぃんぐ,wnja:03844349-n
オーガナイゼーション,おーがないぜーしょん,wnja:01008378-n
オーケストレーション,おーけすとれーしょん,wnja:01008801-n
オーストラロピテクス,おーすとらろぴてくす,wnja:02475821-n
オープンサンドイッチ,おーぷんさんどいっち,wnja:07696977-n
カイロプラクティック,かいろぷらくてぃっく,wnja:00707967-n
キャッシュレジスター,きゃっしゅれじすたー,wnja:02977438-n
キャンドルスティック,きゃんどるすてぃっく,wnja:02948557-n
クリエーティビティー,くりえーてぃびてぃー,wnja:05624700-n
クリスマスプレゼント,くりすますぷれぜんと,wnja:13269186-n
クロラムフェニコール,くろらむふぇにこーる,wnja:03021858-n
クロルジアゼポキシド,くろるじあぜぽきしど,wnja:03022041-n
グラフィックデザイン,ぐらふぃっくでざいん,wnja:06999045-n
グリーティングカード,ぐりーてぃんぐかーど,wnja:06627450-n
コミュニティセンター,こみゅにてぃせんたー,wnja:03078506-n
コレカルシフェロール,これかるしふぇろーる,wnja:15092227-n
コンセントレーション,こんせんとれーしょん,wnja:05650579-n
コンチネンタルプラン,こんちねんたるぷらん,wnja:13416106-n
コンビニエンスストア,こんびにえんすすとあ,wnja:03099274-n
コンピュータウィルス,こんぴゅーたうぃるす,wnja:06585816-n
コンフィグレーション,こんふぃぐれーしょん,wnja:05731779-n
コンフェクショナリー,こんふぇくしょなりー,wnja:03089624-n
サイトメガロウイルス,さいとめがろういるす,wnja:01339801-n
サティスファクション,さてぃすふぁくしょん,wnja:01072565-n
サービスステーション,さーびすすてーしょん,wnja:03425092-n
シェービングクリーム,しぇーびんぐくりーむ,wnja:04186051-n
シェービングフォーム,しぇーびんぐふぉーむ,wnja:04186268-n
ショックアブソーバー,しょっくあぶそーばー,wnja:04198797-n
ショッピングセンター,しょっぴんぐせんたー,wnja:03965456-n
ジャズフェスティバル,じゃずふぇすてぃばる,wnja:00518039-n
スクリュードライバー,すくりゅーどらいばー,wnja:04154565-n
スタティスティックス,すたてぃすてぃっくす,wnja:06018465-n
スタンプコレクション,すたんぷこれくしょん,wnja:01016420-n
ステージマネージャー,すてーじまねーじゃー,wnja:10645611-n
センセーショナリズム,せんせーしょなりずむ,wnja:07247602-n
ゼネラルマネージャー,ぜねらるまねーじゃー,wnja:10125697-n
チェスターフィールド,ちぇすたーふぃーるど,wnja:10895073-n
チェックアウトタイム,ちぇっくあうとたいむ,wnja:15181282-n
テイクオーバービッド,ていくおーばーびっど,wnja:00790347-n
テトラクロロエチレン,てとらくろろえちれん,wnja:04416338-n
ディスカウントストア,でぃすかうんとすとあ,wnja:03206405-n
ディスプレースメント,でぃすぷれーすめんと,wnja:00330984-n
デモンストレーション,でもんすとれーしょん,wnja:01177703-n
トランスクリプション,とらんすくりぷしょん,wnja:04470605-n
トランスペアレンシー,とらんすぺあれんしー,wnja:04702127-n
トレーシングペーパー,とれーしんぐぺーぱー,wnja:15077109-n
トレーディングカード,とれーでぃんぐかーど,wnja:04465795-n
ドキュメンテーション,どきゅめんてーしょん,wnja:00154433-n
ナショナリゼーション,なしょなりぜーしょん,wnja:01151788-n
ナチュラルサイエンス,なちゅらるさいえんす,wnja:06000400-n
ネイティブスピーカー,ねいてぃぶすぴーかー,wnja:10631131-n
ハンググライディング,はんぐぐらいでぃんぐ,wnja:00303748-n
ハーモナイゼーション,はーもないぜーしょん,wnja:01253778-n
バキュームクリーナー,ばきゅーむくりーなー,wnja:04517823-n
バードサンクチュアリ,ばーどさんくちゅあり,wnja:02763604-n
パンクチュエーション,ぱんくちゅえーしょん,wnja:06841365-n
パンティストッキング,ぱんてぃすとっきんぐ,wnja:03885904-n
ヒドロクロロチアジド,ひどろくろろちあじど,wnja:03552169-n
ヒナノシャクジョウ科,ひなのしゃくじょうか,wnja:12087207-n
ヒューマニゼーション,ひゅーまにぜーしょん,wnja:00264775-n
ビデオテープレコーダ,びでおてーぷれこーだ,wnja:04533802-n
ファイリングシステム,ふぁいりんぐしすてむ,wnja:05732614-n
フェノールフタレイン,ふぇのーるふたれいん,wnja:03922109-n
フライトコントロール,ふらいとこんとろーる,wnja:00804535-n
フラグメンテーション,ふらぐめんてーしょん,wnja:13484303-n
フレンチドレッシング,ふれんちどれっしんぐ,wnja:07833816-n
ブレインストーミング,ぶれいんすとーみんぐ,wnja:01203277-n
プレートテクトニクス,ぷれーとてくとにくす,wnja:06118370-n
プロテスタンティズム,ぷろてすたんてぃずむ,wnja:06228549-n
ベンチャーキャピタル,べんちゃーきゃぴたる,wnja:13354260-n
ベンディングマシーン,べんでぃんぐましーん,wnja:04525305-n
ペンタエリトリトール,ぺんたえりとりとーる,wnja:03912328-n
マイクロコンピュータ,まいくろこんぴゅーた,wnja:03918480-n
マイクロサージェリー,まいくろさーじぇりー,wnja:00684988-n
マイクロプロセッサー,まいくろぷろせっさー,wnja:03760310-n
マーケティングコスト,まーけてぃんぐこすと,wnja:13302621-n
モディフィケーション,もでぃふぃけーしょん,wnja:00199707-n
ユーザインタフェース,ゆーざいんたふぇーす,wnja:06575227-n
ランダムサンプリング,らんだむさんぷりんぐ,wnja:00162055-n
リクライニングチェア,りくらいにんぐちぇあ,wnja:04062428-n
リコンストラクション,りこんすとらくしょん,wnja:00269258-n
リズムアンドブルース,りずむあんどぶるーす,wnja:07064315-n
リードオンリーメモリ,りーどおんりーめもり,wnja:04058239-n
ワンルームマンション,わんるーむまんしょん,wnja:04344734-n
ワールドワイドウェブ,わーるどわいどうぇぶ,wnja:04604276-n
後天性免疫不全症候群,こうてんせいめんえきふぜんしょうこうぐん,wnja:14127782-n
アコースティックギター,あこーすてぃっくぎたー,wnja:02676566-n
アナログコンピューター,あなろぐこんぴゅーたー,wnja:02708224-n
アメリカナイゼーション,あめりかないぜーしょん,wnja:13429888-n
アメリカンフットボール,あめりかんふっとぼーる,wnja:00469651-n
インクジェットプリンタ,いんくじぇっとぷりんた,wnja:03571942-n
インスティチューション,いんすてぃちゅーしょん,wnja:03574555-n
インターオペラビリティ,いんたーおぺらびりてぃ,wnja:05200816-n
インターナショナリスト,いんたーなしょなりすと,wnja:10211830-n
インディビジュアリズム,いんでぃびじゅありずむ,wnja:05963101-n
エアコンディショニング,えあこんでぃしょにんぐ,wnja:02686379-n
エスタブリッシュメント,えすたぶりっしゅめんと,wnja:08053576-n
エルゴカルシフェロール,えるごかるしふぇろーる,wnja:15092227-n
オキシテトラサイクリン,おきしてとらさいくりん,wnja:03869389-n
クォーテーションマーク,くぉーてーしょんまーく,wnja:06844199-n
クロロフルオロカーボン,くろろふるおろかーぼん,wnja:14603497-n
グラフィックデザイナー,ぐらふぃっくでざいなー,wnja:10144055-n
コミュニティーカレッジ,こみゅにてぃーかれっじ,wnja:08282542-n
コンクリートジャングル,こんくりーとじゃんぐる,wnja:08509251-n
コンスティチューション,こんすてぃちゅーしょん,wnja:06533648-n
コンピュータサイエンス,こんぴゅーたさいえんす,wnja:06128570-n
コンピューターウイルス,こんぴゅーたーういるす,wnja:06585816-n
コンピューター援用設計,こんぴゅーたーえんようせっけい,wnja:06567689-n
コンフィギュレーション,こんふぃぎゅれーしょん,wnja:05731779-n
サイエンスフィクション,さいえんすふぃくしょん,wnja:06368628-n
ジフェニルヒダントイン,じふぇにるひだんといん,wnja:03203441-n
スパーリングパートナー,すぱーりんぐぱーとなー,wnja:10629939-n
スルファメトキサゾール,するふぁめときさぞーる,wnja:04352580-n
セクシャルハラスメント,せくしゃるはらすめんと,wnja:00425781-n
テレコミュニケーション,てれこみゅにけーしょん,wnja:06271778-n
ディスインフレーション,でぃすいんふれーしょん,wnja:13466849-n
ディストリビューション,でぃすとりびゅーしょん,wnja:01083077-n
トランスポーテーション,とらんすぽーてーしょん,wnja:01105259-n
バクテリオクロロフィル,ばくてりおくろろふぃる,wnja:01399065-n
パッケージソフトウェア,ぱっけーじそふとうぇあ,wnja:06566077-n
パネルディスカッション,ぱねるでぃすかっしょん,wnja:07143869-n
パンティーストッキング,ぱんてぃーすとっきんぐ,wnja:03885904-n
パーソナルコンピュータ,ぱーそなるこんぴゅーた,wnja:03918480-n
ヒルビリーミュージック,ひるびりーみゅーじっく,wnja:07062315-n
フラワーアレンジメント,ふらわーあれんじめんと,wnja:03368141-n
ポテンシャルエネルギー,ぽてんしゃるえねるぎー,wnja:11494472-n
ポピュラーミュージック,ぽぴゅらーみゅーじっく,wnja:07059255-n
マイクロコンピューター,まいくろこんぴゅーたー,wnja:03918480-n
マーケティングリサーチ,まーけてぃんぐりさーち,wnja:00640188-n
レコーディングスタジオ,れこーでぃんぐすたじお,wnja:04064107-n
インクジェットプリンター,いんくじぇっとぷりんたー,wnja:03571942-n
インターオペラビリティー,いんたーおぺらびりてぃー,wnja:05200816-n
オキシフェンサイクリミン,おきしふぇんさいくりみん,wnja:03869222-n
オペレーティングシステム,おぺれーてぃんぐしすてむ,wnja:06568134-n
グループディスカッション,ぐるーぷでぃすかっしょん,wnja:07142566-n
トランスフォーメーション,とらんすふぉーめーしょん,wnja:00398704-n
パーソナルコンピューター,ぱーそなるこんぴゅーたー,wnja:03918480-n
フィギュアスケーティング,ふぃぎゅあすけーてぃんぐ,wnja:00448748-n
フランクフルトソーセージ,ふらんくふるとそーせーじ,wnja:07675627-n
メドロキシプロゲステロン,めどろきしぷろげすてろん,wnja:14747168-n
ユーザーインターフェース,ゆーざーいんたーふぇーす,wnja:06575227-n
ランダムアクセスメモリー,らんだむあくせすめもりー,wnja:04052757-n
アイデンティフィケーション,あいでんてぃふぃけーしょん,wnja:00152018-n
カントリーアンドウエスタン,かんとりーあんどうえすたん,wnja:07060440-n
コンピューターネットワーク,こんぴゅーたーねっとわーく,wnja:03085333-n
システムアドミニストレータ,しすてむあどみにすとれーた,wnja:10687516-n
テトラヒドロカンナビノール,てとらひどろかんなびのーる,wnja:04416785-n
デスクトップパブリッシング,ですくとっぷぱぶりっしんぐ,wnja:01102256-n
リレーショナルデータベース,りれーしょなるでーたべーす,wnja:06637973-n
ローカルエリアネットワーク,ろーかるえりあねっとわーく,wnja:03681477-n
オーバーヘッドプロジェクター,おーばーへっどぷろじぇくたー,wnja:03864692-n
ビジュアルコミュニケーション,びじゅあるこみゅにけーしょん,wnja:06873252-n
オートマチックトランスミッション,おーとまちっくとらんすみっしょん,wnja:02761034-n
サウザンドアイランドドレッシング,さうざんどあいらんどどれっしんぐ,wnja:07835173-n
