surface,reading,theme_ids,source_kind,source_ref
キリン,きりん,animal|nature,reviewed,wnja:02439033-n
ギター,ぎたー,instrument|music,reviewed,wnja:03467517-n
クジラ,くじら,animal|nature,reviewed,wnja:02062744-n
熊,くま,animal|nature,auto,wnja:1.1-compatible-roots-v2
公園,こうえん,place_building,auto,wnja:1.1-compatible-roots-v2
コアラ,こあら,animal|nature,reviewed,wnja:01882714-n
コーヒー,こーひー,food,auto,wnja:1.1-compatible-roots-v2
西瓜,すいか,food|plant|fruit,reviewed,manual:user-food-v1
寿司,すし,food,auto,wnja:1.1-compatible-roots-v2
太鼓,たいこ,instrument|music,auto,wnja:1.1-compatible-roots-v2
机,つくえ,daily_tools,auto,wnja:1.1-compatible-roots-v2
トマト,とまと,food|plant|vegetable,reviewed,wnja:07734017-n|wnja:12905817-n
鳥,とり,animal|nature,auto,wnja:1.1-compatible-roots-v2
庭,にわ,place_building,auto,wnja:1.1-compatible-roots-v2
猫,ねこ,animal|nature,auto,wnja:1.1-compatible-roots-v2
鼠,ねずみ,animal|nature,auto,wnja:1.1-compatible-roots-v2
飛行機,ひこうき,vehicle,reviewed,wnja:02686568-n|wnja:02691156-n
船,ふね,vehicle,auto,wnja:1.1-compatible-roots-v2
蛇,へび,animal|nature,auto,wnja:1.1-compatible-roots-v2
帽子,ぼうし,clothing,auto,wnja:1.1-compatible-roots-v2
蜜柑,みかん,food|plant|fruit,reviewed,manual:user-food-v1|wnja:07747055-n|wnja:07747951-n|wnja:07748276-n|wnja:12710577-n
野菜,やさい,food|plant|vegetable,reviewed,wnja:07707451-n
洋服,ようふく,clothing,auto,wnja:1.1-compatible-roots-v2
林檎,りんご,food|plant|fruit,reviewed,manual:user-food-v1|wnja:07739125-n|wnja:07739506-n|wnja:12633638-n
檸檬,れもん,food|fruit,auto,wnja:1.1-compatible-roots-v2
ウサギ,うさぎ,animal,reviewed,wnja:02324045-n
ゴマ,ごま,plant|nature,auto,wnja:1.1-compatible-roots-v2
自転車,じてんしゃ,vehicle,reviewed,wnja:02834778-n|wnja:04026813-n
兄,あに,person_job,auto,wnja:1.1-compatible-roots-v2
夫,おっと,person_job,auto,wnja:1.1-compatible-roots-v2
女,おんな,person_job,auto,wnja:1.1-compatible-roots-v2
妹,いもうと,person_job,auto,wnja:1.1-compatible-roots-v2
姉,あね,person_job,auto,wnja:1.1-compatible-roots-v2
娘,むすめ,person_job,auto,wnja:1.1-compatible-roots-v2
川,かわ,nature|place_building,auto,wnja:1.1-compatible-roots-v2
弟,おとうと,person_job,auto,wnja:1.1-compatible-roots-v2
服,ふく,clothing,auto,wnja:1.1-compatible-roots-v2
男,おとこ,person_job,auto,wnja:1.1-compatible-roots-v2
肌,はだ,body,auto,wnja:1.1-compatible-roots-v2
胃,い,body,auto,wnja:1.1-compatible-roots-v2
親,おや,person_job,auto,wnja:1.1-compatible-roots-v2
酒,さけ,food,auto,wnja:1.1-compatible-roots-v2
飯,めし,food,auto,wnja:1.1-compatible-roots-v2
おじ,おじ,person_job,auto,wnja:1.1-compatible-roots-v2
お腹,おなか,body,auto,wnja:1.1-compatible-roots-v2
お茶,おちゃ,food,auto,wnja:1.1-compatible-roots-v2
ご飯,ごはん,food,auto,wnja:1.1-compatible-roots-v2
パン,ぱん,food,reviewed,wnja:07679356-n
主人,しゅじん,person_job,auto,wnja:1.1-compatible-roots-v2
兄弟,きょうだい,person_job,auto,wnja:1.1-compatible-roots-v2
先生,せんせい,person_job,auto,wnja:1.1-compatible-roots-v2
医者,いしゃ,person_job,auto,wnja:1.1-compatible-roots-v2
友達,ともだち,person_job,auto,wnja:1.1-compatible-roots-v2
味噌,みそ,food,reviewed,wnja:07857170-n
大人,おとな,person_job,auto,wnja:1.1-compatible-roots-v2
天気,てんき,nature,auto,wnja:1.1-compatible-roots-v2
子供,こども,person_job,auto,wnja:1.1-compatible-roots-v2
学生,がくせい,person_job,auto,wnja:1.1-compatible-roots-v2
店員,てんいん,person_job,auto,wnja:1.1-compatible-roots-v2
息子,むすこ,person_job,auto,wnja:1.1-compatible-roots-v2
晴れ,はれ,nature,auto,wnja:1.1-compatible-roots-v2
果実,かじつ,food|fruit,reviewed,wnja:07742704-n|wnja:13134947-n|wnja:13137409-n
果物,くだもの,food|fruit,reviewed,wnja:07705931-n
牛乳,ぎゅうにゅう,food,auto,wnja:1.1-compatible-roots-v2
生徒,せいと,person_job,auto,wnja:1.1-compatible-roots-v2
砂糖,さとう,food,auto,wnja:1.1-compatible-roots-v2
祖母,そぼ,person_job,auto,wnja:1.1-compatible-roots-v2
祖父,そふ,person_job,auto,wnja:1.1-compatible-roots-v2
紅茶,こうちゃ,food,auto,wnja:1.1-compatible-roots-v2
自分,じぶん,person_job,auto,wnja:1.1-compatible-roots-v2
菓子,かし,food,auto,wnja:1.1-compatible-roots-v2
靴下,くつした,clothing,auto,wnja:1.1-compatible-roots-v2
食事,しょくじ,food,auto,wnja:1.1-compatible-roots-v2
ビール,びーる,food,auto,wnja:1.1-compatible-roots-v2
ミルク,みるく,food,auto,wnja:1.1-compatible-roots-v2
冷蔵庫,れいぞうこ,daily_tools,auto,wnja:1.1-compatible-roots-v2
同級生,どうきゅうせい,person_job,auto,wnja:1.1-compatible-roots-v2
外国人,がいこくじん,person_job,auto,wnja:1.1-compatible-roots-v2
昼ご飯,ひるごはん,food,auto,wnja:1.1-compatible-roots-v2
晩ご飯,ばんごはん,food,auto,wnja:1.1-compatible-roots-v2
朝ご飯,あさごはん,food,auto,wnja:1.1-compatible-roots-v2
男の子,おとこのこ,person_job,auto,wnja:1.1-compatible-roots-v2
自動車,じどうしゃ,vehicle,reviewed,wnja:02958343-n|wnja:03791235-n
食べ物,たべもの,food,auto,wnja:1.1-compatible-roots-v2
飲み物,のみもの,food,auto,wnja:1.1-compatible-roots-v2
お姉さん,おねえさん,person_job,auto,wnja:1.1-compatible-roots-v2
お父さん,おとうさん,person_job,auto,wnja:1.1-compatible-roots-v2
アメリカ,あめりか,country,auto,wnja:1.1-compatible-roots-v2
オレンジ,おれんじ,fruit,reviewed,wnja:07747607-n|wnja:07748912-n
レストラン,れすとらん,place_building,auto,wnja:1.1-compatible-roots-v2
丘,おか,nature|place_building,auto,wnja:1.1-compatible-roots-v2
友,とも,person_job,auto,wnja:1.1-compatible-roots-v2
唇,くちびる,body,auto,wnja:1.1-compatible-roots-v2
姪,めい,person_job,auto,wnja:1.1-compatible-roots-v2
嫁,よめ,person_job,auto,wnja:1.1-compatible-roots-v2
孫,まご,person_job,auto,wnja:1.1-compatible-roots-v2
岸,きし,nature|place_building,auto,wnja:1.1-compatible-roots-v2
梅,うめ,food|plant|fruit,auto,wnja:1.1-compatible-roots-v2
歌,うた,music,auto,wnja:1.1-compatible-roots-v2
池,いけ,nature|place_building,auto,wnja:1.1-compatible-roots-v2
湖,みずうみ,nature|place_building,auto,wnja:1.1-compatible-roots-v2
滝,たき,nature|place_building,auto,wnja:1.1-compatible-roots-v2
瞼,まぶた,body,auto,wnja:1.1-compatible-roots-v2
稲,いね,food|plant,auto,wnja:1.1-compatible-roots-v2
箒,ほうき,daily_tools,auto,wnja:1.1-compatible-roots-v2
葱,ねぎ,food|vegetable,auto,wnja:1.1-compatible-roots-v2
蚊,か,animal|nature,auto,wnja:1.1-compatible-roots-v2
蛙,かえる,animal|nature,auto,wnja:1.1-compatible-roots-v2
蛾,が,animal|nature,auto,wnja:1.1-compatible-roots-v2
蜂,はち,animal|nature,auto,wnja:1.1-compatible-roots-v2
蟻,あり,animal|nature,auto,wnja:1.1-compatible-roots-v2
豆,まめ,food|fruit|vegetable,auto,wnja:1.1-compatible-roots-v2
頬,ほお,body,auto,wnja:1.1-compatible-roots-v2
顎,あご,body,auto,wnja:1.1-compatible-roots-v2
馬,うま,animal|nature,auto,wnja:1.1-compatible-roots-v2
麦,むぎ,food|plant,auto,wnja:1.1-compatible-roots-v2
へら,へら,daily_tools,auto,wnja:1.1-compatible-roots-v2
バス,ばす,vehicle,reviewed,manual:reviewed-polysemy-v1
ピザ,ぴざ,food,auto,wnja:1.1-compatible-roots-v2
上司,じょうし,person_job,auto,wnja:1.1-compatible-roots-v2
上着,うわぎ,clothing,auto,wnja:1.1-compatible-roots-v2
下着,したぎ,clothing,auto,wnja:1.1-compatible-roots-v2
中指,なかゆび,body,auto,wnja:1.1-compatible-roots-v2
主婦,しゅふ,person_job,auto,wnja:1.1-compatible-roots-v2
乗客,じょうきゃく,person_job,auto,wnja:1.1-compatible-roots-v2
人参,にんじん,vegetable,reviewed,wnja:07730207-n
個人,こじん,person_job,auto,wnja:1.1-compatible-roots-v2
先祖,せんぞ,person_job,auto,wnja:1.1-compatible-roots-v2
児童,じどう,person_job,auto,wnja:1.1-compatible-roots-v2
刺身,さしみ,food,auto,wnja:1.1-compatible-roots-v2
前菜,ぜんさい,food,auto,wnja:1.1-compatible-roots-v2
助手,じょしゅ,person_job,auto,wnja:1.1-compatible-roots-v2
動物,どうぶつ,nature,auto,wnja:1.1-compatible-roots-v2
友人,ゆうじん,person_job,auto,wnja:1.1-compatible-roots-v2
双子,ふたご,person_job,auto,wnja:1.1-compatible-roots-v2
司会,しかい,person_job,auto,wnja:1.1-compatible-roots-v2
合唱,がっしょう,music,auto,wnja:1.1-compatible-roots-v2
同志,どうし,person_job,auto,wnja:1.1-compatible-roots-v2
商人,しょうにん,person_job,auto,wnja:1.1-compatible-roots-v2
国王,こくおう,person_job,auto,wnja:1.1-compatible-roots-v2
坊や,ぼうや,person_job,auto,wnja:1.1-compatible-roots-v2
墓場,はかば,place_building,auto,wnja:1.1-compatible-roots-v2
夕立,ゆうだち,nature,auto,wnja:1.1-compatible-roots-v2
夕飯,ゆうはん,food,auto,wnja:1.1-compatible-roots-v2
大工,だいく,person_job,auto,wnja:1.1-compatible-roots-v2
天候,てんこう,nature,auto,wnja:1.1-compatible-roots-v2
女子,じょし,person_job,auto,wnja:1.1-compatible-roots-v2
姉妹,しまい,person_job,auto,wnja:1.1-compatible-roots-v2
婦人,ふじん,person_job,auto,wnja:1.1-compatible-roots-v2
家内,かない,person_job,auto,wnja:1.1-compatible-roots-v2
寝台,しんだい,daily_tools,auto,wnja:1.1-compatible-roots-v2
寝巻,ねまき,clothing,auto,wnja:1.1-compatible-roots-v2
小川,おがわ,nature|place_building,auto,wnja:1.1-compatible-roots-v2
小指,こゆび,body,auto,wnja:1.1-compatible-roots-v2
小鳥,ことり,animal|nature,auto,wnja:1.1-compatible-roots-v2
小麦,こむぎ,food|plant,auto,wnja:1.1-compatible-roots-v2
少女,しょうじょ,person_job,auto,wnja:1.1-compatible-roots-v2
少年,しょうねん,person_job,auto,wnja:1.1-compatible-roots-v2
山羊,やぎ,animal|nature,reviewed,wnja:02416519-n
山葵,わさび,food,reviewed,wnja:07857356-n
常連,じょうれん,person_job,auto,wnja:1.1-compatible-roots-v2
弟子,でし,person_job,auto,wnja:1.1-compatible-roots-v2
彼氏,かれし,person_job,auto,wnja:1.1-compatible-roots-v2
後輩,こうはい,person_job,auto,wnja:1.1-compatible-roots-v2
恋人,こいびと,person_job,auto,wnja:1.1-compatible-roots-v2
恩人,おんじん,person_job,auto,wnja:1.1-compatible-roots-v2
手袋,てぶくろ,clothing,auto,wnja:1.1-compatible-roots-v2
手首,てくび,body,auto,wnja:1.1-compatible-roots-v2
打者,だしゃ,person_job,auto,wnja:1.1-compatible-roots-v2
新人,しんじん,person_job,auto,wnja:1.1-compatible-roots-v2
旅館,りょかん,place_building,auto,wnja:1.1-compatible-roots-v2
日本,にっぽん,country,auto,wnja:1.1-compatible-roots-v2
昆虫,こんちゅう,animal|nature,reviewed,wnja:02159955-n
朝食,ちょうしょく,food,auto,wnja:1.1-compatible-roots-v2
本人,ほんにん,person_job,auto,wnja:1.1-compatible-roots-v2
校庭,こうてい,place_building,auto,wnja:1.1-compatible-roots-v2
校長,こうちょう,person_job,auto,wnja:1.1-compatible-roots-v2
歌手,かしゅ,person_job,auto,wnja:1.1-compatible-roots-v2
歯茎,はぐき,body,auto,wnja:1.1-compatible-roots-v2
母親,ははおや,person_job,auto,wnja:1.1-compatible-roots-v2
民謡,みんよう,music,auto,wnja:1.1-compatible-roots-v2
水着,みずぎ,clothing,auto,wnja:1.1-compatible-roots-v2
水道,すいどう,nature|place_building,auto,wnja:1.1-compatible-roots-v2
河馬,かば,animal|nature,auto,wnja:1.1-compatible-roots-v2
海岸,かいがん,nature|place_building,auto,wnja:1.1-compatible-roots-v2
海辺,うみべ,nature|place_building,auto,wnja:1.1-compatible-roots-v2
温室,おんしつ,place_building,auto,wnja:1.1-compatible-roots-v2
父親,ちちおや,person_job,auto,wnja:1.1-compatible-roots-v2
牛肉,ぎゅうにく,food,auto,wnja:1.1-compatible-roots-v2
玄米,げんまい,food,auto,wnja:1.1-compatible-roots-v2
玉葱,たまねぎ,food|plant|vegetable,reviewed,wnja:07722217-n|wnja:12432808-n
王女,おうじょ,person_job,auto,wnja:1.1-compatible-roots-v2
王子,おうじ,person_job,auto,wnja:1.1-compatible-roots-v2
生姜,しょうが,food|plant,reviewed,wnja:07814925-n|wnja:12355760-n
男子,だんし,person_job,auto,wnja:1.1-compatible-roots-v2
画家,がか,person_job,auto,wnja:1.1-compatible-roots-v2
白米,はくまい,food,auto,wnja:1.1-compatible-roots-v2
白鳥,はくちょう,animal|nature,auto,wnja:1.1-compatible-roots-v2
相撲,すもう,person_job,auto,wnja:1.1-compatible-roots-v2
知事,ちじ,person_job,auto,wnja:1.1-compatible-roots-v2
社長,しゃちょう,person_job,auto,wnja:1.1-compatible-roots-v2
祖先,そせん,person_job,auto,wnja:1.1-compatible-roots-v2
競馬,けいば,sport,reviewed,wnja:00450070-n
箪笥,たんす,daily_tools,auto,wnja:1.1-compatible-roots-v2
素人,しろうと,person_job,auto,wnja:1.1-compatible-roots-v2
縞馬,しまうま,animal|nature,auto,wnja:1.1-compatible-roots-v2
美人,びじん,person_job,auto,wnja:1.1-compatible-roots-v2
肋骨,ろっこつ,body,auto,wnja:1.1-compatible-roots-v2
肌着,はだぎ,clothing,auto,wnja:1.1-compatible-roots-v2
胡瓜,きゅうり,food|vegetable,reviewed,wnja:07718472-n
花嫁,はなよめ,person_job,auto,wnja:1.1-compatible-roots-v2
薔薇,ばら,plant|nature,auto,wnja:1.1-compatible-roots-v2
衣料,いりょう,clothing,auto,wnja:1.1-compatible-roots-v2
衣服,いふく,clothing,auto,wnja:1.1-compatible-roots-v2
衣類,いるい,clothing,auto,wnja:1.1-compatible-roots-v2
親友,しんゆう,person_job,auto,wnja:1.1-compatible-roots-v2
親指,おやゆび,body,auto,wnja:1.1-compatible-roots-v2
詩人,しじん,person_job,auto,wnja:1.1-compatible-roots-v2
講師,こうし,person_job,auto,wnja:1.1-compatible-roots-v2
議長,ぎちょう,person_job,auto,wnja:1.1-compatible-roots-v2
豆腐,とうふ,food,auto,wnja:1.1-compatible-roots-v2
豚肉,ぶたにく,food,auto,wnja:1.1-compatible-roots-v2
足首,あしくび,body,auto,wnja:1.1-compatible-roots-v2
車庫,しゃこ,place_building,auto,wnja:1.1-compatible-roots-v2
部下,ぶか,person_job,auto,wnja:1.1-compatible-roots-v2
金魚,きんぎょ,animal|nature,auto,wnja:1.1-compatible-roots-v2
銀杏,いちょう,plant|nature,auto,wnja:1.1-compatible-roots-v2
雑草,ざっそう,plant|nature,auto,wnja:1.1-compatible-roots-v2
難民,なんみん,person_job,auto,wnja:1.1-compatible-roots-v2
青年,せいねん,person_job,auto,wnja:1.1-compatible-roots-v2
食卓,しょくたく,daily_tools,auto,wnja:1.1-compatible-roots-v2
食料,しょくりょう,food,auto,wnja:1.1-compatible-roots-v2
飲料,いんりょう,food,auto,wnja:1.1-compatible-roots-v2
駱駝,らくだ,animal|nature,auto,wnja:1.1-compatible-roots-v2
いとこ,いとこ,person_job,auto,wnja:1.1-compatible-roots-v2
ご馳走,ごちそう,food,auto,wnja:1.1-compatible-roots-v2
ケーキ,けーき,food,auto,wnja:1.1-compatible-roots-v2
サラダ,さらだ,food,auto,wnja:1.1-compatible-roots-v2
シャツ,しゃつ,clothing,auto,wnja:1.1-compatible-roots-v2
ドレス,どれす,clothing,auto,wnja:1.1-compatible-roots-v2
バイク,ばいく,vehicle,auto,wnja:1.1-compatible-roots-v2
ベッド,べっど,daily_tools,auto,wnja:1.1-compatible-roots-v2
ホテル,ほてる,place_building,auto,wnja:1.1-compatible-roots-v2
ワイン,わいん,food,auto,wnja:1.1-compatible-roots-v2
乗り物,のりもの,vehicle,auto,wnja:1.1-compatible-roots-v2
代表者,だいひょうしゃ,person_job,auto,wnja:1.1-compatible-roots-v2
写真家,しゃしんか,person_job,auto,wnja:1.1-compatible-roots-v2
利用者,りようしゃ,person_job,auto,wnja:1.1-compatible-roots-v2
参加者,さんかしゃ,person_job,auto,wnja:1.1-compatible-roots-v2
向日葵,ひまわり,plant|nature,reviewed,wnja:11978233-n
吸い物,すいもの,food,auto,wnja:1.1-compatible-roots-v2
喫茶店,きっさてん,place_building,auto,wnja:1.1-compatible-roots-v2
大統領,だいとうりょう,person_job,auto,wnja:1.1-compatible-roots-v2
天ぷら,てんぷら,food,reviewed,wnja:07879953-n
奥さん,おくさん,person_job,auto,wnja:1.1-compatible-roots-v2
小麦粉,こむぎこ,food,auto,wnja:1.1-compatible-roots-v2
指導者,しどうしゃ,person_job,auto,wnja:1.1-compatible-roots-v2
掃除機,そうじき,daily_tools,auto,wnja:1.1-compatible-roots-v2
政治家,せいじか,person_job,auto,wnja:1.1-compatible-roots-v2
新入生,しんにゅうせい,person_job,auto,wnja:1.1-compatible-roots-v2
歯医者,はいしゃ,person_job,auto,wnja:1.1-compatible-roots-v2
洋菓子,ようがし,food,auto,wnja:1.1-compatible-roots-v2
消防士,しょうぼうし,person_job,auto,wnja:1.1-compatible-roots-v2
消防車,しょうぼうしゃ,vehicle,reviewed,wnja:03345487-n
祖父母,そふぼ,person_job,auto,wnja:1.1-compatible-roots-v2
管理人,かんりにん,person_job,auto,wnja:1.1-compatible-roots-v2
観光客,かんこうきゃく,person_job,auto,wnja:1.1-compatible-roots-v2
警察官,けいさつかん,person_job,auto,wnja:1.1-compatible-roots-v2
配偶者,はいぐうしゃ,person_job,auto,wnja:1.1-compatible-roots-v2
金持ち,かねもち,person_job,auto,wnja:1.1-compatible-roots-v2
お嬢さん,おじょうさん,person_job,auto,wnja:1.1-compatible-roots-v2
お子さん,おこさん,person_job,auto,wnja:1.1-compatible-roots-v2
ジュース,じゅーす,food,auto,wnja:1.1-compatible-roots-v2
スカート,すかーと,clothing,auto,wnja:1.1-compatible-roots-v2
スポーツ,すぽーつ,sport,reviewed,wnja:00523513-n
セーター,せーたー,clothing,auto,wnja:1.1-compatible-roots-v2
タクシー,たくしー,vehicle,reviewed,wnja:02930766-n
トラック,とらっく,sport,reviewed,wnja:00439826-n
ネクタイ,ねくたい,clothing,auto,wnja:1.1-compatible-roots-v2
ラケット,らけっと,daily_tools,auto,wnja:1.1-compatible-roots-v2
冷凍食品,れいとうしょくひん,food,auto,wnja:1.1-compatible-roots-v2
吹き替え,ふきかえ,person_job,auto,wnja:1.1-compatible-roots-v2
家庭菜園,かていさいえん,place_building,auto,wnja:1.1-compatible-roots-v2
手のひら,てのひら,body,auto,wnja:1.1-compatible-roots-v2
ほうれん草,ほうれんそう,food|vegetable,auto,wnja:1.1-compatible-roots-v2
食器洗い機,しょっきあらいき,daily_tools,auto,wnja:1.1-compatible-roots-v2
サンドイッチ,さんどいっち,food,auto,wnja:1.1-compatible-roots-v2
チョコレート,ちょこれーと,food,reviewed,wnja:07601999-n|wnja:07922764-n
アイスクリーム,あいすくりーむ,food,reviewed,wnja:07614500-n
兜,かぶと,clothing,auto,wnja:1.1-compatible-roots-v2
卓,たく,daily_tools,auto,wnja:1.1-compatible-roots-v2
妃,きさき,person_job,auto,wnja:1.1-compatible-roots-v2
姑,しゅうとめ,person_job,auto,wnja:1.1-compatible-roots-v2
姫,ひめ,person_job,auto,wnja:1.1-compatible-roots-v2
婿,むこ,person_job,auto,wnja:1.1-compatible-roots-v2
寺,てら,place_building,auto,wnja:1.1-compatible-roots-v2
崖,がけ,nature|place_building,auto,wnja:1.1-compatible-roots-v2
嵐,あらし,nature,auto,wnja:1.1-compatible-roots-v2
掌,たなごころ,body,auto,wnja:1.1-compatible-roots-v2
杉,すぎ,plant|nature,auto,wnja:1.1-compatible-roots-v2
杵,きね,daily_tools,auto,wnja:1.1-compatible-roots-v2
柳,やなぎ,plant|nature,auto,wnja:1.1-compatible-roots-v2
栗,くり,plant|nature,auto,wnja:1.1-compatible-roots-v2
桑,くわ,plant|nature,auto,wnja:1.1-compatible-roots-v2
梟,ふくろう,animal|nature,auto,wnja:1.1-compatible-roots-v2
梨,なし,food|fruit,auto,wnja:1.1-compatible-roots-v2
椿,つばき,plant|nature,auto,wnja:1.1-compatible-roots-v2
燕,つばめ,animal|nature,auto,wnja:1.1-compatible-roots-v2
牙,きば,body,auto,wnja:1.1-compatible-roots-v2
狼,おおかみ,animal|nature,auto,wnja:1.1-compatible-roots-v2
獣,けもの,animal|nature,auto,wnja:1.1-compatible-roots-v2
王,おう,person_job,auto,wnja:1.1-compatible-roots-v2
瓜,うり,food|plant|fruit,auto,wnja:1.1-compatible-roots-v2
甥,おい,person_job,auto,wnja:1.1-compatible-roots-v2
竿,さお,daily_tools,auto,wnja:1.1-compatible-roots-v2
粥,かゆ,food,auto,wnja:1.1-compatible-roots-v2
舅,しゅうと,person_job,auto,wnja:1.1-compatible-roots-v2
蓮,はす,plant|nature,auto,wnja:1.1-compatible-roots-v2
蔦,つた,plant|nature,auto,wnja:1.1-compatible-roots-v2
藤,ふじ,plant|nature,auto,wnja:1.1-compatible-roots-v2
虎,とら,animal|nature,auto,wnja:1.1-compatible-roots-v2
虻,あぶ,animal|nature,auto,wnja:1.1-compatible-roots-v2
蚕,かいこ,animal|nature,auto,wnja:1.1-compatible-roots-v2
蛍,ほたる,animal|nature,auto,wnja:1.1-compatible-roots-v2
蛹,さなぎ,animal|nature,auto,wnja:1.1-compatible-roots-v2
谷,たに,nature|place_building,auto,wnja:1.1-compatible-roots-v2
釜,かま,daily_tools,auto,wnja:1.1-compatible-roots-v2
鋤,すき,daily_tools,auto,wnja:1.1-compatible-roots-v2
隼,はやぶさ,animal|nature,auto,wnja:1.1-compatible-roots-v2
雀,すずめ,animal|nature,auto,wnja:1.1-compatible-roots-v2
雄,おす,animal|nature,auto,wnja:1.1-compatible-roots-v2
雉,きじ,animal|nature,auto,wnja:1.1-compatible-roots-v2
雌,めす,animal|nature,auto,wnja:1.1-compatible-roots-v2
雛,ひな,animal|nature,auto,wnja:1.1-compatible-roots-v2
雷,かみなり,nature,auto,wnja:1.1-compatible-roots-v2
霙,みぞれ,nature,auto,wnja:1.1-compatible-roots-v2
鮒,ふな,animal|nature,auto,wnja:1.1-compatible-roots-v2
鮫,さめ,animal|nature,auto,wnja:1.1-compatible-roots-v2
鰻,うなぎ,animal|nature,auto,wnja:1.1-compatible-roots-v2
鳶,とび,animal|nature,auto,wnja:1.1-compatible-roots-v2
鴨,かも,animal|nature,auto,wnja:1.1-compatible-roots-v2
鵜,う,animal|nature,auto,wnja:1.1-compatible-roots-v2
鷹,たか,animal|nature,auto,wnja:1.1-compatible-roots-v2
のみ,のみ,daily_tools,auto,wnja:1.1-compatible-roots-v2
やつ,やつ,person_job,auto,wnja:1.1-compatible-roots-v2
カー,かー,vehicle,auto,wnja:1.1-compatible-roots-v2
ガム,がむ,food,auto,wnja:1.1-compatible-roots-v2
ガリ,がり,nature|place_building,auto,wnja:1.1-compatible-roots-v2
サブ,さぶ,person_job,auto,wnja:1.1-compatible-roots-v2
セミ,せみ,animal|nature,auto,wnja:1.1-compatible-roots-v2
ソロ,そろ,music,auto,wnja:1.1-compatible-roots-v2
ナス,なす,food|plant|vegetable,reviewed,wnja:07713074-n|wnja:12896000-n
パパ,ぱぱ,person_job,auto,wnja:1.1-compatible-roots-v2
パブ,ぱぶ,place_building,auto,wnja:1.1-compatible-roots-v2
パリ,ぱり,place_building,auto,wnja:1.1-compatible-roots-v2
ベロ,べろ,body,auto,wnja:1.1-compatible-roots-v2
ボケ,ぼけ,plant|nature,auto,wnja:1.1-compatible-roots-v2
ボス,ぼす,person_job,auto,wnja:1.1-compatible-roots-v2
ミニ,みに,clothing,auto,wnja:1.1-compatible-roots-v2
上役,うわやく,person_job,auto,wnja:1.1-compatible-roots-v2
下唇,したくちびる,body,auto,wnja:1.1-compatible-roots-v2
下段,げだん,daily_tools,auto,wnja:1.1-compatible-roots-v2
中佐,ちゅうさ,person_job,auto,wnja:1.1-compatible-roots-v2
中東,ちゅうとう,place_building,auto,wnja:1.1-compatible-roots-v2
中腹,ちゅうふく,nature|place_building,auto,wnja:1.1-compatible-roots-v2
主任,しゅにん,person_job,auto,wnja:1.1-compatible-roots-v2
主君,しゅくん,person_job,auto,wnja:1.1-compatible-roots-v2
主演,しゅえん,person_job,auto,wnja:1.1-compatible-roots-v2
乗馬,じょうば,animal|nature,auto,wnja:1.1-compatible-roots-v2
乙女,おとめ,person_job,auto,wnja:1.1-compatible-roots-v2
乳児,にゅうじ,person_job,auto,wnja:1.1-compatible-roots-v2
乳牛,にゅうぎゅう,animal|nature,auto,wnja:1.1-compatible-roots-v2
乳腺,にゅうせん,body,auto,wnja:1.1-compatible-roots-v2
二流,にりゅう,person_job,auto,wnja:1.1-compatible-roots-v2
二階,にかい,place_building,auto,wnja:1.1-compatible-roots-v2
京都,きょうと,place_building,auto,wnja:1.1-compatible-roots-v2
亭主,ていしゅ,person_job,auto,wnja:1.1-compatible-roots-v2
人肌,ひとはだ,body,auto,wnja:1.1-compatible-roots-v2
人質,ひとじち,person_job,auto,wnja:1.1-compatible-roots-v2
人類,じんるい,animal|nature,auto,wnja:1.1-compatible-roots-v2
仔猫,こねこ,animal,reviewed,wnja:02122948-n
代打,だいだ,person_job,auto,wnja:1.1-compatible-roots-v2
代書,だいしょ,person_job,auto,wnja:1.1-compatible-roots-v2
代行,だいこう,person_job,auto,wnja:1.1-compatible-roots-v2
令嬢,れいじょう,person_job,auto,wnja:1.1-compatible-roots-v2
仲人,なこうど,person_job,auto,wnja:1.1-compatible-roots-v2
仲居,なかい,person_job,auto,wnja:1.1-compatible-roots-v2
会長,かいちょう,person_job,auto,wnja:1.1-compatible-roots-v2
会館,かいかん,place_building,auto,wnja:1.1-compatible-roots-v2
伯爵,はくしゃく,person_job,auto,wnja:1.1-compatible-roots-v2
伴侶,はんりょ,person_job,auto,wnja:1.1-compatible-roots-v2
伴奏,ばんそう,music,auto,wnja:1.1-compatible-roots-v2
低地,ていち,nature|place_building,auto,wnja:1.1-compatible-roots-v2
体幹,たいかん,body,auto,wnja:1.1-compatible-roots-v2
体操,たいそう,sport,reviewed,wnja:00433802-n
作家,さっか,person_job,auto,wnja:1.1-compatible-roots-v2
作者,さくしゃ,person_job,auto,wnja:1.1-compatible-roots-v2
佳人,かじん,person_job,auto,wnja:1.1-compatible-roots-v2
使徒,しと,person_job,auto,wnja:1.1-compatible-roots-v2
使節,しせつ,person_job,auto,wnja:1.1-compatible-roots-v2
使者,ししゃ,person_job,auto,wnja:1.1-compatible-roots-v2
便座,べんざ,daily_tools,auto,wnja:1.1-compatible-roots-v2
俄雨,にわかあめ,nature,auto,wnja:1.1-compatible-roots-v2
信者,しんじゃ,person_job,auto,wnja:1.1-compatible-roots-v2
俳人,はいじん,person_job,auto,wnja:1.1-compatible-roots-v2
俳優,はいゆう,person_job,auto,wnja:1.1-compatible-roots-v2
候補,こうほ,person_job,auto,wnja:1.1-compatible-roots-v2
偉人,いじん,person_job,auto,wnja:1.1-compatible-roots-v2
僧侶,そうりょ,person_job,auto,wnja:1.1-compatible-roots-v2
僻地,へきち,place_building,auto,wnja:1.1-compatible-roots-v2
元凶,げんきょう,person_job,auto,wnja:1.1-compatible-roots-v2
兄貴,あにき,person_job,auto,wnja:1.1-compatible-roots-v2
先人,せんじん,person_job,auto,wnja:1.1-compatible-roots-v2
先代,せんだい,person_job,auto,wnja:1.1-compatible-roots-v2
先達,せんだつ,person_job,auto,wnja:1.1-compatible-roots-v2
公務,こうむ,person_job,auto,wnja:1.1-compatible-roots-v2
公爵,こうしゃく,person_job,auto,wnja:1.1-compatible-roots-v2
内皮,ないひ,body,auto,wnja:1.1-compatible-roots-v2
内臓,ないぞう,body,auto,wnja:1.1-compatible-roots-v2
凄腕,すごうで,person_job,auto,wnja:1.1-compatible-roots-v2
凡人,ぼんじん,person_job,auto,wnja:1.1-compatible-roots-v2
出番,でばん,music,auto,wnja:1.1-compatible-roots-v2
分流,ぶんりゅう,nature|place_building,auto,wnja:1.1-compatible-roots-v2
判事,はんじ,person_job,auto,wnja:1.1-compatible-roots-v2
制服,せいふく,clothing,auto,wnja:1.1-compatible-roots-v2
前任,ぜんにん,person_job,auto,wnja:1.1-compatible-roots-v2
前腕,ぜんわん,body,auto,wnja:1.1-compatible-roots-v2
前足,まえあし,body,auto,wnja:1.1-compatible-roots-v2
剣士,けんし,person_job,auto,wnja:1.1-compatible-roots-v2
劇場,げきじょう,place_building,auto,wnja:1.1-compatible-roots-v2
力士,りきし,person_job,auto,wnja:1.1-compatible-roots-v2
動脈,どうみゃく,body,auto,wnja:1.1-compatible-roots-v2
勝者,しょうしゃ,person_job,auto,wnja:1.1-compatible-roots-v2
北風,きたかぜ,nature,auto,wnja:1.1-compatible-roots-v2
半々,はんはん,food,auto,wnja:1.1-compatible-roots-v2
半端,はんぱ,person_job,auto,wnja:1.1-compatible-roots-v2
南風,みなみかぜ,nature,auto,wnja:1.1-compatible-roots-v2
単車,たんしゃ,vehicle,auto,wnja:1.1-compatible-roots-v2
卵白,らんぱく,food,auto,wnja:1.1-compatible-roots-v2
卵黄,らんおう,food,auto,wnja:1.1-compatible-roots-v2
原告,げんこく,person_job,auto,wnja:1.1-compatible-roots-v2
可動,かどう,nature,auto,wnja:1.1-compatible-roots-v2
台車,だいしゃ,vehicle,auto,wnja:1.1-compatible-roots-v2
台風,たいふう,nature,auto,wnja:1.1-compatible-roots-v2
司書,ししょ,person_job,auto,wnja:1.1-compatible-roots-v2
同窓,どうそう,person_job,auto,wnja:1.1-compatible-roots-v2
名人,めいじん,person_job,auto,wnja:1.1-compatible-roots-v2
名手,めいしゅ,person_job,auto,wnja:1.1-compatible-roots-v2
君主,くんしゅ,person_job,auto,wnja:1.1-compatible-roots-v2
吝嗇,りんしょく,person_job,auto,wnja:1.1-compatible-roots-v2
吹雪,ふぶき,nature,auto,wnja:1.1-compatible-roots-v2
和声,わせい,music,auto,wnja:1.1-compatible-roots-v2
和尚,おしょう,person_job,auto,wnja:1.1-compatible-roots-v2
和服,わふく,clothing,auto,wnja:1.1-compatible-roots-v2
咽喉,いんこう,body,auto,wnja:1.1-compatible-roots-v2
哺乳,ほにゅう,animal|nature,auto,wnja:1.1-compatible-roots-v2
問屋,とんや,person_job,auto,wnja:1.1-compatible-roots-v2
喪服,もふく,clothing,auto,wnja:1.1-compatible-roots-v2
囚人,しゅうじん,person_job,auto,wnja:1.1-compatible-roots-v2
団員,だんいん,person_job,auto,wnja:1.1-compatible-roots-v2
団栗,どんぐり,fruit,reviewed,wnja:12267677-n
土器,どき,daily_tools,auto,wnja:1.1-compatible-roots-v2
土星,どせい,nature,auto,wnja:1.1-compatible-roots-v2
地主,じぬし,person_job,auto,wnja:1.1-compatible-roots-v2
地形,ちけい,place_building,auto,wnja:1.1-compatible-roots-v2
坊主,ぼうず,person_job,auto,wnja:1.1-compatible-roots-v2
執事,しつじ,person_job,auto,wnja:1.1-compatible-roots-v2
塩味,しおあじ,food,auto,wnja:1.1-compatible-roots-v2
墓地,ぼち,place_building,auto,wnja:1.1-compatible-roots-v2
声帯,せいたい,body,auto,wnja:1.1-compatible-roots-v2
売人,ばいにん,person_job,auto,wnja:1.1-compatible-roots-v2
変人,へんじん,person_job,auto,wnja:1.1-compatible-roots-v2
外人,がいじん,person_job,auto,wnja:1.1-compatible-roots-v2
夜食,やしょく,food,auto,wnja:1.1-compatible-roots-v2
大佐,たいさ,person_job,auto,wnja:1.1-compatible-roots-v2
大使,たいし,person_job,auto,wnja:1.1-compatible-roots-v2
大凶,だいきょう,person_job,auto,wnja:1.1-compatible-roots-v2
大家,おおや,person_job,auto,wnja:1.1-compatible-roots-v2
大尉,たいい,person_job,auto,wnja:1.1-compatible-roots-v2
大河,たいが,nature|place_building,auto,wnja:1.1-compatible-roots-v2
大臣,だいじん,person_job,auto,wnja:1.1-compatible-roots-v2
大豆,だいず,food|vegetable,reviewed,wnja:07729485-n
大阪,おおさか,place_building,auto,wnja:1.1-compatible-roots-v2
大雨,おおあめ,nature,auto,wnja:1.1-compatible-roots-v2
大麦,おおむぎ,food,auto,wnja:1.1-compatible-roots-v2
天体,てんたい,nature,auto,wnja:1.1-compatible-roots-v2
天狗,てんぐ,person_job,auto,wnja:1.1-compatible-roots-v2
天道,てんとう,nature,auto,wnja:1.1-compatible-roots-v2
奇人,きじん,person_job,auto,wnja:1.1-compatible-roots-v2
奉行,ぶぎょう,person_job,auto,wnja:1.1-compatible-roots-v2
奏者,そうしゃ,person_job,auto,wnja:1.1-compatible-roots-v2
奥様,おくさま,person_job,auto,wnja:1.1-compatible-roots-v2
女中,じょちゅう,person_job,auto,wnja:1.1-compatible-roots-v2
女優,じょゆう,person_job,auto,wnja:1.1-compatible-roots-v2
女児,じょじ,person_job,auto,wnja:1.1-compatible-roots-v2
女将,おかみ,person_job,auto,wnja:1.1-compatible-roots-v2
女房,にょうぼう,person_job,auto,wnja:1.1-compatible-roots-v2
娼婦,しょうふ,person_job,auto,wnja:1.1-compatible-roots-v2
嫡男,ちゃくなん,person_job,auto,wnja:1.1-compatible-roots-v2
子分,こぶん,person_job,auto,wnja:1.1-compatible-roots-v2
子息,しそく,person_job,auto,wnja:1.1-compatible-roots-v2
子犬,こいぬ,animal|nature,auto,wnja:1.1-compatible-roots-v2
子豚,こぶた,animal|nature,auto,wnja:1.1-compatible-roots-v2
子馬,こうま,animal|nature,reviewed,wnja:02382437-n
孔雀,くじゃく,animal|nature,auto,wnja:1.1-compatible-roots-v2
孤児,こじ,person_job,auto,wnja:1.1-compatible-roots-v2
学友,がくゆう,person_job,auto,wnja:1.1-compatible-roots-v2
学士,がくし,person_job,auto,wnja:1.1-compatible-roots-v2
学徒,がくと,person_job,auto,wnja:1.1-compatible-roots-v2
学童,がくどう,person_job,auto,wnja:1.1-compatible-roots-v2
学者,がくしゃ,person_job,auto,wnja:1.1-compatible-roots-v2
学長,がくちょう,person_job,auto,wnja:1.1-compatible-roots-v2
宗家,そうけ,person_job,auto,wnja:1.1-compatible-roots-v2
定常,ていじょう,person_job,auto,wnja:1.1-compatible-roots-v2
実父,じっぷ,person_job,auto,wnja:1.1-compatible-roots-v2
客船,きゃくせん,vehicle,auto,wnja:1.1-compatible-roots-v2
宮殿,きゅうでん,place_building,auto,wnja:1.1-compatible-roots-v2
宰相,さいしょう,person_job,auto,wnja:1.1-compatible-roots-v2
家具,かぐ,daily_tools,auto,wnja:1.1-compatible-roots-v2
家畜,かちく,animal|nature,auto,wnja:1.1-compatible-roots-v2
家臣,かしん,person_job,auto,wnja:1.1-compatible-roots-v2
富豪,ふごう,person_job,auto,wnja:1.1-compatible-roots-v2
寒波,かんぱ,nature,auto,wnja:1.1-compatible-roots-v2
寺院,じいん,place_building,auto,wnja:1.1-compatible-roots-v2
専務,せんむ,person_job,auto,wnja:1.1-compatible-roots-v2
専業,せんぎょう,person_job,auto,wnja:1.1-compatible-roots-v2
将校,しょうこう,person_job,auto,wnja:1.1-compatible-roots-v2
将軍,しょうぐん,person_job,auto,wnja:1.1-compatible-roots-v2
小僧,こぞう,person_job,auto,wnja:1.1-compatible-roots-v2
小児,しょうに,person_job,auto,wnja:1.1-compatible-roots-v2
小手,こて,body,auto,wnja:1.1-compatible-roots-v2
小豆,あずき,plant|nature,auto,wnja:1.1-compatible-roots-v2
小雨,こさめ,nature,auto,wnja:1.1-compatible-roots-v2
少佐,しょうさ,person_job,auto,wnja:1.1-compatible-roots-v2
尾根,おね,nature|place_building,auto,wnja:1.1-compatible-roots-v2
尾骨,びこつ,body,auto,wnja:1.1-compatible-roots-v2
局員,きょくいん,person_job,auto,wnja:1.1-compatible-roots-v2
居候,いそうろう,person_job,auto,wnja:1.1-compatible-roots-v2
屋敷,やしき,place_building,auto,wnja:1.1-compatible-roots-v2
層雲,そううん,nature,auto,wnja:1.1-compatible-roots-v2
山岳,さんがく,nature|place_building,auto,wnja:1.1-compatible-roots-v2
山峡,さんきょう,nature|place_building,auto,wnja:1.1-compatible-roots-v2
山脈,さんみゃく,nature|place_building,auto,wnja:1.1-compatible-roots-v2
山腹,さんぷく,nature|place_building,auto,wnja:1.1-compatible-roots-v2
山芋,やまいも,food|vegetable,auto,wnja:1.1-compatible-roots-v2
山賊,さんぞく,person_job,auto,wnja:1.1-compatible-roots-v2
山門,さんもん,place_building,auto,wnja:1.1-compatible-roots-v2
岩礁,がんしょう,nature|place_building,auto,wnja:1.1-compatible-roots-v2
岩穴,いわあな,nature|place_building,auto,wnja:1.1-compatible-roots-v2
峡谷,きょうこく,nature|place_building,auto,wnja:1.1-compatible-roots-v2
川辺,かわべ,nature|place_building,auto,wnja:1.1-compatible-roots-v2
巣穴,すあな,place_building,auto,wnja:1.1-compatible-roots-v2
工具,こうぐ,daily_tools,auto,wnja:1.1-compatible-roots-v2
工員,こういん,person_job,auto,wnja:1.1-compatible-roots-v2
左官,さかん,person_job,auto,wnja:1.1-compatible-roots-v2
巨匠,きょしょう,person_job,auto,wnja:1.1-compatible-roots-v2
巫女,みこ,person_job,auto,wnja:1.1-compatible-roots-v2
巻雲,けんうん,nature,auto,wnja:1.1-compatible-roots-v2
帆船,はんせん,vehicle,auto,wnja:1.1-compatible-roots-v2
師匠,ししょう,person_job,auto,wnja:1.1-compatible-roots-v2
常務,じょうむ,person_job,auto,wnja:1.1-compatible-roots-v2
平屋,ひらや,place_building,auto,wnja:1.1-compatible-roots-v2
年上,としうえ,person_job,auto,wnja:1.1-compatible-roots-v2
年下,としした,person_job,auto,wnja:1.1-compatible-roots-v2
幼虫,ようちゅう,animal|nature,auto,wnja:1.1-compatible-roots-v2
幼鳥,ようちょう,animal|nature,auto,wnja:1.1-compatible-roots-v2
庁舎,ちょうしゃ,place_building,auto,wnja:1.1-compatible-roots-v2
広島,ひろしま,place_building,auto,wnja:1.1-compatible-roots-v2
店主,てんしゅ,person_job,auto,wnja:1.1-compatible-roots-v2
庭園,ていえん,place_building,auto,wnja:1.1-compatible-roots-v2
庭師,にわし,person_job,auto,wnja:1.1-compatible-roots-v2
弱虫,よわむし,person_job,auto,wnja:1.1-compatible-roots-v2
強風,きょうふう,nature,auto,wnja:1.1-compatible-roots-v2
役員,やくいん,person_job,auto,wnja:1.1-compatible-roots-v2
役場,やくば,place_building,auto,wnja:1.1-compatible-roots-v2
役職,やくしょく,person_job,auto,wnja:1.1-compatible-roots-v2
徒弟,とてい,person_job,auto,wnja:1.1-compatible-roots-v2
御殿,ごてん,place_building,auto,wnja:1.1-compatible-roots-v2
微風,そよかぜ,nature,auto,wnja:1.1-compatible-roots-v2
快晴,かいせい,nature,auto,wnja:1.1-compatible-roots-v2
恐竜,きょうりゅう,animal|nature,auto,wnja:1.1-compatible-roots-v2
患者,かんじゃ,person_job,auto,wnja:1.1-compatible-roots-v2
悪人,あくにん,person_job,auto,wnja:1.1-compatible-roots-v2
悪者,わるもの,person_job,auto,wnja:1.1-compatible-roots-v2
惑星,わくせい,nature,auto,wnja:1.1-compatible-roots-v2
愛人,あいじん,person_job,auto,wnja:1.1-compatible-roots-v2
成虫,せいちゅう,animal|nature,auto,wnja:1.1-compatible-roots-v2
戦艦,せんかん,vehicle,reviewed,wnja:02812201-n
手下,てした,person_job,auto,wnja:1.1-compatible-roots-v2
手先,てさき,person_job,auto,wnja:1.1-compatible-roots-v2
技師,ぎし,person_job,auto,wnja:1.1-compatible-roots-v2
抄録,しょうろく,music,auto,wnja:1.1-compatible-roots-v2
投手,とうしゅ,person_job,auto,wnja:1.1-compatible-roots-v2
抜粋,ばっすい,music,auto,wnja:1.1-compatible-roots-v2
捕虜,ほりょ,person_job,auto,wnja:1.1-compatible-roots-v2
教員,きょういん,person_job,auto,wnja:1.1-compatible-roots-v2
敷地,しきち,place_building,auto,wnja:1.1-compatible-roots-v2
文鳥,ぶんちょう,animal|nature,auto,wnja:1.1-compatible-roots-v2
料亭,りょうてい,place_building,auto,wnja:1.1-compatible-roots-v2
新参,しんざん,person_job,auto,wnja:1.1-compatible-roots-v2
新婦,しんぷ,person_job,auto,wnja:1.1-compatible-roots-v2
新郎,しんろう,person_job,auto,wnja:1.1-compatible-roots-v2
新顔,しんがお,person_job,auto,wnja:1.1-compatible-roots-v2
旅人,たびびと,person_job,auto,wnja:1.1-compatible-roots-v2
旅客,りょかく,person_job,auto,wnja:1.1-compatible-roots-v2
日和,ひより,nature,auto,wnja:1.1-compatible-roots-v2
旦那,だんな,person_job,auto,wnja:1.1-compatible-roots-v2
旧人,きゅうじん,person_job,auto,wnja:1.1-compatible-roots-v2
昼飯,ひるめし,food,auto,wnja:1.1-compatible-roots-v2
晩飯,ばんめし,food,auto,wnja:1.1-compatible-roots-v2
晴天,せいてん,nature,auto,wnja:1.1-compatible-roots-v2
暴風,ぼうふう,nature,auto,wnja:1.1-compatible-roots-v2
曇り,くもり,nature,auto,wnja:1.1-compatible-roots-v2
曇天,どんてん,nature,auto,wnja:1.1-compatible-roots-v2
有志,ゆうし,person_job,auto,wnja:1.1-compatible-roots-v2
服装,ふくそう,clothing,auto,wnja:1.1-compatible-roots-v2
朝顔,あさがお,plant|nature,auto,wnja:1.1-compatible-roots-v2
朝飯,あさめし,food,auto,wnja:1.1-compatible-roots-v2
木工,もっこう,person_job,auto,wnja:1.1-compatible-roots-v2
木星,もくせい,nature,auto,wnja:1.1-compatible-roots-v2
木槌,きづち,daily_tools,auto,wnja:1.1-compatible-roots-v2
本箱,ほんばこ,daily_tools,auto,wnja:1.1-compatible-roots-v2
札幌,さっぽろ,place_building,auto,wnja:1.1-compatible-roots-v2
村人,むらびと,person_job,auto,wnja:1.1-compatible-roots-v2
村民,そんみん,person_job,auto,wnja:1.1-compatible-roots-v2
杜若,かきつばた,plant|nature,auto,wnja:1.1-compatible-roots-v2
来賓,らいひん,person_job,auto,wnja:1.1-compatible-roots-v2
東京,とうきょう,place_building,auto,wnja:1.1-compatible-roots-v2
板前,いたまえ,person_job,auto,wnja:1.1-compatible-roots-v2
果樹,かじゅ,plant|nature,auto,wnja:1.1-compatible-roots-v2
果汁,かじゅう,food,auto,wnja:1.1-compatible-roots-v2
柔道,じゅうどう,sport,reviewed,wnja:00825773-n
栄養,えいよう,food,auto,wnja:1.1-compatible-roots-v2
栗鼠,りす,animal|nature,auto,wnja:1.1-compatible-roots-v2
株主,かぶぬし,person_job,auto,wnja:1.1-compatible-roots-v2
根菜,こんさい,food|vegetable,reviewed,wnja:07710283-n
植物,しょくぶつ,plant|nature,auto,wnja:1.1-compatible-roots-v2
検事,けんじ,person_job,auto,wnja:1.1-compatible-roots-v2
極右,きょくう,person_job,auto,wnja:1.1-compatible-roots-v2
極道,ごくどう,person_job,auto,wnja:1.1-compatible-roots-v2
楽曲,がっきょく,music,auto,wnja:1.1-compatible-roots-v2
楽章,がくしょう,music,auto,wnja:1.1-compatible-roots-v2
楽譜,がくふ,music,auto,wnja:1.1-compatible-roots-v2
横浜,よこはま,place_building,auto,wnja:1.1-compatible-roots-v2
横笛,よこぶえ,instrument|music,reviewed,wnja:03334492-n
横腹,よこばら,body,auto,wnja:1.1-compatible-roots-v2
歌曲,かきょく,music,auto,wnja:1.1-compatible-roots-v2
歌謡,かよう,music,auto,wnja:1.1-compatible-roots-v2
殿様,とのさま,person_job,auto,wnja:1.1-compatible-roots-v2
母乳,ぼにゅう,food,auto,wnja:1.1-compatible-roots-v2
母国,ぼこく,country,auto,wnja:1.1-compatible-roots-v2
毒草,どくそう,plant|nature,auto,wnja:1.1-compatible-roots-v2
毛穴,けあな,body,auto,wnja:1.1-compatible-roots-v2
気球,ききゅう,vehicle,reviewed,wnja:02782093-n
水域,すいいき,person_job,auto,wnja:1.1-compatible-roots-v2
水夫,すいふ,person_job,auto,wnja:1.1-compatible-roots-v2
水泳,すいえい,sport,reviewed,wnja:00442115-n|wnja:00442437-n
水牛,すいぎゅう,animal|nature,auto,wnja:1.1-compatible-roots-v2
水田,すいでん,place_building,auto,wnja:1.1-compatible-roots-v2
水辺,みずべ,nature|place_building,auto,wnja:1.1-compatible-roots-v2
水飴,みずあめ,food,auto,wnja:1.1-compatible-roots-v2
水鳥,みずとり,animal|nature,auto,wnja:1.1-compatible-roots-v2
氷山,ひょうざん,nature|place_building,auto,wnja:1.1-compatible-roots-v2
氷河,ひょうが,nature|place_building,auto,wnja:1.1-compatible-roots-v2
汁物,しるもの,food,auto,wnja:1.1-compatible-roots-v2
江戸,えど,place_building,auto,wnja:1.1-compatible-roots-v2
汽船,きせん,vehicle,reviewed,wnja:04309348-n
沿岸,えんがん,nature|place_building,auto,wnja:1.1-compatible-roots-v2
注入,ちゅうにゅう,person_job,auto,wnja:1.1-compatible-roots-v2
泳ぎ,およぎ,sport,reviewed,wnja:00442115-n
洋裁,ようさい,person_job,auto,wnja:1.1-compatible-roots-v2
洗脳,せんのう,person_job,auto,wnja:1.1-compatible-roots-v2
洞穴,ほらあな,nature|place_building,auto,wnja:1.1-compatible-roots-v2
流域,りゅういき,place_building,auto,wnja:1.1-compatible-roots-v2
浅瀬,あさせ,nature|place_building,auto,wnja:1.1-compatible-roots-v2
海老,えび,food,auto,wnja:1.1-compatible-roots-v2
海豚,いるか,animal|nature,reviewed,wnja:02068974-n
海鳥,うみどり,animal|nature,auto,wnja:1.1-compatible-roots-v2
涙腺,るいせん,body,auto,wnja:1.1-compatible-roots-v2
淑女,しゅくじょ,person_job,auto,wnja:1.1-compatible-roots-v2
清白,せいはく,food|vegetable,auto,wnja:1.1-compatible-roots-v2
清酒,せいしゅ,food,reviewed,wnja:07891433-n
温帯,おんたい,place_building,auto,wnja:1.1-compatible-roots-v2
湖岸,こがん,nature|place_building,auto,wnja:1.1-compatible-roots-v2
湾岸,わんがん,nature|place_building,auto,wnja:1.1-compatible-roots-v2
滋養,じよう,food,auto,wnja:1.1-compatible-roots-v2
漁師,りょうし,person_job,auto,wnja:1.1-compatible-roots-v2
漁船,ぎょせん,vehicle,auto,wnja:1.1-compatible-roots-v2
演者,えんじゃ,person_job,auto,wnja:1.1-compatible-roots-v2
火山,かざん,nature|place_building,auto,wnja:1.1-compatible-roots-v2
火星,かせい,nature,auto,wnja:1.1-compatible-roots-v2
焼酎,しょうちゅう,food,auto,wnja:1.1-compatible-roots-v2
煮汁,にじる,food,auto,wnja:1.1-compatible-roots-v2
熊手,くまで,daily_tools,auto,wnja:1.1-compatible-roots-v2
熱帯,ねったい,place_building,auto,wnja:1.1-compatible-roots-v2
熱波,ねっぱ,nature,auto,wnja:1.1-compatible-roots-v2
片栗,かたくり,plant|nature,auto,wnja:1.1-compatible-roots-v2
牛蒡,ごぼう,plant|nature,reviewed,wnja:11924445-n
牡丹,ぼたん,plant|nature,auto,wnja:1.1-compatible-roots-v2
牧草,ぼくそう,food|plant,auto,wnja:1.1-compatible-roots-v2
特使,とくし,person_job,auto,wnja:1.1-compatible-roots-v2
犯人,はんにん,person_job,auto,wnja:1.1-compatible-roots-v2
狩猟,しゅりょう,sport,reviewed,wnja:00452293-n
猿人,えんじん,person_job,auto,wnja:1.1-compatible-roots-v2
獅子,しし,animal|nature,auto,wnja:1.1-compatible-roots-v2
獣医,じゅうい,person_job,auto,wnja:1.1-compatible-roots-v2
玄人,くろうと,person_job,auto,wnja:1.1-compatible-roots-v2
王位,おうい,person_job,auto,wnja:1.1-compatible-roots-v2
王妃,おうひ,person_job,auto,wnja:1.1-compatible-roots-v2
王座,おうざ,daily_tools,auto,wnja:1.1-compatible-roots-v2
王者,おうじゃ,person_job,auto,wnja:1.1-compatible-roots-v2
理事,りじ,person_job,auto,wnja:1.1-compatible-roots-v2
生乳,せいにゅう,food,auto,wnja:1.1-compatible-roots-v2
生業,なりわい,person_job,auto,wnja:1.1-compatible-roots-v2
田園,でんえん,place_building,auto,wnja:1.1-compatible-roots-v2
田舎,いなか,place_building,auto,wnja:1.1-compatible-roots-v2
甲虫,こうちゅう,animal|nature,auto,wnja:1.1-compatible-roots-v2
男優,だんゆう,person_job,auto,wnja:1.1-compatible-roots-v2
男児,だんじ,person_job,auto,wnja:1.1-compatible-roots-v2
男爵,だんしゃく,person_job,auto,wnja:1.1-compatible-roots-v2
町長,ちょうちょう,person_job,auto,wnja:1.1-compatible-roots-v2
画伯,がはく,person_job,auto,wnja:1.1-compatible-roots-v2
番兵,ばんぺい,person_job,auto,wnja:1.1-compatible-roots-v2
番犬,ばんけん,animal|nature,auto,wnja:1.1-compatible-roots-v2
病床,びょうしょう,daily_tools,auto,wnja:1.1-compatible-roots-v2
痴漢,ちかん,person_job,auto,wnja:1.1-compatible-roots-v2
白子,しらこ,food,auto,wnja:1.1-compatible-roots-v2
白身,しろみ,food,auto,wnja:1.1-compatible-roots-v2
白鷺,しらさぎ,animal|nature,auto,wnja:1.1-compatible-roots-v2
百合,ゆり,plant|nature,auto,wnja:1.1-compatible-roots-v2
皇后,こうごう,person_job,auto,wnja:1.1-compatible-roots-v2
盆地,ぼんち,place_building,auto,wnja:1.1-compatible-roots-v2
盆栽,ぼんさい,plant|nature,auto,wnja:1.1-compatible-roots-v2
盗賊,とうぞく,person_job,auto,wnja:1.1-compatible-roots-v2
目撃,もくげき,person_job,auto,wnja:1.1-compatible-roots-v2
目玉,めだま,body,auto,wnja:1.1-compatible-roots-v2
眉間,みけん,body,auto,wnja:1.1-compatible-roots-v2
眼球,がんきゅう,body,auto,wnja:1.1-compatible-roots-v2
着物,きもの,clothing,auto,wnja:1.1-compatible-roots-v2
知人,ちじん,person_job,auto,wnja:1.1-compatible-roots-v2
砂丘,さきゅう,nature|place_building,auto,wnja:1.1-compatible-roots-v2
砂嵐,すなあらし,nature,auto,wnja:1.1-compatible-roots-v2
砂浜,すなはま,nature|place_building,auto,wnja:1.1-compatible-roots-v2
砂漠,さばく,place_building,auto,wnja:1.1-compatible-roots-v2
神域,しんいき,place_building,auto,wnja:1.1-compatible-roots-v2
神宮,じんぐう,place_building,auto,wnja:1.1-compatible-roots-v2
神殿,しんでん,place_building,auto,wnja:1.1-compatible-roots-v2
神社,じんじゃ,place_building,auto,wnja:1.1-compatible-roots-v2
祭殿,さいでん,place_building,auto,wnja:1.1-compatible-roots-v2
私服,しふく,person_job,auto,wnja:1.1-compatible-roots-v2
稲光,いなびかり,nature,auto,wnja:1.1-compatible-roots-v2
稲田,いなだ,place_building,auto,wnja:1.1-compatible-roots-v2
稲荷,いなり,animal|nature,auto,wnja:1.1-compatible-roots-v2
穀類,こくるい,food|plant,auto,wnja:1.1-compatible-roots-v2
積雲,せきうん,nature,auto,wnja:1.1-compatible-roots-v2
空母,くうぼ,vehicle,reviewed,wnja:02687172-n
突風,とっぷう,nature,auto,wnja:1.1-compatible-roots-v2
立地,りっち,place_building,auto,wnja:1.1-compatible-roots-v2
竜巻,たつまき,nature,auto,wnja:1.1-compatible-roots-v2
竹刀,しない,daily_tools,auto,wnja:1.1-compatible-roots-v2
筆者,ひっしゃ,person_job,auto,wnja:1.1-compatible-roots-v2
米飯,べいはん,food,auto,wnja:1.1-compatible-roots-v2
粉乳,ふんにゅう,food,auto,wnja:1.1-compatible-roots-v2
粋人,すいじん,person_job,auto,wnja:1.1-compatible-roots-v2
粘膜,ねんまく,body,auto,wnja:1.1-compatible-roots-v2
糸鋸,いとのこ,daily_tools,auto,wnja:1.1-compatible-roots-v2
素肌,すはだ,body,auto,wnja:1.1-compatible-roots-v2
紳士,しんし,person_job,auto,wnja:1.1-compatible-roots-v2
給仕,きゅうじ,person_job,auto,wnja:1.1-compatible-roots-v2
絵師,えし,person_job,auto,wnja:1.1-compatible-roots-v2
絶壁,ぜっぺき,nature|place_building,auto,wnja:1.1-compatible-roots-v2
継子,ままこ,person_job,auto,wnja:1.1-compatible-roots-v2
継母,ままはは,person_job,auto,wnja:1.1-compatible-roots-v2
総理,そうり,person_job,auto,wnja:1.1-compatible-roots-v2
緑地,りょくち,place_building,auto,wnja:1.1-compatible-roots-v2
緑茶,りょくちゃ,food,auto,wnja:1.1-compatible-roots-v2
練乳,れんにゅう,food,auto,wnja:1.1-compatible-roots-v2
缶詰,かんづめ,food,auto,wnja:1.1-compatible-roots-v2
罪人,ざいにん,person_job,auto,wnja:1.1-compatible-roots-v2
置屋,おきや,place_building,auto,wnja:1.1-compatible-roots-v2
美女,びじょ,person_job,auto,wnja:1.1-compatible-roots-v2
義兄,ぎけい,person_job,auto,wnja:1.1-compatible-roots-v2
義妹,ぎまい,person_job,auto,wnja:1.1-compatible-roots-v2
義母,ぎぼ,person_job,auto,wnja:1.1-compatible-roots-v2
義父,ぎふ,person_job,auto,wnja:1.1-compatible-roots-v2
羽虫,はむし,animal|nature,auto,wnja:1.1-compatible-roots-v2
老女,ろうじょ,person_job,auto,wnja:1.1-compatible-roots-v2
老婆,ろうば,person_job,auto,wnja:1.1-compatible-roots-v2
職業,しょくぎょう,person_job,auto,wnja:1.1-compatible-roots-v2
肉片,にくへん,food,auto,wnja:1.1-compatible-roots-v2
胃袋,いぶくろ,body,auto,wnja:1.1-compatible-roots-v2
背広,せびろ,clothing,auto,wnja:1.1-compatible-roots-v2
胡桃,くるみ,plant|fruit,auto,wnja:1.1-compatible-roots-v2
胸元,むなもと,body,auto,wnja:1.1-compatible-roots-v2
胸部,きょうぶ,body,auto,wnja:1.1-compatible-roots-v2
胸骨,きょうこつ,body,auto,wnja:1.1-compatible-roots-v2
脇腹,わきばら,body,auto,wnja:1.1-compatible-roots-v2
脊椎,せきつい,body,auto,wnja:1.1-compatible-roots-v2
脊髄,せきずい,body,auto,wnja:1.1-compatible-roots-v2
脾臓,ひぞう,body,auto,wnja:1.1-compatible-roots-v2
腋窩,えきか,body,auto,wnja:1.1-compatible-roots-v2
膵臓,すいぞう,body,auto,wnja:1.1-compatible-roots-v2
臀部,でんぶ,body,auto,wnja:1.1-compatible-roots-v2
舞妓,まいこ,person_job,auto,wnja:1.1-compatible-roots-v2
船員,せんいん,person_job,auto,wnja:1.1-compatible-roots-v2
船長,せんちょう,person_job,auto,wnja:1.1-compatible-roots-v2
芍薬,しゃくやく,plant|nature,auto,wnja:1.1-compatible-roots-v2
花園,はなぞの,place_building,auto,wnja:1.1-compatible-roots-v2
花壇,かだん,place_building,auto,wnja:1.1-compatible-roots-v2
花婿,はなむこ,person_job,auto,wnja:1.1-compatible-roots-v2
花畑,はなばたけ,place_building,auto,wnja:1.1-compatible-roots-v2
花魁,おいらん,person_job,auto,wnja:1.1-compatible-roots-v2
芸人,げいにん,person_job,auto,wnja:1.1-compatible-roots-v2
芸妓,げいぎ,person_job,auto,wnja:1.1-compatible-roots-v2
芸者,げいしゃ,person_job,auto,wnja:1.1-compatible-roots-v2
苗床,なえどこ,place_building,auto,wnja:1.1-compatible-roots-v2
苗木,なえぎ,plant|nature,auto,wnja:1.1-compatible-roots-v2
若気,わかげ,person_job,auto,wnja:1.1-compatible-roots-v2
若造,わかぞう,person_job,auto,wnja:1.1-compatible-roots-v2
英国,えいこく,country,reviewed,wnja:08860123-n
茶房,さぼう,place_building,auto,wnja:1.1-compatible-roots-v2
茶葉,ちゃば,food,auto,wnja:1.1-compatible-roots-v2
草地,くさち,place_building,auto,wnja:1.1-compatible-roots-v2
草木,くさき,plant|nature,auto,wnja:1.1-compatible-roots-v2
草花,くさばな,plant|nature,auto,wnja:1.1-compatible-roots-v2
荒野,こうや,place_building,auto,wnja:1.1-compatible-roots-v2
荷車,にぐるま,vehicle,auto,wnja:1.1-compatible-roots-v2
菖蒲,あやめ,plant|nature,auto,wnja:1.1-compatible-roots-v2
落雷,らくらい,nature,auto,wnja:1.1-compatible-roots-v2
著者,ちょしゃ,person_job,auto,wnja:1.1-compatible-roots-v2
薫風,くんぷう,nature,auto,wnja:1.1-compatible-roots-v2
薬指,くすりゆび,body,auto,wnja:1.1-compatible-roots-v2
薬草,やくそう,food,auto,wnja:1.1-compatible-roots-v2
藩主,はんしゅ,person_job,auto,wnja:1.1-compatible-roots-v2
虜囚,りょしゅう,person_job,auto,wnja:1.1-compatible-roots-v2
蜂蜜,はちみつ,food,auto,wnja:1.1-compatible-roots-v2
蜜蜂,みつばち,animal|nature,auto,wnja:1.1-compatible-roots-v2
蜥蜴,とかげ,animal|nature,auto,wnja:1.1-compatible-roots-v2
被告,ひこく,person_job,auto,wnja:1.1-compatible-roots-v2
裏方,うらかた,person_job,auto,wnja:1.1-compatible-roots-v2
補欠,ほけつ,person_job,auto,wnja:1.1-compatible-roots-v2
覇者,はしゃ,person_job,auto,wnja:1.1-compatible-roots-v2
親分,おやぶん,person_job,auto,wnja:1.1-compatible-roots-v2
誘致,ゆうち,person_job,auto,wnja:1.1-compatible-roots-v2
譜面,ふめん,music,auto,wnja:1.1-compatible-roots-v2
警部,けいぶ,person_job,auto,wnja:1.1-compatible-roots-v2
議員,ぎいん,person_job,auto,wnja:1.1-compatible-roots-v2
豆乳,とうにゅう,food,auto,wnja:1.1-compatible-roots-v2
豪商,ごうしょう,person_job,auto,wnja:1.1-compatible-roots-v2
豪雨,ごうう,nature,auto,wnja:1.1-compatible-roots-v2
貝塚,かいづか,place_building,auto,wnja:1.1-compatible-roots-v2
貝柱,かいばしら,body,auto,wnja:1.1-compatible-roots-v2
賓客,ひんきゃく,person_job,auto,wnja:1.1-compatible-roots-v2
賢者,けんじゃ,person_job,auto,wnja:1.1-compatible-roots-v2
足指,あしゆび,body,auto,wnja:1.1-compatible-roots-v2
車両,しゃりょう,vehicle,auto,wnja:1.1-compatible-roots-v2
車掌,しゃしょう,person_job,auto,wnja:1.1-compatible-roots-v2
車軸,しゃじく,daily_tools,auto,wnja:1.1-compatible-roots-v2
軍艦,ぐんかん,vehicle,reviewed,wnja:02812201-n|wnja:03718212-n|wnja:04552696-n
軍馬,ぐんば,animal|nature,auto,wnja:1.1-compatible-roots-v2
軟骨,なんこつ,body,auto,wnja:1.1-compatible-roots-v2
転調,てんちょう,music,auto,wnja:1.1-compatible-roots-v2
軽食,けいしょく,food,auto,wnja:1.1-compatible-roots-v2
農地,のうち,place_building,auto,wnja:1.1-compatible-roots-v2
辺境,へんきょう,place_building,auto,wnja:1.1-compatible-roots-v2
連峰,れんぽう,nature|place_building,auto,wnja:1.1-compatible-roots-v2
遊女,ゆうじょ,person_job,auto,wnja:1.1-compatible-roots-v2
達人,たつじん,person_job,auto,wnja:1.1-compatible-roots-v2
遠浅,とおあさ,nature|place_building,auto,wnja:1.1-compatible-roots-v2
選手,せんしゅ,person_job,auto,wnja:1.1-compatible-roots-v2
部長,ぶちょう,person_job,auto,wnja:1.1-compatible-roots-v2
配下,はいか,person_job,auto,wnja:1.1-compatible-roots-v2
酒屋,さかや,person_job,auto,wnja:1.1-compatible-roots-v2
里芋,さといも,vegetable,reviewed,wnja:07736813-n
里親,さとおや,person_job,auto,wnja:1.1-compatible-roots-v2
重役,じゅうやく,person_job,auto,wnja:1.1-compatible-roots-v2
野兎,のうさぎ,animal|nature,auto,wnja:1.1-compatible-roots-v2
野手,やしゅ,person_job,auto,wnja:1.1-compatible-roots-v2
野球,やきゅう,sport,reviewed,wnja:00471613-n|wnja:00476140-n
野郎,やろう,person_job,auto,wnja:1.1-compatible-roots-v2
金管,きんかん,instrument|music,reviewed,wnja:02891788-n
金髪,きんぱつ,person_job,auto,wnja:1.1-compatible-roots-v2
鈴虫,すずむし,animal|nature,auto,wnja:1.1-compatible-roots-v2
鍋物,なべもの,food,auto,wnja:1.1-compatible-roots-v2
鎖骨,さこつ,body,auto,wnja:1.1-compatible-roots-v2
長屋,ながや,place_building,auto,wnja:1.1-compatible-roots-v2
門人,もんじん,person_job,auto,wnja:1.1-compatible-roots-v2
門番,もんばん,person_job,auto,wnja:1.1-compatible-roots-v2
関取,せきとり,person_job,auto,wnja:1.1-compatible-roots-v2
閣僚,かくりょう,person_job,auto,wnja:1.1-compatible-roots-v2
降雪,こうせつ,nature,auto,wnja:1.1-compatible-roots-v2
雀蜂,すずめばち,animal|nature,auto,wnja:1.1-compatible-roots-v2
雑穀,ざっこく,food,auto,wnja:1.1-compatible-roots-v2
雛鳥,ひなどり,animal|nature,auto,wnja:1.1-compatible-roots-v2
離宮,りきゅう,place_building,auto,wnja:1.1-compatible-roots-v2
雨天,うてん,nature,auto,wnja:1.1-compatible-roots-v2
雨雲,あまぐも,nature,auto,wnja:1.1-compatible-roots-v2
雪山,ゆきやま,nature|place_building,auto,wnja:1.1-compatible-roots-v2
雷光,らいこう,nature,auto,wnja:1.1-compatible-roots-v2
雷雨,らいう,nature,auto,wnja:1.1-compatible-roots-v2
雷雲,らいうん,nature,auto,wnja:1.1-compatible-roots-v2
電工,でんこう,person_job,auto,wnja:1.1-compatible-roots-v2
霊園,れいえん,place_building,auto,wnja:1.1-compatible-roots-v2
霧雨,きりさめ,nature,auto,wnja:1.1-compatible-roots-v2
青物,あおもの,food|vegetable,auto,wnja:1.1-compatible-roots-v2
青筋,あおすじ,body,auto,wnja:1.1-compatible-roots-v2
靭帯,じんたい,body,auto,wnja:1.1-compatible-roots-v2
領主,りょうしゅ,person_job,auto,wnja:1.1-compatible-roots-v2
領事,りょうじ,person_job,auto,wnja:1.1-compatible-roots-v2
顎紐,あごひも,daily_tools,auto,wnja:1.1-compatible-roots-v2
顧問,こもん,person_job,auto,wnja:1.1-compatible-roots-v2
飛瀑,ひばく,nature|place_building,auto,wnja:1.1-compatible-roots-v2
食塩,しょくえん,food,reviewed,wnja:07813107-n
食肉,しょくにく,food,auto,wnja:1.1-compatible-roots-v2
飴玉,あめだま,food,auto,wnja:1.1-compatible-roots-v2
養女,ようじょ,person_job,auto,wnja:1.1-compatible-roots-v2
養母,ようぼ,person_job,auto,wnja:1.1-compatible-roots-v2
養父,ようふ,person_job,auto,wnja:1.1-compatible-roots-v2
養親,ようしん,person_job,auto,wnja:1.1-compatible-roots-v2
首脳,しゅのう,person_job,auto,wnja:1.1-compatible-roots-v2
首謀,しゅぼう,person_job,auto,wnja:1.1-compatible-roots-v2
馬車,ばしゃ,vehicle,reviewed,wnja:02968473-n|wnja:04543158-n
騎兵,きへい,person_job,auto,wnja:1.1-compatible-roots-v2
騎手,きしゅ,person_job,auto,wnja:1.1-compatible-roots-v2
骨盤,こつばん,body,auto,wnja:1.1-compatible-roots-v2
魚屋,さかなや,person_job,auto,wnja:1.1-compatible-roots-v2
魚肉,ぎょにく,food,auto,wnja:1.1-compatible-roots-v2
鶏卵,けいらん,food,auto,wnja:1.1-compatible-roots-v2
鸚鵡,おうむ,animal|nature,auto,wnja:1.1-compatible-roots-v2
麦芽,ばくが,food,auto,wnja:1.1-compatible-roots-v2
麺類,めんるい,food,auto,wnja:1.1-compatible-roots-v2
鼓膜,こまく,body,auto,wnja:1.1-compatible-roots-v2
おむつ,おむつ,clothing,auto,wnja:1.1-compatible-roots-v2
おやつ,おやつ,food,auto,wnja:1.1-compatible-roots-v2
お嬢様,おじょうさま,person_job,auto,wnja:1.1-compatible-roots-v2
お客様,おきゃくさま,person_job,auto,wnja:1.1-compatible-roots-v2
お父様,おとうさま,person_job,auto,wnja:1.1-compatible-roots-v2
くノ一,くのいち,person_job,auto,wnja:1.1-compatible-roots-v2
ねんね,ねんね,person_job,auto,wnja:1.1-compatible-roots-v2
やくざ,やくざ,person_job,auto,wnja:1.1-compatible-roots-v2
やすり,やすり,daily_tools,auto,wnja:1.1-compatible-roots-v2
ゆで卵,ゆでたまご,food,auto,wnja:1.1-compatible-roots-v2
アシカ,あしか,animal|nature,auto,wnja:1.1-compatible-roots-v2
アワビ,あわび,animal|nature,auto,wnja:1.1-compatible-roots-v2
イナゴ,いなご,animal|nature,auto,wnja:1.1-compatible-roots-v2
インド,いんど,country,reviewed,wnja:08900535-n
ウンカ,うんか,animal|nature,auto,wnja:1.1-compatible-roots-v2
オクラ,おくら,food|plant|fruit|vegetable,auto,wnja:1.1-compatible-roots-v2
オール,おーる,daily_tools,auto,wnja:1.1-compatible-roots-v2
カナダ,かなだ,country,auto,wnja:1.1-compatible-roots-v2
カヌー,かぬー,vehicle,reviewed,wnja:02951358-n
カラス,からす,animal,reviewed,wnja:01579028-n
カレー,かれー,food,reviewed,wnja:07823951-n
グルメ,ぐるめ,person_job,auto,wnja:1.1-compatible-roots-v2
ケトル,けとる,daily_tools,auto,wnja:1.1-compatible-roots-v2
コーチ,こーち,person_job,auto,wnja:1.1-compatible-roots-v2
コーラ,こーら,food,reviewed,wnja:07927931-n
ゴリラ,ごりら,animal|nature,reviewed,wnja:02480855-n
ゴルフ,ごるふ,sport,reviewed,wnja:00464894-n
シェフ,しぇふ,person_job,auto,wnja:1.1-compatible-roots-v2
シニア,しにあ,person_job,auto,wnja:1.1-compatible-roots-v2
ジャズ,じゃず,music,auto,wnja:1.1-compatible-roots-v2
ジャム,じゃむ,food,auto,wnja:1.1-compatible-roots-v2
スキー,すきー,sport,reviewed,wnja:00440747-n
スパイ,すぱい,person_job,auto,wnja:1.1-compatible-roots-v2
スパナ,すぱな,daily_tools,auto,wnja:1.1-compatible-roots-v2
スパム,すぱむ,food,reviewed,wnja:07573347-n
セロリ,せろり,food|plant|vegetable,reviewed,wnja:07730406-n
ソファ,そふぁ,daily_tools,auto,wnja:1.1-compatible-roots-v2
タイツ,たいつ,clothing,auto,wnja:1.1-compatible-roots-v2
タルト,たると,food,auto,wnja:1.1-compatible-roots-v2
チェロ,ちぇろ,instrument|music,reviewed,wnja:02992211-n
チーズ,ちーず,food,auto,wnja:1.1-compatible-roots-v2
テニス,てにす,sport,auto,wnja:1.1-compatible-roots-v2
ドラム,どらむ,instrument,reviewed,wnja:03249569-n
ナッツ,なっつ,fruit,reviewed,wnja:13136556-n
ハーブ,はーぶ,food|plant,auto,wnja:1.1-compatible-roots-v2
バジル,ばじる,food|plant,reviewed,wnja:07816164-n|wnja:12860365-n
バッタ,ばった,animal|nature,auto,wnja:1.1-compatible-roots-v2
バトン,ばとん,daily_tools,auto,wnja:1.1-compatible-roots-v2
バナナ,ばなな,food|plant|fruit,reviewed,wnja:07753592-n|wnja:12352287-n|wnja:12353203-n
バニラ,ばにら,food|plant,reviewed,wnja:07828807-n|wnja:12086539-n
パスタ,ぱすた,food,auto,wnja:1.1-compatible-roots-v2
パセリ,ぱせり,food|plant,auto,wnja:1.1-compatible-roots-v2
パフェ,ぱふぇ,food,auto,wnja:1.1-compatible-roots-v2
パンダ,ぱんだ,animal|nature,auto,wnja:1.1-compatible-roots-v2
パンツ,ぱんつ,clothing,auto,wnja:1.1-compatible-roots-v2
ヒップ,ひっぷ,body,auto,wnja:1.1-compatible-roots-v2
ヒラメ,ひらめ,food,auto,wnja:1.1-compatible-roots-v2
ビオラ,びおら,instrument|music,reviewed,wnja:04536335-n
ビーチ,びーち,nature|place_building,auto,wnja:1.1-compatible-roots-v2
ビート,びーと,vegetable,reviewed,wnja:07719839-n
ピアノ,ぴあの,instrument,reviewed,wnja:03928116-n
ペダル,ぺだる,daily_tools,auto,wnja:1.1-compatible-roots-v2
ペンチ,ぺんち,daily_tools,auto,wnja:1.1-compatible-roots-v2
ホルン,ほるん,instrument|music,auto,wnja:1.1-compatible-roots-v2
ボノボ,ぼのぼ,animal|nature,reviewed,wnja:02482650-n
ボーイ,ぼーい,person_job,auto,wnja:1.1-compatible-roots-v2
ボート,ぼーと,vehicle,auto,wnja:1.1-compatible-roots-v2
ポテト,ぽてと,plant|nature,reviewed,wnja:12897493-n
マグロ,まぐろ,food|animal,reviewed,wnja:02626762-n|wnja:07780627-n
マニア,まにあ,person_job,auto,wnja:1.1-compatible-roots-v2
ミシン,みしん,daily_tools,auto,wnja:1.1-compatible-roots-v2
ミトン,みとん,clothing,auto,wnja:1.1-compatible-roots-v2
ミント,みんと,food,auto,wnja:1.1-compatible-roots-v2
メロン,めろん,food|fruit,reviewed,wnja:07755411-n
モップ,もっぷ,daily_tools,auto,wnja:1.1-compatible-roots-v2
ヨット,よっと,vehicle,reviewed,wnja:04610013-n
ヨモギ,よもぎ,plant|nature,auto,wnja:1.1-compatible-roots-v2
ラッパ,らっぱ,instrument|music,auto,wnja:1.1-compatible-roots-v2
リップ,りっぷ,body,auto,wnja:1.1-compatible-roots-v2
レタス,れたす,food|plant|vegetable,reviewed,wnja:07723559-n|wnja:11986306-n
レディ,れでぃ,person_job,auto,wnja:1.1-compatible-roots-v2
レンチ,れんち,daily_tools,auto,wnja:1.1-compatible-roots-v2
一匹狼,いっぴきおおかみ,person_job,auto,wnja:1.1-compatible-roots-v2
一塁手,いちるいしゅ,person_job,auto,wnja:1.1-compatible-roots-v2
一年生,いちねんせい,person_job,auto,wnja:1.1-compatible-roots-v2
一輪車,いちりんしゃ,vehicle,auto,wnja:1.1-compatible-roots-v2
万年筆,まんねんひつ,daily_tools,auto,wnja:1.1-compatible-roots-v2
三つ葉,みつば,plant|nature,auto,wnja:1.1-compatible-roots-v2
三枚目,さんまいめ,person_job,auto,wnja:1.1-compatible-roots-v2
三輪車,さんりんしゃ,vehicle,auto,wnja:1.1-compatible-roots-v2
三重奏,さんじゅうそう,music,auto,wnja:1.1-compatible-roots-v2
上り坂,のぼりざか,nature|place_building,auto,wnja:1.1-compatible-roots-v2
上白糖,じょうはくとう,food,auto,wnja:1.1-compatible-roots-v2
世話人,せわにん,person_job,auto,wnja:1.1-compatible-roots-v2
両生類,りょうせいるい,animal|nature,auto,wnja:1.1-compatible-roots-v2
中力粉,ちゅうりきこ,food,auto,wnja:1.1-compatible-roots-v2
中古車,ちゅうこしゃ,vehicle,auto,wnja:1.1-compatible-roots-v2
中堅手,ちゅうけんしゅ,person_job,auto,wnja:1.1-compatible-roots-v2
中華鍋,ちゅうかなべ,daily_tools,auto,wnja:1.1-compatible-roots-v2
主催者,しゅさいしゃ,person_job,auto,wnja:1.1-compatible-roots-v2
乗用車,じょうようしゃ,vehicle,auto,wnja:1.1-compatible-roots-v2
乳製品,にゅうせいひん,food,auto,wnja:1.1-compatible-roots-v2
事務員,じむいん,person_job,auto,wnja:1.1-compatible-roots-v2
二枚貝,にまいがい,animal|nature,auto,wnja:1.1-compatible-roots-v2
亜熱帯,あねったい,place_building,auto,wnja:1.1-compatible-roots-v2
亡命者,ぼうめいしゃ,person_job,auto,wnja:1.1-compatible-roots-v2
人力車,じんりきしゃ,vehicle,auto,wnja:1.1-compatible-roots-v2
人気者,にんきもの,person_job,auto,wnja:1.1-compatible-roots-v2
仏教徒,ぶっきょうと,person_job,auto,wnja:1.1-compatible-roots-v2
仕入先,しいれさき,person_job,auto,wnja:1.1-compatible-roots-v2
仕立屋,したてや,person_job,auto,wnja:1.1-compatible-roots-v2
仲介者,ちゅうかいしゃ,person_job,auto,wnja:1.1-compatible-roots-v2
会計士,かいけいし,person_job,auto,wnja:1.1-compatible-roots-v2
伝道師,でんどうし,person_job,auto,wnja:1.1-compatible-roots-v2
低気圧,ていきあつ,nature,auto,wnja:1.1-compatible-roots-v2
作業着,さぎょうぎ,clothing,auto,wnja:1.1-compatible-roots-v2
作詞家,さくしか,person_job,auto,wnja:1.1-compatible-roots-v2
使用人,しようにん,person_job,auto,wnja:1.1-compatible-roots-v2
使用者,しようしゃ,person_job,auto,wnja:1.1-compatible-roots-v2
依頼人,いらいにん,person_job,auto,wnja:1.1-compatible-roots-v2
依頼者,いらいしゃ,person_job,auto,wnja:1.1-compatible-roots-v2
保証人,ほしょうにん,person_job,auto,wnja:1.1-compatible-roots-v2
保護者,ほごしゃ,person_job,auto,wnja:1.1-compatible-roots-v2
候補者,こうほしゃ,person_job,auto,wnja:1.1-compatible-roots-v2
借家人,しゃくやにん,person_job,auto,wnja:1.1-compatible-roots-v2
傍観者,ぼうかんしゃ,person_job,auto,wnja:1.1-compatible-roots-v2
債務者,さいむしゃ,person_job,auto,wnja:1.1-compatible-roots-v2
債権者,さいけんしゃ,person_job,auto,wnja:1.1-compatible-roots-v2
働き蜂,はたらきばち,animal|nature,auto,wnja:1.1-compatible-roots-v2
優勝者,ゆうしょうしゃ,person_job,auto,wnja:1.1-compatible-roots-v2
元締め,もとじめ,person_job,auto,wnja:1.1-compatible-roots-v2
先住民,せんじゅうみん,person_job,auto,wnja:1.1-compatible-roots-v2
先導者,せんどうしゃ,person_job,auto,wnja:1.1-compatible-roots-v2
先駆け,さきがけ,person_job,auto,wnja:1.1-compatible-roots-v2
入り江,いりえ,nature|place_building,auto,wnja:1.1-compatible-roots-v2
共謀者,きょうぼうしゃ,person_job,auto,wnja:1.1-compatible-roots-v2
内野手,ないやしゅ,person_job,auto,wnja:1.1-compatible-roots-v2
冒険家,ぼうけんか,person_job,auto,wnja:1.1-compatible-roots-v2
冒険者,ぼうけんしゃ,person_job,auto,wnja:1.1-compatible-roots-v2
冠動脈,かんどうみゃく,body,auto,wnja:1.1-compatible-roots-v2
冷凍庫,れいとうこ,daily_tools,auto,wnja:1.1-compatible-roots-v2
出不精,でぶしょう,person_job,auto,wnja:1.1-compatible-roots-v2
出演者,しゅつえんしゃ,person_job,auto,wnja:1.1-compatible-roots-v2
前任者,ぜんにんしゃ,person_job,auto,wnja:1.1-compatible-roots-v2
前掛け,まえかけ,clothing,auto,wnja:1.1-compatible-roots-v2
前立腺,ぜんりつせん,body,auto,wnja:1.1-compatible-roots-v2
副会長,ふくかいちょう,person_job,auto,wnja:1.1-compatible-roots-v2
創始者,そうししゃ,person_job,auto,wnja:1.1-compatible-roots-v2
創業者,そうぎょうしゃ,person_job,auto,wnja:1.1-compatible-roots-v2
劇作家,げきさっか,person_job,auto,wnja:1.1-compatible-roots-v2
加害者,かがいしゃ,person_job,auto,wnja:1.1-compatible-roots-v2
加盟国,かめいこく,person_job,auto,wnja:1.1-compatible-roots-v2
助っ人,すけっと,person_job,auto,wnja:1.1-compatible-roots-v2
助教授,じょきょうじゅ,person_job,auto,wnja:1.1-compatible-roots-v2
助言者,じょげんしゃ,person_job,auto,wnja:1.1-compatible-roots-v2
勢力圏,せいりょくけん,place_building,auto,wnja:1.1-compatible-roots-v2
北半球,きたはんきゅう,place_building,auto,wnja:1.1-compatible-roots-v2
医学生,いがくせい,person_job,auto,wnja:1.1-compatible-roots-v2
協力者,きょうりょくしゃ,person_job,auto,wnja:1.1-compatible-roots-v2
南半球,みなみはんきゅう,place_building,auto,wnja:1.1-compatible-roots-v2
占い師,うらないし,person_job,auto,wnja:1.1-compatible-roots-v2
卵焼き,たまごやき,food,auto,wnja:1.1-compatible-roots-v2
原住民,げんじゅうみん,person_job,auto,wnja:1.1-compatible-roots-v2
原作者,げんさくしゃ,person_job,auto,wnja:1.1-compatible-roots-v2
双生児,そうせいじ,person_job,auto,wnja:1.1-compatible-roots-v2
収集家,しゅうしゅうか,person_job,auto,wnja:1.1-compatible-roots-v2
取引先,とりひきさき,person_job,auto,wnja:1.1-compatible-roots-v2
取締役,とりしまりやく,person_job,auto,wnja:1.1-compatible-roots-v2
受取人,うけとりにん,person_job,auto,wnja:1.1-compatible-roots-v2
受領者,じゅりょうしゃ,person_job,auto,wnja:1.1-compatible-roots-v2
召使い,めしつかい,person_job,auto,wnja:1.1-compatible-roots-v2
右翼手,うよくしゅ,person_job,auto,wnja:1.1-compatible-roots-v2
司令官,しれいかん,person_job,auto,wnja:1.1-compatible-roots-v2
司会者,しかいしゃ,person_job,auto,wnja:1.1-compatible-roots-v2
同年代,どうねんだい,person_job,auto,wnja:1.1-compatible-roots-v2
同業者,どうぎょうしゃ,person_job,auto,wnja:1.1-compatible-roots-v2
同窓生,どうそうせい,person_job,auto,wnja:1.1-compatible-roots-v2
名古屋,なごや,place_building,auto,wnja:1.1-compatible-roots-v2
哲学者,てつがくしゃ,person_job,auto,wnja:1.1-compatible-roots-v2
唐辛子,とうがらし,food,reviewed,wnja:07822518-n
唾液腺,だえきせん,body,auto,wnja:1.1-compatible-roots-v2
商売人,しょうばいにん,person_job,auto,wnja:1.1-compatible-roots-v2
喫煙者,きつえんしゃ,person_job,auto,wnja:1.1-compatible-roots-v2
嘘つき,うそつき,person_job,auto,wnja:1.1-compatible-roots-v2
四輪車,よんりんしゃ,vehicle,auto,wnja:1.1-compatible-roots-v2
地中海,ちちゅうかい,nature|place_building,auto,wnja:1.1-compatible-roots-v2
執筆者,しっぴつしゃ,person_job,auto,wnja:1.1-compatible-roots-v2
塩加減,しおかげん,food,auto,wnja:1.1-compatible-roots-v2
声楽家,せいがくか,person_job,auto,wnja:1.1-compatible-roots-v2
売り手,うりて,person_job,auto,wnja:1.1-compatible-roots-v2
売春婦,ばいしゅんふ,person_job,auto,wnja:1.1-compatible-roots-v2
夕ご飯,ゆうごはん,food,auto,wnja:1.1-compatible-roots-v2
外交官,がいこうかん,person_job,auto,wnja:1.1-compatible-roots-v2
外科医,げかい,person_job,auto,wnja:1.1-compatible-roots-v2
外野手,がいやしゅ,person_job,auto,wnja:1.1-compatible-roots-v2
大学生,だいがくせい,person_job,auto,wnja:1.1-compatible-roots-v2
大相撲,おおずもう,sport,reviewed,wnja:00448232-n
大聖堂,だいせいどう,place_building,auto,wnja:1.1-compatible-roots-v2
大西洋,たいせいよう,nature|place_building,auto,wnja:1.1-compatible-roots-v2
太もも,ふともも,body,auto,wnja:1.1-compatible-roots-v2
太平洋,たいへいよう,nature|place_building,auto,wnja:1.1-compatible-roots-v2
失業者,しつぎょうしゃ,person_job,auto,wnja:1.1-compatible-roots-v2
奉公人,ほうこうにん,person_job,auto,wnja:1.1-compatible-roots-v2
女王蜂,じょおうばち,animal|nature,auto,wnja:1.1-compatible-roots-v2
姉さん,ねえさん,person_job,auto,wnja:1.1-compatible-roots-v2
委員長,いいんちょう,person_job,auto,wnja:1.1-compatible-roots-v2
婚約者,こんやくしゃ,person_job,auto,wnja:1.1-compatible-roots-v2
婦人服,ふじんふく,clothing,auto,wnja:1.1-compatible-roots-v2
媒酌人,ばいしゃくにん,person_job,auto,wnja:1.1-compatible-roots-v2
子守り,こもり,person_job,auto,wnja:1.1-compatible-roots-v2
季節風,きせつふう,nature,auto,wnja:1.1-compatible-roots-v2
学習机,がくしゅうづくえ,daily_tools,auto,wnja:1.1-compatible-roots-v2
学習者,がくしゅうしゃ,person_job,auto,wnja:1.1-compatible-roots-v2
学部長,がくぶちょう,person_job,auto,wnja:1.1-compatible-roots-v2
宇宙船,うちゅうせん,vehicle,auto,wnja:1.1-compatible-roots-v2
客引き,きゃくひき,person_job,auto,wnja:1.1-compatible-roots-v2
宣教師,せんきょうし,person_job,auto,wnja:1.1-compatible-roots-v2
室内楽,しつないがく,music,auto,wnja:1.1-compatible-roots-v2
家政婦,かせいふ,person_job,auto,wnja:1.1-compatible-roots-v2
容疑者,ようぎしゃ,person_job,auto,wnja:1.1-compatible-roots-v2
寄宿舎,きしゅくしゃ,place_building,auto,wnja:1.1-compatible-roots-v2
寝台車,しんだいしゃ,vehicle,auto,wnja:1.1-compatible-roots-v2
審判員,しんぱんいん,person_job,auto,wnja:1.1-compatible-roots-v2
審査員,しんさいん,person_job,auto,wnja:1.1-compatible-roots-v2
専門家,せんもんか,person_job,auto,wnja:1.1-compatible-roots-v2
専門職,せんもんしょく,person_job,auto,wnja:1.1-compatible-roots-v2
小型車,こがたしゃ,vehicle,auto,wnja:1.1-compatible-roots-v2
小心者,しょうしんもの,person_job,auto,wnja:1.1-compatible-roots-v2
小惑星,しょうわくせい,nature,auto,wnja:1.1-compatible-roots-v2
小説家,しょうせつか,person_job,auto,wnja:1.1-compatible-roots-v2
居住者,きょじゅうしゃ,person_job,auto,wnja:1.1-compatible-roots-v2
山椒魚,さんしょううお,animal|nature,reviewed,wnja:01629276-n
岩登り,いわのぼり,sport,reviewed,wnja:00326094-n
巡洋艦,じゅんようかん,vehicle,reviewed,wnja:02811618-n|wnja:03140900-n
左翼手,さよくしゅ,person_job,auto,wnja:1.1-compatible-roots-v2
巻積雲,けんせきうん,nature,auto,wnja:1.1-compatible-roots-v2
市役所,しやくしょ,place_building,auto,wnja:1.1-compatible-roots-v2
市街地,しがいち,place_building,auto,wnja:1.1-compatible-roots-v2
干し草,ほしくさ,food,auto,wnja:1.1-compatible-roots-v2
建築家,けんちくか,person_job,auto,wnja:1.1-compatible-roots-v2
弁護士,べんごし,person_job,auto,wnja:1.1-compatible-roots-v2
弦楽器,げんがっき,instrument|music,reviewed,wnja:04338517-n
張本人,ちょうほんにん,person_job,auto,wnja:1.1-compatible-roots-v2
強力粉,きょうりきこ,food,auto,wnja:1.1-compatible-roots-v2
強打者,きょうだしゃ,person_job,auto,wnja:1.1-compatible-roots-v2
当事者,とうじしゃ,person_job,auto,wnja:1.1-compatible-roots-v2
彫り師,ほりし,person_job,auto,wnja:1.1-compatible-roots-v2
彫刻刀,ちょうこくとう,daily_tools,auto,wnja:1.1-compatible-roots-v2
彫刻家,ちょうこくか,person_job,auto,wnja:1.1-compatible-roots-v2
従業員,じゅうぎょういん,person_job,auto,wnja:1.1-compatible-roots-v2
得意先,とくいさき,person_job,auto,wnja:1.1-compatible-roots-v2
心配性,しんぱいしょう,person_job,auto,wnja:1.1-compatible-roots-v2
志望者,しぼうしゃ,person_job,auto,wnja:1.1-compatible-roots-v2
志願者,しがんしゃ,person_job,auto,wnja:1.1-compatible-roots-v2
応募者,おうぼしゃ,person_job,auto,wnja:1.1-compatible-roots-v2
思想家,しそうか,person_job,auto,wnja:1.1-compatible-roots-v2
悪天候,あくてんこう,nature,auto,wnja:1.1-compatible-roots-v2
愚か者,おろかもの,person_job,auto,wnja:1.1-compatible-roots-v2
愛好家,あいこうか,person_job,auto,wnja:1.1-compatible-roots-v2
愛好者,あいこうしゃ,person_job,auto,wnja:1.1-compatible-roots-v2
成功者,せいこうしゃ,person_job,auto,wnja:1.1-compatible-roots-v2
戦闘機,せんとうき,vehicle,reviewed,wnja:03335030-n
所有者,しょゆうしゃ,person_job,auto,wnja:1.1-compatible-roots-v2
打楽器,だがっき,instrument|music,auto,wnja:1.1-compatible-roots-v2
批評家,ひひょうか,person_job,auto,wnja:1.1-compatible-roots-v2
技能者,ぎのうしゃ,person_job,auto,wnja:1.1-compatible-roots-v2
投稿者,とうこうしゃ,person_job,auto,wnja:1.1-compatible-roots-v2
投資家,とうしか,person_job,auto,wnja:1.1-compatible-roots-v2
招待客,しょうたいきゃく,person_job,auto,wnja:1.1-compatible-roots-v2
持ち主,もちぬし,person_job,auto,wnja:1.1-compatible-roots-v2
指揮官,しきかん,person_job,auto,wnja:1.1-compatible-roots-v2
指揮者,しきしゃ,person_job,auto,wnja:1.1-compatible-roots-v2
挑戦者,ちょうせんしゃ,person_job,auto,wnja:1.1-compatible-roots-v2
捕食者,ほしょくしゃ,animal|nature,auto,wnja:1.1-compatible-roots-v2
探検家,たんけんか,person_job,auto,wnja:1.1-compatible-roots-v2
摩天楼,まてんろう,place_building,auto,wnja:1.1-compatible-roots-v2
支持者,しじしゃ,person_job,auto,wnja:1.1-compatible-roots-v2
支援者,しえんしゃ,person_job,auto,wnja:1.1-compatible-roots-v2
支配者,しはいしゃ,person_job,auto,wnja:1.1-compatible-roots-v2
放浪者,ほうろうしゃ,person_job,auto,wnja:1.1-compatible-roots-v2
救急車,きゅうきゅうしゃ,vehicle,auto,wnja:1.1-compatible-roots-v2
教え子,おしえご,person_job,auto,wnja:1.1-compatible-roots-v2
教育者,きょういくしゃ,person_job,auto,wnja:1.1-compatible-roots-v2
文筆家,ぶんぴつか,person_job,auto,wnja:1.1-compatible-roots-v2
料理人,りょうりにん,person_job,auto,wnja:1.1-compatible-roots-v2
料理屋,りょうりや,place_building,auto,wnja:1.1-compatible-roots-v2
料理店,りょうりてん,place_building,auto,wnja:1.1-compatible-roots-v2
新入り,しんいり,person_job,auto,wnja:1.1-compatible-roots-v2
旅行者,りょこうしゃ,person_job,auto,wnja:1.1-compatible-roots-v2
日本人,にほんじん,person_job,auto,wnja:1.1-compatible-roots-v2
日本酒,にほんしゅ,food,auto,wnja:1.1-compatible-roots-v2
映画館,えいがかん,place_building,auto,wnja:1.1-compatible-roots-v2
春巻き,はるまき,food,auto,wnja:1.1-compatible-roots-v2
暗殺者,あんさつしゃ,person_job,auto,wnja:1.1-compatible-roots-v2
暴風雨,ぼうふうう,nature,auto,wnja:1.1-compatible-roots-v2
有名人,ゆうめいじん,person_job,auto,wnja:1.1-compatible-roots-v2
木の実,きのみ,food|fruit,auto,wnja:1.1-compatible-roots-v2
未亡人,みぼうじん,person_job,auto,wnja:1.1-compatible-roots-v2
来訪者,らいほうしゃ,person_job,auto,wnja:1.1-compatible-roots-v2
果樹園,かじゅえん,place_building,auto,wnja:1.1-compatible-roots-v2
柑橘類,かんきつるい,food|fruit,reviewed,wnja:07747055-n
栄養分,えいようぶん,food,auto,wnja:1.1-compatible-roots-v2
栄養士,えいようし,person_job,auto,wnja:1.1-compatible-roots-v2
栄養素,えいようそ,food,auto,wnja:1.1-compatible-roots-v2
栓抜き,せんぬき,daily_tools,auto,wnja:1.1-compatible-roots-v2
案内人,あんないにん,person_job,auto,wnja:1.1-compatible-roots-v2
植木屋,うえきや,person_job,auto,wnja:1.1-compatible-roots-v2
検察官,けんさつかん,person_job,auto,wnja:1.1-compatible-roots-v2
機械化,きかいか,person_job,auto,wnja:1.1-compatible-roots-v2
機関車,きかんしゃ,vehicle,auto,wnja:1.1-compatible-roots-v2
歌謡曲,かようきょく,music,auto,wnja:1.1-compatible-roots-v2
殺し屋,ころしや,person_job,auto,wnja:1.1-compatible-roots-v2
氷砂糖,こおりざとう,food,auto,wnja:1.1-compatible-roots-v2
氷菓子,こおりがし,food,auto,wnja:1.1-compatible-roots-v2
油かす,あぶらかす,food,auto,wnja:1.1-compatible-roots-v2
洗濯機,せんたくき,daily_tools,auto,wnja:1.1-compatible-roots-v2
海沿い,うみぞい,nature|place_building,auto,wnja:1.1-compatible-roots-v2
消費者,しょうひしゃ,person_job,auto,wnja:1.1-compatible-roots-v2
淡水魚,たんすいぎょ,food,auto,wnja:1.1-compatible-roots-v2
渡し舟,わたしぶね,vehicle,auto,wnja:1.1-compatible-roots-v2
湧き水,わきみず,food,auto,wnja:1.1-compatible-roots-v2
溜め池,ためいけ,nature|place_building,auto,wnja:1.1-compatible-roots-v2
演出家,えんしゅつか,person_job,auto,wnja:1.1-compatible-roots-v2
演奏者,えんそうしゃ,person_job,auto,wnja:1.1-compatible-roots-v2
漫画家,まんがか,person_job,auto,wnja:1.1-compatible-roots-v2
潜水艦,せんすいかん,vehicle,reviewed,wnja:04347754-n|wnja:04348184-n
火消し,ひけし,person_job,auto,wnja:1.1-compatible-roots-v2
炭酸水,たんさんすい,food,auto,wnja:1.1-compatible-roots-v2
焼き印,やきいん,daily_tools,auto,wnja:1.1-compatible-roots-v2
熟練工,じゅくれんこう,person_job,auto,wnja:1.1-compatible-roots-v2
燕尾服,えんびふく,clothing,auto,wnja:1.1-compatible-roots-v2
特派員,とくはいん,person_job,auto,wnja:1.1-compatible-roots-v2
犠牲者,ぎせいしゃ,person_job,auto,wnja:1.1-compatible-roots-v2
犯罪者,はんざいしゃ,person_job,auto,wnja:1.1-compatible-roots-v2
独り身,ひとりみ,person_job,auto,wnja:1.1-compatible-roots-v2
独裁者,どくさいしゃ,person_job,auto,wnja:1.1-compatible-roots-v2
独身者,どくしんしゃ,person_job,auto,wnja:1.1-compatible-roots-v2
珊瑚礁,さんごしょう,nature|place_building,auto,wnja:1.1-compatible-roots-v2
理容師,りようし,person_job,auto,wnja:1.1-compatible-roots-v2
甘味料,かんみりょう,food,auto,wnja:1.1-compatible-roots-v2
甜菜糖,てんさいとう,food,reviewed,wnja:07596258-n
生存者,せいぞんしゃ,person_job,auto,wnja:1.1-compatible-roots-v2
生息地,せいそくち,place_building,auto,wnja:1.1-compatible-roots-v2
用足し,ようたし,person_job,auto,wnja:1.1-compatible-roots-v2
田んぼ,たんぼ,place_building,auto,wnja:1.1-compatible-roots-v2
田舎者,いなかもの,person_job,auto,wnja:1.1-compatible-roots-v2
甲状腺,こうじょうせん,body,auto,wnja:1.1-compatible-roots-v2
留め金,とめがね,daily_tools,auto,wnja:1.1-compatible-roots-v2
異教徒,いきょうと,person_job,auto,wnja:1.1-compatible-roots-v2
異邦人,いほうじん,person_job,auto,wnja:1.1-compatible-roots-v2
発明者,はつめいしゃ,person_job,auto,wnja:1.1-compatible-roots-v2
発生源,はっせいげん,person_job,auto,wnja:1.1-compatible-roots-v2
発見者,はっけんしゃ,person_job,auto,wnja:1.1-compatible-roots-v2
登録者,とうろくしゃ,person_job,auto,wnja:1.1-compatible-roots-v2
白拍子,しらびょうし,person_job,auto,wnja:1.1-compatible-roots-v2
白砂糖,しろざとう,food,auto,wnja:1.1-compatible-roots-v2
皇太子,こうたいし,person_job,auto,wnja:1.1-compatible-roots-v2
監査役,かんさやく,person_job,auto,wnja:1.1-compatible-roots-v2
目撃者,もくげきしゃ,person_job,auto,wnja:1.1-compatible-roots-v2
盲導犬,もうどうけん,animal|nature,auto,wnja:1.1-compatible-roots-v2
相場師,そうばし,person_job,auto,wnja:1.1-compatible-roots-v2
相続人,そうぞくにん,person_job,auto,wnja:1.1-compatible-roots-v2
相談役,そうだんやく,person_job,auto,wnja:1.1-compatible-roots-v2
看護婦,かんごふ,person_job,auto,wnja:1.1-compatible-roots-v2
看護師,かんごし,person_job,auto,wnja:1.1-compatible-roots-v2
真珠貝,しんじゅがい,animal|nature,auto,wnja:1.1-compatible-roots-v2
着替え,きがえ,clothing,auto,wnja:1.1-compatible-roots-v2
着色料,ちゃくしょくりょう,food,auto,wnja:1.1-compatible-roots-v2
知恵袋,ちえぶくろ,person_job,auto,wnja:1.1-compatible-roots-v2
知識人,ちしきじん,person_job,auto,wnja:1.1-compatible-roots-v2
研究者,けんきゅうしゃ,person_job,auto,wnja:1.1-compatible-roots-v2
礼拝堂,れいはいどう,place_building,auto,wnja:1.1-compatible-roots-v2
神経系,しんけいけい,body,auto,wnja:1.1-compatible-roots-v2
科学者,かがくしゃ,person_job,auto,wnja:1.1-compatible-roots-v2
秘書官,ひしょかん,person_job,auto,wnja:1.1-compatible-roots-v2
積乱雲,せきらんうん,nature,auto,wnja:1.1-compatible-roots-v2
空き地,あきち,place_building,auto,wnja:1.1-compatible-roots-v2
空き巣,あきす,person_job,auto,wnja:1.1-compatible-roots-v2
空想家,くうそうか,person_job,auto,wnja:1.1-compatible-roots-v2
空模様,そらもよう,nature,auto,wnja:1.1-compatible-roots-v2
第三者,だいさんしゃ,person_job,auto,wnja:1.1-compatible-roots-v2
管楽器,かんがっき,instrument|music,auto,wnja:1.1-compatible-roots-v2
管理者,かんりしゃ,person_job,auto,wnja:1.1-compatible-roots-v2
紫陽花,あじさい,plant|nature,reviewed,wnja:12788201-n
組み手,くみて,person_job,auto,wnja:1.1-compatible-roots-v2
経営者,けいえいしゃ,person_job,auto,wnja:1.1-compatible-roots-v2
給水車,きゅうすいしゃ,vehicle,auto,wnja:1.1-compatible-roots-v2
統治者,とうちしゃ,person_job,auto,wnja:1.1-compatible-roots-v2
絵描き,えかき,person_job,auto,wnja:1.1-compatible-roots-v2
綱渡り,つなわたり,sport,reviewed,wnja:00324978-n
編み針,あみばり,daily_tools,auto,wnja:1.1-compatible-roots-v2
編集者,へんしゅうしゃ,person_job,auto,wnja:1.1-compatible-roots-v2
練習曲,れんしゅうきょく,music,auto,wnja:1.1-compatible-roots-v2
縫い物,ぬいもの,person_job,auto,wnja:1.1-compatible-roots-v2
縫い針,ぬいばり,daily_tools,auto,wnja:1.1-compatible-roots-v2
缶切り,かんきり,daily_tools,auto,wnja:1.1-compatible-roots-v2
羊飼い,ひつじかい,person_job,auto,wnja:1.1-compatible-roots-v2
美容師,びようし,person_job,auto,wnja:1.1-compatible-roots-v2
美術家,びじゅつか,person_job,auto,wnja:1.1-compatible-roots-v2
美食家,びしょくか,person_job,auto,wnja:1.1-compatible-roots-v2
義兄弟,ぎきょうだい,person_job,auto,wnja:1.1-compatible-roots-v2
羽子板,はごいた,sport,reviewed,wnja:00480885-n
習い事,ならいごと,person_job,auto,wnja:1.1-compatible-roots-v2
聞き役,ききやく,person_job,auto,wnja:1.1-compatible-roots-v2
股関節,こかんせつ,body,auto,wnja:1.1-compatible-roots-v2
肩掛け,かたかけ,clothing,auto,wnja:1.1-compatible-roots-v2
背びれ,せびれ,body,auto,wnja:1.1-compatible-roots-v2
脇の下,わきのした,body,auto,wnja:1.1-compatible-roots-v2
脚本家,きゃくほんか,person_job,auto,wnja:1.1-compatible-roots-v2
脳神経,のうしんけい,body,auto,wnja:1.1-compatible-roots-v2
膝掛け,ひざかけ,clothing,auto,wnja:1.1-compatible-roots-v2
膝関節,しつかんせつ,body,auto,wnja:1.1-compatible-roots-v2
臆病者,おくびょうもの,person_job,auto,wnja:1.1-compatible-roots-v2
航空機,こうくうき,vehicle,auto,wnja:1.1-compatible-roots-v2
艶出し,つやだし,person_job,auto,wnja:1.1-compatible-roots-v2
芸能人,げいのうじん,person_job,auto,wnja:1.1-compatible-roots-v2
芸術家,げいじゅつか,person_job,auto,wnja:1.1-compatible-roots-v2
草分け,くさわけ,person_job,auto,wnja:1.1-compatible-roots-v2
荒れ地,あれち,place_building,auto,wnja:1.1-compatible-roots-v2
落花生,らっかせい,fruit,reviewed,wnja:07737745-n
落語家,らくごか,person_job,auto,wnja:1.1-compatible-roots-v2
蒸留酒,じょうりゅうしゅ,food,auto,wnja:1.1-compatible-roots-v2
薄力粉,はくりきこ,food,auto,wnja:1.1-compatible-roots-v2
薬剤師,やくざいし,person_job,auto,wnja:1.1-compatible-roots-v2
行商人,ぎょうしょうにん,person_job,auto,wnja:1.1-compatible-roots-v2
被告人,ひこくにん,person_job,auto,wnja:1.1-compatible-roots-v2
被害者,ひがいしゃ,person_job,auto,wnja:1.1-compatible-roots-v2
被災者,ひさいしゃ,person_job,auto,wnja:1.1-compatible-roots-v2
被疑者,ひぎしゃ,person_job,auto,wnja:1.1-compatible-roots-v2
被験者,ひけんしゃ,person_job,auto,wnja:1.1-compatible-roots-v2
装身具,そうしんぐ,clothing,auto,wnja:1.1-compatible-roots-v2
補佐官,ほさかん,person_job,auto,wnja:1.1-compatible-roots-v2
製氷機,せいひょうき,daily_tools,auto,wnja:1.1-compatible-roots-v2
襟巻き,えりまき,clothing,auto,wnja:1.1-compatible-roots-v2
見物人,けんぶつにん,person_job,auto,wnja:1.1-compatible-roots-v2
見習い,みならい,person_job,auto,wnja:1.1-compatible-roots-v2
覗き見,のぞきみ,person_job,auto,wnja:1.1-compatible-roots-v2
角砂糖,かくざとう,food,auto,wnja:1.1-compatible-roots-v2
解説者,かいせつしゃ,person_job,auto,wnja:1.1-compatible-roots-v2
訪問者,ほうもんしゃ,person_job,auto,wnja:1.1-compatible-roots-v2
詐欺師,さぎし,person_job,auto,wnja:1.1-compatible-roots-v2
評論家,ひょうろんか,person_job,auto,wnja:1.1-compatible-roots-v2
話し手,はなして,person_job,auto,wnja:1.1-compatible-roots-v2
語り手,かたりて,person_job,auto,wnja:1.1-compatible-roots-v2
調味料,ちょうみりょう,food,auto,wnja:1.1-compatible-roots-v2
調理師,ちょうりし,person_job,auto,wnja:1.1-compatible-roots-v2
警察犬,けいさつけん,animal|nature,auto,wnja:1.1-compatible-roots-v2
議事堂,ぎじどう,place_building,auto,wnja:1.1-compatible-roots-v2
負け犬,まけいぬ,person_job,auto,wnja:1.1-compatible-roots-v2
貨物船,かもつせん,vehicle,reviewed,wnja:02878222-n|wnja:02965216-n
貴婦人,きふじん,person_job,auto,wnja:1.1-compatible-roots-v2
買い手,かいて,person_job,auto,wnja:1.1-compatible-roots-v2
資産家,しさんか,person_job,auto,wnja:1.1-compatible-roots-v2
質問者,しつもんしゃ,person_job,auto,wnja:1.1-compatible-roots-v2
購入者,こうにゅうしゃ,person_job,auto,wnja:1.1-compatible-roots-v2
足関節,そくかんせつ,body,auto,wnja:1.1-compatible-roots-v2
踊り子,おどりこ,person_job,auto,wnja:1.1-compatible-roots-v2
車椅子,くるまいす,daily_tools,auto,wnja:1.1-compatible-roots-v2
追い風,おいかぜ,nature,auto,wnja:1.1-compatible-roots-v2
追っ手,おって,person_job,auto,wnja:1.1-compatible-roots-v2
逃亡者,とうぼうしゃ,person_job,auto,wnja:1.1-compatible-roots-v2
通り雨,とおりあめ,nature,auto,wnja:1.1-compatible-roots-v2
通行人,つうこうにん,person_job,auto,wnja:1.1-compatible-roots-v2
連れ子,つれこ,person_job,auto,wnja:1.1-compatible-roots-v2
連絡船,れんらくせん,vehicle,auto,wnja:1.1-compatible-roots-v2
遊び場,あそびば,place_building,auto,wnja:1.1-compatible-roots-v2
遊園地,ゆうえんち,place_building,auto,wnja:1.1-compatible-roots-v2
遊女屋,ゆうじょや,place_building,auto,wnja:1.1-compatible-roots-v2
遊覧船,ゆうらんせん,vehicle,auto,wnja:1.1-compatible-roots-v2
運動場,うんどうじょう,place_building,auto,wnja:1.1-compatible-roots-v2
運搬車,うんぱんしゃ,vehicle,reviewed,wnja:02970100-n
過激派,かげきは,person_job,auto,wnja:1.1-compatible-roots-v2
道化師,どうけし,person_job,auto,wnja:1.1-compatible-roots-v2
道連れ,みちづれ,person_job,auto,wnja:1.1-compatible-roots-v2
違反者,いはんしゃ,person_job,auto,wnja:1.1-compatible-roots-v2
部外者,ぶがいしゃ,person_job,auto,wnja:1.1-compatible-roots-v2
部屋着,へやぎ,clothing,auto,wnja:1.1-compatible-roots-v2
都市部,としぶ,place_building,auto,wnja:1.1-compatible-roots-v2
配管工,はいかんこう,person_job,auto,wnja:1.1-compatible-roots-v2
酒好き,さけずき,person_job,auto,wnja:1.1-compatible-roots-v2
酒浸り,さけびたり,person_job,auto,wnja:1.1-compatible-roots-v2
酪農家,らくのうか,person_job,auto,wnja:1.1-compatible-roots-v2
野良猫,のらねこ,animal|nature,auto,wnja:1.1-compatible-roots-v2
針葉樹,しんようじゅ,plant|nature,auto,wnja:1.1-compatible-roots-v2
釣り竿,つりざお,daily_tools,auto,wnja:1.1-compatible-roots-v2
釣り針,つりばり,daily_tools,auto,wnja:1.1-compatible-roots-v2
鍛冶屋,かじや,person_job,auto,wnja:1.1-compatible-roots-v2
門下生,もんかせい,person_job,auto,wnja:1.1-compatible-roots-v2
門外漢,もんがいかん,person_job,auto,wnja:1.1-compatible-roots-v2
開拓者,かいたくしゃ,person_job,auto,wnja:1.1-compatible-roots-v2
間欠泉,かんけつせん,nature|place_building,auto,wnja:1.1-compatible-roots-v2
陶芸家,とうげいか,person_job,auto,wnja:1.1-compatible-roots-v2
障害者,しょうがいしゃ,person_job,auto,wnja:1.1-compatible-roots-v2
雇い主,やといぬし,person_job,auto,wnja:1.1-compatible-roots-v2
雨降り,あめふり,nature,auto,wnja:1.1-compatible-roots-v2
雪解け,ゆきどけ,nature,auto,wnja:1.1-compatible-roots-v2
青二才,あおにさい,person_job,auto,wnja:1.1-compatible-roots-v2
面接官,めんせつかん,person_job,auto,wnja:1.1-compatible-roots-v2
音楽家,おんがくか,person_job,auto,wnja:1.1-compatible-roots-v2
預言者,よげんしゃ,person_job,auto,wnja:1.1-compatible-roots-v2
領事館,りょうじかん,place_building,auto,wnja:1.1-compatible-roots-v2
頸動脈,けいどうみゃく,body,auto,wnja:1.1-compatible-roots-v2
顔立ち,かおだち,body,auto,wnja:1.1-compatible-roots-v2
飛行士,ひこうし,person_job,auto,wnja:1.1-compatible-roots-v2
食パン,しょくぱん,food,auto,wnja:1.1-compatible-roots-v2
食器棚,しょっきだな,daily_tools,auto,wnja:1.1-compatible-roots-v2
食堂車,しょくどうしゃ,vehicle,reviewed,wnja:03200357-n
食洗機,しょくせんき,daily_tools,auto,wnja:1.1-compatible-roots-v2
飲料水,いんりょうすい,food,auto,wnja:1.1-compatible-roots-v2
飲食店,いんしょくてん,place_building,auto,wnja:1.1-compatible-roots-v2
飼い主,かいぬし,person_job,auto,wnja:1.1-compatible-roots-v2
飼い犬,かいいぬ,animal|nature,auto,wnja:1.1-compatible-roots-v2
飼い猫,かいねこ,animal|nature,auto,wnja:1.1-compatible-roots-v2
養父母,ようふぼ,person_job,auto,wnja:1.1-compatible-roots-v2
馬鈴薯,ばれいしょ,plant|nature,auto,wnja:1.1-compatible-roots-v2
駆逐艦,くちくかん,vehicle,reviewed,wnja:03180504-n
骨格筋,こっかくきん,body,auto,wnja:1.1-compatible-roots-v2
高層雲,こうそううん,nature,auto,wnja:1.1-compatible-roots-v2
高気圧,こうきあつ,nature,auto,wnja:1.1-compatible-roots-v2
高積雲,こうせきうん,nature,auto,wnja:1.1-compatible-roots-v2
おろし金,おろしがね,daily_tools,auto,wnja:1.1-compatible-roots-v2
くちばし,くちばし,body,auto,wnja:1.1-compatible-roots-v2
すき焼き,すきやき,food,auto,wnja:1.1-compatible-roots-v2
せせらぎ,せせらぎ,nature|place_building,auto,wnja:1.1-compatible-roots-v2
ちゃぶ台,ちゃぶだい,daily_tools,auto,wnja:1.1-compatible-roots-v2
ねじ回し,ねじまわし,daily_tools,auto,wnja:1.1-compatible-roots-v2
ぶどう酒,ぶどうしゅ,food,auto,wnja:1.1-compatible-roots-v2
ゆりかご,ゆりかご,daily_tools,auto,wnja:1.1-compatible-roots-v2
アイロン,あいろん,daily_tools,auto,wnja:1.1-compatible-roots-v2
アザラシ,あざらし,animal,reviewed,wnja:02079389-n
アボカド,あぼかど,food|fruit,reviewed,wnja:07764847-n
イギリス,いぎりす,country,auto,wnja:1.1-compatible-roots-v2
イタリア,いたりあ,country,reviewed,wnja:08801678-n
オムレツ,おむれつ,food,auto,wnja:1.1-compatible-roots-v2
オリーブ,おりーぶ,food|plant|fruit,reviewed,wnja:07767344-n
オーナー,おーなー,person_job,auto,wnja:1.1-compatible-roots-v2
オーバー,おーばー,clothing,auto,wnja:1.1-compatible-roots-v2
オーブン,おーぶん,daily_tools,auto,wnja:1.1-compatible-roots-v2
カクテル,かくてる,food,auto,wnja:1.1-compatible-roots-v2
カステラ,かすてら,food,reviewed,wnja:07632037-n
カナリア,かなりあ,animal|nature,auto,wnja:1.1-compatible-roots-v2
カヤック,かやっく,vehicle,auto,wnja:1.1-compatible-roots-v2
カリブ海,かりぶかい,nature|place_building,auto,wnja:1.1-compatible-roots-v2
ガレージ,がれーじ,place_building,auto,wnja:1.1-compatible-roots-v2
キャビア,きゃびあ,food,auto,wnja:1.1-compatible-roots-v2
キャベツ,きゃべつ,food|plant|vegetable,reviewed,wnja:07713895-n|wnja:07714571-n|wnja:11875691-n|wnja:11875938-n
キーパー,きーぱー,person_job,auto,wnja:1.1-compatible-roots-v2
ギリシャ,ぎりしゃ,country,auto,wnja:1.1-compatible-roots-v2
クマバチ,くまばち,animal|nature,auto,wnja:1.1-compatible-roots-v2
ゲレンデ,げれんで,nature|place_building,auto,wnja:1.1-compatible-roots-v2
コオロギ,こおろぎ,animal|nature,auto,wnja:1.1-compatible-roots-v2
コミック,こみっく,music,auto,wnja:1.1-compatible-roots-v2
コロッケ,ころっけ,food,auto,wnja:1.1-compatible-roots-v2
ゴキブリ,ごきぶり,animal|nature,reviewed,wnja:02233338-n
サッカー,さっかー,sport,reviewed,wnja:00478262-n
サックス,さっくす,instrument,reviewed,wnja:04141076-n
サバンナ,さばんな,place_building,auto,wnja:1.1-compatible-roots-v2
サボテン,さぼてん,plant|nature,reviewed,wnja:11842204-n
サンデー,さんでー,food,auto,wnja:1.1-compatible-roots-v2
サーモン,さーもん,animal|nature,auto,wnja:1.1-compatible-roots-v2
シアター,しあたー,place_building,auto,wnja:1.1-compatible-roots-v2
シチュー,しちゅー,food,auto,wnja:1.1-compatible-roots-v2
シナモン,しなもん,food,reviewed,wnja:07814203-n
ショール,しょーる,clothing,auto,wnja:1.1-compatible-roots-v2
シロップ,しろっぷ,food,auto,wnja:1.1-compatible-roots-v2
スカウト,すかうと,person_job,auto,wnja:1.1-compatible-roots-v2
スケート,すけーと,sport,reviewed,wnja:00448466-n
スコップ,すこっぷ,daily_tools,auto,wnja:1.1-compatible-roots-v2
ステーキ,すてーき,food,auto,wnja:1.1-compatible-roots-v2
ストール,すとーる,clothing,auto,wnja:1.1-compatible-roots-v2
ソックス,そっくす,clothing,auto,wnja:1.1-compatible-roots-v2
ソファー,そふぁー,daily_tools,auto,wnja:1.1-compatible-roots-v2
ソーダ水,そーだすい,food,auto,wnja:1.1-compatible-roots-v2
タピオカ,たぴおか,food,auto,wnja:1.1-compatible-roots-v2
ダンサー,だんさー,person_job,auto,wnja:1.1-compatible-roots-v2
チャイム,ちゃいむ,instrument|music,reviewed,wnja:03017168-n
チンピラ,ちんぴら,person_job,auto,wnja:1.1-compatible-roots-v2
テナント,てなんと,person_job,auto,wnja:1.1-compatible-roots-v2
トナカイ,となかい,animal|nature,auto,wnja:1.1-compatible-roots-v2
ドラマー,どらまー,person_job,auto,wnja:1.1-compatible-roots-v2
ドローン,どろーん,vehicle,auto,wnja:1.1-compatible-roots-v2
ドーナツ,どーなつ,food,auto,wnja:1.1-compatible-roots-v2
ハイカー,はいかー,person_job,auto,wnja:1.1-compatible-roots-v2
ハマグリ,はまぐり,food,auto,wnja:1.1-compatible-roots-v2
パジャマ,ぱじゃま,clothing,auto,wnja:1.1-compatible-roots-v2
パトカー,ぱとかー,vehicle,reviewed,wnja:03141065-n
パプリカ,ぱぷりか,food|plant,reviewed,wnja:07824702-n|wnja:12901264-n
パーカー,ぱーかー,person_job,auto,wnja:1.1-compatible-roots-v2
ヒロイン,ひろいん,person_job,auto,wnja:1.1-compatible-roots-v2
ビタミン,びたみん,food,auto,wnja:1.1-compatible-roots-v2
ピッコロ,ぴっころ,instrument|music,reviewed,wnja:03929091-n
ピーマン,ぴーまん,food|plant|vegetable,reviewed,wnja:07720875-n|wnja:07721018-n|wnja:07721195-n|wnja:12900462-n|wnja:12901264-n
フェリー,ふぇりー,vehicle,reviewed,wnja:03329663-n
フランス,ふらんす,country,reviewed,wnja:08929922-n
フリック,ふりっく,person_job,auto,wnja:1.1-compatible-roots-v2
フルート,ふるーと,instrument,reviewed,wnja:03372029-n
ブラウス,ぶらうす,clothing,auto,wnja:1.1-compatible-roots-v2
ブルゾン,ぶるぞん,clothing,auto,wnja:1.1-compatible-roots-v2
ブレザー,ぶれざー,clothing,auto,wnja:1.1-compatible-roots-v2
プロレス,ぷろれす,sport,reviewed,wnja:00448126-n
プロ野球,ぷろやきゅう,sport,auto,wnja:1.1-compatible-roots-v2
ヘルパー,へるぱー,person_job,auto,wnja:1.1-compatible-roots-v2
ベテラン,べてらん,person_job,auto,wnja:1.1-compatible-roots-v2
ペッパー,ぺっぱー,food|plant,auto,wnja:1.1-compatible-roots-v2
ペンギン,ぺんぎん,animal|nature,reviewed,wnja:02055803-n
マドンナ,まどんな,person_job,auto,wnja:1.1-compatible-roots-v2
メキシコ,めきしこ,country,reviewed,wnja:08740875-n
メドレー,めどれー,music,auto,wnja:1.1-compatible-roots-v2
メロディ,めろでぃ,music,auto,wnja:1.1-compatible-roots-v2
ユーザー,ゆーざー,person_job,auto,wnja:1.1-compatible-roots-v2
ライオン,らいおん,animal|nature,reviewed,wnja:02129165-n
ライバル,らいばる,person_job,auto,wnja:1.1-compatible-roots-v2
ラウンド,らうんど,sport,reviewed,wnja:00466377-n
リスナー,りすなー,person_job,auto,wnja:1.1-compatible-roots-v2
リンパ腺,りんぱせん,body,auto,wnja:1.1-compatible-roots-v2
ルーキー,るーきー,person_job,auto,wnja:1.1-compatible-roots-v2
レーズン,れーずん,food|fruit,auto,wnja:1.1-compatible-roots-v2
ロケット,ろけっと,vehicle,reviewed,wnja:04099429-n
ワンマン,わんまん,person_job,auto,wnja:1.1-compatible-roots-v2
不動産屋,ふどうさんや,person_job,auto,wnja:1.1-compatible-roots-v2
世捨て人,よすてびと,person_job,auto,wnja:1.1-compatible-roots-v2
二十日鼠,はつかねずみ,animal|nature,auto,wnja:1.1-compatible-roots-v2
人差し指,ひとさしゆび,body,auto,wnja:1.1-compatible-roots-v2
健康食品,けんこうしょくひん,food,auto,wnja:1.1-compatible-roots-v2
先発投手,せんぱつとうしゅ,person_job,auto,wnja:1.1-compatible-roots-v2
先端技術,せんたんぎじゅつ,person_job,auto,wnja:1.1-compatible-roots-v2
入院患者,にゅういんかんじゃ,person_job,auto,wnja:1.1-compatible-roots-v2
切り抜き,きりぬき,music,auto,wnja:1.1-compatible-roots-v2
副操縦士,ふくそうじゅうし,person_job,auto,wnja:1.1-compatible-roots-v2
勢力範囲,せいりょくはんい,place_building,auto,wnja:1.1-compatible-roots-v2
十二指腸,じゅうにしちょう,body,auto,wnja:1.1-compatible-roots-v2
半ズボン,はんずぼん,clothing,auto,wnja:1.1-compatible-roots-v2
営業マン,えいぎょうまん,person_job,auto,wnja:1.1-compatible-roots-v2
国立公園,こくりつこうえん,place_building,auto,wnja:1.1-compatible-roots-v2
土砂降り,どしゃぶり,nature,auto,wnja:1.1-compatible-roots-v2
土踏まず,つちふまず,body,auto,wnja:1.1-compatible-roots-v2
売れ残り,うれのこり,person_job,auto,wnja:1.1-compatible-roots-v2
変わり者,かわりもの,person_job,auto,wnja:1.1-compatible-roots-v2
変温動物,へんおんどうぶつ,animal|nature,auto,wnja:1.1-compatible-roots-v2
大学教員,だいがくきょういん,person_job,auto,wnja:1.1-compatible-roots-v2
大学院生,だいがくいんせい,person_job,auto,wnja:1.1-compatible-roots-v2
女子大生,じょしだいせい,person_job,auto,wnja:1.1-compatible-roots-v2
完全試合,かんぜんじあい,sport,auto,wnja:1.1-compatible-roots-v2
宵の明星,よいのみょうじょう,nature,auto,wnja:1.1-compatible-roots-v2
家庭教師,かていきょうし,person_job,auto,wnja:1.1-compatible-roots-v2
寒冷前線,かんれいぜんせん,nature,auto,wnja:1.1-compatible-roots-v2
対戦相手,たいせんあいて,person_job,auto,wnja:1.1-compatible-roots-v2
専業主婦,せんぎょうしゅふ,person_job,auto,wnja:1.1-compatible-roots-v2
抜き書き,ぬきがき,music,auto,wnja:1.1-compatible-roots-v2
持ち寄り,もちより,food,auto,wnja:1.1-compatible-roots-v2
持ち帰り,もちかえり,food,auto,wnja:1.1-compatible-roots-v2
指名打者,しめいだしゃ,person_job,auto,wnja:1.1-compatible-roots-v2
木管楽器,もっかんがっき,instrument|music,reviewed,wnja:04598582-n
歯ブラシ,はぶらし,daily_tools,auto,wnja:1.1-compatible-roots-v2
毛細血管,もうさいけっかん,body,auto,wnja:1.1-compatible-roots-v2
水たまり,みずたまり,nature|place_building,auto,wnja:1.1-compatible-roots-v2
泡立て器,あわだてき,daily_tools,auto,wnja:1.1-compatible-roots-v2
派遣社員,はけんしゃいん,person_job,auto,wnja:1.1-compatible-roots-v2
消しゴム,けしごむ,daily_tools,auto,wnja:1.1-compatible-roots-v2
清涼飲料,せいりょういんりょう,food,auto,wnja:1.1-compatible-roots-v2
温室効果,おんしつこうか,nature,auto,wnja:1.1-compatible-roots-v2
温暖前線,おんだんぜんせん,nature,auto,wnja:1.1-compatible-roots-v2
湯沸かし,ゆわかし,daily_tools,auto,wnja:1.1-compatible-roots-v2
炭酸飲料,たんさんいんりょう,food,auto,wnja:1.1-compatible-roots-v2
焼きそば,やきそば,food,reviewed,wnja:07865484-n
照り焼き,てりやき,food,auto,wnja:1.1-compatible-roots-v2
生鮮食品,せいせんしょくひん,food,auto,wnja:1.1-compatible-roots-v2
白ワイン,しろわいん,food,auto,wnja:1.1-compatible-roots-v2
目玉焼き,めだまやき,food,auto,wnja:1.1-compatible-roots-v2
社員食堂,しゃいんしょくどう,place_building,auto,wnja:1.1-compatible-roots-v2
科学技術,かがくぎじゅつ,person_job,auto,wnja:1.1-compatible-roots-v2
筆記用具,ひっきようぐ,daily_tools,auto,wnja:1.1-compatible-roots-v2
節足動物,せっそくどうぶつ,animal|nature,reviewed,wnja:01767661-n
粉ミルク,こなみるく,food,auto,wnja:1.1-compatible-roots-v2
線香花火,せんこうはなび,person_job,auto,wnja:1.1-compatible-roots-v2
肉食動物,にくしょくどうぶつ,animal|nature,auto,wnja:1.1-compatible-roots-v2
航空母艦,こうくうぼかん,vehicle,auto,wnja:1.1-compatible-roots-v2
芝刈り機,しばかりき,daily_tools,auto,wnja:1.1-compatible-roots-v2
草食動物,そうしょくどうぶつ,animal|nature,auto,wnja:1.1-compatible-roots-v2
被保険者,ひほけんしゃ,person_job,auto,wnja:1.1-compatible-roots-v2
裏切り者,うらぎりもの,person_job,auto,wnja:1.1-compatible-roots-v2
親知らず,おやしらず,body,auto,wnja:1.1-compatible-roots-v2
調理器具,ちょうりきぐ,daily_tools,auto,wnja:1.1-compatible-roots-v2
調理用具,ちょうりようぐ,daily_tools,auto,wnja:1.1-compatible-roots-v2
赤ワイン,あかわいん,food,auto,wnja:1.1-compatible-roots-v2
路面電車,ろめんでんしゃ,vehicle,reviewed,wnja:04335435-n
運動神経,うんどうしんけい,body,auto,wnja:1.1-compatible-roots-v2
酔っ払い,よっぱらい,person_job,auto,wnja:1.1-compatible-roots-v2
金管楽器,きんかんがっき,instrument|music,auto,wnja:1.1-compatible-roots-v2
鉛筆削り,えんぴつけずり,daily_tools,auto,wnja:1.1-compatible-roots-v2
電子楽器,でんしがっき,instrument|music,auto,wnja:1.1-compatible-roots-v2
電気剃刀,でんきかみそり,daily_tools,auto,wnja:1.1-compatible-roots-v2
風船ガム,ふうせんがむ,food,auto,wnja:1.1-compatible-roots-v2
飛行機雲,ひこうきぐも,nature,auto,wnja:1.1-compatible-roots-v2
香味野菜,こうみやさい,food|vegetable,auto,wnja:1.1-compatible-roots-v2
高層ビル,こうそうびる,place_building,auto,wnja:1.1-compatible-roots-v2
ばあちゃん,ばあちゃん,person_job,auto,wnja:1.1-compatible-roots-v2
ふくらはぎ,ふくらはぎ,body,auto,wnja:1.1-compatible-roots-v2
ろくでなし,ろくでなし,person_job,auto,wnja:1.1-compatible-roots-v2
アブラムシ,あぶらむし,animal|nature,auto,wnja:1.1-compatible-roots-v2
アマチュア,あまちゅあ,person_job,auto,wnja:1.1-compatible-roots-v2
アライグマ,あらいぐま,animal|nature,reviewed,wnja:02508021-n|wnja:02508213-n
アルコール,あるこーる,food,reviewed,wnja:07884567-n|wnja:07901587-n
アルバイト,あるばいと,person_job,auto,wnja:1.1-compatible-roots-v2
アーモンド,あーもんど,plant|fruit,reviewed,wnja:07750586-n|wnja:12645174-n
インターン,いんたーん,person_job,auto,wnja:1.1-compatible-roots-v2
ウイスキー,ういすきー,food,auto,wnja:1.1-compatible-roots-v2
ウェイター,うぇいたー,person_job,auto,wnja:1.1-compatible-roots-v2
ウーロン茶,うーろんちゃ,food,auto,wnja:1.1-compatible-roots-v2
エンジニア,えんじにあ,person_job,auto,wnja:1.1-compatible-roots-v2
オットセイ,おっとせい,animal|nature,auto,wnja:1.1-compatible-roots-v2
オルゴール,おるごーる,instrument|music,reviewed,wnja:03801353-n
オートバイ,おーとばい,vehicle,reviewed,wnja:03790512-n
カウボーイ,かうぼーい,person_job,auto,wnja:1.1-compatible-roots-v2
カスタード,かすたーど,food,auto,wnja:1.1-compatible-roots-v2
カフェオレ,かふぇおれ,food,auto,wnja:1.1-compatible-roots-v2
カメラマン,かめらまん,person_job,auto,wnja:1.1-compatible-roots-v2
カンガルー,かんがるー,animal|nature,auto,wnja:1.1-compatible-roots-v2
カーペット,かーぺっと,daily_tools,auto,wnja:1.1-compatible-roots-v2
カーポート,かーぽーと,place_building,auto,wnja:1.1-compatible-roots-v2
キャプテン,きゃぷてん,person_job,auto,wnja:1.1-compatible-roots-v2
キャラメル,きゃらめる,food,auto,wnja:1.1-compatible-roots-v2
キャンパス,きゃんぱす,place_building,auto,wnja:1.1-compatible-roots-v2
ギタリスト,ぎたりすと,person_job,auto,wnja:1.1-compatible-roots-v2
ケチャップ,けちゃっぷ,food,auto,wnja:1.1-compatible-roots-v2
コルク抜き,こるくぬき,daily_tools,auto,wnja:1.1-compatible-roots-v2
コーヒー豆,こーひーまめ,fruit,auto,wnja:1.1-compatible-roots-v2
サインペン,さいんぺん,daily_tools,auto,wnja:1.1-compatible-roots-v2
サクランボ,さくらんぼ,food|fruit,reviewed,wnja:07757132-n
サーファー,さーふぁー,person_job,auto,wnja:1.1-compatible-roots-v2
サーフィン,さーふぃん,sport,auto,wnja:1.1-compatible-roots-v2
シャンパン,しゃんぱん,food,auto,wnja:1.1-compatible-roots-v2
ジェット機,じぇっとき,vehicle,reviewed,wnja:03595860-n
ジャスミン,じゃすみん,plant|nature,auto,wnja:1.1-compatible-roots-v2
スカッシュ,すかっしゅ,sport|vegetable,reviewed,manual:reviewed-polysemy-v1
スクーター,すくーたー,vehicle,auto,wnja:1.1-compatible-roots-v2
スプレッド,すぷれっど,food,auto,wnja:1.1-compatible-roots-v2
スラックス,すらっくす,clothing,auto,wnja:1.1-compatible-roots-v2
セーラー服,せーらーふく,clothing,auto,wnja:1.1-compatible-roots-v2
ソーセージ,そーせーじ,food,auto,wnja:1.1-compatible-roots-v2
タキシード,たきしーど,clothing,auto,wnja:1.1-compatible-roots-v2
チャーハン,ちゃーはん,food,auto,wnja:1.1-compatible-roots-v2
デザイナー,でざいなー,person_job,auto,wnja:1.1-compatible-roots-v2
トランクス,とらんくす,clothing,auto,wnja:1.1-compatible-roots-v2
トースター,とーすたー,daily_tools,auto,wnja:1.1-compatible-roots-v2
ナレーター,なれーたー,person_job,auto,wnja:1.1-compatible-roots-v2
ネイティブ,ねいてぃぶ,person_job,auto,wnja:1.1-compatible-roots-v2
ハイボール,はいぼーる,food,reviewed,wnja:07912211-n
バイオリン,ばいおりん,instrument|music,auto,wnja:1.1-compatible-roots-v2
バイキング,ばいきんぐ,food,auto,wnja:1.1-compatible-roots-v2
バスローブ,ばすろーぶ,clothing,auto,wnja:1.1-compatible-roots-v2
パンケーキ,ぱんけーき,food,auto,wnja:1.1-compatible-roots-v2
パートナー,ぱーとなー,person_job,auto,wnja:1.1-compatible-roots-v2
ビスケット,びすけっと,food,auto,wnja:1.1-compatible-roots-v2
ビュッフェ,びゅっふぇ,food,auto,wnja:1.1-compatible-roots-v2
ピアニスト,ぴあにすと,person_job,auto,wnja:1.1-compatible-roots-v2
ピクニック,ぴくにっく,food,auto,wnja:1.1-compatible-roots-v2
ピンセット,ぴんせっと,daily_tools,auto,wnja:1.1-compatible-roots-v2
ピーナッツ,ぴーなっつ,fruit,auto,wnja:1.1-compatible-roots-v2
フライパン,ふらいぱん,daily_tools,auto,wnja:1.1-compatible-roots-v2
ブラジャー,ぶらじゃー,clothing,auto,wnja:1.1-compatible-roots-v2
プライヤー,ぷらいやー,daily_tools,auto,wnja:1.1-compatible-roots-v2
ヘアブラシ,へあぶらし,daily_tools,auto,wnja:1.1-compatible-roots-v2
ヘルメット,へるめっと,clothing,auto,wnja:1.1-compatible-roots-v2
ベビーカー,べびーかー,vehicle,auto,wnja:1.1-compatible-roots-v2
ボクシング,ぼくしんぐ,sport,reviewed,wnja:00445802-n
ポロシャツ,ぽろしゃつ,clothing,auto,wnja:1.1-compatible-roots-v2
マエストロ,まえすとろ,person_job,auto,wnja:1.1-compatible-roots-v2
マヨネーズ,まよねーず,food,reviewed,wnja:07834507-n
マーガリン,まーがりん,food,auto,wnja:1.1-compatible-roots-v2
メダリスト,めだりすと,person_job,auto,wnja:1.1-compatible-roots-v2
ヨーグルト,よーぐると,food,auto,wnja:1.1-compatible-roots-v2
レスリング,れすりんぐ,sport,reviewed,wnja:00447540-n
レポーター,れぽーたー,person_job,auto,wnja:1.1-compatible-roots-v2
ワイシャツ,わいしゃつ,clothing,auto,wnja:1.1-compatible-roots-v2
ワンピース,わんぴーす,clothing,auto,wnja:1.1-compatible-roots-v2
上腕二頭筋,じょうわんにとうきん,body,auto,wnja:1.1-compatible-roots-v2
公認会計士,こうにんかいけいし,person_job,auto,wnja:1.1-compatible-roots-v2
北アフリカ,きたあふりか,place_building,auto,wnja:1.1-compatible-roots-v2
坊っちゃん,ぼっちゃん,person_job,auto,wnja:1.1-compatible-roots-v2
宇宙飛行士,うちゅうひこうし,person_job,auto,wnja:1.1-compatible-roots-v2
握りこぶし,にぎりこぶし,body,auto,wnja:1.1-compatible-roots-v2
最優秀選手,さいゆうしゅうせんしゅ,person_job,auto,wnja:1.1-compatible-roots-v2
清涼飲料水,せいりょういんりょうすい,food,auto,wnja:1.1-compatible-roots-v2
無脊椎動物,むせきついどうぶつ,animal|nature,auto,wnja:1.1-compatible-roots-v2
自動二輪車,じどうにりんしゃ,vehicle,auto,wnja:1.1-compatible-roots-v2
蒸気機関車,じょうききかんしゃ,vehicle,reviewed,wnja:04310018-n
衆議院議員,しゅうぎいんぎいん,person_job,auto,wnja:1.1-compatible-roots-v2
超高層ビル,ちょうこうそうびる,place_building,auto,wnja:1.1-compatible-roots-v2
電子レンジ,でんしれんじ,daily_tools,auto,wnja:1.1-compatible-roots-v2
電気自動車,でんきじどうしゃ,vehicle,auto,wnja:1.1-compatible-roots-v2
おばあちゃん,おばあちゃん,person_job,auto,wnja:1.1-compatible-roots-v2
お手伝いさん,おてつだいさん,person_job,auto,wnja:1.1-compatible-roots-v2
とうもろこし,とうもろこし,food|plant,reviewed,wnja:07731952-n
アシスタント,あしすたんと,person_job,auto,wnja:1.1-compatible-roots-v2
アナウンサー,あなうんさー,person_job,auto,wnja:1.1-compatible-roots-v2
アーティスト,あーてぃすと,person_job,auto,wnja:1.1-compatible-roots-v2
ウェイトレス,うぇいとれす,person_job,auto,wnja:1.1-compatible-roots-v2
エキスパート,えきすぱーと,person_job,auto,wnja:1.1-compatible-roots-v2
エージェント,えーじぇんと,person_job,auto,wnja:1.1-compatible-roots-v2
キャンディー,きゃんでぃー,food,auto,wnja:1.1-compatible-roots-v2
ギャンブラー,ぎゃんぶらー,person_job,auto,wnja:1.1-compatible-roots-v2
クラスメート,くらすめーと,person_job,auto,wnja:1.1-compatible-roots-v2
クラリネット,くらりねっと,instrument|music,reviewed,wnja:03037709-n
グラニュー糖,ぐらにゅーとう,food,auto,wnja:1.1-compatible-roots-v2
ゲストハウス,げすとはうす,place_building,auto,wnja:1.1-compatible-roots-v2
コスチューム,こすちゅーむ,clothing,auto,wnja:1.1-compatible-roots-v2
コンダクター,こんだくたー,person_job,auto,wnja:1.1-compatible-roots-v2
コントラバス,こんとらばす,instrument|music,reviewed,wnja:02803934-n
コールスロー,こーるすろー,food,auto,wnja:1.1-compatible-roots-v2
サイクリング,さいくりんぐ,sport,reviewed,wnja:00451370-n
サラリーマン,さらりーまん,person_job,auto,wnja:1.1-compatible-roots-v2
ストッキング,すとっきんぐ,clothing,auto,wnja:1.1-compatible-roots-v2
タンクトップ,たんくとっぷ,clothing,auto,wnja:1.1-compatible-roots-v2
チャンピオン,ちゃんぴおん,person_job,auto,wnja:1.1-compatible-roots-v2
チューリップ,ちゅーりっぷ,plant|nature,auto,wnja:1.1-compatible-roots-v2
チンパンジー,ちんぱんじー,animal|nature,reviewed,wnja:02481823-n
テイクアウト,ていくあうと,food,auto,wnja:1.1-compatible-roots-v2
テクノロジー,てくのろじー,person_job,auto,wnja:1.1-compatible-roots-v2
テーマパーク,てーまぱーく,place_building,auto,wnja:1.1-compatible-roots-v2
ディレクター,でぃれくたー,person_job,auto,wnja:1.1-compatible-roots-v2
トランペット,とらんぺっと,instrument|music,auto,wnja:1.1-compatible-roots-v2
トロンボーン,とろんぼーん,instrument|music,reviewed,wnja:04487394-n
ドレッシング,どれっしんぐ,food,auto,wnja:1.1-compatible-roots-v2
ニュータウン,にゅーたうん,place_building,auto,wnja:1.1-compatible-roots-v2
ハンバーガー,はんばーがー,food,reviewed,wnja:07697100-n
バドミントン,ばどみんとん,sport,auto,wnja:1.1-compatible-roots-v2
バーベキュー,ばーべきゅー,food,auto,wnja:1.1-compatible-roots-v2
パフォーマー,ぱふぉーまー,person_job,auto,wnja:1.1-compatible-roots-v2
フェミニスト,ふぇみにすと,person_job,auto,wnja:1.1-compatible-roots-v2
フリーランス,ふりーらんす,person_job,auto,wnja:1.1-compatible-roots-v2
ブルーベリー,ぶるーべりー,food|plant|fruit,auto,wnja:1.1-compatible-roots-v2
ブロッコリー,ぶろっこりー,food|vegetable,auto,wnja:1.1-compatible-roots-v2
プログラマー,ぷろぐらまー,person_job,auto,wnja:1.1-compatible-roots-v2
ヘリコプター,へりこぷたー,vehicle,auto,wnja:1.1-compatible-roots-v2
ベジタリアン,べじたりあん,person_job,auto,wnja:1.1-compatible-roots-v2
ボランティア,ぼらんてぃあ,person_job,auto,wnja:1.1-compatible-roots-v2
ポップコーン,ぽっぷこーん,food|plant,auto,wnja:1.1-compatible-roots-v2
ポテトサラダ,ぽてとさらだ,food,auto,wnja:1.1-compatible-roots-v2
マネージャー,まねーじゃー,person_job,auto,wnja:1.1-compatible-roots-v2
マーマレード,まーまれーど,food,auto,wnja:1.1-compatible-roots-v2
ルームメイト,るーむめいと,person_job,auto,wnja:1.1-compatible-roots-v2
ロールモデル,ろーるもでる,person_job,auto,wnja:1.1-compatible-roots-v2
電動のこぎり,でんどうのこぎり,daily_tools,auto,wnja:1.1-compatible-roots-v2
オランウータン,おらんうーたん,animal|nature,auto,wnja:1.1-compatible-roots-v2
オーストラリア,おーすとらりあ,country,reviewed,wnja:08831004-n
カウンセリング,かうんせりんぐ,person_job,auto,wnja:1.1-compatible-roots-v2
カシューナッツ,かしゅーなっつ,fruit,auto,wnja:1.1-compatible-roots-v2
クラシック音楽,くらしっくおんがく,music,auto,wnja:1.1-compatible-roots-v2
クリームチーズ,くりーむちーず,food,auto,wnja:1.1-compatible-roots-v2
グランドピアノ,ぐらんどぴあの,instrument|music,reviewed,wnja:03086457-n|wnja:03452741-n
コメンテーター,こめんてーたー,person_job,auto,wnja:1.1-compatible-roots-v2
ゴールキーパー,ごーるきーぱー,person_job,auto,wnja:1.1-compatible-roots-v2
シフォンケーキ,しふぉんけーき,food,auto,wnja:1.1-compatible-roots-v2
ショートケーキ,しょーとけーき,food,auto,wnja:1.1-compatible-roots-v2
シンセサイザー,しんせさいざー,instrument|music,reviewed,wnja:04376400-n
スケートリンク,すけーとりんく,place_building,auto,wnja:1.1-compatible-roots-v2
スチュワーデス,すちゅわーです,person_job,auto,wnja:1.1-compatible-roots-v2
スポンジケーキ,すぽんじけーき,food,auto,wnja:1.1-compatible-roots-v2
ソフトドリンク,そふとどりんく,food,auto,wnja:1.1-compatible-roots-v2
タートルネック,たーとるねっく,clothing,auto,wnja:1.1-compatible-roots-v2
チューインガム,ちゅーいんがむ,food,auto,wnja:1.1-compatible-roots-v2
チーズバーガー,ちーずばーがー,food,auto,wnja:1.1-compatible-roots-v2
トレンチコート,とれんちこーと,clothing,auto,wnja:1.1-compatible-roots-v2
バイオリニスト,ばいおりにすと,person_job,auto,wnja:1.1-compatible-roots-v2
パトロールカー,ぱとろーるかー,vehicle,auto,wnja:1.1-compatible-roots-v2
フライドポテト,ふらいどぽてと,food,auto,wnja:1.1-compatible-roots-v2
フルーティスト,ふるーてぃすと,person_job,auto,wnja:1.1-compatible-roots-v2
プロセスチーズ,ぷろせすちーず,food,auto,wnja:1.1-compatible-roots-v2
ホワイトアウト,ほわいとあうと,nature,auto,wnja:1.1-compatible-roots-v2
ボーイフレンド,ぼーいふれんど,person_job,auto,wnja:1.1-compatible-roots-v2
モーターボート,もーたーぼーと,vehicle,reviewed,wnja:03790230-n
ラテンアメリカ,らてんあめりか,place_building,auto,wnja:1.1-compatible-roots-v2
イラストレーター,いらすとれーたー,person_job,auto,wnja:1.1-compatible-roots-v2
カウボーイハット,かうぼーいはっと,clothing,auto,wnja:1.1-compatible-roots-v2
グレープフルーツ,ぐれーぷふるーつ,food|plant|fruit,reviewed,wnja:07749969-n
コンデンスミルク,こんでんすみるく,food,auto,wnja:1.1-compatible-roots-v2
スウェットシャツ,すうぇっとしゃつ,clothing,auto,wnja:1.1-compatible-roots-v2
トラブルメーカー,とらぶるめーかー,person_job,auto,wnja:1.1-compatible-roots-v2
パーキングエリア,ぱーきんぐえりあ,place_building,auto,wnja:1.1-compatible-roots-v2
フォトグラファー,ふぉとぐらふぁー,person_job,auto,wnja:1.1-compatible-roots-v2
メインディッシュ,めいんでぃっしゅ,food,auto,wnja:1.1-compatible-roots-v2
ローラースケート,ろーらーすけーと,sport,reviewed,wnja:00448958-n
ウェディングドレス,うぇでぃんぐどれす,clothing,auto,wnja:1.1-compatible-roots-v2
スクランブルエッグ,すくらんぶるえっぐ,food,auto,wnja:1.1-compatible-roots-v2
チョコレートケーキ,ちょこれーとけーき,food,auto,wnja:1.1-compatible-roots-v2
ノーヒットノーラン,のーひっとのーらん,sport,reviewed,wnja:00475014-n
ミネラルウォーター,みねらるうぉーたー,food,auto,wnja:1.1-compatible-roots-v2
スパークリングワイン,すぱーくりんぐわいん,food,auto,wnja:1.1-compatible-roots-v2
パンティストッキング,ぱんてぃすとっきんぐ,clothing,auto,wnja:1.1-compatible-roots-v2
パンティーストッキング,ぱんてぃーすとっきんぐ,clothing,auto,wnja:1.1-compatible-roots-v2
乾,いぬい,person_job,auto,wnja:1.1-compatible-roots-v2
伜,せがれ,person_job,auto,wnja:1.1-compatible-roots-v2
伽,とぎ,person_job,auto,wnja:1.1-compatible-roots-v2
僕,しもべ,person_job,auto,wnja:1.1-compatible-roots-v2
厩,うまや,place_building,auto,wnja:1.1-compatible-roots-v2
嚊,かあ,person_job,auto,wnja:1.1-compatible-roots-v2
夷,えびす,person_job,auto,wnja:1.1-compatible-roots-v2
嫗,おうな,person_job,auto,wnja:1.1-compatible-roots-v2
孀,やもめ,person_job,auto,wnja:1.1-compatible-roots-v2
帚,ははき,daily_tools,auto,wnja:1.1-compatible-roots-v2
帳,とばり,daily_tools,auto,wnja:1.1-compatible-roots-v2
棗,なつめ,food|plant|fruit,auto,wnja:1.1-compatible-roots-v2
椎,しい,plant|fruit,auto,wnja:1.1-compatible-roots-v2
椴,とど,plant|nature,auto,wnja:1.1-compatible-roots-v2
楢,なら,plant|nature,auto,wnja:1.1-compatible-roots-v2
槐,えんじゅ,plant|nature,auto,wnja:1.1-compatible-roots-v2
樅,もみ,plant|nature,auto,wnja:1.1-compatible-roots-v2
樵,きこり,person_job,auto,wnja:1.1-compatible-roots-v2
橅,ぶな,plant|nature,auto,wnja:1.1-compatible-roots-v2
檣,ほばしら,daily_tools,auto,wnja:1.1-compatible-roots-v2
淀,よど,nature|place_building,auto,wnja:1.1-compatible-roots-v2
狆,ちん,animal|nature,auto,wnja:1.1-compatible-roots-v2
秣,まぐさ,food,auto,wnja:1.1-compatible-roots-v2
穀,こく,food,auto,wnja:1.1-compatible-roots-v2
窟,いわや,nature|place_building,auto,wnja:1.1-compatible-roots-v2
粮,かて,food,auto,wnja:1.1-compatible-roots-v2
羮,あつもの,food,auto,wnja:1.1-compatible-roots-v2
肋,あばら,body,auto,wnja:1.1-compatible-roots-v2
腟,ちつ,body,auto,wnja:1.1-compatible-roots-v2
膕,ひかがみ,food,auto,wnja:1.1-compatible-roots-v2
艇,てい,vehicle,auto,wnja:1.1-compatible-roots-v2
茜,あかね,plant|nature,auto,wnja:1.1-compatible-roots-v2
菫,すみれ,plant|nature,auto,wnja:1.1-compatible-roots-v2
葵,あおい,plant|nature,auto,wnja:1.1-compatible-roots-v2
蕨,わらび,plant|nature,auto,wnja:1.1-compatible-roots-v2
薇,ぜんまい,plant|nature,auto,wnja:1.1-compatible-roots-v2
藜,あかざ,plant|nature,auto,wnja:1.1-compatible-roots-v2
蛆,うじ,animal|nature,auto,wnja:1.1-compatible-roots-v2
蜑,あま,person_job,auto,wnja:1.1-compatible-roots-v2
蝟,はりねずみ,animal|nature,auto,wnja:1.1-compatible-roots-v2
蝮,まむし,animal|nature,auto,wnja:1.1-compatible-roots-v2
蠍,さそり,animal|nature,auto,wnja:1.1-compatible-roots-v2
豕,いのこ,animal|nature,auto,wnja:1.1-compatible-roots-v2
賄,まかない,person_job,auto,wnja:1.1-compatible-roots-v2
蹄,ひづめ,body,auto,wnja:1.1-compatible-roots-v2
鉞,まさかり,daily_tools,auto,wnja:1.1-compatible-roots-v2
鏨,たがね,daily_tools,auto,wnja:1.1-compatible-roots-v2
閂,かんぬき,daily_tools,auto,wnja:1.1-compatible-roots-v2
鯡,にしん,food,auto,wnja:1.1-compatible-roots-v2
鰍,かじか,animal|nature,auto,wnja:1.1-compatible-roots-v2
鰓,えら,body,auto,wnja:1.1-compatible-roots-v2
鰤,ぶり,animal|nature,auto,wnja:1.1-compatible-roots-v2
鵠,くぐい,animal|nature,auto,wnja:1.1-compatible-roots-v2
鵲,かささぎ,animal|nature,auto,wnja:1.1-compatible-roots-v2
鼈,すっぽん,animal|nature,auto,wnja:1.1-compatible-roots-v2
鼬,いたち,animal|nature,auto,wnja:1.1-compatible-roots-v2
お伴,おとも,person_job,auto,wnja:1.1-compatible-roots-v2
お冷,おひや,food,reviewed,wnja:07936263-n
お爺,おやじ,person_job,auto,wnja:1.1-compatible-roots-v2
お袋,おふくろ,person_job,auto,wnja:1.1-compatible-roots-v2
お頭,おつむ,person_job,auto,wnja:1.1-compatible-roots-v2
がれ,がれ,nature|place_building,auto,wnja:1.1-compatible-roots-v2
き印,きじるし,person_job,auto,wnja:1.1-compatible-roots-v2
ぐる,ぐる,person_job,auto,wnja:1.1-compatible-roots-v2
さし,さし,animal|nature,auto,wnja:1.1-compatible-roots-v2
ちび,ちび,person_job,auto,wnja:1.1-compatible-roots-v2
でか,でか,person_job,auto,wnja:1.1-compatible-roots-v2
へぼ,へぼ,person_job,auto,wnja:1.1-compatible-roots-v2
べべ,べべ,clothing,auto,wnja:1.1-compatible-roots-v2
アビ,あび,animal|nature,auto,wnja:1.1-compatible-roots-v2
ウニ,うに,animal|nature,reviewed,wnja:02319095-n
ギグ,ぎぐ,vehicle,reviewed,wnja:03436656-n|wnja:03436772-n|wnja:03436891-n
ギー,ぎー,food,auto,wnja:1.1-compatible-roots-v2
ケシ,けし,plant|nature,reviewed,wnja:11900569-n
ゲイ,げい,person_job,auto,wnja:1.1-compatible-roots-v2
ゲジ,げじ,animal|nature,reviewed,wnja:01785667-n
コカ,こか,person_job,auto,wnja:1.1-compatible-roots-v2
コチ,こち,animal|nature,auto,wnja:1.1-compatible-roots-v2
サバ,さば,food,reviewed,wnja:07781319-n
シダ,しだ,plant|nature,auto,wnja:1.1-compatible-roots-v2
ゾラ,ぞら,person_job,auto,wnja:1.1-compatible-roots-v2
タコ,たこ,food,reviewed,wnja:07782365-n
タム,たむ,person_job,auto,wnja:1.1-compatible-roots-v2
ダニ,だに,animal|nature,auto,wnja:1.1-compatible-roots-v2
ダフ,だふ,food,auto,wnja:1.1-compatible-roots-v2
ツル,つる,animal|nature,auto,wnja:1.1-compatible-roots-v2
テル,てる,person_job,auto,wnja:1.1-compatible-roots-v2
トム,とむ,person_job,auto,wnja:1.1-compatible-roots-v2
ニレ,にれ,plant|nature,auto,wnja:1.1-compatible-roots-v2
ニー,にー,body,auto,wnja:1.1-compatible-roots-v2
ヌー,ぬー,animal|nature,auto,wnja:1.1-compatible-roots-v2
ノバ,のば,nature,auto,wnja:1.1-compatible-roots-v2
ノロ,のろ,animal|nature,auto,wnja:1.1-compatible-roots-v2
ハゼ,はぜ,animal|nature,auto,wnja:1.1-compatible-roots-v2
バク,ばく,animal|nature,auto,wnja:1.1-compatible-roots-v2
バタ,ばた,food,auto,wnja:1.1-compatible-roots-v2
バロ,ばろ,person_job,auto,wnja:1.1-compatible-roots-v2
パグ,ぱぐ,animal|nature,auto,wnja:1.1-compatible-roots-v2
ヒヒ,ひひ,animal|nature,auto,wnja:1.1-compatible-roots-v2
ヒマ,ひま,plant|nature,auto,wnja:1.1-compatible-roots-v2
ビア,びあ,food,auto,wnja:1.1-compatible-roots-v2
ビヤ,びや,food,reviewed,wnja:07886849-n
ビワ,びわ,food|plant|fruit,reviewed,wnja:07763792-n|wnja:12629666-n
フグ,ふぐ,food,auto,wnja:1.1-compatible-roots-v2
ブギ,ぶぎ,music,auto,wnja:1.1-compatible-roots-v2
ブユ,ぶゆ,animal|nature,reviewed,wnja:02205673-n
ブラ,ぶら,clothing,auto,wnja:1.1-compatible-roots-v2
ヘゴ,へご,plant|nature,auto,wnja:1.1-compatible-roots-v2
ボラ,ぼら,food,reviewed,wnja:07784367-n
ポロ,ぽろ,sport,reviewed,wnja:00477639-n
マゾ,まぞ,person_job,auto,wnja:1.1-compatible-roots-v2
マン,まん,person_job,auto,wnja:1.1-compatible-roots-v2
メサ,めさ,place_building,auto,wnja:1.1-compatible-roots-v2
モズ,もず,animal|nature,reviewed,wnja:01598588-n
ヤシ,やし,plant|nature,auto,wnja:1.1-compatible-roots-v2
ラグ,らぐ,daily_tools,auto,wnja:1.1-compatible-roots-v2
ラバ,らば,animal|nature,auto,wnja:1.1-compatible-roots-v2
ラビ,らび,person_job,auto,wnja:1.1-compatible-roots-v2
ラフ,らふ,place_building,auto,wnja:1.1-compatible-roots-v2
ラマ,らま,animal|nature,auto,wnja:1.1-compatible-roots-v2
リグ,りぐ,vehicle,auto,wnja:1.1-compatible-roots-v2
ルー,るー,food,auto,wnja:1.1-compatible-roots-v2
レズ,れず,person_job,auto,wnja:1.1-compatible-roots-v2
ワジ,わじ,nature|place_building,auto,wnja:1.1-compatible-roots-v2
一佐,いっさ,person_job,auto,wnja:1.1-compatible-roots-v2
一尉,いちい,person_job,auto,wnja:1.1-compatible-roots-v2
一指,いっし,body,auto,wnja:1.1-compatible-roots-v2
丁壮,ていそう,person_job,auto,wnja:1.1-compatible-roots-v2
丁子,ちょうじ,food|plant,reviewed,wnja:07814487-n|wnja:12339526-n
丁稚,でっち,person_job,auto,wnja:1.1-compatible-roots-v2
七竈,ななかまど,plant|nature,auto,wnja:1.1-compatible-roots-v2
三下,さんした,person_job,auto,wnja:1.1-compatible-roots-v2
三盆,さんぼん,food,auto,wnja:1.1-compatible-roots-v2
三頭,さんとう,body,auto,wnja:1.1-compatible-roots-v2
上唇,うわくちびる,body,auto,wnja:1.1-compatible-roots-v2
上智,じょうち,person_job,auto,wnja:1.1-compatible-roots-v2
上米,じょうまい,food,auto,wnja:1.1-compatible-roots-v2
上長,じょうちょう,person_job,auto,wnja:1.1-compatible-roots-v2
下人,げにん,person_job,auto,wnja:1.1-compatible-roots-v2
下僕,げぼく,person_job,auto,wnja:1.1-compatible-roots-v2
下役,したやく,person_job,auto,wnja:1.1-compatible-roots-v2
下穿,したばき,clothing,auto,wnja:1.1-compatible-roots-v2
下紐,したひも,clothing,auto,wnja:1.1-compatible-roots-v2
下腿,かたい,body,auto,wnja:1.1-compatible-roots-v2
下膊,かはく,body,auto,wnja:1.1-compatible-roots-v2
下郎,げろう,person_job,auto,wnja:1.1-compatible-roots-v2
不文,ふぶん,person_job,auto,wnja:1.1-compatible-roots-v2
世祖,せいそ,person_job,auto,wnja:1.1-compatible-roots-v2
中人,ちゅうにん,person_job,auto,wnja:1.1-compatible-roots-v2
中将,ちゅうじょう,person_job,auto,wnja:1.1-compatible-roots-v2
中折,なかおれ,clothing,auto,wnja:1.1-compatible-roots-v2
中皮,ちゅうひ,body,auto,wnja:1.1-compatible-roots-v2
中稲,なかて,body,auto,wnja:1.1-compatible-roots-v2
中耳,ちゅうじ,body,auto,wnja:1.1-compatible-roots-v2
中脳,ちゅうのう,body,auto,wnja:1.1-compatible-roots-v2
中衛,ちゅうえい,person_job,auto,wnja:1.1-compatible-roots-v2
丸鋸,まるのこ,daily_tools,auto,wnja:1.1-compatible-roots-v2
主教,しゅきょう,person_job,auto,wnja:1.1-compatible-roots-v2
主簿,しゅぼ,person_job,auto,wnja:1.1-compatible-roots-v2
乃父,だいふ,person_job,auto,wnja:1.1-compatible-roots-v2
乗手,のりて,person_job,auto,wnja:1.1-compatible-roots-v2
乱人,らんじん,person_job,auto,wnja:1.1-compatible-roots-v2
乱雲,らんうん,nature,auto,wnja:1.1-compatible-roots-v2
乳歯,にゅうし,body,auto,wnja:1.1-compatible-roots-v2
乳酪,にゅうらく,food,auto,wnja:1.1-compatible-roots-v2
乾肉,かんにく,food,auto,wnja:1.1-compatible-roots-v2
二形,ふたなり,person_job,auto,wnja:1.1-compatible-roots-v2
亜流,ありゅう,person_job,auto,wnja:1.1-compatible-roots-v2
人君,じんくん,person_job,auto,wnja:1.1-compatible-roots-v2
人士,じんし,person_job,auto,wnja:1.1-compatible-roots-v2
人夫,にんぷ,person_job,auto,wnja:1.1-compatible-roots-v2
人妻,ひとづま,person_job,auto,wnja:1.1-compatible-roots-v2
人家,じんか,place_building,auto,wnja:1.1-compatible-roots-v2
人宿,ひとやど,place_building,auto,wnja:1.1-compatible-roots-v2
人祖,じんそ,person_job,auto,wnja:1.1-compatible-roots-v2
人虱,ひとじらみ,animal|nature,auto,wnja:1.1-compatible-roots-v2
仇野,あだしの,place_building,auto,wnja:1.1-compatible-roots-v2
今人,こんじん,person_job,auto,wnja:1.1-compatible-roots-v2
仏寺,ぶつじ,place_building,auto,wnja:1.1-compatible-roots-v2
仏陀,ぶつだ,person_job,auto,wnja:1.1-compatible-roots-v2
付人,つきびと,person_job,auto,wnja:1.1-compatible-roots-v2
仙椎,せんつい,body,auto,wnja:1.1-compatible-roots-v2
仙薬,せんやく,food,auto,wnja:1.1-compatible-roots-v2
仙骨,せんこつ,body,auto,wnja:1.1-compatible-roots-v2
代診,だいしん,person_job,auto,wnja:1.1-compatible-roots-v2
令孫,れいそん,person_job,auto,wnja:1.1-compatible-roots-v2
令室,れいしつ,person_job,auto,wnja:1.1-compatible-roots-v2
令息,れいそく,person_job,auto,wnja:1.1-compatible-roots-v2
令閨,れいけい,person_job,auto,wnja:1.1-compatible-roots-v2
仮髪,かはつ,clothing,auto,wnja:1.1-compatible-roots-v2
仲仕,なかし,person_job,auto,wnja:1.1-compatible-roots-v2
仲働,なかばたらき,person_job,auto,wnja:1.1-compatible-roots-v2
仲買,なかがい,person_job,auto,wnja:1.1-compatible-roots-v2
伊吹,いぶき,plant|nature,auto,wnja:1.1-compatible-roots-v2
会厭,ええん,body,auto,wnja:1.1-compatible-roots-v2
会友,かいゆう,person_job,auto,wnja:1.1-compatible-roots-v2
会陰,えいん,body,auto,wnja:1.1-compatible-roots-v2
伝馬,てんま,animal|nature,auto,wnja:1.1-compatible-roots-v2
伶人,れいじん,person_job,auto,wnja:1.1-compatible-roots-v2
伽藍,がらん,place_building,auto,wnja:1.1-compatible-roots-v2
低木,ていぼく,plant|nature,auto,wnja:1.1-compatible-roots-v2
低能,ていのう,person_job,auto,wnja:1.1-compatible-roots-v2
作人,さくにん,person_job,auto,wnja:1.1-compatible-roots-v2
佞人,ねいじん,person_job,auto,wnja:1.1-compatible-roots-v2
佩物,おびもの,clothing,auto,wnja:1.1-compatible-roots-v2
侍僧,じそう,person_job,auto,wnja:1.1-compatible-roots-v2
侍祭,じさい,person_job,auto,wnja:1.1-compatible-roots-v2
侍者,じしゃ,person_job,auto,wnja:1.1-compatible-roots-v2
供人,ともびと,person_job,auto,wnja:1.1-compatible-roots-v2
侶伴,りょはん,person_job,auto,wnja:1.1-compatible-roots-v2
俊傑,しゅんけつ,person_job,auto,wnja:1.1-compatible-roots-v2
俊足,しゅんそく,person_job,auto,wnja:1.1-compatible-roots-v2
俗人,ぞくじん,person_job,auto,wnja:1.1-compatible-roots-v2
俗物,ぞくぶつ,person_job,auto,wnja:1.1-compatible-roots-v2
俘虜,ふりょ,person_job,auto,wnja:1.1-compatible-roots-v2
借主,かりぬし,person_job,auto,wnja:1.1-compatible-roots-v2
借方,かりかた,person_job,auto,wnja:1.1-compatible-roots-v2
偏物,へんぶつ,person_job,auto,wnja:1.1-compatible-roots-v2
側女,そばめ,person_job,auto,wnja:1.1-compatible-roots-v2
側室,そくしつ,person_job,auto,wnja:1.1-compatible-roots-v2
傍流,ぼうりゅう,nature|place_building,auto,wnja:1.1-compatible-roots-v2
傍輩,ほうばい,person_job,auto,wnja:1.1-compatible-roots-v2
傭主,ようしゅ,person_job,auto,wnja:1.1-compatible-roots-v2
傭兵,ようへい,person_job,auto,wnja:1.1-compatible-roots-v2
債主,さいしゅ,person_job,auto,wnja:1.1-compatible-roots-v2
僚友,りょうゆう,person_job,auto,wnja:1.1-compatible-roots-v2
僚属,りょうぞく,person_job,auto,wnja:1.1-compatible-roots-v2
僚船,りょうせん,vehicle,auto,wnja:1.1-compatible-roots-v2
僧都,そうず,person_job,auto,wnja:1.1-compatible-roots-v2
僧院,そういん,place_building,auto,wnja:1.1-compatible-roots-v2
元帥,げんすい,person_job,auto,wnja:1.1-compatible-roots-v2
元老,げんろう,person_job,auto,wnja:1.1-compatible-roots-v2
兄い,にい,person_job,auto,wnja:1.1-compatible-roots-v2
兄者,あにじゃ,person_job,auto,wnja:1.1-compatible-roots-v2
兆域,ちょういき,place_building,auto,wnja:1.1-compatible-roots-v2
兇手,きょうしゅ,person_job,auto,wnja:1.1-compatible-roots-v2
兇賊,きょうぞく,person_job,auto,wnja:1.1-compatible-roots-v2
先任,せんにん,person_job,auto,wnja:1.1-compatible-roots-v2
先妻,せんさい,person_job,auto,wnja:1.1-compatible-roots-v2
先棒,さきぼう,person_job,auto,wnja:1.1-compatible-roots-v2
先覚,せんかく,person_job,auto,wnja:1.1-compatible-roots-v2
児女,じじょ,person_job,auto,wnja:1.1-compatible-roots-v2
党人,とうじん,person_job,auto,wnja:1.1-compatible-roots-v2
入夫,にゅうふ,person_job,auto,wnja:1.1-compatible-roots-v2
入海,いりうみ,nature|place_building,auto,wnja:1.1-compatible-roots-v2
入道,にゅうどう,person_job,auto,wnja:1.1-compatible-roots-v2
全乳,ぜんにゅう,food,auto,wnja:1.1-compatible-roots-v2
全人,ぜんじん,person_job,auto,wnja:1.1-compatible-roots-v2
公僕,こうぼく,person_job,auto,wnja:1.1-compatible-roots-v2
兵曹,へいそう,person_job,auto,wnja:1.1-compatible-roots-v2
兵粮,ひょうろう,food,auto,wnja:1.1-compatible-roots-v2
兵船,へいせん,vehicle,auto,wnja:1.1-compatible-roots-v2
兵長,へいちょう,person_job,auto,wnja:1.1-compatible-roots-v2
内向,ないこう,person_job,auto,wnja:1.1-compatible-roots-v2
内君,ないくん,person_job,auto,wnja:1.1-compatible-roots-v2
内耳,ないじ,body,auto,wnja:1.1-compatible-roots-v2
内腔,ないくう,body,auto,wnja:1.1-compatible-roots-v2
内膜,ないまく,body,auto,wnja:1.1-compatible-roots-v2
円丘,えんきゅう,nature|place_building,auto,wnja:1.1-compatible-roots-v2
円卓,えんたく,daily_tools,auto,wnja:1.1-compatible-roots-v2
円窓,まるまど,body,auto,wnja:1.1-compatible-roots-v2
冬木,ふゆき,plant|nature,auto,wnja:1.1-compatible-roots-v2
冬草,ふゆくさ,plant|nature,auto,wnja:1.1-compatible-roots-v2
冷菓,れいか,food,auto,wnja:1.1-compatible-roots-v2
准将,じゅんしょう,person_job,auto,wnja:1.1-compatible-roots-v2
凝乳,ぎょうにゅう,food,auto,wnja:1.1-compatible-roots-v2
凝集,ぎょうしゅう,nature,auto,wnja:1.1-compatible-roots-v2
凡夫,ぼんぷ,person_job,auto,wnja:1.1-compatible-roots-v2
出刃,でば,daily_tools,auto,wnja:1.1-compatible-roots-v2
出女,でおんな,person_job,auto,wnja:1.1-compatible-roots-v2
刀自,とじ,person_job,auto,wnja:1.1-compatible-roots-v2
切岸,きりぎし,nature|place_building,auto,wnja:1.1-compatible-roots-v2
初乳,しょにゅう,food,auto,wnja:1.1-compatible-roots-v2
判士,はんし,person_job,auto,wnja:1.1-compatible-roots-v2
判者,はんじゃ,person_job,auto,wnja:1.1-compatible-roots-v2
別墅,べっしょ,place_building,auto,wnja:1.1-compatible-roots-v2
別嬪,べっぴん,person_job,auto,wnja:1.1-compatible-roots-v2
別当,べっとう,person_job,auto,wnja:1.1-compatible-roots-v2
別業,べつぎょう,place_building,auto,wnja:1.1-compatible-roots-v2
刳舟,くりふね,vehicle,reviewed,wnja:03254374-n
刺毛,しもう,body,auto,wnja:1.1-compatible-roots-v2
剃刀,かみそり,daily_tools,auto,wnja:1.1-compatible-roots-v2
前垂,まえだれ,clothing,auto,wnja:1.1-compatible-roots-v2
前夫,ぜんぷ,person_job,auto,wnja:1.1-compatible-roots-v2
前奏,ぜんそう,music,auto,wnja:1.1-compatible-roots-v2
前歯,まえば,body,auto,wnja:1.1-compatible-roots-v2
前額,ぜんがく,body,auto,wnja:1.1-compatible-roots-v2
剛毛,ごうもう,body,auto,wnja:1.1-compatible-roots-v2
剣奴,けんど,person_job,auto,wnja:1.1-compatible-roots-v2
副腎,ふくじん,body,auto,wnja:1.1-compatible-roots-v2
副長,ふくちょう,person_job,auto,wnja:1.1-compatible-roots-v2
割下,わりした,food,auto,wnja:1.1-compatible-roots-v2
剽盗,ひょうとう,person_job,auto,wnja:1.1-compatible-roots-v2
力者,りきしゃ,person_job,auto,wnja:1.1-compatible-roots-v2
助命,じょめい,nature,auto,wnja:1.1-compatible-roots-v2
助祭,じょさい,person_job,auto,wnja:1.1-compatible-roots-v2
勇魚,いさな,animal|nature,auto,wnja:1.1-compatible-roots-v2
化現,けげん,person_job,auto,wnja:1.1-compatible-roots-v2
北洋,ほくよう,nature|place_building,auto,wnja:1.1-compatible-roots-v2
匪賊,ひぞく,person_job,auto,wnja:1.1-compatible-roots-v2
医官,いかん,person_job,auto,wnja:1.1-compatible-roots-v2
千鳥,ちどり,animal|nature,auto,wnja:1.1-compatible-roots-v2
半衿,はんえり,clothing,auto,wnja:1.1-compatible-roots-v2
南洋,なんよう,nature|place_building,auto,wnja:1.1-compatible-roots-v2
単式,たんしき,person_job,auto,wnja:1.1-compatible-roots-v2
博徒,ばくと,person_job,auto,wnja:1.1-compatible-roots-v2
卜者,ぼくしゃ,person_job,auto,wnja:1.1-compatible-roots-v2
占者,せんしゃ,person_job,auto,wnja:1.1-compatible-roots-v2
卵巣,らんそう,body,auto,wnja:1.1-compatible-roots-v2
卵管,らんかん,body,auto,wnja:1.1-compatible-roots-v2
卸商,おろししょう,person_job,auto,wnja:1.1-compatible-roots-v2
厳親,げんしん,person_job,auto,wnja:1.1-compatible-roots-v2
参謀,さんぼう,person_job,auto,wnja:1.1-compatible-roots-v2
参議,さんぎ,person_job,auto,wnja:1.1-compatible-roots-v2
友垣,ともがき,person_job,auto,wnja:1.1-compatible-roots-v2
友朋,ゆうほう,person_job,auto,wnja:1.1-compatible-roots-v2
反米,はんべい,person_job,auto,wnja:1.1-compatible-roots-v2
受手,うけて,person_job,auto,wnja:1.1-compatible-roots-v2
口合,くちあい,person_job,auto,wnja:1.1-compatible-roots-v2
古手,ふるて,person_job,auto,wnja:1.1-compatible-roots-v2
古狸,ふるだぬき,person_job,auto,wnja:1.1-compatible-roots-v2
古老,ころう,person_job,auto,wnja:1.1-compatible-roots-v2
古豪,こごう,person_job,auto,wnja:1.1-compatible-roots-v2
古顔,ふるがお,person_job,auto,wnja:1.1-compatible-roots-v2
史官,しかん,person_job,auto,wnja:1.1-compatible-roots-v2
右筆,ゆうひつ,person_job,auto,wnja:1.1-compatible-roots-v2
右脳,うのう,body,auto,wnja:1.1-compatible-roots-v2
司教,しきょう,person_job,auto,wnja:1.1-compatible-roots-v2
司直,しちょく,person_job,auto,wnja:1.1-compatible-roots-v2
合鴨,あいがも,animal|nature,auto,wnja:1.1-compatible-roots-v2
同役,どうやく,person_job,auto,wnja:1.1-compatible-roots-v2
同舟,どうしゅう,person_job,auto,wnja:1.1-compatible-roots-v2
同輩,どうはい,person_job,auto,wnja:1.1-compatible-roots-v2
名優,めいゆう,person_job,auto,wnja:1.1-compatible-roots-v2
名工,めいこう,person_job,auto,wnja:1.1-compatible-roots-v2
名親,なおや,person_job,auto,wnja:1.1-compatible-roots-v2
吏員,りいん,person_job,auto,wnja:1.1-compatible-roots-v2
君王,くんのう,person_job,auto,wnja:1.1-compatible-roots-v2
呪医,じゅい,person_job,auto,wnja:1.1-compatible-roots-v2
和毛,にこげ,body,auto,wnja:1.1-compatible-roots-v2
咎人,とがにん,person_job,auto,wnja:1.1-compatible-roots-v2
咽頭,いんとう,body,auto,wnja:1.1-compatible-roots-v2
員外,いんがい,person_job,auto,wnja:1.1-compatible-roots-v2
唐鋤,からすき,daily_tools,auto,wnja:1.1-compatible-roots-v2
善書,ぜんしょ,person_job,auto,wnja:1.1-compatible-roots-v2
喉笛,のどぶえ,body,auto,wnja:1.1-compatible-roots-v2
喉頸,のどくび,body,auto,wnja:1.1-compatible-roots-v2
喪家,そうか,person_job,auto,wnja:1.1-compatible-roots-v2
嗅球,きゅうきゅう,body,auto,wnja:1.1-compatible-roots-v2
噴門,ふんもん,body,auto,wnja:1.1-compatible-roots-v2
四駆,よんく,vehicle,reviewed,wnja:03389761-n
国主,こくしゅ,person_job,auto,wnja:1.1-compatible-roots-v2
国賊,こくぞく,person_job,auto,wnja:1.1-compatible-roots-v2
圏谷,けんこく,nature|place_building,auto,wnja:1.1-compatible-roots-v2
園丁,えんてい,person_job,auto,wnja:1.1-compatible-roots-v2
園地,えんち,place_building,auto,wnja:1.1-compatible-roots-v2
土人,どじん,person_job,auto,wnja:1.1-compatible-roots-v2
土工,どこう,person_job,auto,wnja:1.1-compatible-roots-v2
土民,どみん,person_job,auto,wnja:1.1-compatible-roots-v2
土着,どちゃく,person_job,auto,wnja:1.1-compatible-roots-v2
土筆,つくし,plant|nature,reviewed,wnja:13219422-n
土蛍,つちぼたる,animal|nature,auto,wnja:1.1-compatible-roots-v2
土豚,つちぶた,animal|nature,auto,wnja:1.1-compatible-roots-v2
圧点,あってん,body,auto,wnja:1.1-compatible-roots-v2
在地,ざいち,place_building,auto,wnja:1.1-compatible-roots-v2
在家,ざいけ,place_building,auto,wnja:1.1-compatible-roots-v2
在方,ざいかた,place_building,auto,wnja:1.1-compatible-roots-v2
地溝,ちこう,nature|place_building,auto,wnja:1.1-compatible-roots-v2
地虫,じむし,animal|nature,auto,wnja:1.1-compatible-roots-v2
坐骨,ざこつ,body,auto,wnja:1.1-compatible-roots-v2
執政,しっせい,person_job,auto,wnja:1.1-compatible-roots-v2
堂宇,どうう,place_building,auto,wnja:1.1-compatible-roots-v2
堂舎,どうしゃ,place_building,auto,wnja:1.1-compatible-roots-v2
塩屋,しおや,person_job,auto,wnja:1.1-compatible-roots-v2
塩花,しおばな,food,auto,wnja:1.1-compatible-roots-v2
塾舎,じゅくしゃ,place_building,auto,wnja:1.1-compatible-roots-v2
士卒,しそつ,person_job,auto,wnja:1.1-compatible-roots-v2
声部,せいぶ,music,auto,wnja:1.1-compatible-roots-v2
売女,ばいた,person_job,auto,wnja:1.1-compatible-roots-v2
売子,うりこ,person_job,auto,wnja:1.1-compatible-roots-v2
夏蚕,なつご,animal|nature,auto,wnja:1.1-compatible-roots-v2
夕餉,ゆうげ,food,auto,wnja:1.1-compatible-roots-v2
外耳,がいじ,body,auto,wnja:1.1-compatible-roots-v2
外膜,がいまく,body,auto,wnja:1.1-compatible-roots-v2
外陰,がいいん,body,auto,wnja:1.1-compatible-roots-v2
多肉,たにく,plant|nature,auto,wnja:1.1-compatible-roots-v2
多調,たちょう,music,auto,wnja:1.1-compatible-roots-v2
夜曲,やきょく,music,auto,wnja:1.1-compatible-roots-v2
夜警,やけい,person_job,auto,wnja:1.1-compatible-roots-v2
夜鳥,やちょう,animal|nature,auto,wnja:1.1-compatible-roots-v2
大宮,おおみや,place_building,auto,wnja:1.1-compatible-roots-v2
大愚,たいぐ,person_job,auto,wnja:1.1-compatible-roots-v2
大殿,おおとの,place_building,auto,wnja:1.1-compatible-roots-v2
大脳,だいのう,body,auto,wnja:1.1-compatible-roots-v2
大虎,おおとら,person_job,auto,wnja:1.1-compatible-roots-v2
大賊,たいぞく,person_job,auto,wnja:1.1-compatible-roots-v2
大鍋,おおなべ,daily_tools,auto,wnja:1.1-compatible-roots-v2
大黄,だいおう,plant|nature,auto,wnja:1.1-compatible-roots-v2
天々,てんてん,body,auto,wnja:1.1-compatible-roots-v2
天象,てんしょう,nature,auto,wnja:1.1-compatible-roots-v2
太后,たいごう,person_job,auto,wnja:1.1-compatible-roots-v2
太白,たいはく,food,auto,wnja:1.1-compatible-roots-v2
太祖,たいそ,person_job,auto,wnja:1.1-compatible-roots-v2
太陰,たいいん,nature,auto,wnja:1.1-compatible-roots-v2
夷狄,いてき,person_job,auto,wnja:1.1-compatible-roots-v2
奥方,おくがた,person_job,auto,wnja:1.1-compatible-roots-v2
奥歯,おくば,body,auto,wnja:1.1-compatible-roots-v2
女人,にょにん,person_job,auto,wnja:1.1-compatible-roots-v2
女寡,おんなやもめ,person_job,auto,wnja:1.1-compatible-roots-v2
女敵,めがたき,person_job,auto,wnja:1.1-compatible-roots-v2
女流,じょりゅう,person_job,auto,wnja:1.1-compatible-roots-v2
女給,じょきゅう,person_job,auto,wnja:1.1-compatible-roots-v2
女衆,おんなしゅう,person_job,auto,wnja:1.1-compatible-roots-v2
女衒,ぜげん,person_job,auto,wnja:1.1-compatible-roots-v2
女親,おんなおや,person_job,auto,wnja:1.1-compatible-roots-v2
奸物,かんぶつ,person_job,auto,wnja:1.1-compatible-roots-v2
奸賊,かんぞく,person_job,auto,wnja:1.1-compatible-roots-v2
妓楼,ぎろう,place_building,auto,wnja:1.1-compatible-roots-v2
妖婆,ようば,person_job,auto,wnja:1.1-compatible-roots-v2
妙手,みょうしゅ,person_job,auto,wnja:1.1-compatible-roots-v2
妹分,いもうとぶん,person_job,auto,wnja:1.1-compatible-roots-v2
妻女,さいじょ,person_job,auto,wnja:1.1-compatible-roots-v2
妻室,さいしつ,person_job,auto,wnja:1.1-compatible-roots-v2
姦人,かんじん,person_job,auto,wnja:1.1-compatible-roots-v2
姫蜂,ひめばち,animal|nature,auto,wnja:1.1-compatible-roots-v2
娼楼,しょうろう,place_building,auto,wnja:1.1-compatible-roots-v2
媚薬,びやく,food,auto,wnja:1.1-compatible-roots-v2
嫖客,ひょうかく,person_job,auto,wnja:1.1-compatible-roots-v2
子女,しじょ,person_job,auto,wnja:1.1-compatible-roots-v2
子爵,ししゃく,person_job,auto,wnja:1.1-compatible-roots-v2
子種,こだね,person_job,auto,wnja:1.1-compatible-roots-v2
子袋,こぶくろ,body,auto,wnja:1.1-compatible-roots-v2
学寮,がくりょう,place_building,auto,wnja:1.1-compatible-roots-v2
学監,がっかん,person_job,auto,wnja:1.1-compatible-roots-v2
孫娘,まごむすめ,person_job,auto,wnja:1.1-compatible-roots-v2
宝船,たからぶね,vehicle,auto,wnja:1.1-compatible-roots-v2
実兄,じっけい,person_job,auto,wnja:1.1-compatible-roots-v2
実弟,じってい,person_job,auto,wnja:1.1-compatible-roots-v2
実母,じつぼ,person_job,auto,wnja:1.1-compatible-roots-v2
客分,きゃくぶん,person_job,auto,wnja:1.1-compatible-roots-v2
客来,きゃくらい,person_job,auto,wnja:1.1-compatible-roots-v2
客筋,きゃくすじ,person_job,auto,wnja:1.1-compatible-roots-v2
客車,きゃくしゃ,vehicle,reviewed,wnja:03895866-n
宦官,かんがん,person_job,auto,wnja:1.1-compatible-roots-v2
宮人,みやびと,person_job,auto,wnja:1.1-compatible-roots-v2
家僕,かぼく,person_job,auto,wnja:1.1-compatible-roots-v2
家兎,いえうさぎ,animal|nature,auto,wnja:1.1-compatible-roots-v2
家蠅,いえばえ,animal|nature,auto,wnja:1.1-compatible-roots-v2
宿六,やどろく,person_job,auto,wnja:1.1-compatible-roots-v2
宿屋,やどや,place_building,auto,wnja:1.1-compatible-roots-v2
宿舎,しゅくしゃ,place_building,auto,wnja:1.1-compatible-roots-v2
寄手,よせて,person_job,auto,wnja:1.1-compatible-roots-v2
富者,ふしゃ,person_job,auto,wnja:1.1-compatible-roots-v2
寒空,さむぞら,nature,auto,wnja:1.1-compatible-roots-v2
寮母,りょうぼ,person_job,auto,wnja:1.1-compatible-roots-v2
寺子,てらこ,person_job,auto,wnja:1.1-compatible-roots-v2
寺男,てらおとこ,person_job,auto,wnja:1.1-compatible-roots-v2
対手,たいしゅ,person_job,auto,wnja:1.1-compatible-roots-v2
将星,しょうせい,person_job,auto,wnja:1.1-compatible-roots-v2
尊師,そんし,person_job,auto,wnja:1.1-compatible-roots-v2
尊翁,そんおう,person_job,auto,wnja:1.1-compatible-roots-v2
尊者,そんじゃ,person_job,auto,wnja:1.1-compatible-roots-v2
小女,こおんな,person_job,auto,wnja:1.1-compatible-roots-v2
小姑,こじゅうと,person_job,auto,wnja:1.1-compatible-roots-v2
小娘,こむすめ,person_job,auto,wnja:1.1-compatible-roots-v2
小子,しょうし,person_job,auto,wnja:1.1-compatible-roots-v2
小爪,こづめ,body,auto,wnja:1.1-compatible-roots-v2
小町,こまち,person_job,auto,wnja:1.1-compatible-roots-v2
小者,こもの,person_job,auto,wnja:1.1-compatible-roots-v2
小脳,しょうのう,body,auto,wnja:1.1-compatible-roots-v2
小船,こぶね,vehicle,auto,wnja:1.1-compatible-roots-v2
小頭,こがしら,person_job,auto,wnja:1.1-compatible-roots-v2
小風,こかぜ,nature,auto,wnja:1.1-compatible-roots-v2
少将,しょうしょう,person_job,auto,wnja:1.1-compatible-roots-v2
尺骨,しゃっこつ,body,auto,wnja:1.1-compatible-roots-v2
尻足,しりあし,body,auto,wnja:1.1-compatible-roots-v2
尼僧,にそう,person_job,auto,wnja:1.1-compatible-roots-v2
尼公,にこう,person_job,auto,wnja:1.1-compatible-roots-v2
尿管,にょうかん,body,auto,wnja:1.1-compatible-roots-v2
尿膜,にょうまく,body,auto,wnja:1.1-compatible-roots-v2
尿路,にょうろ,body,auto,wnja:1.1-compatible-roots-v2
尿道,にょうどう,body,auto,wnja:1.1-compatible-roots-v2
屈筋,くっきん,body,auto,wnja:1.1-compatible-roots-v2
屋舎,おくしゃ,place_building,auto,wnja:1.1-compatible-roots-v2
属国,ぞっこく,place_building,auto,wnja:1.1-compatible-roots-v2
属領,ぞくりょう,place_building,auto,wnja:1.1-compatible-roots-v2
層楼,そうろう,place_building,auto,wnja:1.1-compatible-roots-v2
山並,やまなみ,nature|place_building,auto,wnja:1.1-compatible-roots-v2
山僧,さんそう,person_job,auto,wnja:1.1-compatible-roots-v2
山岸,やまぎし,nature|place_building,auto,wnja:1.1-compatible-roots-v2
山師,やまし,person_job,auto,wnja:1.1-compatible-roots-v2
山桃,やまもも,plant|nature,reviewed,wnja:11741350-n
山橘,やまたちばな,plant|nature,auto,wnja:1.1-compatible-roots-v2
山猫,やまねこ,animal|nature,auto,wnja:1.1-compatible-roots-v2
山猿,やまざる,animal|nature,auto,wnja:1.1-compatible-roots-v2
山稜,さんりょう,nature|place_building,auto,wnja:1.1-compatible-roots-v2
山立,やまだち,person_job,auto,wnja:1.1-compatible-roots-v2
山系,さんけい,nature|place_building,auto,wnja:1.1-compatible-roots-v2
山蟻,やまあり,animal|nature,auto,wnja:1.1-compatible-roots-v2
山高,やまたか,clothing,auto,wnja:1.1-compatible-roots-v2
山鳩,やまばと,animal|nature,auto,wnja:1.1-compatible-roots-v2
岩室,いわむろ,nature|place_building,auto,wnja:1.1-compatible-roots-v2
岩棚,いわだな,nature|place_building,auto,wnja:1.1-compatible-roots-v2
岩燕,いわつばめ,animal|nature,auto,wnja:1.1-compatible-roots-v2
岩窟,がんくつ,nature|place_building,auto,wnja:1.1-compatible-roots-v2
岩魚,いわな,animal|nature,auto,wnja:1.1-compatible-roots-v2
峡湾,きょうわん,nature|place_building,auto,wnja:1.1-compatible-roots-v2
川口,かわぐち,nature|place_building,auto,wnja:1.1-compatible-roots-v2
川端,かわばた,nature|place_building,auto,wnja:1.1-compatible-roots-v2
工人,こうじん,person_job,auto,wnja:1.1-compatible-roots-v2
工兵,こうへい,person_job,auto,wnja:1.1-compatible-roots-v2
工手,こうしゅ,person_job,auto,wnja:1.1-compatible-roots-v2
左脳,さのう,body,auto,wnja:1.1-compatible-roots-v2
巨刹,きょさつ,place_building,auto,wnja:1.1-compatible-roots-v2
巨砲,きょほう,person_job,auto,wnja:1.1-compatible-roots-v2
巨魁,きょかい,person_job,auto,wnja:1.1-compatible-roots-v2
巫覡,ふげき,person_job,auto,wnja:1.1-compatible-roots-v2
巻貝,まきがい,animal|nature,auto,wnja:1.1-compatible-roots-v2
市人,いちびと,person_job,auto,wnja:1.1-compatible-roots-v2
市子,いちこ,person_job,auto,wnja:1.1-compatible-roots-v2
市電,しでん,vehicle,auto,wnja:1.1-compatible-roots-v2
帆桁,ほげた,daily_tools,auto,wnja:1.1-compatible-roots-v2
帝王,ていおう,person_job,auto,wnja:1.1-compatible-roots-v2
師父,しふ,person_job,auto,wnja:1.1-compatible-roots-v2
帯皮,おびかわ,clothing,auto,wnja:1.1-compatible-roots-v2
帯鋸,おびのこ,daily_tools,auto,wnja:1.1-compatible-roots-v2
帳合,ちょうあい,person_job,auto,wnja:1.1-compatible-roots-v2
帷幕,いばく,daily_tools,auto,wnja:1.1-compatible-roots-v2
常食,じょうしょく,food,auto,wnja:1.1-compatible-roots-v2
幇間,ほうかん,person_job,auto,wnja:1.1-compatible-roots-v2
平底,ひらぞこ,vehicle,auto,wnja:1.1-compatible-roots-v2
平服,へいふく,clothing,auto,wnja:1.1-compatible-roots-v2
平民,へいみん,person_job,auto,wnja:1.1-compatible-roots-v2
平鍋,ひらなべ,daily_tools,auto,wnja:1.1-compatible-roots-v2
平頚,ひらくび,body,auto,wnja:1.1-compatible-roots-v2
年嵩,としかさ,person_job,auto,wnja:1.1-compatible-roots-v2
幼魚,ようぎょ,animal|nature,auto,wnja:1.1-compatible-roots-v2
幽門,ゆうもん,body,auto,wnja:1.1-compatible-roots-v2
序奏,じょそう,music,auto,wnja:1.1-compatible-roots-v2
序幕,じょまく,music,auto,wnja:1.1-compatible-roots-v2
序曲,じょきょく,music,auto,wnja:1.1-compatible-roots-v2
底魚,そこうお,animal|nature,auto,wnja:1.1-compatible-roots-v2
店借,たながり,person_job,auto,wnja:1.1-compatible-roots-v2
店子,たなこ,person_job,auto,wnja:1.1-compatible-roots-v2
店番,みせばん,person_job,auto,wnja:1.1-compatible-roots-v2
座元,ざもと,person_job,auto,wnja:1.1-compatible-roots-v2
座具,ざぐ,daily_tools,auto,wnja:1.1-compatible-roots-v2
座長,ざちょう,person_job,auto,wnja:1.1-compatible-roots-v2
庭先,にわさき,place_building,auto,wnja:1.1-compatible-roots-v2
庭前,ていぜん,place_building,auto,wnja:1.1-compatible-roots-v2
庭漆,にわうるし,plant|nature,auto,wnja:1.1-compatible-roots-v2
庵主,あんしゅ,person_job,auto,wnja:1.1-compatible-roots-v2
庶子,しょし,person_job,auto,wnja:1.1-compatible-roots-v2
延髄,えんずい,body,auto,wnja:1.1-compatible-roots-v2
廷臣,ていしん,person_job,auto,wnja:1.1-compatible-roots-v2
建家,たてや,place_building,auto,wnja:1.1-compatible-roots-v2
弁士,べんし,person_job,auto,wnja:1.1-compatible-roots-v2
弓取,ゆみとり,person_job,auto,wnja:1.1-compatible-roots-v2
弓手,ゆんで,body,auto,wnja:1.1-compatible-roots-v2
引剥,ひはぎ,person_job,auto,wnja:1.1-compatible-roots-v2
引物,ひきもの,daily_tools,auto,wnja:1.1-compatible-roots-v2
引舟,ひきふね,vehicle,auto,wnja:1.1-compatible-roots-v2
弱輩,じゃくはい,person_job,auto,wnja:1.1-compatible-roots-v2
張番,はりばん,person_job,auto,wnja:1.1-compatible-roots-v2
役務,えきむ,person_job,auto,wnja:1.1-compatible-roots-v2
役夫,えきふ,person_job,auto,wnja:1.1-compatible-roots-v2
征野,せいや,place_building,auto,wnja:1.1-compatible-roots-v2
後家,ごけ,person_job,auto,wnja:1.1-compatible-roots-v2
後根,こうこん,body,auto,wnja:1.1-compatible-roots-v2
徒者,ただもの,person_job,auto,wnja:1.1-compatible-roots-v2
従卒,じゅうそつ,person_job,auto,wnja:1.1-compatible-roots-v2
従士,じゅうし,person_job,auto,wnja:1.1-compatible-roots-v2
従妹,じゅうまい,person_job,auto,wnja:1.1-compatible-roots-v2
従弟,じゅうてい,person_job,auto,wnja:1.1-compatible-roots-v2
御中,おんちゅう,body,auto,wnja:1.1-compatible-roots-v2
御堂,みどう,place_building,auto,wnja:1.1-compatible-roots-v2
御湿,おしめ,clothing,auto,wnja:1.1-compatible-roots-v2
御者,ぎょしゃ,person_job,auto,wnja:1.1-compatible-roots-v2
御門,みかど,person_job,auto,wnja:1.1-compatible-roots-v2
微雨,びう,nature,auto,wnja:1.1-compatible-roots-v2
心嚢,しんのう,body,auto,wnja:1.1-compatible-roots-v2
心耳,しんじ,body,auto,wnja:1.1-compatible-roots-v2
心膜,しんまく,body,auto,wnja:1.1-compatible-roots-v2
急所,きゅうしょ,body,auto,wnja:1.1-compatible-roots-v2
急雨,きゅうう,nature,auto,wnja:1.1-compatible-roots-v2
怯者,きょうしゃ,person_job,auto,wnja:1.1-compatible-roots-v2
恥骨,ちこつ,body,auto,wnja:1.1-compatible-roots-v2
息女,そくじょ,person_job,auto,wnja:1.1-compatible-roots-v2
息男,そくなん,person_job,auto,wnja:1.1-compatible-roots-v2
悪友,あくゆう,person_job,auto,wnja:1.1-compatible-roots-v2
悪天,あくてん,nature,auto,wnja:1.1-compatible-roots-v2
悪徒,あくと,person_job,auto,wnja:1.1-compatible-roots-v2
情婦,じょうふ,person_job,auto,wnja:1.1-compatible-roots-v2
愚人,ぐじん,person_job,auto,wnja:1.1-compatible-roots-v2
愚夫,ぐふ,person_job,auto,wnja:1.1-compatible-roots-v2
愚妻,ぐさい,person_job,auto,wnja:1.1-compatible-roots-v2
愚物,ぐぶつ,person_job,auto,wnja:1.1-compatible-roots-v2
愚者,ぐしゃ,person_job,auto,wnja:1.1-compatible-roots-v2
愛児,あいじ,person_job,auto,wnja:1.1-compatible-roots-v2
愛書,あいしょ,person_job,auto,wnja:1.1-compatible-roots-v2
感官,かんかん,body,auto,wnja:1.1-compatible-roots-v2
懸崖,けんがい,nature|place_building,auto,wnja:1.1-compatible-roots-v2
懸巣,かけす,animal|nature,auto,wnja:1.1-compatible-roots-v2
成獣,せいじゅう,animal|nature,auto,wnja:1.1-compatible-roots-v2
戒杖,かいじょう,daily_tools,auto,wnja:1.1-compatible-roots-v2
所従,しょじゅう,person_job,auto,wnja:1.1-compatible-roots-v2
手付,てつけ,person_job,auto,wnja:1.1-compatible-roots-v2
手鍋,てなべ,daily_tools,auto,wnja:1.1-compatible-roots-v2
打手,うちて,person_job,auto,wnja:1.1-compatible-roots-v2
抄出,しょうしゅつ,music,auto,wnja:1.1-compatible-roots-v2
折助,おりすけ,person_job,auto,wnja:1.1-compatible-roots-v2
抱主,かかえぬし,person_job,auto,wnja:1.1-compatible-roots-v2
拇指,ぼし,body,auto,wnja:1.1-compatible-roots-v2
拳骨,げんこつ,body,auto,wnja:1.1-compatible-roots-v2
振売,ふりうり,person_job,auto,wnja:1.1-compatible-roots-v2
挽歌,ばんか,music,auto,wnja:1.1-compatible-roots-v2
挿話,そうわ,music,auto,wnja:1.1-compatible-roots-v2
掛人,かかりゅうど,person_job,auto,wnja:1.1-compatible-roots-v2
提琴,ていきん,instrument|music,reviewed,wnja:04536866-n
揚屋,あげや,place_building,auto,wnja:1.1-compatible-roots-v2
援用,えんよう,music,auto,wnja:1.1-compatible-roots-v2
散兵,さんぺい,person_job,auto,wnja:1.1-compatible-roots-v2
敵兵,てきへい,person_job,auto,wnja:1.1-compatible-roots-v2
敵役,かたきやく,person_job,auto,wnja:1.1-compatible-roots-v2
文官,ぶんかん,person_job,auto,wnja:1.1-compatible-roots-v2
文民,ぶんみん,person_job,auto,wnja:1.1-compatible-roots-v2
斧鉞,ふえつ,daily_tools,auto,wnja:1.1-compatible-roots-v2
断章,だんしょう,music,auto,wnja:1.1-compatible-roots-v2
新兵,しんぺい,person_job,auto,wnja:1.1-compatible-roots-v2
新前,しんまえ,person_job,auto,wnja:1.1-compatible-roots-v2
方伯,ほうはく,person_job,auto,wnja:1.1-compatible-roots-v2
施主,せしゅ,person_job,auto,wnja:1.1-compatible-roots-v2
旅宿,りょしゅく,place_building,auto,wnja:1.1-compatible-roots-v2
旅寓,りょぐう,place_building,auto,wnja:1.1-compatible-roots-v2
旅烏,たびがらす,person_job,auto,wnja:1.1-compatible-roots-v2
旅籠,はたご,place_building,auto,wnja:1.1-compatible-roots-v2
旅舎,りょしゃ,place_building,auto,wnja:1.1-compatible-roots-v2
旅荘,りょそう,place_building,auto,wnja:1.1-compatible-roots-v2
族長,ぞくちょう,person_job,auto,wnja:1.1-compatible-roots-v2
旗頭,はたがしら,person_job,auto,wnja:1.1-compatible-roots-v2
日輪,にちりん,nature,auto,wnja:1.1-compatible-roots-v2
明星,みょうじょう,person_job,auto,wnja:1.1-compatible-roots-v2
昔人,むかしびと,person_job,auto,wnja:1.1-compatible-roots-v2
昔者,むかしもの,person_job,auto,wnja:1.1-compatible-roots-v2
星草,ほしぐさ,plant|nature,auto,wnja:1.1-compatible-roots-v2
星虫,ほしむし,animal|nature,auto,wnja:1.1-compatible-roots-v2
昼げ,ひるげ,food,auto,wnja:1.1-compatible-roots-v2
昼餐,ちゅうさん,food,auto,wnja:1.1-compatible-roots-v2
晩食,ばんしょく,food,auto,wnja:1.1-compatible-roots-v2
晩餐,ばんさん,food,auto,wnja:1.1-compatible-roots-v2
智者,ちしゃ,person_job,auto,wnja:1.1-compatible-roots-v2
暴君,ぼうくん,person_job,auto,wnja:1.1-compatible-roots-v2
曩祖,のうそ,person_job,auto,wnja:1.1-compatible-roots-v2
曲譜,きょくふ,music,auto,wnja:1.1-compatible-roots-v2
書家,しょか,person_job,auto,wnja:1.1-compatible-roots-v2
書抜,かきぬき,music,auto,wnja:1.1-compatible-roots-v2
書机,しょづくえ,daily_tools,auto,wnja:1.1-compatible-roots-v2
月暈,つきがさ,nature,auto,wnja:1.1-compatible-roots-v2
月輪,げつりん,nature,auto,wnja:1.1-compatible-roots-v2
有髪,うはつ,person_job,auto,wnja:1.1-compatible-roots-v2
朋友,ほうゆう,person_job,auto,wnja:1.1-compatible-roots-v2
朝げ,あさげ,food,auto,wnja:1.1-compatible-roots-v2
朝餐,ちょうさん,food,auto,wnja:1.1-compatible-roots-v2
木槿,むくげ,plant|nature,reviewed,wnja:12174311-n
木琴,もっきん,instrument|music,auto,wnja:1.1-compatible-roots-v2
木鐸,ぼくたく,person_job,auto,wnja:1.1-compatible-roots-v2
木鼠,きねずみ,animal|nature,auto,wnja:1.1-compatible-roots-v2
本元,ほんもと,person_job,auto,wnja:1.1-compatible-roots-v2
本命,ほんめい,person_job,auto,wnja:1.1-compatible-roots-v2
本国,ほんごく,country,auto,wnja:1.1-compatible-roots-v2
本職,ほんしょく,person_job,auto,wnja:1.1-compatible-roots-v2
杉菜,すぎな,plant|nature,reviewed,wnja:13219833-n
杏林,きょうりん,person_job,auto,wnja:1.1-compatible-roots-v2
条虫,じょうちゅう,animal,reviewed,wnja:01927456-n
松柏,しょうはく,plant|nature,auto,wnja:1.1-compatible-roots-v2
松虫,まつむし,animal|nature,auto,wnja:1.1-compatible-roots-v2
枝川,えだがわ,nature|place_building,auto,wnja:1.1-compatible-roots-v2
枝角,えだづの,body,auto,wnja:1.1-compatible-roots-v2
枯草,かれくさ,food,auto,wnja:1.1-compatible-roots-v2
枯骨,ここつ,person_job,auto,wnja:1.1-compatible-roots-v2
株屋,かぶや,person_job,auto,wnja:1.1-compatible-roots-v2
核果,かっか,fruit,auto,wnja:1.1-compatible-roots-v2
根管,こんかん,body,auto,wnja:1.1-compatible-roots-v2
桑門,そうもん,person_job,auto,wnja:1.1-compatible-roots-v2
桜肉,さくらにく,food,auto,wnja:1.1-compatible-roots-v2
桶屋,おけや,person_job,auto,wnja:1.1-compatible-roots-v2
棍棒,こんぼう,daily_tools,auto,wnja:1.1-compatible-roots-v2
棒組,ぼうぐみ,person_job,auto,wnja:1.1-compatible-roots-v2
棟割,むねわり,place_building,auto,wnja:1.1-compatible-roots-v2
椋鳥,むくどり,animal,reviewed,wnja:01576695-n
椎体,ついたい,body,auto,wnja:1.1-compatible-roots-v2
椎骨,ついこつ,body,auto,wnja:1.1-compatible-roots-v2
業主,ぎょうしゅ,person_job,auto,wnja:1.1-compatible-roots-v2
楽人,がくじん,person_job,auto,wnja:1.1-compatible-roots-v2
槌骨,つちこつ,body,auto,wnja:1.1-compatible-roots-v2
槽櫪,そうれき,place_building,auto,wnja:1.1-compatible-roots-v2
権妻,ごんさい,person_job,auto,wnja:1.1-compatible-roots-v2
権現,ごんげん,person_job,auto,wnja:1.1-compatible-roots-v2
樫鳥,かしどり,animal|nature,auto,wnja:1.1-compatible-roots-v2
橈骨,とうこつ,body,auto,wnja:1.1-compatible-roots-v2
檀林,だんりん,place_building,auto,wnja:1.1-compatible-roots-v2
欧露,おうろ,place_building,auto,wnja:1.1-compatible-roots-v2
歌姫,うたひめ,person_job,auto,wnja:1.1-compatible-roots-v2
歯元,はもと,body,auto,wnja:1.1-compatible-roots-v2
歯根,しこん,body,auto,wnja:1.1-compatible-roots-v2
歯肉,しにく,body,auto,wnja:1.1-compatible-roots-v2
歯髄,しずい,body,auto,wnja:1.1-compatible-roots-v2
歯齦,しぎん,body,auto,wnja:1.1-compatible-roots-v2
段丘,だんきゅう,nature|place_building,auto,wnja:1.1-compatible-roots-v2
殻竿,からざお,daily_tools,auto,wnja:1.1-compatible-roots-v2
殿筋,でんきん,body,auto,wnja:1.1-compatible-roots-v2
母様,かあさま,person_job,auto,wnja:1.1-compatible-roots-v2
毒牙,どくが,body,auto,wnja:1.1-compatible-roots-v2
毛包,もうほう,body,auto,wnja:1.1-compatible-roots-v2
毛唐,けとう,person_job,auto,wnja:1.1-compatible-roots-v2
毛帯,もうたい,body,auto,wnja:1.1-compatible-roots-v2
氏子,うじこ,person_job,auto,wnja:1.1-compatible-roots-v2
気団,きだん,nature,auto,wnja:1.1-compatible-roots-v2
気脈,きみゃく,body,auto,wnja:1.1-compatible-roots-v2
気門,きもん,body,auto,wnja:1.1-compatible-roots-v2
水疱,すいほう,body,auto,wnja:1.1-compatible-roots-v2
水禽,すいきん,animal|nature,auto,wnja:1.1-compatible-roots-v2
水簾,すいれん,nature|place_building,auto,wnja:1.1-compatible-roots-v2
水蝋,いぼた,plant|nature,auto,wnja:1.1-compatible-roots-v2
氷水,こおりみず,food,reviewed,wnja:07936459-n
汁液,じゅうえき,food,auto,wnja:1.1-compatible-roots-v2
法務,ほうむ,person_job,auto,wnja:1.1-compatible-roots-v2
法王,ほうおう,person_job,auto,wnja:1.1-compatible-roots-v2
泥田,どろた,place_building,auto,wnja:1.1-compatible-roots-v2
泰斗,たいと,person_job,auto,wnja:1.1-compatible-roots-v2
洋梨,ようなし,food|fruit,auto,wnja:1.1-compatible-roots-v2
洋琴,ようきん,instrument|music,auto,wnja:1.1-compatible-roots-v2
派川,はせん,nature|place_building,auto,wnja:1.1-compatible-roots-v2
流者,ながれもの,person_job,auto,wnja:1.1-compatible-roots-v2
浅鍋,あさなべ,daily_tools,auto,wnja:1.1-compatible-roots-v2
海兵,かいへい,person_job,auto,wnja:1.1-compatible-roots-v2
海原,うなばら,nature|place_building,auto,wnja:1.1-compatible-roots-v2
海浜,かいひん,nature|place_building,auto,wnja:1.1-compatible-roots-v2
海燕,うみつばめ,animal|nature,auto,wnja:1.1-compatible-roots-v2
海牛,うみうし,animal|nature,auto,wnja:1.1-compatible-roots-v2
海端,うみばた,nature|place_building,auto,wnja:1.1-compatible-roots-v2
海門,かいもん,nature|place_building,auto,wnja:1.1-compatible-roots-v2
海際,うみぎわ,nature|place_building,auto,wnja:1.1-compatible-roots-v2
海鞘,ほや,animal|nature,reviewed,wnja:01469103-n
液汁,えきじゅう,food,auto,wnja:1.1-compatible-roots-v2
淫婦,いんぷ,person_job,auto,wnja:1.1-compatible-roots-v2
渡し,わたし,vehicle,auto,wnja:1.1-compatible-roots-v2
渡者,わたりもの,person_job,auto,wnja:1.1-compatible-roots-v2
渡舟,としゅう,vehicle,auto,wnja:1.1-compatible-roots-v2
渡船,とせん,vehicle,auto,wnja:1.1-compatible-roots-v2
游泳,ゆうえい,sport,auto,wnja:1.1-compatible-roots-v2
湖水,こすい,nature|place_building,auto,wnja:1.1-compatible-roots-v2
湯釜,ゆがま,daily_tools,auto,wnja:1.1-compatible-roots-v2
準星,じゅんせい,nature,auto,wnja:1.1-compatible-roots-v2
溺水,できすい,plant|nature,auto,wnja:1.1-compatible-roots-v2
滑膜,かつまく,body,auto,wnja:1.1-compatible-roots-v2
滑面,かつめん,daily_tools,auto,wnja:1.1-compatible-roots-v2
漁夫,ぎょふ,person_job,auto,wnja:1.1-compatible-roots-v2
漁民,ぎょみん,person_job,auto,wnja:1.1-compatible-roots-v2
漁舟,ぎょしゅう,vehicle,auto,wnja:1.1-compatible-roots-v2
漿膜,しょうまく,body,auto,wnja:1.1-compatible-roots-v2
潅木,かんぼく,plant|nature,auto,wnja:1.1-compatible-roots-v2
潟湖,せきこ,nature|place_building,auto,wnja:1.1-compatible-roots-v2
潮路,しおじ,nature|place_building,auto,wnja:1.1-compatible-roots-v2
瀑布,ばくふ,nature|place_building,auto,wnja:1.1-compatible-roots-v2
瀬戸,せと,nature|place_building,auto,wnja:1.1-compatible-roots-v2
火車,かしゃ,plant|nature,auto,wnja:1.1-compatible-roots-v2
烈士,れっし,person_job,auto,wnja:1.1-compatible-roots-v2
烏滸,おこ,person_job,auto,wnja:1.1-compatible-roots-v2
無届,むとどけ,person_job,auto,wnja:1.1-compatible-roots-v2
煙雨,えんう,nature,auto,wnja:1.1-compatible-roots-v2
爬虫,はちゅう,animal|nature,auto,wnja:1.1-compatible-roots-v2
父君,ふくん,person_job,auto,wnja:1.1-compatible-roots-v2
父様,とうさま,person_job,auto,wnja:1.1-compatible-roots-v2
父祖,ふそ,person_job,auto,wnja:1.1-compatible-roots-v2
片棒,かたぼう,person_job,auto,wnja:1.1-compatible-roots-v2
片雲,へんうん,nature,auto,wnja:1.1-compatible-roots-v2
牛刀,ぎゅうとう,daily_tools,auto,wnja:1.1-compatible-roots-v2
牛舌,ぎゅうたん,food,auto,wnja:1.1-compatible-roots-v2
牛舎,ぎゅうしゃ,place_building,auto,wnja:1.1-compatible-roots-v2
牛酪,ぎゅうらく,food,auto,wnja:1.1-compatible-roots-v2
牝牛,めうし,animal|nature,auto,wnja:1.1-compatible-roots-v2
牝犬,めすいぬ,animal|nature,auto,wnja:1.1-compatible-roots-v2
牝鶏,ひんけい,animal|nature,reviewed,wnja:01792640-n
牡牛,おうし,animal|nature,reviewed,wnja:02403454-n
牡羊,おひつじ,animal|nature,reviewed,wnja:02412080-n
牢番,ろうばん,person_job,auto,wnja:1.1-compatible-roots-v2
牧童,ぼくどう,person_job,auto,wnja:1.1-compatible-roots-v2
犬儒,けんじゅ,person_job,auto,wnja:1.1-compatible-roots-v2
犬橇,いぬぞり,vehicle,reviewed,wnja:03218198-n
狂人,きょうじん,person_job,auto,wnja:1.1-compatible-roots-v2
狂女,きょうじょ,person_job,auto,wnja:1.1-compatible-roots-v2
狐猿,きつねざる,animal|nature,auto,wnja:1.1-compatible-roots-v2
狩人,かりゅうど,person_job,auto,wnja:1.1-compatible-roots-v2
狭衣,さごろも,clothing,auto,wnja:1.1-compatible-roots-v2
狸藻,たぬきも,plant|nature,auto,wnja:1.1-compatible-roots-v2
猛禽,もうきん,animal|nature,auto,wnja:1.1-compatible-roots-v2
猟人,りょうじん,person_job,auto,wnja:1.1-compatible-roots-v2
猪牙,ちょき,vehicle,auto,wnja:1.1-compatible-roots-v2
猪首,いくび,body,auto,wnja:1.1-compatible-roots-v2
猫柳,ねこやなぎ,plant|nature,auto,wnja:1.1-compatible-roots-v2
猫蚤,ねこのみ,animal|nature,auto,wnja:1.1-compatible-roots-v2
猿梨,さるなし,plant|nature,auto,wnja:1.1-compatible-roots-v2
猿股,さるまた,clothing,auto,wnja:1.1-compatible-roots-v2
獄囚,ごくしゅう,person_job,auto,wnja:1.1-compatible-roots-v2
獣畜,じゅうちく,animal|nature,auto,wnja:1.1-compatible-roots-v2
獣肉,じゅうにく,food,auto,wnja:1.1-compatible-roots-v2
玄翁,げんのう,daily_tools,auto,wnja:1.1-compatible-roots-v2
玉兎,ぎょくと,nature,auto,wnja:1.1-compatible-roots-v2
玉座,ぎょくざ,daily_tools,auto,wnja:1.1-compatible-roots-v2
玉案,ぎょくあん,daily_tools,auto,wnja:1.1-compatible-roots-v2
玉菜,たまな,food|vegetable,reviewed,wnja:07713895-n
珍獣,ちんじゅう,animal|nature,auto,wnja:1.1-compatible-roots-v2
珪藻,けいそう,plant|nature,auto,wnja:1.1-compatible-roots-v2
瓢虫,てんとうむし,animal|nature,auto,wnja:1.1-compatible-roots-v2
甚六,じんろく,person_job,auto,wnja:1.1-compatible-roots-v2
生娘,きむすめ,person_job,auto,wnja:1.1-compatible-roots-v2
生木,なまき,plant|nature,auto,wnja:1.1-compatible-roots-v2
生爪,なまづめ,body,auto,wnja:1.1-compatible-roots-v2
生肉,せいにく,food,auto,wnja:1.1-compatible-roots-v2
産婆,さんば,person_job,auto,wnja:1.1-compatible-roots-v2
田夫,でんぷ,person_job,auto,wnja:1.1-compatible-roots-v2
田鼠,たねずみ,animal|nature,auto,wnja:1.1-compatible-roots-v2
男衆,おとこしゅう,person_job,auto,wnja:1.1-compatible-roots-v2
男親,おとこおや,person_job,auto,wnja:1.1-compatible-roots-v2
男鰥,おとこやもめ,person_job,auto,wnja:1.1-compatible-roots-v2
町着,まちぎ,clothing,auto,wnja:1.1-compatible-roots-v2
画人,がじん,person_job,auto,wnja:1.1-compatible-roots-v2
画工,がこう,person_job,auto,wnja:1.1-compatible-roots-v2
畜生,ちくしょう,person_job,auto,wnja:1.1-compatible-roots-v2
畜類,ちくるい,animal|nature,auto,wnja:1.1-compatible-roots-v2
番人,ばんにん,person_job,auto,wnja:1.1-compatible-roots-v2
番卒,ばんそつ,person_job,auto,wnja:1.1-compatible-roots-v2
番外,ばんがい,person_job,auto,wnja:1.1-compatible-roots-v2
番太,ばんた,person_job,auto,wnja:1.1-compatible-roots-v2
痴女,ちじょ,person_job,auto,wnja:1.1-compatible-roots-v2
痴愚,ちぐ,person_job,auto,wnja:1.1-compatible-roots-v2
瘻孔,ろうこう,body,auto,wnja:1.1-compatible-roots-v2
白人,はくじん,person_job,auto,wnja:1.1-compatible-roots-v2
白墨,はくぼく,daily_tools,auto,wnja:1.1-compatible-roots-v2
白樺,しらかば,plant|nature,auto,wnja:1.1-compatible-roots-v2
白糖,はくとう,food,auto,wnja:1.1-compatible-roots-v2
白蜜,しろみつ,food,auto,wnja:1.1-compatible-roots-v2
白蟻,しろあり,animal|nature,reviewed,wnja:02223266-n
白質,はくしつ,body,auto,wnja:1.1-compatible-roots-v2
白雨,はくう,nature,auto,wnja:1.1-compatible-roots-v2
的屋,てきや,person_job,auto,wnja:1.1-compatible-roots-v2
皮膜,ひまく,body,auto,wnja:1.1-compatible-roots-v2
皮質,ひしつ,body,auto,wnja:1.1-compatible-roots-v2
目木,めぎ,plant|nature,auto,wnja:1.1-compatible-roots-v2
目縁,まぶち,body,auto,wnja:1.1-compatible-roots-v2
目高,めだか,animal|nature,auto,wnja:1.1-compatible-roots-v2
目黒,めぐろ,animal|nature,auto,wnja:1.1-compatible-roots-v2
盲腸,もうちょう,body,auto,wnja:1.1-compatible-roots-v2
直筋,ちょくきん,body,auto,wnja:1.1-compatible-roots-v2
直腸,ちょくちょう,body,auto,wnja:1.1-compatible-roots-v2
相棒,あいぼう,person_job,auto,wnja:1.1-compatible-roots-v2
真菰,まこも,food,auto,wnja:1.1-compatible-roots-v2
真薯,しんじょ,food,auto,wnja:1.1-compatible-roots-v2
眼杯,がんぱい,body,auto,wnja:1.1-compatible-roots-v2
眼瞼,がんけん,body,auto,wnja:1.1-compatible-roots-v2
眼窩,がんか,body,auto,wnja:1.1-compatible-roots-v2
着衣,ちゃくい,clothing,auto,wnja:1.1-compatible-roots-v2
着類,きるい,clothing,auto,wnja:1.1-compatible-roots-v2
矢場,やば,place_building,auto,wnja:1.1-compatible-roots-v2
知友,ちゆう,person_job,auto,wnja:1.1-compatible-roots-v2
知音,ちいん,person_job,auto,wnja:1.1-compatible-roots-v2
矮躯,わいく,person_job,auto,wnja:1.1-compatible-roots-v2
石筆,せきひつ,daily_tools,auto,wnja:1.1-compatible-roots-v2
石芋,いしいも,plant|nature,auto,wnja:1.1-compatible-roots-v2
砂州,さす,nature|place_building,auto,wnja:1.1-compatible-roots-v2
砂蚤,すなのみ,animal|nature,auto,wnja:1.1-compatible-roots-v2
研学,けんがく,music,auto,wnja:1.1-compatible-roots-v2
砲手,ほうしゅ,person_job,auto,wnja:1.1-compatible-roots-v2
硬膜,こうまく,body,auto,wnja:1.1-compatible-roots-v2
磨石,すりいし,daily_tools,auto,wnja:1.1-compatible-roots-v2
社主,しゃしゅ,person_job,auto,wnja:1.1-compatible-roots-v2
社友,しゃゆう,person_job,auto,wnja:1.1-compatible-roots-v2
禅尼,ぜんに,person_job,auto,wnja:1.1-compatible-roots-v2
禽舎,きんしゃ,place_building,auto,wnja:1.1-compatible-roots-v2
禾穀,かこく,food|plant,auto,wnja:1.1-compatible-roots-v2
禿鷲,はげわし,animal|nature,auto,wnja:1.1-compatible-roots-v2
禿鷹,はげたか,animal|nature,auto,wnja:1.1-compatible-roots-v2
秋味,あきあじ,animal|nature,auto,wnja:1.1-compatible-roots-v2
秦皮,とねりこ,plant|nature,auto,wnja:1.1-compatible-roots-v2
種牛,たねうし,animal|nature,auto,wnja:1.1-compatible-roots-v2
種馬,たねうま,animal|nature,auto,wnja:1.1-compatible-roots-v2
稲船,いなぶね,vehicle,auto,wnja:1.1-compatible-roots-v2
穀粉,こくふん,food,auto,wnja:1.1-compatible-roots-v2
穴兎,あなうさぎ,animal|nature,auto,wnja:1.1-compatible-roots-v2
空佐,くうさ,person_job,auto,wnja:1.1-compatible-roots-v2
空合,そらあい,nature,auto,wnja:1.1-compatible-roots-v2
空舟,からぶね,vehicle,auto,wnja:1.1-compatible-roots-v2
空蝉,うつせみ,animal|nature,auto,wnja:1.1-compatible-roots-v2
立番,たちばん,person_job,auto,wnja:1.1-compatible-roots-v2
立葵,たちあおい,plant|nature,reviewed,wnja:12173664-n
竜眼,りゅうがん,plant|nature,auto,wnja:1.1-compatible-roots-v2
竜胆,りんどう,plant|nature,auto,wnja:1.1-compatible-roots-v2
童女,どうじょ,person_job,auto,wnja:1.1-compatible-roots-v2
竪琴,たてごと,instrument|music,reviewed,wnja:03495258-n
端女,はしため,person_job,auto,wnja:1.1-compatible-roots-v2
端山,はやま,nature|place_building,auto,wnja:1.1-compatible-roots-v2
笛竹,ふえたけ,music,auto,wnja:1.1-compatible-roots-v2
筋膜,きんまく,body,auto,wnja:1.1-compatible-roots-v2
箒虫,ほうきむし,animal|nature,auto,wnja:1.1-compatible-roots-v2
箔打,はくうち,person_job,auto,wnja:1.1-compatible-roots-v2
粗飯,そはん,food,auto,wnja:1.1-compatible-roots-v2
粗餐,そさん,food,auto,wnja:1.1-compatible-roots-v2
粮米,ろうまい,food,auto,wnja:1.1-compatible-roots-v2
精舎,しょうじゃ,place_building,auto,wnja:1.1-compatible-roots-v2
糞虫,くそむし,animal|nature,auto,wnja:1.1-compatible-roots-v2
糠雨,ぬかあめ,nature,auto,wnja:1.1-compatible-roots-v2
糧米,りょうまい,food,auto,wnja:1.1-compatible-roots-v2
糧食,りょうしょく,food,auto,wnja:1.1-compatible-roots-v2
糸繰,いとくり,plant|nature,auto,wnja:1.1-compatible-roots-v2
紅毛,こうもう,person_job,auto,wnja:1.1-compatible-roots-v2
紅花,べにばな,plant|nature,auto,wnja:1.1-compatible-roots-v2
級友,きゅうゆう,person_job,auto,wnja:1.1-compatible-roots-v2
素破,すっぱ,person_job,auto,wnja:1.1-compatible-roots-v2
素首,そくび,body,auto,wnja:1.1-compatible-roots-v2
紡績,ぼうせき,person_job,auto,wnja:1.1-compatible-roots-v2
細君,さいくん,person_job,auto,wnja:1.1-compatible-roots-v2
細流,さいりゅう,nature|place_building,auto,wnja:1.1-compatible-roots-v2
細蟹,ささがに,animal|nature,auto,wnja:1.1-compatible-roots-v2
細雨,さいう,nature,auto,wnja:1.1-compatible-roots-v2
組員,くみいん,person_job,auto,wnja:1.1-compatible-roots-v2
組長,くみちょう,person_job,auto,wnja:1.1-compatible-roots-v2
経机,きょうづくえ,daily_tools,auto,wnja:1.1-compatible-roots-v2
結句,けっく,music,auto,wnja:1.1-compatible-roots-v2
結節,けっせつ,body,auto,wnja:1.1-compatible-roots-v2
結腸,けっちょう,body,auto,wnja:1.1-compatible-roots-v2
結膜,けつまく,body,auto,wnja:1.1-compatible-roots-v2
絵筆,えふで,daily_tools,auto,wnja:1.1-compatible-roots-v2
絶崖,ぜつがい,nature|place_building,auto,wnja:1.1-compatible-roots-v2
絹莢,きぬさや,food|plant|vegetable,auto,wnja:1.1-compatible-roots-v2
継親,ままおや,person_job,auto,wnja:1.1-compatible-roots-v2
網膜,もうまく,body,auto,wnja:1.1-compatible-roots-v2
綿実,めんじつ,fruit,auto,wnja:1.1-compatible-roots-v2
綿羊,めんよう,animal|nature,reviewed,wnja:02411705-n
総代,そうだい,person_job,auto,wnja:1.1-compatible-roots-v2
総帥,そうすい,person_job,auto,wnja:1.1-compatible-roots-v2
線毛,せんもう,body,auto,wnja:1.1-compatible-roots-v2
線虫,せんちゅう,animal|nature,auto,wnja:1.1-compatible-roots-v2
緞帳,どんちょう,daily_tools,auto,wnja:1.1-compatible-roots-v2
縄付,なわつき,person_job,auto,wnja:1.1-compatible-roots-v2
縦隔,じゅうかく,body,auto,wnja:1.1-compatible-roots-v2
羊膜,ようまく,body,auto,wnja:1.1-compatible-roots-v2
群峰,ぐんぽう,nature|place_building,auto,wnja:1.1-compatible-roots-v2
羽虱,はじらみ,animal|nature,auto,wnja:1.1-compatible-roots-v2
翁人,おきなびと,person_job,auto,wnja:1.1-compatible-roots-v2
習作,しゅうさく,music,auto,wnja:1.1-compatible-roots-v2
老体,ろうたい,person_job,auto,wnja:1.1-compatible-roots-v2
老兵,ろうへい,person_job,auto,wnja:1.1-compatible-roots-v2
老夫,ろうふ,person_job,auto,wnja:1.1-compatible-roots-v2
老媼,ろうおう,person_job,auto,wnja:1.1-compatible-roots-v2
老嬢,ろうじょう,person_job,auto,wnja:1.1-compatible-roots-v2
老師,ろうし,person_job,auto,wnja:1.1-compatible-roots-v2
老手,ろうしゅ,person_job,auto,wnja:1.1-compatible-roots-v2
老骨,ろうこつ,person_job,auto,wnja:1.1-compatible-roots-v2
耆宿,きしゅく,person_job,auto,wnja:1.1-compatible-roots-v2
聖哲,せいてつ,person_job,auto,wnja:1.1-compatible-roots-v2
職長,しょくちょう,person_job,auto,wnja:1.1-compatible-roots-v2
肉牛,にくぎゅう,animal|nature,reviewed,wnja:02404186-n
肉類,にくるい,food,auto,wnja:1.1-compatible-roots-v2
肋膜,ろくまく,body,auto,wnja:1.1-compatible-roots-v2
肋間,ろっかん,body,auto,wnja:1.1-compatible-roots-v2
肌付,はだつけ,clothing,auto,wnja:1.1-compatible-roots-v2
肛門,こうもん,body,auto,wnja:1.1-compatible-roots-v2
股肉,ももにく,food,auto,wnja:1.1-compatible-roots-v2
肩先,かたさき,body,auto,wnja:1.1-compatible-roots-v2
肩口,かたぐち,body,auto,wnja:1.1-compatible-roots-v2
肩肉,かたにく,food,auto,wnja:1.1-compatible-roots-v2
肩骨,けんこつ,body,auto,wnja:1.1-compatible-roots-v2
肺臓,はいぞう,body,auto,wnja:1.1-compatible-roots-v2
肺葉,はいよう,body,auto,wnja:1.1-compatible-roots-v2
肺魚,はいぎょ,animal|nature,auto,wnja:1.1-compatible-roots-v2
背子,せこ,person_job,auto,wnja:1.1-compatible-roots-v2
胎盤,たいばん,body,auto,wnja:1.1-compatible-roots-v2
胚盤,はいばん,body,auto,wnja:1.1-compatible-roots-v2
胞胚,ほうはい,animal|nature,auto,wnja:1.1-compatible-roots-v2
胞衣,えな,body,auto,wnja:1.1-compatible-roots-v2
胴締,どうじめ,clothing,auto,wnja:1.1-compatible-roots-v2
胴部,どうぶ,body,auto,wnja:1.1-compatible-roots-v2
胸倉,むなぐら,body,auto,wnja:1.1-compatible-roots-v2
胸先,むなさき,body,auto,wnja:1.1-compatible-roots-v2
胸板,むないた,body,auto,wnja:1.1-compatible-roots-v2
胸椎,きょうつい,body,auto,wnja:1.1-compatible-roots-v2
胸筋,きょうきん,body,auto,wnja:1.1-compatible-roots-v2
胸膜,きょうまく,body,auto,wnja:1.1-compatible-roots-v2
脈管,みゃっかん,body,auto,wnja:1.1-compatible-roots-v2
脊柱,せきちゅう,body,auto,wnja:1.1-compatible-roots-v2
脊索,せきさく,body,auto,wnja:1.1-compatible-roots-v2
脚夫,きゃくふ,person_job,auto,wnja:1.1-compatible-roots-v2
脛肉,すねにく,food,auto,wnja:1.1-compatible-roots-v2
脛骨,けいこつ,body,auto,wnja:1.1-compatible-roots-v2
脳室,のうしつ,body,auto,wnja:1.1-compatible-roots-v2
脳幹,のうかん,body,auto,wnja:1.1-compatible-roots-v2
脳梁,のうりょう,body,auto,wnja:1.1-compatible-roots-v2
脳髄,のうずい,body,auto,wnja:1.1-compatible-roots-v2
腎盂,じんう,body,auto,wnja:1.1-compatible-roots-v2
腓腹,ひふく,music,auto,wnja:1.1-compatible-roots-v2
腓骨,ひこつ,body,auto,wnja:1.1-compatible-roots-v2
腕首,うでくび,body,auto,wnja:1.1-compatible-roots-v2
腰巻,こしまき,clothing,auto,wnja:1.1-compatible-roots-v2
腰布,こしぬの,clothing,auto,wnja:1.1-compatible-roots-v2
腰椎,ようつい,body,auto,wnja:1.1-compatible-roots-v2
腰肉,こしにく,food,auto,wnja:1.1-compatible-roots-v2
腰部,ようぶ,body,auto,wnja:1.1-compatible-roots-v2
腱膜,けんまく,body,auto,wnja:1.1-compatible-roots-v2
腸詰,ちょうづめ,food,reviewed,wnja:07675627-n
腹膜,ふくまく,body,auto,wnja:1.1-compatible-roots-v2
膝車,ひざぐるま,body,auto,wnja:1.1-compatible-roots-v2
膵管,すいかん,body,auto,wnja:1.1-compatible-roots-v2
臓物,ぞうもつ,food,auto,wnja:1.1-compatible-roots-v2
臣民,しんみん,person_job,auto,wnja:1.1-compatible-roots-v2
舌人,ぜつじん,person_job,auto,wnja:1.1-compatible-roots-v2
舌骨,ぜっこつ,body,auto,wnja:1.1-compatible-roots-v2
舎利,しゃり,food,auto,wnja:1.1-compatible-roots-v2
舎宅,しゃたく,place_building,auto,wnja:1.1-compatible-roots-v2
舎監,しゃかん,person_job,auto,wnja:1.1-compatible-roots-v2
舞姫,まいひめ,person_job,auto,wnja:1.1-compatible-roots-v2
舟人,ふなびと,person_job,auto,wnja:1.1-compatible-roots-v2
舟歌,ふなうた,music,auto,wnja:1.1-compatible-roots-v2
船君,ふなぎみ,person_job,auto,wnja:1.1-compatible-roots-v2
船外,せんがい,vehicle,auto,wnja:1.1-compatible-roots-v2
船客,せんきゃく,person_job,auto,wnja:1.1-compatible-roots-v2
船方,ふなかた,person_job,auto,wnja:1.1-compatible-roots-v2
船舶,せんぱく,vehicle,auto,wnja:1.1-compatible-roots-v2
船虫,ふなむし,animal|nature,auto,wnja:1.1-compatible-roots-v2
艇長,ていちょう,person_job,auto,wnja:1.1-compatible-roots-v2
艨艟,もうどう,vehicle,auto,wnja:1.1-compatible-roots-v2
色女,いろおんな,person_job,auto,wnja:1.1-compatible-roots-v2
色子,いろこ,person_job,auto,wnja:1.1-compatible-roots-v2
芝桜,しばざくら,plant|nature,auto,wnja:1.1-compatible-roots-v2
花楓,はなかえで,plant|nature,auto,wnja:1.1-compatible-roots-v2
花葵,はなあおい,plant|nature,auto,wnja:1.1-compatible-roots-v2
芸子,げいこ,person_job,auto,wnja:1.1-compatible-roots-v2
苔桃,こけもも,food|fruit,reviewed,wnja:07744057-n
苔虫,こけむし,animal|nature,auto,wnja:1.1-compatible-roots-v2
苗裔,びょうえい,person_job,auto,wnja:1.1-compatible-roots-v2
若鳥,わかどり,food,auto,wnja:1.1-compatible-roots-v2
苧環,おだまき,plant|nature,auto,wnja:1.1-compatible-roots-v2
茘枝,れいし,plant|nature,reviewed,wnja:12744387-n
茴香,ういきょう,food|plant,auto,wnja:1.1-compatible-roots-v2
茶壺,ちゃつぼ,daily_tools,auto,wnja:1.1-compatible-roots-v2
茶店,ちゃみせ,place_building,auto,wnja:1.1-compatible-roots-v2
茶瓶,ちゃびん,daily_tools,auto,wnja:1.1-compatible-roots-v2
茶釜,ちゃがま,daily_tools,auto,wnja:1.1-compatible-roots-v2
草片,くさびら,food|vegetable,auto,wnja:1.1-compatible-roots-v2
荒鷲,あらわし,vehicle,auto,wnja:1.1-compatible-roots-v2
荷船,にぶね,vehicle,auto,wnja:1.1-compatible-roots-v2
荷馬,にうま,animal|nature,auto,wnja:1.1-compatible-roots-v2
莢豆,さやまめ,plant|nature,auto,wnja:1.1-compatible-roots-v2
萱鼠,かやねずみ,animal|nature,auto,wnja:1.1-compatible-roots-v2
落雁,らくがん,food,auto,wnja:1.1-compatible-roots-v2
葉末,はずえ,person_job,auto,wnja:1.1-compatible-roots-v2
葉蜂,はばち,animal|nature,auto,wnja:1.1-compatible-roots-v2
蓮葉,はすば,person_job,auto,wnja:1.1-compatible-roots-v2
蔓草,つるくさ,plant|nature,auto,wnja:1.1-compatible-roots-v2
蔦葛,つたかずら,plant|nature,auto,wnja:1.1-compatible-roots-v2
蔬菜,そさい,food|vegetable,auto,wnja:1.1-compatible-roots-v2
蕃人,ばんじん,person_job,auto,wnja:1.1-compatible-roots-v2
薄鈍,うすにび,person_job,auto,wnja:1.1-compatible-roots-v2
薬籠,やくろう,daily_tools,auto,wnja:1.1-compatible-roots-v2
藤袴,ふじばかま,plant|nature,auto,wnja:1.1-compatible-roots-v2
藤豆,ふじまめ,plant|nature,auto,wnja:1.1-compatible-roots-v2
虎猫,とらねこ,animal|nature,auto,wnja:1.1-compatible-roots-v2
虚け,うつけ,person_job,auto,wnja:1.1-compatible-roots-v2
虫垂,ちゅうすい,body,auto,wnja:1.1-compatible-roots-v2
虫螻,むしけら,animal|nature,auto,wnja:1.1-compatible-roots-v2
蚕蛾,かいこが,animal|nature,reviewed,wnja:02302459-n
蛆虫,うじむし,animal|nature,auto,wnja:1.1-compatible-roots-v2
蛇蝎,だかつ,animal|nature,auto,wnja:1.1-compatible-roots-v2
蛾眉,がび,person_job,auto,wnja:1.1-compatible-roots-v2
蜀黍,もろこし,food|plant,auto,wnja:1.1-compatible-roots-v2
螽斯,きりぎりす,animal|nature,auto,wnja:1.1-compatible-roots-v2
蟯虫,ぎょうちゅう,animal,reviewed,wnja:01931520-n
蟻塚,ありづか,nature|place_building,auto,wnja:1.1-compatible-roots-v2
蟻蜂,ありばち,animal|nature,auto,wnja:1.1-compatible-roots-v2
蟻食,ありくい,animal|nature,auto,wnja:1.1-compatible-roots-v2
蠕虫,ぜんちゅう,animal|nature,auto,wnja:1.1-compatible-roots-v2
血豆,ちまめ,body,auto,wnja:1.1-compatible-roots-v2
血道,ちみち,body,auto,wnja:1.1-compatible-roots-v2
衣紋,えもん,clothing,auto,wnja:1.1-compatible-roots-v2
衣蛾,いが,animal|nature,auto,wnja:1.1-compatible-roots-v2
表着,おもてぎ,clothing,auto,wnja:1.1-compatible-roots-v2
袋鼠,ふくろねずみ,animal|nature,auto,wnja:1.1-compatible-roots-v2
裏庭,うらにわ,place_building,auto,wnja:1.1-compatible-roots-v2
補弼,ほひつ,person_job,auto,wnja:1.1-compatible-roots-v2
複座,ふくざ,vehicle,auto,wnja:1.1-compatible-roots-v2
複眼,ふくがん,body,auto,wnja:1.1-compatible-roots-v2
褻稲,けしね,food,auto,wnja:1.1-compatible-roots-v2
覇王,はおう,person_job,auto,wnja:1.1-compatible-roots-v2
親方,おやかた,person_job,auto,wnja:1.1-compatible-roots-v2
角技,かくぎ,sport,auto,wnja:1.1-compatible-roots-v2
角膜,かくまく,body,auto,wnja:1.1-compatible-roots-v2
角貝,つのがい,animal|nature,auto,wnja:1.1-compatible-roots-v2
触手,しょくしゅ,body,auto,wnja:1.1-compatible-roots-v2
訓導,くんどう,person_job,auto,wnja:1.1-compatible-roots-v2
訪客,ほうきゃく,person_job,auto,wnja:1.1-compatible-roots-v2
訴人,そにん,person_job,auto,wnja:1.1-compatible-roots-v2
評者,ひょうしゃ,person_job,auto,wnja:1.1-compatible-roots-v2
話者,わしゃ,person_job,auto,wnja:1.1-compatible-roots-v2
語部,かたりべ,person_job,auto,wnja:1.1-compatible-roots-v2
語録,ごろく,music,auto,wnja:1.1-compatible-roots-v2
讒臣,ざんしん,person_job,auto,wnja:1.1-compatible-roots-v2
豆科,まめか,plant|nature,auto,wnja:1.1-compatible-roots-v2
豆粕,まめかす,food,auto,wnja:1.1-compatible-roots-v2
貝母,ばいも,nature,auto,wnja:1.1-compatible-roots-v2
負方,おいかた,person_job,auto,wnja:1.1-compatible-roots-v2
貧者,ひんじゃ,person_job,auto,wnja:1.1-compatible-roots-v2
賄方,まかないかた,person_job,auto,wnja:1.1-compatible-roots-v2
賊子,ぞくし,person_job,auto,wnja:1.1-compatible-roots-v2
賊徒,ぞくと,person_job,auto,wnja:1.1-compatible-roots-v2
賊臣,ぞくしん,person_job,auto,wnja:1.1-compatible-roots-v2
賢人,けんじん,person_job,auto,wnja:1.1-compatible-roots-v2
賢哲,けんてつ,person_job,auto,wnja:1.1-compatible-roots-v2
賭場,とば,place_building,auto,wnja:1.1-compatible-roots-v2
贅肉,ぜいにく,body,auto,wnja:1.1-compatible-roots-v2
赤帽,あかぼう,person_job,auto,wnja:1.1-compatible-roots-v2
赤狼,あかおおかみ,animal|nature,auto,wnja:1.1-compatible-roots-v2
赤目,あかめ,animal|nature,auto,wnja:1.1-compatible-roots-v2
赤肉,あかにく,food,auto,wnja:1.1-compatible-roots-v2
赤虫,あかむし,animal|nature,reviewed,wnja:01937579-n
赤貝,あかがい,body,auto,wnja:1.1-compatible-roots-v2
超人,ちょうじん,person_job,auto,wnja:1.1-compatible-roots-v2
足背,そくはい,body,auto,wnja:1.1-compatible-roots-v2
足蹠,そくせき,person_job,auto,wnja:1.1-compatible-roots-v2
足軽,あしがる,person_job,auto,wnja:1.1-compatible-roots-v2
足部,そくぶ,body,auto,wnja:1.1-compatible-roots-v2
踵骨,しょうこつ,body,auto,wnja:1.1-compatible-roots-v2
蹴球,しゅうきゅう,sport,reviewed,wnja:00468480-n|wnja:00478262-n
身頃,みごろ,clothing,auto,wnja:1.1-compatible-roots-v2
車力,しゃりき,vehicle,auto,wnja:1.1-compatible-roots-v2
車引,くるまひき,person_job,auto,wnja:1.1-compatible-roots-v2
車糖,くるまとう,food,auto,wnja:1.1-compatible-roots-v2
車馬,しゃば,vehicle,auto,wnja:1.1-compatible-roots-v2
車駕,しゃが,vehicle,auto,wnja:1.1-compatible-roots-v2
軍医,ぐんい,person_job,auto,wnja:1.1-compatible-roots-v2
軍士,ぐんし,person_job,auto,wnja:1.1-compatible-roots-v2
軍夫,ぐんぷ,person_job,auto,wnja:1.1-compatible-roots-v2
軍曹,ぐんそう,person_job,auto,wnja:1.1-compatible-roots-v2
軍船,ぐんせん,vehicle,auto,wnja:1.1-compatible-roots-v2
軟膜,なんまく,body,auto,wnja:1.1-compatible-roots-v2
軟風,なんぷう,nature,auto,wnja:1.1-compatible-roots-v2
軽子,かるこ,person_job,auto,wnja:1.1-compatible-roots-v2
軽風,けいふう,nature,auto,wnja:1.1-compatible-roots-v2
輪唱,りんしょう,music,auto,wnja:1.1-compatible-roots-v2
辻風,つじかぜ,nature,auto,wnja:1.1-compatible-roots-v2
逆子,さかご,person_job,auto,wnja:1.1-compatible-roots-v2
逆徒,ぎゃくと,person_job,auto,wnja:1.1-compatible-roots-v2
逆旅,げきりょ,place_building,auto,wnja:1.1-compatible-roots-v2
逆賊,ぎゃくぞく,person_job,auto,wnja:1.1-compatible-roots-v2
通人,つうじん,person_job,auto,wnja:1.1-compatible-roots-v2
通弁,つうべん,person_job,auto,wnja:1.1-compatible-roots-v2
通船,つうせん,vehicle,auto,wnja:1.1-compatible-roots-v2
連山,れんざん,nature|place_building,auto,wnja:1.1-compatible-roots-v2
逸材,いつざい,person_job,auto,wnja:1.1-compatible-roots-v2
遊君,ゆうくん,person_job,auto,wnja:1.1-compatible-roots-v2
遊客,ゆうかく,person_job,auto,wnja:1.1-compatible-roots-v2
遊撃,ゆうげき,person_job,auto,wnja:1.1-compatible-roots-v2
遊猟,ゆうりょう,sport,auto,wnja:1.1-compatible-roots-v2
遣手,やりて,person_job,auto,wnja:1.1-compatible-roots-v2
選者,せんじゃ,person_job,auto,wnja:1.1-compatible-roots-v2
邦人,ほうじん,person_job,auto,wnja:1.1-compatible-roots-v2
都電,とでん,vehicle,auto,wnja:1.1-compatible-roots-v2
酋長,しゅうちょう,person_job,auto,wnja:1.1-compatible-roots-v2
酸塊,すぐり,food|fruit,auto,wnja:1.1-compatible-roots-v2
酸桃,すもも,food|fruit,auto,wnja:1.1-compatible-roots-v2
酸模,すいば,plant|nature,auto,wnja:1.1-compatible-roots-v2
酸漿,ほおずき,plant|nature,reviewed,wnja:12896862-n|wnja:12910875-n
釈家,しゃっけ,person_job,auto,wnja:1.1-compatible-roots-v2
釈氏,しゃくし,person_job,auto,wnja:1.1-compatible-roots-v2
里人,さとびと,person_job,auto,wnja:1.1-compatible-roots-v2
野晒,のざらし,body,auto,wnja:1.1-compatible-roots-v2
野牛,やぎゅう,animal|nature,auto,wnja:1.1-compatible-roots-v2
野田,のだ,place_building,auto,wnja:1.1-compatible-roots-v2
野花,のばな,plant|nature,auto,wnja:1.1-compatible-roots-v2
野鼠,のねずみ,animal|nature,auto,wnja:1.1-compatible-roots-v2
金兜,かなかぶと,clothing,auto,wnja:1.1-compatible-roots-v2
金縷,きんる,plant|nature,auto,wnja:1.1-compatible-roots-v2
金鋸,かなのこ,daily_tools,auto,wnja:1.1-compatible-roots-v2
釣舟,つりぶね,vehicle,auto,wnja:1.1-compatible-roots-v2
釣魚,ちょうぎょ,sport,reviewed,wnja:00453935-n
鈍才,どんさい,person_job,auto,wnja:1.1-compatible-roots-v2
鉄兜,てつかぶと,clothing,auto,wnja:1.1-compatible-roots-v2
鉄火,てっか,person_job,auto,wnja:1.1-compatible-roots-v2
鉄筆,てっぴつ,daily_tools,auto,wnja:1.1-compatible-roots-v2
鉄船,てっせん,vehicle,auto,wnja:1.1-compatible-roots-v2
鉈豆,なたまめ,plant|nature,auto,wnja:1.1-compatible-roots-v2
鉤縄,かぎなわ,daily_tools,auto,wnja:1.1-compatible-roots-v2
鉤針,かぎばり,daily_tools,auto,wnja:1.1-compatible-roots-v2
銀笛,ぎんてき,instrument|music,auto,wnja:1.1-compatible-roots-v2
銀翼,ぎんよく,vehicle,auto,wnja:1.1-compatible-roots-v2
銀鈴,ぎんれい,plant|nature,auto,wnja:1.1-compatible-roots-v2
銀飯,ぎんめし,food,auto,wnja:1.1-compatible-roots-v2
銭葵,ぜにあおい,plant|nature,auto,wnja:1.1-compatible-roots-v2
鋸盤,のこばん,daily_tools,auto,wnja:1.1-compatible-roots-v2
鋸草,のこぎりそう,plant|nature,auto,wnja:1.1-compatible-roots-v2
錦木,にしきぎ,plant|nature,auto,wnja:1.1-compatible-roots-v2
鎧鼠,よろいねずみ,animal|nature,auto,wnja:1.1-compatible-roots-v2
鐙骨,あぶみこつ,body,auto,wnja:1.1-compatible-roots-v2
長官,ちょうかん,person_job,auto,wnja:1.1-compatible-roots-v2
長者,ちょうじゃ,person_job,auto,wnja:1.1-compatible-roots-v2
長薯,ながいも,plant|nature,auto,wnja:1.1-compatible-roots-v2
長虫,ながむし,animal|nature,auto,wnja:1.1-compatible-roots-v2
長頭,ちょうとう,person_job,auto,wnja:1.1-compatible-roots-v2
門弟,もんてい,person_job,auto,wnja:1.1-compatible-roots-v2
門徒,もんと,person_job,auto,wnja:1.1-compatible-roots-v2
門歯,もんし,body,auto,wnja:1.1-compatible-roots-v2
門生,もんせい,person_job,auto,wnja:1.1-compatible-roots-v2
門衛,もんえい,person_job,auto,wnja:1.1-compatible-roots-v2
間八,かんぱち,animal|nature,auto,wnja:1.1-compatible-roots-v2
間夫,まぶ,person_job,auto,wnja:1.1-compatible-roots-v2
間質,かんしつ,body,auto,wnja:1.1-compatible-roots-v2
関白,かんぱく,person_job,auto,wnja:1.1-compatible-roots-v2
闘牛,とうぎゅう,sport,reviewed,wnja:00452034-n
院主,いんじゅ,person_job,auto,wnja:1.1-compatible-roots-v2
院長,いんちょう,person_job,auto,wnja:1.1-compatible-roots-v2
陪従,ばいじゅう,person_job,auto,wnja:1.1-compatible-roots-v2
陰嚢,いんのう,body,auto,wnja:1.1-compatible-roots-v2
陰核,いんかく,body,auto,wnja:1.1-compatible-roots-v2
陰茎,いんけい,body,auto,wnja:1.1-compatible-roots-v2
陰裂,いんれつ,body,auto,wnja:1.1-compatible-roots-v2
陰部,いんぶ,body,auto,wnja:1.1-compatible-roots-v2
陸兵,りくへい,person_job,auto,wnja:1.1-compatible-roots-v2
陸将,りくしょう,person_job,auto,wnja:1.1-compatible-roots-v2
陽物,ようぶつ,body,auto,wnja:1.1-compatible-roots-v2
随員,ずいいん,person_job,auto,wnja:1.1-compatible-roots-v2
随従,ずいじゅう,person_job,auto,wnja:1.1-compatible-roots-v2
随行,ずいこう,person_job,auto,wnja:1.1-compatible-roots-v2
隠者,いんじゃ,person_job,auto,wnja:1.1-compatible-roots-v2
雁首,がんくび,body,auto,wnja:1.1-compatible-roots-v2
雄猫,おすねこ,animal|nature,auto,wnja:1.1-compatible-roots-v2
雄風,ゆうふう,nature,auto,wnja:1.1-compatible-roots-v2
雄馬,おうま,animal|nature,auto,wnja:1.1-compatible-roots-v2
雄鶏,おんどり,animal|nature,reviewed,wnja:01792158-n
雌羊,めひつじ,animal|nature,auto,wnja:1.1-compatible-roots-v2
雌馬,めすうま,animal|nature,auto,wnja:1.1-compatible-roots-v2
雌鳥,めんどり,animal,reviewed,wnja:01792640-n|wnja:01793249-n
雑作,ぞうさ,food,auto,wnja:1.1-compatible-roots-v2
雑兵,ぞうひょう,person_job,auto,wnja:1.1-compatible-roots-v2
雑報,ざっぽう,food,auto,wnja:1.1-compatible-roots-v2
雑犬,ざっけん,animal|nature,auto,wnja:1.1-compatible-roots-v2
雛菊,ひなぎく,plant|nature,auto,wnja:1.1-compatible-roots-v2
雛豆,ひよこまめ,fruit,auto,wnja:1.1-compatible-roots-v2
雨着,あまぎ,clothing,auto,wnja:1.1-compatible-roots-v2
雪兎,ゆきうさぎ,animal|nature,auto,wnja:1.1-compatible-roots-v2
雲雀,ひばり,animal|nature,auto,wnja:1.1-compatible-roots-v2
雷火,らいか,nature,auto,wnja:1.1-compatible-roots-v2
雷電,らいでん,nature,auto,wnja:1.1-compatible-roots-v2
雷魚,らいぎょ,nature,auto,wnja:1.1-compatible-roots-v2
雷鳥,らいちょう,animal|nature,auto,wnja:1.1-compatible-roots-v2
電熱,でんねつ,daily_tools,auto,wnja:1.1-compatible-roots-v2
電鍵,でんけん,daily_tools,auto,wnja:1.1-compatible-roots-v2
需品,じゅひん,person_job,auto,wnja:1.1-compatible-roots-v2
霊媒,れいばい,person_job,auto,wnja:1.1-compatible-roots-v2
露払,つゆはらい,person_job,auto,wnja:1.1-compatible-roots-v2
青楼,せいろう,place_building,auto,wnja:1.1-compatible-roots-v2
青虫,あおむし,animal|nature,auto,wnja:1.1-compatible-roots-v2
青蛙,あおがえる,animal|nature,auto,wnja:1.1-compatible-roots-v2
青麻,あおそ,plant|nature,auto,wnja:1.1-compatible-roots-v2
面形,めんがた,clothing,auto,wnja:1.1-compatible-roots-v2
面相,めんそう,body,auto,wnja:1.1-compatible-roots-v2
頚椎,けいつい,body,auto,wnja:1.1-compatible-roots-v2
頬桁,ほおげた,body,auto,wnja:1.1-compatible-roots-v2
頬袋,ほおぶくろ,body,auto,wnja:1.1-compatible-roots-v2
頬辺,ほおべた,body,auto,wnja:1.1-compatible-roots-v2
頭分,かしらぶん,person_job,auto,wnja:1.1-compatible-roots-v2
頭取,とうどり,person_job,auto,wnja:1.1-compatible-roots-v2
頭役,かしらやく,person_job,auto,wnja:1.1-compatible-roots-v2
頭目,とうもく,person_job,auto,wnja:1.1-compatible-roots-v2
頸巻,くびまき,clothing,auto,wnja:1.1-compatible-roots-v2
額角,がっかく,body,auto,wnja:1.1-compatible-roots-v2
顎骨,がっこつ,body,auto,wnja:1.1-compatible-roots-v2
風琴,ふうきん,instrument|music,reviewed,wnja:02701730-n|wnja:03494537-n|wnja:03854065-n
颶風,ぐふう,nature,auto,wnja:1.1-compatible-roots-v2
飛泉,ひせん,nature|place_building,auto,wnja:1.1-compatible-roots-v2
食指,しょくし,body,auto,wnja:1.1-compatible-roots-v2
食膳,しょくぜん,daily_tools,auto,wnja:1.1-compatible-roots-v2
飯台,はんだい,daily_tools,auto,wnja:1.1-compatible-roots-v2
飯屋,めしや,place_building,auto,wnja:1.1-compatible-roots-v2
飯桐,いいぎり,plant|nature,auto,wnja:1.1-compatible-roots-v2
飯炊,めしたき,person_job,auto,wnja:1.1-compatible-roots-v2
飯米,はんまい,food,auto,wnja:1.1-compatible-roots-v2
飲助,のみすけ,person_job,auto,wnja:1.1-compatible-roots-v2
飲水,のみみず,food,auto,wnja:1.1-compatible-roots-v2
飾棚,かざりだな,daily_tools,auto,wnja:1.1-compatible-roots-v2
養い,やしない,food,auto,wnja:1.1-compatible-roots-v2
養分,ようぶん,food,auto,wnja:1.1-compatible-roots-v2
饗膳,きょうぜん,food,auto,wnja:1.1-compatible-roots-v2
首根,くびね,body,auto,wnja:1.1-compatible-roots-v2
首魁,しゅかい,person_job,auto,wnja:1.1-compatible-roots-v2
馬丁,ばてい,person_job,auto,wnja:1.1-compatible-roots-v2
馬匹,ばひつ,animal|nature,auto,wnja:1.1-compatible-roots-v2
馬料,ばりょう,food,auto,wnja:1.1-compatible-roots-v2
馬肉,ばにく,food,auto,wnja:1.1-compatible-roots-v2
馬術,ばじゅつ,sport,reviewed,wnja:00288000-n
駅長,えきちょう,person_job,auto,wnja:1.1-compatible-roots-v2
駅馬,えきば,animal|nature,auto,wnja:1.1-compatible-roots-v2
駑馬,どば,person_job,auto,wnja:1.1-compatible-roots-v2
駒鳥,こまどり,animal|nature,auto,wnja:1.1-compatible-roots-v2
駝鳥,だちょう,animal|nature,auto,wnja:1.1-compatible-roots-v2
騒人,そうじん,person_job,auto,wnja:1.1-compatible-roots-v2
骨幹,こっかん,body,auto,wnja:1.1-compatible-roots-v2
骨膜,こつまく,body,auto,wnja:1.1-compatible-roots-v2
髄脳,ずいのう,body,auto,wnja:1.1-compatible-roots-v2
髄膜,ずいまく,body,auto,wnja:1.1-compatible-roots-v2
鬚虫,ひげむし,animal|nature,auto,wnja:1.1-compatible-roots-v2
鬼畜,きちく,person_job,auto,wnja:1.1-compatible-roots-v2
魚族,ぎょぞく,animal|nature,auto,wnja:1.1-compatible-roots-v2
魚竜,ぎょりゅう,animal|nature,auto,wnja:1.1-compatible-roots-v2
魚粉,ぎょふん,food,auto,wnja:1.1-compatible-roots-v2
魴鮄,ほうぼう,animal|nature,auto,wnja:1.1-compatible-roots-v2
鰓弓,さいきゅう,body,auto,wnja:1.1-compatible-roots-v2
鰯鯨,いわしくじら,animal|nature,auto,wnja:1.1-compatible-roots-v2
鳴鳥,めいちょう,animal|nature,auto,wnja:1.1-compatible-roots-v2
鴨茅,かもがや,plant|nature,auto,wnja:1.1-compatible-roots-v2
鵬翼,ほうよく,vehicle,auto,wnja:1.1-compatible-roots-v2
鶉豆,うずらまめ,food|vegetable,reviewed,wnja:07727252-n
鶴嘴,つるはし,daily_tools,auto,wnja:1.1-compatible-roots-v2
鶺鴒,せきれい,animal|nature,auto,wnja:1.1-compatible-roots-v2
鷲鼻,わしばな,body,auto,wnja:1.1-compatible-roots-v2
鷹匠,たかじょう,person_job,auto,wnja:1.1-compatible-roots-v2
鷺草,さぎそう,plant|nature,auto,wnja:1.1-compatible-roots-v2
鸚哥,いんこ,animal|nature,auto,wnja:1.1-compatible-roots-v2
鹿肉,しかにく,food,auto,wnja:1.1-compatible-roots-v2
麦畑,むぎばたけ,place_building,auto,wnja:1.1-compatible-roots-v2
麦粉,むぎこ,food,auto,wnja:1.1-compatible-roots-v2
黄粉,きなこ,food,auto,wnja:1.1-compatible-roots-v2
黄雀,こうじゃく,animal|nature,auto,wnja:1.1-compatible-roots-v2
黒人,こくじん,person_job,auto,wnja:1.1-compatible-roots-v2
黒樫,くろがし,plant|nature,auto,wnja:1.1-compatible-roots-v2
黒竹,くろちく,plant|nature,auto,wnja:1.1-compatible-roots-v2
黒蟻,くろあり,animal|nature,auto,wnja:1.1-compatible-roots-v2
黒蠅,くろばえ,animal|nature,auto,wnja:1.1-compatible-roots-v2
黒質,こくしつ,body,auto,wnja:1.1-compatible-roots-v2
鼓手,こしゅ,person_job,auto,wnja:1.1-compatible-roots-v2
鼓索,こさく,instrument|music,auto,wnja:1.1-compatible-roots-v2
鼠賊,そぞく,person_job,auto,wnja:1.1-compatible-roots-v2
鼻祖,びそ,person_job,auto,wnja:1.1-compatible-roots-v2
鼻面,はなづら,body,auto,wnja:1.1-compatible-roots-v2
いけず,いけず,person_job,auto,wnja:1.1-compatible-roots-v2
いなさ,いなさ,nature,auto,wnja:1.1-compatible-roots-v2
いばら,いばら,body,auto,wnja:1.1-compatible-roots-v2
おなご,おなご,person_job,auto,wnja:1.1-compatible-roots-v2
おぼこ,おぼこ,person_job,auto,wnja:1.1-compatible-roots-v2
おみ足,おみあし,body,auto,wnja:1.1-compatible-roots-v2
お召物,おめしもの,clothing,auto,wnja:1.1-compatible-roots-v2
お子様,おこさま,person_job,auto,wnja:1.1-compatible-roots-v2
お日様,おひさま,nature,auto,wnja:1.1-compatible-roots-v2
お母様,おかあさま,person_job,auto,wnja:1.1-compatible-roots-v2
かいな,かいな,body,auto,wnja:1.1-compatible-roots-v2
かつら,かつら,clothing,auto,wnja:1.1-compatible-roots-v2
こそ泥,こそどろ,person_job,auto,wnja:1.1-compatible-roots-v2
ご新造,ごしんぞう,person_job,auto,wnja:1.1-compatible-roots-v2
ざくろ,ざくろ,food|fruit,auto,wnja:1.1-compatible-roots-v2
じゃが,じゃが,plant|nature,auto,wnja:1.1-compatible-roots-v2
すべた,すべた,person_job,auto,wnja:1.1-compatible-roots-v2
せん馬,せんば,animal|nature,auto,wnja:1.1-compatible-roots-v2
ちゃり,ちゃり,vehicle,auto,wnja:1.1-compatible-roots-v2
ちゃん,ちゃん,person_job,auto,wnja:1.1-compatible-roots-v2
ちんば,ちんば,person_job,auto,wnja:1.1-compatible-roots-v2
てて親,てておや,person_job,auto,wnja:1.1-compatible-roots-v2
でれ助,でれすけ,person_job,auto,wnja:1.1-compatible-roots-v2
どら猫,どらねこ,animal|nature,auto,wnja:1.1-compatible-roots-v2
なぞえ,なぞえ,nature|place_building,auto,wnja:1.1-compatible-roots-v2
ねえや,ねえや,person_job,auto,wnja:1.1-compatible-roots-v2
はしけ,はしけ,vehicle,reviewed,wnja:02792552-n
またぎ,またぎ,person_job,auto,wnja:1.1-compatible-roots-v2
まんこ,まんこ,body,auto,wnja:1.1-compatible-roots-v2
めかけ,めかけ,person_job,auto,wnja:1.1-compatible-roots-v2
やせ馬,やせうま,animal|nature,auto,wnja:1.1-compatible-roots-v2
ゆすり,ゆすり,person_job,auto,wnja:1.1-compatible-roots-v2
よそ者,よそもの,person_job,auto,wnja:1.1-compatible-roots-v2
わんこ,わんこ,animal|nature,auto,wnja:1.1-compatible-roots-v2
アキー,あきー,food|fruit,auto,wnja:1.1-compatible-roots-v2
アグラ,あぐら,place_building,auto,wnja:1.1-compatible-roots-v2
アダン,あだん,plant|nature,auto,wnja:1.1-compatible-roots-v2
アトリ,あとり,animal|nature,auto,wnja:1.1-compatible-roots-v2
アナゴ,あなご,animal|nature,auto,wnja:1.1-compatible-roots-v2
アニス,あにす,food|plant,auto,wnja:1.1-compatible-roots-v2
アヌス,あぬす,body,auto,wnja:1.1-compatible-roots-v2
アノア,あのあ,animal|nature,auto,wnja:1.1-compatible-roots-v2
アラム,あらむ,country,auto,wnja:1.1-compatible-roots-v2
アリア,ありあ,music,auto,wnja:1.1-compatible-roots-v2
アレビ,あれび,person_job,auto,wnja:1.1-compatible-roots-v2
アロエ,あろえ,plant|nature,auto,wnja:1.1-compatible-roots-v2
アンズ,あんず,food|plant|fruit,reviewed,wnja:07750872-n|wnja:12640607-n
イエス,いえす,person_job,auto,wnja:1.1-compatible-roots-v2
イグサ,いぐさ,plant|nature,auto,wnja:1.1-compatible-roots-v2
イサキ,いさき,animal|nature,auto,wnja:1.1-compatible-roots-v2
イチビ,いちび,plant|nature,auto,wnja:1.1-compatible-roots-v2
イチボ,いちぼ,food,auto,wnja:1.1-compatible-roots-v2
イトヨ,いとよ,animal|nature,auto,wnja:1.1-compatible-roots-v2
イノー,いのー,person_job,auto,wnja:1.1-compatible-roots-v2
ウェア,うぇあ,clothing,auto,wnja:1.1-compatible-roots-v2
ウェハ,うぇは,food,auto,wnja:1.1-compatible-roots-v2
ウエア,うえあ,clothing,auto,wnja:1.1-compatible-roots-v2
ウエハ,うえは,food,auto,wnja:1.1-compatible-roots-v2
ウォー,うぉー,person_job,auto,wnja:1.1-compatible-roots-v2
ウズラ,うずら,food,reviewed,wnja:07647321-n
ウツギ,うつぎ,plant|nature,auto,wnja:1.1-compatible-roots-v2
ウツボ,うつぼ,animal|nature,auto,wnja:1.1-compatible-roots-v2
ウーゾ,うーぞ,food,auto,wnja:1.1-compatible-roots-v2
エテ公,えてこう,animal|nature,auto,wnja:1.1-compatible-roots-v2
エノキ,えのき,food|plant,auto,wnja:1.1-compatible-roots-v2
エビネ,えびね,plant|nature,auto,wnja:1.1-compatible-roots-v2
エビモ,えびも,plant|nature,auto,wnja:1.1-compatible-roots-v2
エリカ,えりか,plant|nature,auto,wnja:1.1-compatible-roots-v2
エルム,えるむ,plant|nature,auto,wnja:1.1-compatible-roots-v2
エード,えーど,food,auto,wnja:1.1-compatible-roots-v2
オカピ,おかぴ,animal|nature,auto,wnja:1.1-compatible-roots-v2
オシダ,おしだ,plant|nature,auto,wnja:1.1-compatible-roots-v2
オラン,おらん,place_building,auto,wnja:1.1-compatible-roots-v2
オルグ,おるぐ,person_job,auto,wnja:1.1-compatible-roots-v2
オーツ,おーつ,person_job,auto,wnja:1.1-compatible-roots-v2
オーバ,おーば,clothing,auto,wnja:1.1-compatible-roots-v2
カウチ,かうち,daily_tools,auto,wnja:1.1-compatible-roots-v2
カカオ,かかお,food|plant,reviewed,wnja:12201580-n
カサゴ,かさご,animal|nature,auto,wnja:1.1-compatible-roots-v2
カシス,かしす,food|plant|fruit,reviewed,wnja:07744559-n
カジノ,かじの,place_building,auto,wnja:1.1-compatible-roots-v2
カズー,かずー,instrument|music,reviewed,wnja:03609397-n
カペラ,かぺら,nature,auto,wnja:1.1-compatible-roots-v2
カマス,かます,animal|nature,auto,wnja:1.1-compatible-roots-v2
カリフ,かりふ,person_job,auto,wnja:1.1-compatible-roots-v2
カント,かんと,person_job,auto,wnja:1.1-compatible-roots-v2
カンナ,かんな,plant|nature,auto,wnja:1.1-compatible-roots-v2
カーフ,かーふ,animal|nature,auto,wnja:1.1-compatible-roots-v2
カーマ,かーま,person_job,auto,wnja:1.1-compatible-roots-v2
ガゼル,がぜる,animal|nature,auto,wnja:1.1-compatible-roots-v2
ガトー,がとー,food,auto,wnja:1.1-compatible-roots-v2
ガリー,がりー,nature|place_building,auto,wnja:1.1-compatible-roots-v2
ガール,がーる,person_job,auto,wnja:1.1-compatible-roots-v2
キウイ,きうい,food|fruit,auto,wnja:1.1-compatible-roots-v2
キッド,きっど,person_job,auto,wnja:1.1-compatible-roots-v2
キヅタ,きづた,plant|nature,auto,wnja:1.1-compatible-roots-v2
キラー,きらー,person_job,auto,wnja:1.1-compatible-roots-v2
キルト,きると,clothing,auto,wnja:1.1-compatible-roots-v2
キンマ,きんま,plant|nature,auto,wnja:1.1-compatible-roots-v2
ギボン,ぎぼん,person_job,auto,wnja:1.1-compatible-roots-v2
ギャル,ぎゃる,person_job,auto,wnja:1.1-compatible-roots-v2
ギヨー,ぎよー,nature|place_building,auto,wnja:1.1-compatible-roots-v2
ギンポ,ぎんぽ,animal|nature,auto,wnja:1.1-compatible-roots-v2
クック,くっく,person_job,auto,wnja:1.1-compatible-roots-v2
クヌギ,くぬぎ,plant|nature,reviewed,wnja:12268246-n
クミン,くみん,plant,auto,wnja:1.1-compatible-roots-v2
クラゲ,くらげ,animal|nature,reviewed,wnja:01910252-n|wnja:01910747-n
クロモ,くろも,plant|nature,auto,wnja:1.1-compatible-roots-v2
クワス,くわす,food,auto,wnja:1.1-compatible-roots-v2
クーペ,くーぺ,vehicle,reviewed,wnja:03119396-n
グアバ,ぐあば,food|plant|fruit,reviewed,wnja:07765361-n|wnja:12333530-n
グリオ,ぐりお,person_job,auto,wnja:1.1-compatible-roots-v2
グレコ,ぐれこ,person_job,auto,wnja:1.1-compatible-roots-v2
ケッチ,けっち,vehicle,auto,wnja:1.1-compatible-roots-v2
ケピ帽,けぴぼう,clothing,auto,wnja:1.1-compatible-roots-v2
ケラー,けらー,person_job,auto,wnja:1.1-compatible-roots-v2
ケーク,けーく,food,auto,wnja:1.1-compatible-roots-v2
ケープ,けーぷ,clothing,auto,wnja:1.1-compatible-roots-v2
ケール,けーる,plant|nature,auto,wnja:1.1-compatible-roots-v2
ゲリラ,げりら,person_job,auto,wnja:1.1-compatible-roots-v2
コキュ,こきゅ,person_job,auto,wnja:1.1-compatible-roots-v2
ココア,ここあ,food,auto,wnja:1.1-compatible-roots-v2
コサギ,こさぎ,animal|nature,auto,wnja:1.1-compatible-roots-v2
コバチ,こばち,animal|nature,auto,wnja:1.1-compatible-roots-v2
コブノ,こぶの,place_building,auto,wnja:1.1-compatible-roots-v2
コブラ,こぶら,animal|nature,auto,wnja:1.1-compatible-roots-v2
コプト,こぷと,person_job,auto,wnja:1.1-compatible-roots-v2
コプラ,こぷら,food,auto,wnja:1.1-compatible-roots-v2
コリン,こりん,food,auto,wnja:1.1-compatible-roots-v2
コリー,こりー,animal|nature,auto,wnja:1.1-compatible-roots-v2
コルダ,こるだ,person_job,auto,wnja:1.1-compatible-roots-v2
コーダ,こーだ,music,auto,wnja:1.1-compatible-roots-v2
ゴング,ごんぐ,instrument|music,reviewed,wnja:03017168-n|wnja:03447721-n
サケイ,さけい,animal|nature,auto,wnja:1.1-compatible-roots-v2
ササゲ,ささげ,food|plant|vegetable,reviewed,wnja:07726672-n
サッコ,さっこ,person_job,auto,wnja:1.1-compatible-roots-v2
サニー,さにー,person_job,auto,wnja:1.1-compatible-roots-v2
サバナ,さばな,place_building,auto,wnja:1.1-compatible-roots-v2
サパー,さぱー,food,auto,wnja:1.1-compatible-roots-v2
サモサ,さもさ,food,auto,wnja:1.1-compatible-roots-v2
サラミ,さらみ,food,auto,wnja:1.1-compatible-roots-v2
サルサ,さるさ,food,auto,wnja:1.1-compatible-roots-v2
サルパ,さるぱ,animal|nature,auto,wnja:1.1-compatible-roots-v2
サワー,さわー,food,auto,wnja:1.1-compatible-roots-v2
サンマ,さんま,animal|nature,auto,wnja:1.1-compatible-roots-v2
ザボン,ざぼん,food|plant|fruit,reviewed,wnja:07750146-n
シャケ,しゃけ,animal|nature,auto,wnja:1.1-compatible-roots-v2
シャチ,しゃち,animal|nature,reviewed,wnja:02071294-n
シャム,しゃむ,country,auto,wnja:1.1-compatible-roots-v2
シャー,しゃー,person_job,auto,wnja:1.1-compatible-roots-v2
シラミ,しらみ,animal|nature,auto,wnja:1.1-compatible-roots-v2
シング,しんぐ,person_job,auto,wnja:1.1-compatible-roots-v2
シンパ,しんぱ,person_job,auto,wnja:1.1-compatible-roots-v2
シース,しーす,clothing,auto,wnja:1.1-compatible-roots-v2
シード,しーど,person_job,auto,wnja:1.1-compatible-roots-v2
ジェイ,じぇい,person_job,auto,wnja:1.1-compatible-roots-v2
ジゴロ,じごろ,person_job,auto,wnja:1.1-compatible-roots-v2
ジビエ,じびえ,food,auto,wnja:1.1-compatible-roots-v2
ジラフ,じらふ,animal|nature,auto,wnja:1.1-compatible-roots-v2
ジレー,じれー,clothing,auto,wnja:1.1-compatible-roots-v2
ジープ,じーぷ,vehicle,reviewed,wnja:03594945-n
スフレ,すふれ,food,auto,wnja:1.1-compatible-roots-v2
スワン,すわん,animal|nature,auto,wnja:1.1-compatible-roots-v2
スール,すーる,place_building,auto,wnja:1.1-compatible-roots-v2
スー族,すーぞく,person_job,auto,wnja:1.1-compatible-roots-v2
セダン,せだん,vehicle,reviewed,wnja:04166281-n
セリー,せりー,food,auto,wnja:1.1-compatible-roots-v2
センナ,せんな,plant|nature,auto,wnja:1.1-compatible-roots-v2
セージ,せーじ,food,auto,wnja:1.1-compatible-roots-v2
ソテツ,そてつ,plant|nature,reviewed,wnja:11600372-n|wnja:11601177-n
ソテー,そてー,food,auto,wnja:1.1-compatible-roots-v2
ソナタ,そなた,music,auto,wnja:1.1-compatible-roots-v2
ソルベ,そるべ,food,auto,wnja:1.1-compatible-roots-v2
ソング,そんぐ,music,auto,wnja:1.1-compatible-roots-v2
タカナ,たかな,food,auto,wnja:1.1-compatible-roots-v2
タカ派,たかは,person_job,auto,wnja:1.1-compatible-roots-v2
タガメ,たがめ,animal|nature,reviewed,wnja:02242137-n
タゲリ,たげり,animal|nature,auto,wnja:1.1-compatible-roots-v2
タシギ,たしぎ,animal|nature,auto,wnja:1.1-compatible-roots-v2
ダイブ,だいぶ,sport,auto,wnja:1.1-compatible-roots-v2
ダイヴ,だいゔ,sport,auto,wnja:1.1-compatible-roots-v2
ダウ船,だうせん,vehicle,auto,wnja:1.1-compatible-roots-v2
ダック,だっく,animal|nature,auto,wnja:1.1-compatible-roots-v2
ダフ屋,だふや,person_job,auto,wnja:1.1-compatible-roots-v2
ダリア,だりあ,plant|nature,auto,wnja:1.1-compatible-roots-v2
チコリ,ちこり,food|vegetable,reviewed,wnja:07730855-n
チャコ,ちゃこ,daily_tools,auto,wnja:1.1-compatible-roots-v2
チョコ,ちょこ,food,auto,wnja:1.1-compatible-roots-v2
チワワ,ちわわ,animal|nature,reviewed,wnja:02085620-n
チータ,ちーた,animal|nature,auto,wnja:1.1-compatible-roots-v2
チーフ,ちーふ,person_job,auto,wnja:1.1-compatible-roots-v2
ツグミ,つぐみ,animal|nature,auto,wnja:1.1-compatible-roots-v2
ツリー,つりー,plant|nature,auto,wnja:1.1-compatible-roots-v2
テクノ,てくの,music,auto,wnja:1.1-compatible-roots-v2
テトラ,てとら,animal|nature,auto,wnja:1.1-compatible-roots-v2
テラー,てらー,person_job,auto,wnja:1.1-compatible-roots-v2
テリア,てりあ,animal|nature,auto,wnja:1.1-compatible-roots-v2
デイゴ,でいご,plant|nature,auto,wnja:1.1-compatible-roots-v2
デイム,でいむ,person_job,auto,wnja:1.1-compatible-roots-v2
デネブ,でねぶ,nature,auto,wnja:1.1-compatible-roots-v2
デリス,でりす,plant|nature,auto,wnja:1.1-compatible-roots-v2
トクサ,とくさ,plant|nature,auto,wnja:1.1-compatible-roots-v2
トリガ,とりが,daily_tools,auto,wnja:1.1-compatible-roots-v2
トルテ,とるて,food,auto,wnja:1.1-compatible-roots-v2
トーガ,とーが,clothing,auto,wnja:1.1-compatible-roots-v2
ドナー,どなー,person_job,auto,wnja:1.1-compatible-roots-v2
ドーズ,どーず,person_job,auto,wnja:1.1-compatible-roots-v2
ナズナ,なずな,plant|nature,auto,wnja:1.1-compatible-roots-v2
ナセル,なせる,person_job,auto,wnja:1.1-compatible-roots-v2
ナマコ,なまこ,animal|nature,auto,wnja:1.1-compatible-roots-v2
ナース,なーす,person_job,auto,wnja:1.1-compatible-roots-v2
ニガー,にがー,person_job,auto,wnja:1.1-compatible-roots-v2
ニグロ,にぐろ,person_job,auto,wnja:1.1-compatible-roots-v2
ヌガー,ぬがー,food,auto,wnja:1.1-compatible-roots-v2
ネグロ,ねぐろ,person_job,auto,wnja:1.1-compatible-roots-v2
ノゲシ,のげし,plant|nature,auto,wnja:1.1-compatible-roots-v2
ノスリ,のすり,animal|nature,auto,wnja:1.1-compatible-roots-v2
ハウス,はうす,place_building,auto,wnja:1.1-compatible-roots-v2
ハギス,はぎす,food,auto,wnja:1.1-compatible-roots-v2
ハダニ,はだに,animal|nature,auto,wnja:1.1-compatible-roots-v2
ハチク,はちく,plant|nature,auto,wnja:1.1-compatible-roots-v2
ハット,はっと,clothing,auto,wnja:1.1-compatible-roots-v2
ハンド,はんど,body,auto,wnja:1.1-compatible-roots-v2
ハープ,はーぷ,instrument|music,auto,wnja:1.1-compatible-roots-v2
バギナ,ばぎな,body,auto,wnja:1.1-compatible-roots-v2
バギー,ばぎー,vehicle,auto,wnja:1.1-compatible-roots-v2
バスト,ばすと,body,auto,wnja:1.1-compatible-roots-v2
バラカ,ばらか,person_job,auto,wnja:1.1-compatible-roots-v2
バルト,ばると,person_job,auto,wnja:1.1-compatible-roots-v2
バルナ,ばるな,place_building,auto,wnja:1.1-compatible-roots-v2
バロン,ばろん,daily_tools,auto,wnja:1.1-compatible-roots-v2
バンダ,ばんだ,plant|nature,auto,wnja:1.1-compatible-roots-v2
パイル,ぱいる,person_job,auto,wnja:1.1-compatible-roots-v2
パシャ,ぱしゃ,person_job,auto,wnja:1.1-compatible-roots-v2
パティ,ぱてぃ,food,auto,wnja:1.1-compatible-roots-v2
パリア,ぱりあ,animal|nature,auto,wnja:1.1-compatible-roots-v2
パレス,ぱれす,place_building,auto,wnja:1.1-compatible-roots-v2
パーカ,ぱーか,clothing,auto,wnja:1.1-compatible-roots-v2
パーク,ぱーく,place_building,auto,wnja:1.1-compatible-roots-v2
ヒグマ,ひぐま,animal|nature,auto,wnja:1.1-compatible-roots-v2
ヒドラ,ひどら,animal|nature,auto,wnja:1.1-compatible-roots-v2
ヒメジ,ひめじ,animal|nature,auto,wnja:1.1-compatible-roots-v2
ヒヨス,ひよす,plant|nature,auto,wnja:1.1-compatible-roots-v2
ヒース,ひーす,plant|nature,auto,wnja:1.1-compatible-roots-v2
ビアン,びあん,person_job,auto,wnja:1.1-compatible-roots-v2
ビカム,びかむ,person_job,auto,wnja:1.1-compatible-roots-v2
ビスク,びすく,food,auto,wnja:1.1-compatible-roots-v2
ビルダ,びるだ,person_job,auto,wnja:1.1-compatible-roots-v2
ビーア,びーあ,food,auto,wnja:1.1-compatible-roots-v2
ビーフ,びーふ,food,auto,wnja:1.1-compatible-roots-v2
ビーン,びーん,food|vegetable,auto,wnja:1.1-compatible-roots-v2
ピアフ,ぴあふ,person_job,auto,wnja:1.1-compatible-roots-v2
ピット,ぴっと,nature|place_building,auto,wnja:1.1-compatible-roots-v2
ピラフ,ぴらふ,food,auto,wnja:1.1-compatible-roots-v2
ピーチ,ぴーち,food|fruit,auto,wnja:1.1-compatible-roots-v2
ファド,ふぁど,music,auto,wnja:1.1-compatible-roots-v2
フィズ,ふぃず,food,auto,wnja:1.1-compatible-roots-v2
フサモ,ふさも,plant|nature,auto,wnja:1.1-compatible-roots-v2
フラー,ふらー,person_job,auto,wnja:1.1-compatible-roots-v2
フーガ,ふーが,music,auto,wnja:1.1-compatible-roots-v2
ブッダ,ぶっだ,person_job,auto,wnja:1.1-compatible-roots-v2
ブリダ,ぶりだ,place_building,auto,wnja:1.1-compatible-roots-v2
ブルカ,ぶるか,clothing,auto,wnja:1.1-compatible-roots-v2
ブルマ,ぶるま,clothing,auto,wnja:1.1-compatible-roots-v2
ブレア,ぶれあ,person_job,auto,wnja:1.1-compatible-roots-v2
プラウ,ぷらう,daily_tools,auto,wnja:1.1-compatible-roots-v2
プラオ,ぷらお,daily_tools,auto,wnja:1.1-compatible-roots-v2
プラザ,ぷらざ,place_building,auto,wnja:1.1-compatible-roots-v2
プラム,ぷらむ,food|fruit,auto,wnja:1.1-compatible-roots-v2
プリマ,ぷりま,food|fruit,auto,wnja:1.1-compatible-roots-v2
プーマ,ぷーま,animal|nature,auto,wnja:1.1-compatible-roots-v2
ヘチマ,へちま,plant|nature,auto,wnja:1.1-compatible-roots-v2
ヘロン,へろん,person_job,auto,wnja:1.1-compatible-roots-v2
ヘーン,へーん,person_job,auto,wnja:1.1-compatible-roots-v2
ベリー,べりー,fruit,reviewed,wnja:07742704-n
ベンダ,べんだ,person_job,auto,wnja:1.1-compatible-roots-v2
ベール,べーる,clothing,auto,wnja:1.1-compatible-roots-v2
ペカン,ぺかん,plant|fruit,auto,wnja:1.1-compatible-roots-v2
ペコー,ぺこー,food,auto,wnja:1.1-compatible-roots-v2
ペニス,ぺにす,body,auto,wnja:1.1-compatible-roots-v2
ペパー,ぺぱー,food|plant,auto,wnja:1.1-compatible-roots-v2
ペンネ,ぺんね,food,auto,wnja:1.1-compatible-roots-v2
ホリー,ほりー,person_job,auto,wnja:1.1-compatible-roots-v2
ボンゴ,ぼんご,instrument,reviewed,wnja:02869737-n
ポテチ,ぽてち,food,auto,wnja:1.1-compatible-roots-v2
ポトス,ぽとす,plant|nature,auto,wnja:1.1-compatible-roots-v2
ポトフ,ぽとふ,food,auto,wnja:1.1-compatible-roots-v2
ポニー,ぽにー,animal|nature,auto,wnja:1.1-compatible-roots-v2
ポピー,ぽぴー,plant|nature,auto,wnja:1.1-compatible-roots-v2
ポポー,ぽぽー,food|plant|fruit,reviewed,wnja:07760859-n
ポンス,ぽんす,person_job,auto,wnja:1.1-compatible-roots-v2
ポン引,ぽんびき,person_job,auto,wnja:1.1-compatible-roots-v2
マアジ,まあじ,animal|nature,auto,wnja:1.1-compatible-roots-v2
マカク,まかく,animal|nature,auto,wnja:1.1-compatible-roots-v2
マガモ,まがも,animal|nature,auto,wnja:1.1-compatible-roots-v2
マキシ,まきし,clothing,auto,wnja:1.1-compatible-roots-v2
マザー,まざー,person_job,auto,wnja:1.1-compatible-roots-v2
マスト,ますと,daily_tools,auto,wnja:1.1-compatible-roots-v2
マズル,まずる,body,auto,wnja:1.1-compatible-roots-v2
マダニ,まだに,animal|nature,reviewed,wnja:01776313-n|wnja:01776705-n
マダム,まだむ,person_job,auto,wnja:1.1-compatible-roots-v2
マツモ,まつも,plant|nature,auto,wnja:1.1-compatible-roots-v2
マトン,まとん,food,auto,wnja:1.1-compatible-roots-v2
マニヤ,まにや,person_job,auto,wnja:1.1-compatible-roots-v2
マヒワ,まひわ,animal|nature,auto,wnja:1.1-compatible-roots-v2
マフグ,まふぐ,animal|nature,auto,wnja:1.1-compatible-roots-v2
マミー,まみー,person_job,auto,wnja:1.1-compatible-roots-v2
マリン,まりん,person_job,auto,wnja:1.1-compatible-roots-v2
マリー,まりー,plant|nature,auto,wnja:1.1-compatible-roots-v2
マロン,まろん,person_job,auto,wnja:1.1-compatible-roots-v2
マロー,まろー,person_job,auto,wnja:1.1-compatible-roots-v2
マーチ,まーち,music,auto,wnja:1.1-compatible-roots-v2
マーム,まーむ,person_job,auto,wnja:1.1-compatible-roots-v2
ミサゴ,みさご,animal|nature,auto,wnja:1.1-compatible-roots-v2
ミセス,みせす,person_job,auto,wnja:1.1-compatible-roots-v2
ミミズ,みみず,animal|nature,auto,wnja:1.1-compatible-roots-v2
ミモザ,みもざ,food,auto,wnja:1.1-compatible-roots-v2
ミート,みーと,food,auto,wnja:1.1-compatible-roots-v2
ミード,みーど,person_job,auto,wnja:1.1-compatible-roots-v2
ミール,みーる,food,auto,wnja:1.1-compatible-roots-v2
ムサカ,むさか,food,auto,wnja:1.1-compatible-roots-v2
ムトン,むとん,food,auto,wnja:1.1-compatible-roots-v2
メイズ,めいず,person_job,auto,wnja:1.1-compatible-roots-v2
メゾン,めぞん,place_building,auto,wnja:1.1-compatible-roots-v2
メッセ,めっせ,music,auto,wnja:1.1-compatible-roots-v2
メット,めっと,clothing,auto,wnja:1.1-compatible-roots-v2
メバル,めばる,animal|nature,auto,wnja:1.1-compatible-roots-v2
メンチ,めんち,food,auto,wnja:1.1-compatible-roots-v2
メード,めーど,person_job,auto,wnja:1.1-compatible-roots-v2
モグラ,もぐら,animal|nature,reviewed,wnja:01889520-n
モスク,もすく,place_building,auto,wnja:1.1-compatible-roots-v2
モテル,もてる,place_building,auto,wnja:1.1-compatible-roots-v2
モルグ,もるぐ,place_building,auto,wnja:1.1-compatible-roots-v2
モルト,もると,food,auto,wnja:1.1-compatible-roots-v2
ヤッケ,やっけ,clothing,auto,wnja:1.1-compatible-roots-v2
ヤマネ,やまね,animal|nature,auto,wnja:1.1-compatible-roots-v2
ヤモリ,やもり,animal|nature,auto,wnja:1.1-compatible-roots-v2
ユッカ,ゆっか,plant|nature,auto,wnja:1.1-compatible-roots-v2
ユーザ,ゆーざ,person_job,auto,wnja:1.1-compatible-roots-v2
ヨタカ,よたか,animal|nature,reviewed,wnja:01835276-n
ライム,らいむ,fruit,reviewed,wnja:07749731-n
ラガー,らがー,sport,auto,wnja:1.1-compatible-roots-v2
ラッコ,らっこ,animal|nature,reviewed,wnja:02445394-n
ラット,らっと,animal|nature,auto,wnja:1.1-compatible-roots-v2
ラッド,らっど,person_job,auto,wnja:1.1-compatible-roots-v2
ラバン,らばん,person_job,auto,wnja:1.1-compatible-roots-v2
ラムネ,らむね,food,auto,wnja:1.1-compatible-roots-v2
ラム酒,らむしゅ,food,reviewed,wnja:07905038-n
ラルゴ,らるご,music,auto,wnja:1.1-compatible-roots-v2
ラント,らんと,person_job,auto,wnja:1.1-compatible-roots-v2
リカー,りかー,food,auto,wnja:1.1-compatible-roots-v2
リッジ,りっじ,nature|place_building,auto,wnja:1.1-compatible-roots-v2
リライ,りらい,person_job,auto,wnja:1.1-compatible-roots-v2
リリー,りりー,person_job,auto,wnja:1.1-compatible-roots-v2
リンド,りんど,person_job,auto,wnja:1.1-compatible-roots-v2
リーキ,りーき,food|plant|vegetable,reviewed,wnja:07723039-n
リーズ,りーず,place_building,auto,wnja:1.1-compatible-roots-v2
リート,りーと,plant|nature,auto,wnja:1.1-compatible-roots-v2
リーフ,りーふ,nature|place_building,auto,wnja:1.1-compatible-roots-v2
レイド,れいど,person_job,auto,wnja:1.1-compatible-roots-v2
レゲエ,れげえ,music,auto,wnja:1.1-compatible-roots-v2
レリア,れりあ,plant|nature,auto,wnja:1.1-compatible-roots-v2
レーク,れーく,nature|place_building,auto,wnja:1.1-compatible-roots-v2
レール,れーる,daily_tools,auto,wnja:1.1-compatible-roots-v2
ロンド,ろんど,music,auto,wnja:1.1-compatible-roots-v2
ロース,ろーす,person_job,auto,wnja:1.1-compatible-roots-v2
ワイフ,わいふ,person_job,auto,wnja:1.1-compatible-roots-v2
ワギナ,わぎな,body,auto,wnja:1.1-compatible-roots-v2
ワケギ,わけぎ,plant|nature,auto,wnja:1.1-compatible-roots-v2
ワゴン,わごん,vehicle,auto,wnja:1.1-compatible-roots-v2
ワスプ,わすぷ,person_job,auto,wnja:1.1-compatible-roots-v2
ワピチ,わぴち,animal|nature,auto,wnja:1.1-compatible-roots-v2
ヴァン,ゔぁん,vehicle,auto,wnja:1.1-compatible-roots-v2
ヴィラ,ゔぃら,place_building,auto,wnja:1.1-compatible-roots-v2
一薬草,いちやくそう,plant|nature,auto,wnja:1.1-compatible-roots-v2
三塁手,さんるいしゅ,person_job,auto,wnja:1.1-compatible-roots-v2
三太郎,さんたろう,person_job,auto,wnja:1.1-compatible-roots-v2
三斑鶉,みふうずら,animal|nature,auto,wnja:1.1-compatible-roots-v2
三色菫,さんしきすみれ,plant|nature,auto,wnja:1.1-compatible-roots-v2
三葉虫,さんようちゅう,animal|nature,auto,wnja:1.1-compatible-roots-v2
三頭筋,さんとうきん,body,auto,wnja:1.1-compatible-roots-v2
上げ米,あげまい,food,auto,wnja:1.1-compatible-roots-v2
上さん,かみさん,person_job,auto,wnja:1.1-compatible-roots-v2
上乗り,うわのり,person_job,auto,wnja:1.1-compatible-roots-v2
上手者,じょうずもの,person_job,auto,wnja:1.1-compatible-roots-v2
上気道,じょうきどう,body,auto,wnja:1.1-compatible-roots-v2
上直筋,じょうちょくきん,body,auto,wnja:1.1-compatible-roots-v2
上腕骨,じょうわんこつ,body,auto,wnja:1.1-compatible-roots-v2
上顎骨,じょうがくこつ,body,auto,wnja:1.1-compatible-roots-v2
下っぱ,したっぱ,person_job,auto,wnja:1.1-compatible-roots-v2
下っ腹,したっぱら,body,auto,wnja:1.1-compatible-roots-v2
下働き,したばたらき,person_job,auto,wnja:1.1-compatible-roots-v2
下回り,したまわり,person_job,auto,wnja:1.1-compatible-roots-v2
下垂体,かすいたい,body,auto,wnja:1.1-compatible-roots-v2
下士官,かしかん,person_job,auto,wnja:1.1-compatible-roots-v2
下宿人,げしゅくにん,person_job,auto,wnja:1.1-compatible-roots-v2
下宿屋,げしゅくや,place_building,auto,wnja:1.1-compatible-roots-v2
下手人,げしゅにん,person_job,auto,wnja:1.1-compatible-roots-v2
下手糞,へたくそ,person_job,auto,wnja:1.1-compatible-roots-v2
下積み,したづみ,person_job,auto,wnja:1.1-compatible-roots-v2
下腹部,かふくぶ,body,auto,wnja:1.1-compatible-roots-v2
下顎骨,かがくこつ,body,auto,wnja:1.1-compatible-roots-v2
不断草,ふだんそう,food|plant|vegetable,reviewed,wnja:07720277-n
不束者,ふつつかもの,person_job,auto,wnja:1.1-compatible-roots-v2
不適合,ふてきごう,person_job,auto,wnja:1.1-compatible-roots-v2
与太者,よたもの,person_job,auto,wnja:1.1-compatible-roots-v2
与太郎,よたろう,person_job,auto,wnja:1.1-compatible-roots-v2
世間師,せけんし,person_job,auto,wnja:1.1-compatible-roots-v2
両替商,りょうがえしょう,person_job,auto,wnja:1.1-compatible-roots-v2
中心溝,ちゅうしんこう,body,auto,wnja:1.1-compatible-roots-v2
中心窩,ちゅうしんか,body,auto,wnja:1.1-compatible-roots-v2
中手骨,ちゅうしゅこつ,body,auto,wnja:1.1-compatible-roots-v2
中書省,ちゅうしょしょう,animal|nature,auto,wnja:1.1-compatible-roots-v2
中足骨,ちゅうそっこつ,body,auto,wnja:1.1-compatible-roots-v2
丸のみ,まるのみ,daily_tools,auto,wnja:1.1-compatible-roots-v2
丸太舟,まるたぶね,vehicle,auto,wnja:1.1-compatible-roots-v2
丸木舟,まるきぶね,vehicle,auto,wnja:1.1-compatible-roots-v2
主任者,しゅにんしゃ,person_job,auto,wnja:1.1-compatible-roots-v2
主力艦,しゅりょくかん,vehicle,auto,wnja:1.1-compatible-roots-v2
主唱者,しゅしょうしゃ,person_job,auto,wnja:1.1-compatible-roots-v2
主導者,しゅどうしゃ,person_job,auto,wnja:1.1-compatible-roots-v2
主義者,しゅぎしゃ,person_job,auto,wnja:1.1-compatible-roots-v2
乗馬服,じょうばふく,clothing,auto,wnja:1.1-compatible-roots-v2
乙女子,おとめご,person_job,auto,wnja:1.1-compatible-roots-v2
乱暴者,らんぼうもの,person_job,auto,wnja:1.1-compatible-roots-v2
乳ぶさ,ちぶさ,body,auto,wnja:1.1-compatible-roots-v2
乳母車,うばぐるま,vehicle,auto,wnja:1.1-compatible-roots-v2
事務家,じむか,person_job,auto,wnja:1.1-compatible-roots-v2
事業主,じぎょうぬし,person_job,auto,wnja:1.1-compatible-roots-v2
事業家,じぎょうか,person_job,auto,wnja:1.1-compatible-roots-v2
二塁手,にるいしゅ,person_job,auto,wnja:1.1-compatible-roots-v2
二等兵,にとうへい,person_job,auto,wnja:1.1-compatible-roots-v2
二頭筋,にとうきん,body,auto,wnja:1.1-compatible-roots-v2
五位鷺,ごいさぎ,animal|nature,auto,wnja:1.1-compatible-roots-v2
五重奏,ごじゅうそう,music,auto,wnja:1.1-compatible-roots-v2
五香粉,うーしゃんふぇん,food,auto,wnja:1.1-compatible-roots-v2
亜低木,あていぼく,plant|nature,auto,wnja:1.1-compatible-roots-v2
亜潅木,あかんぼく,plant|nature,auto,wnja:1.1-compatible-roots-v2
交渉人,こうしょうにん,person_job,auto,wnja:1.1-compatible-roots-v2
人攫い,ひとさらい,person_job,auto,wnja:1.1-compatible-roots-v2
人造湖,じんぞうこ,nature|place_building,auto,wnja:1.1-compatible-roots-v2
人非人,にんぴにん,person_job,auto,wnja:1.1-compatible-roots-v2
介護者,かいごしゃ,person_job,auto,wnja:1.1-compatible-roots-v2
仏の座,ほとけのざ,plant|nature,auto,wnja:1.1-compatible-roots-v2
仕立物,したてもの,person_job,auto,wnja:1.1-compatible-roots-v2
付け人,つけびと,person_job,auto,wnja:1.1-compatible-roots-v2
付属肢,ふぞくし,body,auto,wnja:1.1-compatible-roots-v2
代作者,だいさくしゃ,person_job,auto,wnja:1.1-compatible-roots-v2
代書人,だいしょにん,person_job,auto,wnja:1.1-compatible-roots-v2
代理母,だいりはは,person_job,auto,wnja:1.1-compatible-roots-v2
代行者,だいこうしゃ,person_job,auto,wnja:1.1-compatible-roots-v2
代言人,だいげんにん,person_job,auto,wnja:1.1-compatible-roots-v2
代議員,だいぎいん,person_job,auto,wnja:1.1-compatible-roots-v2
代議士,だいぎし,person_job,auto,wnja:1.1-compatible-roots-v2
令夫人,れいふじん,person_job,auto,wnja:1.1-compatible-roots-v2
仲立人,なかだちにん,person_job,auto,wnja:1.1-compatible-roots-v2
仲裁人,ちゅうさいにん,person_job,auto,wnja:1.1-compatible-roots-v2
仲買人,なかがいにん,person_job,auto,wnja:1.1-compatible-roots-v2
企業家,きぎょうか,person_job,auto,wnja:1.1-compatible-roots-v2
企業者,きぎょうしゃ,person_job,auto,wnja:1.1-compatible-roots-v2
伊達男,だておとこ,person_job,auto,wnja:1.1-compatible-roots-v2
伝道者,でんどうしゃ,person_job,auto,wnja:1.1-compatible-roots-v2
伯父貴,おじき,person_job,auto,wnja:1.1-compatible-roots-v2
作り人,つくりびと,person_job,auto,wnja:1.1-compatible-roots-v2
作り手,つくりて,person_job,auto,wnja:1.1-compatible-roots-v2
作曲家,さっきょくか,person_job,auto,wnja:1.1-compatible-roots-v2
作曲者,さっきょくしゃ,person_job,auto,wnja:1.1-compatible-roots-v2
使い手,つかいて,person_job,auto,wnja:1.1-compatible-roots-v2
使い番,つかいばん,person_job,auto,wnja:1.1-compatible-roots-v2
供給者,きょうきゅうしゃ,person_job,auto,wnja:1.1-compatible-roots-v2
侵略者,しんりゃくしゃ,person_job,auto,wnja:1.1-compatible-roots-v2
便利屋,べんりや,person_job,auto,wnja:1.1-compatible-roots-v2
保安官,ほあんかん,person_job,auto,wnja:1.1-compatible-roots-v2
保護司,ほごし,person_job,auto,wnja:1.1-compatible-roots-v2
修道士,しゅうどうし,person_job,auto,wnja:1.1-compatible-roots-v2
修道尼,しゅうどうに,person_job,auto,wnja:1.1-compatible-roots-v2
修道院,しゅうどういん,place_building,auto,wnja:1.1-compatible-roots-v2
借り手,かりて,person_job,auto,wnja:1.1-compatible-roots-v2
側脳室,そくのうしつ,body,auto,wnja:1.1-compatible-roots-v2
側頭筋,そくとうきん,body,auto,wnja:1.1-compatible-roots-v2
側頭葉,そくとうよう,body,auto,wnja:1.1-compatible-roots-v2
側頭骨,そくとうこつ,body,auto,wnja:1.1-compatible-roots-v2
偵察機,ていさつき,vehicle,reviewed,wnja:04062644-n
偽善者,ぎぜんしゃ,person_job,auto,wnja:1.1-compatible-roots-v2
傀儡女,くぐつめ,person_job,auto,wnja:1.1-compatible-roots-v2
傍聴者,ぼうちょうしゃ,person_job,auto,wnja:1.1-compatible-roots-v2
働き口,はたらきぐち,person_job,auto,wnja:1.1-compatible-roots-v2
働き手,はたらきて,person_job,auto,wnja:1.1-compatible-roots-v2
僧帽弁,そうぼうべん,body,auto,wnja:1.1-compatible-roots-v2
僧帽筋,そうぼうきん,body,auto,wnja:1.1-compatible-roots-v2
儀仗兵,ぎじょうへい,person_job,auto,wnja:1.1-compatible-roots-v2
儒教的,じゅきょうてき,person_job,auto,wnja:1.1-compatible-roots-v2
優曇華,うどんげ,food|fruit,auto,wnja:1.1-compatible-roots-v2
元市長,もとしちょう,person_job,auto,wnja:1.1-compatible-roots-v2
兄さん,にいさん,person_job,auto,wnja:1.1-compatible-roots-v2
免疫系,めんえきけい,body,auto,wnja:1.1-compatible-roots-v2
入れ毛,いれげ,clothing,auto,wnja:1.1-compatible-roots-v2
入植者,にゅうしょくしゃ,person_job,auto,wnja:1.1-compatible-roots-v2
全粒粉,ぜんりゅうふん,food,auto,wnja:1.1-compatible-roots-v2
八十路,やそじ,person_job,auto,wnja:1.1-compatible-roots-v2
公用人,こうようにん,person_job,auto,wnja:1.1-compatible-roots-v2
共犯者,きょうはんしゃ,person_job,auto,wnja:1.1-compatible-roots-v2
共鳴者,きょうめいしゃ,person_job,auto,wnja:1.1-compatible-roots-v2
兵六玉,ひょうろくだま,person_job,auto,wnja:1.1-compatible-roots-v2
兵学者,へいがくしゃ,person_job,auto,wnja:1.1-compatible-roots-v2
兵法家,ひょうほうか,person_job,auto,wnja:1.1-compatible-roots-v2
内弁慶,うちべんけい,person_job,auto,wnja:1.1-compatible-roots-v2
内弟子,うちでし,person_job,auto,wnja:1.1-compatible-roots-v2
内科医,ないかい,person_job,auto,wnja:1.1-compatible-roots-v2
内胚葉,ないはいよう,body,auto,wnja:1.1-compatible-roots-v2
内親王,ないしんのう,person_job,auto,wnja:1.1-compatible-roots-v2
内転筋,ないてんきん,body,auto,wnja:1.1-compatible-roots-v2
内骨格,ないこっかく,body,auto,wnja:1.1-compatible-roots-v2
円口類,えんこうるい,animal|nature,auto,wnja:1.1-compatible-roots-v2
円花蜂,まるはなばち,animal|nature,auto,wnja:1.1-compatible-roots-v2
凝り屋,こりや,person_job,auto,wnja:1.1-compatible-roots-v2
処女膜,しょじょまく,body,auto,wnja:1.1-compatible-roots-v2
出し汁,だしじる,food,auto,wnja:1.1-compatible-roots-v2
出っ歯,でっぱ,body,auto,wnja:1.1-compatible-roots-v2
出来星,できぼし,person_job,auto,wnja:1.1-compatible-roots-v2
出歯亀,でばかめ,person_job,auto,wnja:1.1-compatible-roots-v2
出資者,しゅっししゃ,person_job,auto,wnja:1.1-compatible-roots-v2
出願者,しゅつがんしゃ,person_job,auto,wnja:1.1-compatible-roots-v2
分限者,ぶげんしゃ,person_job,auto,wnja:1.1-compatible-roots-v2
制動手,せいどうしゅ,person_job,auto,wnja:1.1-compatible-roots-v2
制御棒,せいぎょぼう,daily_tools,auto,wnja:1.1-compatible-roots-v2
剃り刃,そりば,daily_tools,auto,wnja:1.1-compatible-roots-v2
前奏曲,ぜんそうきょく,music,auto,wnja:1.1-compatible-roots-v2
前市長,ぜんしちょう,person_job,auto,wnja:1.1-compatible-roots-v2
前立て,まえだて,body,auto,wnja:1.1-compatible-roots-v2
前鋸筋,ぜんきょきん,body,auto,wnja:1.1-compatible-roots-v2
前頭葉,ぜんとうよう,body,auto,wnja:1.1-compatible-roots-v2
前頭骨,ぜんとうこつ,body,auto,wnja:1.1-compatible-roots-v2
剣闘士,けんとうし,person_job,auto,wnja:1.1-compatible-roots-v2
副検事,ふくけんじ,person_job,auto,wnja:1.1-compatible-roots-v2
副神経,ふくしんけい,body,auto,wnja:1.1-compatible-roots-v2
副総裁,ふくそうさい,person_job,auto,wnja:1.1-compatible-roots-v2
副議長,ふくぎちょう,person_job,auto,wnja:1.1-compatible-roots-v2
副鼻腔,ふくびくう,body,auto,wnja:1.1-compatible-roots-v2
割烹店,かっぽうてん,place_building,auto,wnja:1.1-compatible-roots-v2
創世記,そうせいき,music,auto,wnja:1.1-compatible-roots-v2
創立者,そうりつしゃ,person_job,auto,wnja:1.1-compatible-roots-v2
創設者,そうせつしゃ,person_job,auto,wnja:1.1-compatible-roots-v2
創造者,そうぞうしゃ,person_job,auto,wnja:1.1-compatible-roots-v2
助け手,たすけて,person_job,auto,wnja:1.1-compatible-roots-v2
助兵衛,すけべえ,person_job,auto,wnja:1.1-compatible-roots-v2
助産婦,じょさんぷ,person_job,auto,wnja:1.1-compatible-roots-v2
労働歌,ろうどうか,music,auto,wnja:1.1-compatible-roots-v2
労務者,ろうむしゃ,person_job,auto,wnja:1.1-compatible-roots-v2
動原体,どうげんたい,body,auto,wnja:1.1-compatible-roots-v2
動脈管,どうみゃくかん,body,auto,wnja:1.1-compatible-roots-v2
勝利者,しょうりしゃ,person_job,auto,wnja:1.1-compatible-roots-v2
勝負師,しょうぶし,person_job,auto,wnja:1.1-compatible-roots-v2
勤労者,きんろうしゃ,person_job,auto,wnja:1.1-compatible-roots-v2
勧進元,かんじんもと,person_job,auto,wnja:1.1-compatible-roots-v2
勿忘草,わすれなぐさ,plant|nature,reviewed,wnja:12822115-n
千鳥草,ちどりそう,plant|nature,auto,wnja:1.1-compatible-roots-v2
半熟卵,はんじゅくたまご,food,auto,wnja:1.1-compatible-roots-v2
半規管,はんきかん,body,auto,wnja:1.1-compatible-roots-v2
半透膜,はんとうまく,body,auto,wnja:1.1-compatible-roots-v2
半風子,はんぷうし,animal|nature,auto,wnja:1.1-compatible-roots-v2
卓越風,たくえつふう,nature,auto,wnja:1.1-compatible-roots-v2
協奏曲,きょうそうきょく,music,auto,wnja:1.1-compatible-roots-v2
南寄り,みなみより,nature,auto,wnja:1.1-compatible-roots-v2
単葉機,たんようき,vehicle,auto,wnja:1.1-compatible-roots-v2
占有者,せんゆうしゃ,person_job,auto,wnja:1.1-compatible-roots-v2
卸問屋,おろしどんや,person_job,auto,wnja:1.1-compatible-roots-v2
原腸胚,げんちょうはい,animal|nature,auto,wnja:1.1-compatible-roots-v2
厭世家,えんせいか,person_job,auto,wnja:1.1-compatible-roots-v2
去勢牛,きょせいぎゅう,animal|nature,auto,wnja:1.1-compatible-roots-v2
参事官,さんじかん,person_job,auto,wnja:1.1-compatible-roots-v2
参考人,さんこうにん,person_job,auto,wnja:1.1-compatible-roots-v2
参謀長,さんぼうちょう,person_job,auto,wnja:1.1-compatible-roots-v2
又従兄,またいとこ,person_job,auto,wnja:1.1-compatible-roots-v2
双翅類,そうしるい,animal|nature,auto,wnja:1.1-compatible-roots-v2
反射弓,はんしゃきゅう,body,auto,wnja:1.1-compatible-roots-v2
反逆者,はんぎゃくしゃ,person_job,auto,wnja:1.1-compatible-roots-v2
収入役,しゅうにゅうやく,person_job,auto,wnja:1.1-compatible-roots-v2
取り手,とりて,person_job,auto,wnja:1.1-compatible-roots-v2
受け方,うけかた,person_job,auto,wnja:1.1-compatible-roots-v2
受信人,じゅしんにん,person_job,auto,wnja:1.1-compatible-roots-v2
受刑者,じゅけいしゃ,person_job,auto,wnja:1.1-compatible-roots-v2
受容体,じゅようたい,body,auto,wnja:1.1-compatible-roots-v2
受容器,じゅようき,body,auto,wnja:1.1-compatible-roots-v2
受益者,じゅえきしゃ,person_job,auto,wnja:1.1-compatible-roots-v2
受精膜,じゅせいまく,body,auto,wnja:1.1-compatible-roots-v2
受給者,じゅきゅうしゃ,person_job,auto,wnja:1.1-compatible-roots-v2
受講者,じゅこうしゃ,person_job,auto,wnja:1.1-compatible-roots-v2
受験者,じゅけんしゃ,person_job,auto,wnja:1.1-compatible-roots-v2
口抜き,くちぬき,daily_tools,auto,wnja:1.1-compatible-roots-v2
口蓋垂,こうがいすい,body,auto,wnja:1.1-compatible-roots-v2
口蓋骨,こうがいこつ,body,auto,wnja:1.1-compatible-roots-v2
古参兵,こさんへい,person_job,auto,wnja:1.1-compatible-roots-v2
古強者,ふるつわもの,person_job,auto,wnja:1.1-compatible-roots-v2
叩き肉,たたきにく,food,auto,wnja:1.1-compatible-roots-v2
召替え,めしかえ,clothing,auto,wnja:1.1-compatible-roots-v2
右心室,うしんしつ,body,auto,wnja:1.1-compatible-roots-v2
右心房,うしんぼう,body,auto,wnja:1.1-compatible-roots-v2
司法官,しほうかん,person_job,auto,wnja:1.1-compatible-roots-v2
合の子,あいのこ,person_job,auto,wnja:1.1-compatible-roots-v2
合宿所,がっしゅくじょ,place_building,auto,wnja:1.1-compatible-roots-v2
合衆国,がっしゅうこく,country,auto,wnja:1.1-compatible-roots-v2
同伴者,どうはんしゃ,person_job,auto,wnja:1.1-compatible-roots-v2
同居人,どうきょにん,person_job,auto,wnja:1.1-compatible-roots-v2
同調者,どうちょうしゃ,person_job,auto,wnja:1.1-compatible-roots-v2
名取草,なとりぐさ,plant|nature,auto,wnja:1.1-compatible-roots-v2
含羞草,おじぎそう,plant|nature,auto,wnja:1.1-compatible-roots-v2
呉れ手,くれて,person_job,auto,wnja:1.1-compatible-roots-v2
咀嚼筋,そしゃくきん,body,auto,wnja:1.1-compatible-roots-v2
和三盆,わさんぼん,food,auto,wnja:1.1-compatible-roots-v2
唐変木,とうへんぼく,person_job,auto,wnja:1.1-compatible-roots-v2
唐獅子,からじし,animal|nature,auto,wnja:1.1-compatible-roots-v2
唐茄子,とうなす,food|vegetable,reviewed,wnja:07735510-n
商い屋,あきないや,person_job,auto,wnja:1.1-compatible-roots-v2
喜歌劇,きかげき,music,auto,wnja:1.1-compatible-roots-v2
嗅神経,きゅうしんけい,body,auto,wnja:1.1-compatible-roots-v2
噴火山,ふんかざん,nature|place_building,auto,wnja:1.1-compatible-roots-v2
囃子方,はやしかた,person_job,auto,wnja:1.1-compatible-roots-v2
四つ足,よつあし,animal|nature,auto,wnja:1.1-compatible-roots-v2
四十雀,しじゅうから,animal|nature,auto,wnja:1.1-compatible-roots-v2
四重奏,しじゅうそう,music,auto,wnja:1.1-compatible-roots-v2
回し者,まわしもの,person_job,auto,wnja:1.1-compatible-roots-v2
回外筋,かいがいきん,body,auto,wnja:1.1-compatible-roots-v2
回教徒,かいきょうと,person_job,auto,wnja:1.1-compatible-roots-v2
回盲弁,かいもうべん,body,auto,wnja:1.1-compatible-roots-v2
囲い者,かこいもの,person_job,auto,wnja:1.1-compatible-roots-v2
園芸家,えんげいか,person_job,auto,wnja:1.1-compatible-roots-v2
地溝帯,ちこうたい,nature|place_building,auto,wnja:1.1-compatible-roots-v2
地球人,ちきゅうじん,person_job,auto,wnja:1.1-compatible-roots-v2
垂れ絹,たれぎぬ,daily_tools,auto,wnja:1.1-compatible-roots-v2
垂乳根,たらちね,person_job,auto,wnja:1.1-compatible-roots-v2
埋葬地,まいそうち,place_building,auto,wnja:1.1-compatible-roots-v2
執政官,しっせいかん,person_job,auto,wnja:1.1-compatible-roots-v2
執行部,しっこうぶ,person_job,auto,wnja:1.1-compatible-roots-v2
培養基,ばいようき,food,auto,wnja:1.1-compatible-roots-v2
基底膜,きていまく,body,auto,wnja:1.1-compatible-roots-v2
堅パン,かたぱん,food,auto,wnja:1.1-compatible-roots-v2
堕天使,だてんし,person_job,auto,wnja:1.1-compatible-roots-v2
塵溜め,ごみため,place_building,auto,wnja:1.1-compatible-roots-v2
墓掘り,はかほり,person_job,auto,wnja:1.1-compatible-roots-v2
士君子,しくんし,person_job,auto,wnja:1.1-compatible-roots-v2
売国奴,ばいこくど,person_job,auto,wnja:1.1-compatible-roots-v2
変光星,へんこうせい,nature,auto,wnja:1.1-compatible-roots-v2
変奏曲,へんそうきょく,music,auto,wnja:1.1-compatible-roots-v2
変質者,へんしつしゃ,person_job,auto,wnja:1.1-compatible-roots-v2
夕めし,ゆうめし,food,auto,wnja:1.1-compatible-roots-v2
外交家,がいこうか,person_job,auto,wnja:1.1-compatible-roots-v2
外惑星,がいわくせい,nature,auto,wnja:1.1-compatible-roots-v2
外来者,がいらいしゃ,person_job,auto,wnja:1.1-compatible-roots-v2
外皮系,がいひけい,body,auto,wnja:1.1-compatible-roots-v2
外耳道,がいじどう,body,auto,wnja:1.1-compatible-roots-v2
外輪船,がいりんせん,vehicle,reviewed,wnja:03874138-n
外骨格,がいこっかく,body,auto,wnja:1.1-compatible-roots-v2
多重星,たじゅうせい,nature,auto,wnja:1.1-compatible-roots-v2
夜会服,やかいふく,clothing,auto,wnja:1.1-compatible-roots-v2
夜想曲,やそうきょく,music,auto,wnja:1.1-compatible-roots-v2
夢想家,むそうか,person_job,auto,wnja:1.1-compatible-roots-v2
大主教,だいしゅきょう,person_job,auto,wnja:1.1-compatible-roots-v2
大入道,おおにゅうどう,person_job,auto,wnja:1.1-compatible-roots-v2
大司教,だいしきょう,person_job,auto,wnja:1.1-compatible-roots-v2
大学者,だいがくしゃ,person_job,auto,wnja:1.1-compatible-roots-v2
大宮人,おおみやびと,person_job,auto,wnja:1.1-compatible-roots-v2
大惑星,だいわくせい,nature,auto,wnja:1.1-compatible-roots-v2
大猩々,おおしょうじょう,animal|nature,auto,wnja:1.1-compatible-roots-v2
大白鳥,おおはくちょう,animal|nature,auto,wnja:1.1-compatible-roots-v2
大立者,おおだてもの,person_job,auto,wnja:1.1-compatible-roots-v2
大経師,だいきょうじ,person_job,auto,wnja:1.1-compatible-roots-v2
大胸筋,だいきょうきん,body,auto,wnja:1.1-compatible-roots-v2
大腿骨,だいたいこつ,body,auto,wnja:1.1-compatible-roots-v2
大臼歯,だいきゅうし,body,auto,wnja:1.1-compatible-roots-v2
大茴香,だいういきょう,food,auto,wnja:1.1-compatible-roots-v2
大親友,だいしんゆう,person_job,auto,wnja:1.1-compatible-roots-v2
大豆粕,だいずかす,food,auto,wnja:1.1-compatible-roots-v2
大陸棚,たいりくだな,nature|place_building,auto,wnja:1.1-compatible-roots-v2
大静脈,だいじょうみゃく,body,auto,wnja:1.1-compatible-roots-v2
大風子,だいふうし,plant|nature,auto,wnja:1.1-compatible-roots-v2
天才児,てんさいじ,person_job,auto,wnja:1.1-compatible-roots-v2
天文家,てんもんか,person_job,auto,wnja:1.1-compatible-roots-v2
太刀魚,たちうお,animal|nature,auto,wnja:1.1-compatible-roots-v2
夾竹桃,きょうちくとう,plant|nature,auto,wnja:1.1-compatible-roots-v2
奇術師,きじゅつし,person_job,auto,wnja:1.1-compatible-roots-v2
奏鳴曲,そうめいきょく,music,auto,wnja:1.1-compatible-roots-v2
女友達,おんなともだち,person_job,auto,wnja:1.1-compatible-roots-v2
女子衆,おなごしゅう,person_job,auto,wnja:1.1-compatible-roots-v2
女学生,じょがくせい,person_job,auto,wnja:1.1-compatible-roots-v2
女房役,にょうぼうやく,person_job,auto,wnja:1.1-compatible-roots-v2
女生徒,じょせいと,person_job,auto,wnja:1.1-compatible-roots-v2
好色家,こうしょくか,person_job,auto,wnja:1.1-compatible-roots-v2
好色漢,こうしょくかん,person_job,auto,wnja:1.1-compatible-roots-v2
妃殿下,ひでんか,person_job,auto,wnja:1.1-compatible-roots-v2
始祖鳥,しそちょう,animal|nature,auto,wnja:1.1-compatible-roots-v2
姐さん,あねさん,person_job,auto,wnja:1.1-compatible-roots-v2
姪っ子,めいっこ,person_job,auto,wnja:1.1-compatible-roots-v2
姫御前,ひめごぜ,person_job,auto,wnja:1.1-compatible-roots-v2
婆さん,ばあさん,person_job,auto,wnja:1.1-compatible-roots-v2
婆羅門,ばらもん,animal|nature,auto,wnja:1.1-compatible-roots-v2
婦女子,ふじょし,person_job,auto,wnja:1.1-compatible-roots-v2
子ヤギ,こやぎ,animal|nature,auto,wnja:1.1-compatible-roots-v2
子安貝,こやすがい,animal|nature,auto,wnja:1.1-compatible-roots-v2
孫息子,まごむすこ,person_job,auto,wnja:1.1-compatible-roots-v2
守銭奴,しゅせんど,person_job,auto,wnja:1.1-compatible-roots-v2
安全帽,あんぜんぼう,clothing,auto,wnja:1.1-compatible-roots-v2
定小屋,じょうごや,place_building,auto,wnja:1.1-compatible-roots-v2
定旋律,ていせんりつ,music,auto,wnja:1.1-compatible-roots-v2
定期船,ていきせん,vehicle,auto,wnja:1.1-compatible-roots-v2
宝物殿,ほうもつでん,place_building,auto,wnja:1.1-compatible-roots-v2
宝石商,ほうせきしょう,person_job,auto,wnja:1.1-compatible-roots-v2
実習生,じっしゅうせい,person_job,auto,wnja:1.1-compatible-roots-v2
実験台,じっけんだい,person_job,auto,wnja:1.1-compatible-roots-v2
宮中伯,きゅうちゅうはく,person_job,auto,wnja:1.1-compatible-roots-v2
宮大工,みやだいく,person_job,auto,wnja:1.1-compatible-roots-v2
家刀自,いえとじ,person_job,auto,wnja:1.1-compatible-roots-v2
家持ち,いえもち,person_job,auto,wnja:1.1-compatible-roots-v2
宿借り,やどかり,person_job,auto,wnja:1.1-compatible-roots-v2
宿泊客,しゅくはくきゃく,person_job,auto,wnja:1.1-compatible-roots-v2
宿無し,やどなし,person_job,auto,wnja:1.1-compatible-roots-v2
寄稿家,きこうか,person_job,auto,wnja:1.1-compatible-roots-v2
密猟者,みつりょうしゃ,person_job,auto,wnja:1.1-compatible-roots-v2
密航者,みっこうしゃ,person_job,auto,wnja:1.1-compatible-roots-v2
密造酒,みつぞうしゅ,food,auto,wnja:1.1-compatible-roots-v2
富貴草,ふうきぐさ,plant|nature,auto,wnja:1.1-compatible-roots-v2
審判官,しんぱんかん,person_job,auto,wnja:1.1-compatible-roots-v2
審査官,しんさかん,person_job,auto,wnja:1.1-compatible-roots-v2
対位法,たいいほう,music,auto,wnja:1.1-compatible-roots-v2
対抗馬,たいこうば,person_job,auto,wnja:1.1-compatible-roots-v2
対話者,たいわしゃ,person_job,auto,wnja:1.1-compatible-roots-v2
専門医,せんもんい,person_job,auto,wnja:1.1-compatible-roots-v2
射石砲,しゃせきほう,instrument|music,auto,wnja:1.1-compatible-roots-v2
射精管,しゃせいかん,body,auto,wnja:1.1-compatible-roots-v2
小作人,こさくにん,person_job,auto,wnja:1.1-compatible-roots-v2
小作農,こさくのう,person_job,auto,wnja:1.1-compatible-roots-v2
小判鮫,こばんざめ,animal|nature,auto,wnja:1.1-compatible-roots-v2
小型犬,こがたけん,animal|nature,reviewed,wnja:02085374-n
小売商,こうりしょう,person_job,auto,wnja:1.1-compatible-roots-v2
小夜曲,さよきょく,music,auto,wnja:1.1-compatible-roots-v2
小百合,さゆり,plant|nature,auto,wnja:1.1-compatible-roots-v2
小糠雨,こぬかあめ,nature,auto,wnja:1.1-compatible-roots-v2
小間使,こまづかい,person_job,auto,wnja:1.1-compatible-roots-v2
就業者,しゅうぎょうしゃ,person_job,auto,wnja:1.1-compatible-roots-v2
尼法師,あまほうし,person_job,auto,wnja:1.1-compatible-roots-v2
尾長猿,おながざる,animal|nature,auto,wnja:1.1-compatible-roots-v2
局外者,きょくがいしゃ,person_job,auto,wnja:1.1-compatible-roots-v2
屋根屋,やねや,person_job,auto,wnja:1.1-compatible-roots-v2
山の背,やまのせ,nature|place_building,auto,wnja:1.1-compatible-roots-v2
山査子,さんざし,plant|nature,auto,wnja:1.1-compatible-roots-v2
山紅葉,やまもみじ,plant|nature,auto,wnja:1.1-compatible-roots-v2
岡っ引,おかっぴき,person_job,auto,wnja:1.1-compatible-roots-v2
岩団扇,いわうちわ,plant|nature,auto,wnja:1.1-compatible-roots-v2
川っ縁,かわっぷち,nature|place_building,auto,wnja:1.1-compatible-roots-v2
川べり,かわべり,nature|place_building,auto,wnja:1.1-compatible-roots-v2
川螻蛄,かわげら,animal|nature,auto,wnja:1.1-compatible-roots-v2
巡視船,じゅんしせん,vehicle,reviewed,wnja:03900194-n
工作員,こうさくいん,person_job,auto,wnja:1.1-compatible-roots-v2
工務店,こうむてん,person_job,auto,wnja:1.1-compatible-roots-v2
左心室,さしんしつ,body,auto,wnja:1.1-compatible-roots-v2
左心房,さしんぼう,body,auto,wnja:1.1-compatible-roots-v2
巻層雲,けんそううん,nature,auto,wnja:1.1-compatible-roots-v2
帯水層,たいすいそう,nature|place_building,auto,wnja:1.1-compatible-roots-v2
帯状回,たいじょうかい,body,auto,wnja:1.1-compatible-roots-v2
常得意,じょうとくい,person_job,auto,wnja:1.1-compatible-roots-v2
常磐木,ときわぎ,plant|nature,auto,wnja:1.1-compatible-roots-v2
常習犯,じょうしゅうはん,person_job,auto,wnja:1.1-compatible-roots-v2
常設館,じょうせつかん,place_building,auto,wnja:1.1-compatible-roots-v2
幌馬車,ほろばしゃ,vehicle,auto,wnja:1.1-compatible-roots-v2
幕間劇,まくあいげき,music,auto,wnja:1.1-compatible-roots-v2
干し肉,ほしにく,food,auto,wnja:1.1-compatible-roots-v2
平滑筋,へいかつきん,body,auto,wnja:1.1-compatible-roots-v2
平野水,ひらのすい,food,auto,wnja:1.1-compatible-roots-v2
年長者,ねんちょうしゃ,person_job,auto,wnja:1.1-compatible-roots-v2
幻想曲,げんそうきょく,music,auto,wnja:1.1-compatible-roots-v2
幻日環,げんじつかん,nature,auto,wnja:1.1-compatible-roots-v2
広背筋,こうはいきん,body,auto,wnja:1.1-compatible-roots-v2
府知事,ふちじ,person_job,auto,wnja:1.1-compatible-roots-v2
延命草,えんめいそう,plant|nature,auto,wnja:1.1-compatible-roots-v2
弁慶草,べんけいそう,plant|nature,auto,wnja:1.1-compatible-roots-v2
弁護人,べんごにん,person_job,auto,wnja:1.1-compatible-roots-v2
弁鰓類,べんさいるい,animal|nature,auto,wnja:1.1-compatible-roots-v2
弓道家,きゅうどうか,person_job,auto,wnja:1.1-compatible-roots-v2
引き幕,ひきまく,daily_tools,auto,wnja:1.1-compatible-roots-v2
引く手,ひくて,person_job,auto,wnja:1.1-compatible-roots-v2
引受人,ひきうけにん,person_job,auto,wnja:1.1-compatible-roots-v2
引揚者,ひきあげしゃ,person_job,auto,wnja:1.1-compatible-roots-v2
弟弟子,おとうとでし,person_job,auto,wnja:1.1-compatible-roots-v2
強迫性,きょうはくせい,person_job,auto,wnja:1.1-compatible-roots-v2
当局者,とうきょくしゃ,person_job,auto,wnja:1.1-compatible-roots-v2
征服者,せいふくしゃ,person_job,auto,wnja:1.1-compatible-roots-v2
待宵草,まつよいぐさ,plant|nature,auto,wnja:1.1-compatible-roots-v2
後ろ帯,うしろおび,person_job,auto,wnja:1.1-compatible-roots-v2
後ろ脚,うしろあし,body,auto,wnja:1.1-compatible-roots-v2
後背地,こうはいち,place_building,auto,wnja:1.1-compatible-roots-v2
後頭葉,こうとうよう,body,auto,wnja:1.1-compatible-roots-v2
後頭骨,こうとうこつ,body,auto,wnja:1.1-compatible-roots-v2
徒刑囚,とけいしゅう,person_job,auto,wnja:1.1-compatible-roots-v2
従業者,じゅうぎょうしゃ,person_job,auto,wnja:1.1-compatible-roots-v2
得意客,とくいきゃく,person_job,auto,wnja:1.1-compatible-roots-v2
御用達,ごようたし,person_job,auto,wnja:1.1-compatible-roots-v2
御神酒,おみき,food,auto,wnja:1.1-compatible-roots-v2
御菓子,おかし,food,auto,wnja:1.1-compatible-roots-v2
循環系,じゅんかんけい,body,auto,wnja:1.1-compatible-roots-v2
微小管,びしょうかん,body,auto,wnja:1.1-compatible-roots-v2
微惑星,びわくせい,nature,auto,wnja:1.1-compatible-roots-v2
徳利蜂,とっくりばち,animal|nature,auto,wnja:1.1-compatible-roots-v2
心内膜,しんないまく,body,auto,wnja:1.1-compatible-roots-v2
心字池,しんじいけ,nature|place_building,auto,wnja:1.1-compatible-roots-v2
志願兵,しがんへい,person_job,auto,wnja:1.1-compatible-roots-v2
快男児,かいだんじ,person_job,auto,wnja:1.1-compatible-roots-v2
念押し,ねんおし,person_job,auto,wnja:1.1-compatible-roots-v2
思い者,おもいもの,person_job,auto,wnja:1.1-compatible-roots-v2
性感帯,せいかんたい,body,auto,wnja:1.1-compatible-roots-v2
恒星船,こうせいせん,vehicle,reviewed,wnja:04304215-n
愛国者,あいこくしゃ,person_job,auto,wnja:1.1-compatible-roots-v2
愛弟子,まなでし,person_job,auto,wnja:1.1-compatible-roots-v2
愛書家,あいしょか,person_job,auto,wnja:1.1-compatible-roots-v2
感覚器,かんかくき,body,auto,wnja:1.1-compatible-roots-v2
慰安婦,いあんふ,person_job,auto,wnja:1.1-compatible-roots-v2
成年者,せいねんしゃ,person_job,auto,wnja:1.1-compatible-roots-v2
戦列艦,せんれつかん,vehicle,auto,wnja:1.1-compatible-roots-v2
戦術家,せんじゅつか,person_job,auto,wnja:1.1-compatible-roots-v2
戦闘員,せんとういん,person_job,auto,wnja:1.1-compatible-roots-v2
戦闘帽,せんとうぼう,clothing,auto,wnja:1.1-compatible-roots-v2
所属長,しょぞくちょう,person_job,auto,wnja:1.1-compatible-roots-v2
所帯主,しょたいぬし,person_job,auto,wnja:1.1-compatible-roots-v2
所持者,しょじしゃ,person_job,auto,wnja:1.1-compatible-roots-v2
所有主,しょゆうぬし,person_job,auto,wnja:1.1-compatible-roots-v2
扁桃体,へんとうたい,body,auto,wnja:1.1-compatible-roots-v2
手つき,てつき,person_job,auto,wnja:1.1-compatible-roots-v2
手利き,てきき,person_job,auto,wnja:1.1-compatible-roots-v2
手根管,しゅこんかん,body,auto,wnja:1.1-compatible-roots-v2
手根骨,しゅこんこつ,body,auto,wnja:1.1-compatible-roots-v2
手道具,てどうぐ,daily_tools,auto,wnja:1.1-compatible-roots-v2
手関節,しゅかんせつ,body,auto,wnja:1.1-compatible-roots-v2
手風琴,てふうきん,instrument|music,reviewed,wnja:02672831-n
打ち棒,うちぼう,daily_tools,auto,wnja:1.1-compatible-roots-v2
承認者,しょうにんしゃ,person_job,auto,wnja:1.1-compatible-roots-v2
技術家,ぎじゅつか,person_job,auto,wnja:1.1-compatible-roots-v2
技術屋,ぎじゅつや,person_job,auto,wnja:1.1-compatible-roots-v2
抜け作,ぬけさく,person_job,auto,wnja:1.1-compatible-roots-v2
担ぎ屋,かつぎや,person_job,auto,wnja:1.1-compatible-roots-v2
担税者,たんぜいしゃ,person_job,auto,wnja:1.1-compatible-roots-v2
括約筋,かつやくきん,body,auto,wnja:1.1-compatible-roots-v2
拮抗筋,きっこうきん,body,auto,wnja:1.1-compatible-roots-v2
拾得者,しゅうとくしゃ,person_job,auto,wnja:1.1-compatible-roots-v2
指南役,しなんやく,person_job,auto,wnja:1.1-compatible-roots-v2
指南番,しなんばん,person_job,auto,wnja:1.1-compatible-roots-v2
指導員,しどういん,person_job,auto,wnja:1.1-compatible-roots-v2
挙尾虫,しりあげ,animal|nature,auto,wnja:1.1-compatible-roots-v2
捕鯨船,ほげいせん,vehicle,auto,wnja:1.1-compatible-roots-v2
捨て場,すてば,place_building,auto,wnja:1.1-compatible-roots-v2
捨て子,すてご,person_job,auto,wnja:1.1-compatible-roots-v2
掃海艇,そうかいてい,vehicle,reviewed,wnja:03769100-n
掛け汁,かけじる,food,auto,wnja:1.1-compatible-roots-v2
探求者,たんきゅうしゃ,person_job,auto,wnja:1.1-compatible-roots-v2
控訴人,こうそにん,person_job,auto,wnja:1.1-compatible-roots-v2
提出者,ていしゅつしゃ,person_job,auto,wnja:1.1-compatible-roots-v2
握り屋,にぎりや,person_job,auto,wnja:1.1-compatible-roots-v2
搭乗員,とうじょういん,person_job,auto,wnja:1.1-compatible-roots-v2
撒水車,さんすいしゃ,vehicle,auto,wnja:1.1-compatible-roots-v2
撞木鮫,しゅもくざめ,animal|nature,auto,wnja:1.1-compatible-roots-v2
操縦桿,そうじゅうかん,daily_tools,auto,wnja:1.1-compatible-roots-v2
操舵手,そうだしゅ,person_job,auto,wnja:1.1-compatible-roots-v2
支配人,しはいにん,person_job,auto,wnja:1.1-compatible-roots-v2
改革派,かいかくは,person_job,auto,wnja:1.1-compatible-roots-v2
攻撃機,こうげきき,vehicle,auto,wnja:1.1-compatible-roots-v2
攻撃者,こうげきしゃ,person_job,auto,wnja:1.1-compatible-roots-v2
放火魔,ほうかま,person_job,auto,wnja:1.1-compatible-roots-v2
政治屋,せいじや,person_job,auto,wnja:1.1-compatible-roots-v2
救い主,すくいぬし,person_job,auto,wnja:1.1-compatible-roots-v2
教会員,きょうかいいん,person_job,auto,wnja:1.1-compatible-roots-v2
教会堂,きょうかいどう,place_building,auto,wnja:1.1-compatible-roots-v2
教唆犯,きょうさはん,person_job,auto,wnja:1.1-compatible-roots-v2
教皇庁,きょうこうちょう,country,auto,wnja:1.1-compatible-roots-v2
教習生,きょうしゅうせい,person_job,auto,wnja:1.1-compatible-roots-v2
教育家,きょういくか,person_job,auto,wnja:1.1-compatible-roots-v2
教育長,きょういくちょう,person_job,auto,wnja:1.1-compatible-roots-v2
教誨師,きょうかいし,person_job,auto,wnja:1.1-compatible-roots-v2
数学者,すうがくしゃ,person_job,auto,wnja:1.1-compatible-roots-v2
敵対者,てきたいしゃ,person_job,auto,wnja:1.1-compatible-roots-v2
文学者,ぶんがくしゃ,person_job,auto,wnja:1.1-compatible-roots-v2
斧足類,ふそくるい,animal|nature,auto,wnja:1.1-compatible-roots-v2
新世界,しんせかい,place_building,auto,wnja:1.1-compatible-roots-v2
新参者,しんざんもの,person_job,auto,wnja:1.1-compatible-roots-v2
新生児,しんせいじ,person_job,auto,wnja:1.1-compatible-roots-v2
新皮質,しんひしつ,body,auto,wnja:1.1-compatible-roots-v2
新石器,しんせっき,daily_tools,auto,wnja:1.1-compatible-roots-v2
新聞屋,しんぶんや,person_job,auto,wnja:1.1-compatible-roots-v2
旅商い,たびあきない,person_job,auto,wnja:1.1-compatible-roots-v2
旅商人,たびあきんど,person_job,auto,wnja:1.1-compatible-roots-v2
旅行家,りょこうか,person_job,auto,wnja:1.1-compatible-roots-v2
日々草,にちにちそう,plant|nature,auto,wnja:1.1-compatible-roots-v2
日本鹿,にほんじか,animal|nature,auto,wnja:1.1-compatible-roots-v2
旧皮質,きゅうひしつ,body,auto,wnja:1.1-compatible-roots-v2
旧石器,きゅうせっき,daily_tools,auto,wnja:1.1-compatible-roots-v2
早乙女,さおとめ,person_job,auto,wnja:1.1-compatible-roots-v2
早産児,そうざんじ,person_job,auto,wnja:1.1-compatible-roots-v2
昔蜥蜴,むかしとかげ,animal|nature,auto,wnja:1.1-compatible-roots-v2
星宝貝,ほしだからがい,animal|nature,auto,wnja:1.1-compatible-roots-v2
星状体,せいじょうたい,body,auto,wnja:1.1-compatible-roots-v2
映日果,えいじつか,food|fruit,auto,wnja:1.1-compatible-roots-v2
晩白柚,ばんぺいゆ,plant|nature,auto,wnja:1.1-compatible-roots-v2
暴れ者,あばれもの,person_job,auto,wnja:1.1-compatible-roots-v2
書き手,かきて,person_job,auto,wnja:1.1-compatible-roots-v2
書記官,しょきかん,person_job,auto,wnja:1.1-compatible-roots-v2
月夜見,つくよみ,nature,auto,wnja:1.1-compatible-roots-v2
有の実,ありのみ,food|fruit,auto,wnja:1.1-compatible-roots-v2
有蓋車,ゆうがいしゃ,vehicle,auto,wnja:1.1-compatible-roots-v2
有蹄類,ゆうているい,animal|nature,auto,wnja:1.1-compatible-roots-v2
服役囚,ふくえきしゅう,person_job,auto,wnja:1.1-compatible-roots-v2
朝鮮人,ちょうせんじん,person_job,auto,wnja:1.1-compatible-roots-v2
木天蓼,またたび,plant|nature,reviewed,wnja:12371704-n
木太刀,きだち,daily_tools,auto,wnja:1.1-compatible-roots-v2
未開地,みかいち,place_building,auto,wnja:1.1-compatible-roots-v2
本の虫,ほんのむし,person_job,auto,wnja:1.1-compatible-roots-v2
本読み,ほんよみ,person_job,auto,wnja:1.1-compatible-roots-v2
朴念仁,ぼくねんじん,person_job,auto,wnja:1.1-compatible-roots-v2
来観者,らいかんしゃ,person_job,auto,wnja:1.1-compatible-roots-v2
東半球,ひがしはんきゅう,place_building,auto,wnja:1.1-compatible-roots-v2
東西屋,とうざいや,person_job,auto,wnja:1.1-compatible-roots-v2
松果体,しょうかたい,body,auto,wnja:1.1-compatible-roots-v2
松葉杖,まつばづえ,daily_tools,auto,wnja:1.1-compatible-roots-v2
板状筋,ばんじょうきん,body,auto,wnja:1.1-compatible-roots-v2
果実酒,かじつしゅ,food,auto,wnja:1.1-compatible-roots-v2
枝垂柳,しだれやなぎ,plant|nature,auto,wnja:1.1-compatible-roots-v2
枢機卿,すうききょう,person_job,auto,wnja:1.1-compatible-roots-v2
栃の木,とちのき,plant|nature,auto,wnja:1.1-compatible-roots-v2
栄養物,えいようぶつ,food,auto,wnja:1.1-compatible-roots-v2
核小体,かくしょうたい,body,auto,wnja:1.1-compatible-roots-v2
案内者,あんないしゃ,person_job,auto,wnja:1.1-compatible-roots-v2
棒きれ,ぼうぎれ,daily_tools,auto,wnja:1.1-compatible-roots-v2
棗椰子,なつめやし,food|fruit,auto,wnja:1.1-compatible-roots-v2
検査員,けんさいん,person_job,auto,wnja:1.1-compatible-roots-v2
検査官,けんさかん,person_job,auto,wnja:1.1-compatible-roots-v2
検査役,けんさやく,person_job,auto,wnja:1.1-compatible-roots-v2
椰子科,やしか,plant|nature,auto,wnja:1.1-compatible-roots-v2
極悪人,ごくあくにん,person_job,auto,wnja:1.1-compatible-roots-v2
楽天家,らくてんか,person_job,auto,wnja:1.1-compatible-roots-v2
槍持ち,やりもち,person_job,auto,wnja:1.1-compatible-roots-v2
模範囚,もはんしゅう,person_job,auto,wnja:1.1-compatible-roots-v2
権兵衛,ごんべえ,person_job,auto,wnja:1.1-compatible-roots-v2
権威者,けんいしゃ,person_job,auto,wnja:1.1-compatible-roots-v2
横っ腹,よこっぱら,body,auto,wnja:1.1-compatible-roots-v2
横紋筋,おうもんきん,body,auto,wnja:1.1-compatible-roots-v2
機織鳥,はたおりどり,animal|nature,auto,wnja:1.1-compatible-roots-v2
歌劇場,かげきじょう,place_building,auto,wnja:1.1-compatible-roots-v2
歌歌い,うたうたい,person_job,auto,wnja:1.1-compatible-roots-v2
歯髄腔,しずいこう,body,auto,wnja:1.1-compatible-roots-v2
歴史家,れきしか,person_job,auto,wnja:1.1-compatible-roots-v2
死に馬,しにうま,animal|nature,auto,wnja:1.1-compatible-roots-v2
殉教者,じゅんきょうしゃ,person_job,auto,wnja:1.1-compatible-roots-v2
殺人犯,さつじんはん,person_job,auto,wnja:1.1-compatible-roots-v2
殺人者,さつじんしゃ,person_job,auto,wnja:1.1-compatible-roots-v2
殿上人,てんじょうびと,person_job,auto,wnja:1.1-compatible-roots-v2
母さん,かあさん,person_job,auto,wnja:1.1-compatible-roots-v2
毛抜き,けぬき,daily_tools,auto,wnja:1.1-compatible-roots-v2
毛様体,もうようたい,body,auto,wnja:1.1-compatible-roots-v2
民間人,みんかんじん,person_job,auto,wnja:1.1-compatible-roots-v2
気候帯,きこうたい,place_building,auto,wnja:1.1-compatible-roots-v2
水掻き,みずかき,body,auto,wnja:1.1-compatible-roots-v2
水晶体,すいしょうたい,body,auto,wnja:1.1-compatible-roots-v2
水泳ぎ,みずおよぎ,sport,auto,wnja:1.1-compatible-roots-v2
永久歯,えいきゅうし,body,auto,wnja:1.1-compatible-roots-v2
永住者,えいじゅうしゃ,person_job,auto,wnja:1.1-compatible-roots-v2
沖仲仕,おきなかし,person_job,auto,wnja:1.1-compatible-roots-v2
沖釣り,おきづり,sport,auto,wnja:1.1-compatible-roots-v2
河原鳩,かわらばと,animal|nature,auto,wnja:1.1-compatible-roots-v2
河海豚,かわいるか,animal|nature,auto,wnja:1.1-compatible-roots-v2
油送船,ゆそうせん,vehicle,auto,wnja:1.1-compatible-roots-v2
沿岸部,えんがんぶ,nature|place_building,auto,wnja:1.1-compatible-roots-v2
泌尿器,ひにょうき,body,auto,wnja:1.1-compatible-roots-v2
法務官,ほうむかん,person_job,auto,wnja:1.1-compatible-roots-v2
法学者,ほうがくしゃ,person_job,auto,wnja:1.1-compatible-roots-v2
法律家,ほうりつか,person_job,auto,wnja:1.1-compatible-roots-v2
波の花,なみのはな,food,auto,wnja:1.1-compatible-roots-v2
波乗り,なみのり,sport,reviewed,wnja:00445055-n
泣き虫,なきむし,person_job,auto,wnja:1.1-compatible-roots-v2
泰山木,たいさんぼく,plant|nature,reviewed,wnja:11710136-n
洋芥子,ようがらし,food|plant,auto,wnja:1.1-compatible-roots-v2
洒落男,しゃれおとこ,person_job,auto,wnja:1.1-compatible-roots-v2
洒落者,しゃれもの,person_job,auto,wnja:1.1-compatible-roots-v2
洟たれ,はなたれ,person_job,auto,wnja:1.1-compatible-roots-v2
活動家,かつどうか,person_job,auto,wnja:1.1-compatible-roots-v2
流動食,りゅうどうしょく,food,auto,wnja:1.1-compatible-roots-v2
流星雨,りゅうせいう,nature,auto,wnja:1.1-compatible-roots-v2
浚渫船,しゅんせつせん,vehicle,auto,wnja:1.1-compatible-roots-v2
浜跳虫,はまとびむし,animal|nature,auto,wnja:1.1-compatible-roots-v2
浮れ者,うかれもの,person_job,auto,wnja:1.1-compatible-roots-v2
海の原,わだのはら,nature|place_building,auto,wnja:1.1-compatible-roots-v2
海パン,かいぱん,clothing,auto,wnja:1.1-compatible-roots-v2
海人舟,あまぶね,vehicle,auto,wnja:1.1-compatible-roots-v2
海坊主,うみぼうず,animal|nature,auto,wnja:1.1-compatible-roots-v2
海水魚,かいすいぎょ,food,auto,wnja:1.1-compatible-roots-v2
海秋沙,うみあいさ,animal|nature,auto,wnja:1.1-compatible-roots-v2
海蜘蛛,うみぐも,animal|nature,auto,wnja:1.1-compatible-roots-v2
海賊船,かいぞくせん,vehicle,reviewed,wnja:03947888-n
消化管,しょうかかん,body,auto,wnja:1.1-compatible-roots-v2
消防艇,しょうぼうてい,vehicle,auto,wnja:1.1-compatible-roots-v2
涼み台,すずみだい,daily_tools,auto,wnja:1.1-compatible-roots-v2
淫売婦,いんばいふ,person_job,auto,wnja:1.1-compatible-roots-v2
深山鴉,みやまがらす,animal|nature,auto,wnja:1.1-compatible-roots-v2
深見草,ふかみぐさ,plant|nature,auto,wnja:1.1-compatible-roots-v2
混合酒,こんごうしゅ,food,auto,wnja:1.1-compatible-roots-v2
混血児,こんけつじ,person_job,auto,wnja:1.1-compatible-roots-v2
清算人,せいさんにん,person_job,auto,wnja:1.1-compatible-roots-v2
渡し守,わたしもり,person_job,auto,wnja:1.1-compatible-roots-v2
渡世人,とせいにん,person_job,auto,wnja:1.1-compatible-roots-v2
測量士,そくりょうし,person_job,auto,wnja:1.1-compatible-roots-v2
準男爵,じゅんだんしゃく,person_job,auto,wnja:1.1-compatible-roots-v2
溢れ者,あぶれもの,person_job,auto,wnja:1.1-compatible-roots-v2
溶接工,ようせつこう,person_job,auto,wnja:1.1-compatible-roots-v2
滋養分,じようぶん,food,auto,wnja:1.1-compatible-roots-v2
漁業者,ぎょぎょうしゃ,person_job,auto,wnja:1.1-compatible-roots-v2
漁色家,ぎょしょくか,person_job,auto,wnja:1.1-compatible-roots-v2
演奏家,えんそうか,person_job,auto,wnja:1.1-compatible-roots-v2
演歌師,えんかし,person_job,auto,wnja:1.1-compatible-roots-v2
演舞場,えんぶじょう,place_building,auto,wnja:1.1-compatible-roots-v2
演説者,えんぜつしゃ,person_job,auto,wnja:1.1-compatible-roots-v2
漕ぎ手,こぎて,person_job,auto,wnja:1.1-compatible-roots-v2
漢学者,かんがくしゃ,person_job,auto,wnja:1.1-compatible-roots-v2
潜水夫,せんすいふ,person_job,auto,wnja:1.1-compatible-roots-v2
潜水艇,せんすいてい,vehicle,reviewed,wnja:04347754-n
潜航艇,せんこうてい,vehicle,auto,wnja:1.1-compatible-roots-v2
濁り酒,にごりざけ,food,auto,wnja:1.1-compatible-roots-v2
火消役,ひけしやく,person_job,auto,wnja:1.1-compatible-roots-v2
火葬場,かそうば,place_building,auto,wnja:1.1-compatible-roots-v2
灯台船,とうだいせん,vehicle,auto,wnja:1.1-compatible-roots-v2
灰白質,かいはくしつ,body,auto,wnja:1.1-compatible-roots-v2
灰色熊,はいいろぐま,animal|nature,reviewed,wnja:02132580-n
炭水車,たんすいしゃ,vehicle,auto,wnja:1.1-compatible-roots-v2
無患子,むくろじ,plant|nature,auto,wnja:1.1-compatible-roots-v2
無憂樹,むゆうじゅ,plant|nature,auto,wnja:1.1-compatible-roots-v2
無法者,むほうもの,person_job,auto,wnja:1.1-compatible-roots-v2
無頼漢,ぶらいかん,person_job,auto,wnja:1.1-compatible-roots-v2
熱気球,ねつききゅう,vehicle,reviewed,wnja:03541923-n
爆撃機,ばくげきき,vehicle,reviewed,wnja:02867715-n
爺さん,じいさん,person_job,auto,wnja:1.1-compatible-roots-v2
版画家,はんがか,person_job,auto,wnja:1.1-compatible-roots-v2
牛小屋,うしごや,place_building,auto,wnja:1.1-compatible-roots-v2
牛飼い,うしかい,person_job,auto,wnja:1.1-compatible-roots-v2
牧羊犬,ぼくようけん,animal|nature,auto,wnja:1.1-compatible-roots-v2
牧草地,ぼくそうち,place_building,auto,wnja:1.1-compatible-roots-v2
物取り,ものとり,person_job,auto,wnja:1.1-compatible-roots-v2
物打ち,ものうち,daily_tools,auto,wnja:1.1-compatible-roots-v2
物故者,ぶっこしゃ,person_job,auto,wnja:1.1-compatible-roots-v2
物貰い,ものもらい,person_job,auto,wnja:1.1-compatible-roots-v2
特攻機,とっこうき,vehicle,reviewed,wnja:03608074-n
犬ころ,いぬころ,animal|nature,auto,wnja:1.1-compatible-roots-v2
犬小屋,いぬごや,place_building,auto,wnja:1.1-compatible-roots-v2
狂信者,きょうしんしゃ,person_job,auto,wnja:1.1-compatible-roots-v2
狆ころ,ちんころ,animal|nature,auto,wnja:1.1-compatible-roots-v2
狩り人,かりびと,person_job,auto,wnja:1.1-compatible-roots-v2
独り者,ひとりもの,person_job,auto,wnja:1.1-compatible-roots-v2
猪武者,いのししむしゃ,person_job,auto,wnja:1.1-compatible-roots-v2
献血車,けんけつしゃ,vehicle,auto,wnja:1.1-compatible-roots-v2
獣医師,じゅういし,person_job,auto,wnja:1.1-compatible-roots-v2
玄関子,げんかんし,person_job,auto,wnja:1.1-compatible-roots-v2
玄関番,げんかんばん,person_job,auto,wnja:1.1-compatible-roots-v2
球根類,きゅうこんるい,plant|nature,auto,wnja:1.1-compatible-roots-v2
理想像,りそうぞう,person_job,auto,wnja:1.1-compatible-roots-v2
理想派,りそうは,person_job,auto,wnja:1.1-compatible-roots-v2
理論家,りろんか,person_job,auto,wnja:1.1-compatible-roots-v2
理髪師,りはつし,person_job,auto,wnja:1.1-compatible-roots-v2
生き肝,いきぎも,body,auto,wnja:1.1-compatible-roots-v2
生り木,なりき,plant|nature,auto,wnja:1.1-compatible-roots-v2
生り物,なりもの,plant|nature,auto,wnja:1.1-compatible-roots-v2
生殖器,せいしょくき,body,auto,wnja:1.1-compatible-roots-v2
生殖腺,せいしょくせん,body,auto,wnja:1.1-compatible-roots-v2
生熟れ,なまなれ,person_job,auto,wnja:1.1-compatible-roots-v2
産卵管,さんらんかん,body,auto,wnja:1.1-compatible-roots-v2
用務員,ようむいん,person_job,auto,wnja:1.1-compatible-roots-v2
用水池,ようすいいけ,nature|place_building,auto,wnja:1.1-compatible-roots-v2
田の実,たのみ,food,auto,wnja:1.1-compatible-roots-v2
田作り,たづくり,person_job,auto,wnja:1.1-compatible-roots-v2
田吾作,たごさく,person_job,auto,wnja:1.1-compatible-roots-v2
田舎家,いなかや,place_building,auto,wnja:1.1-compatible-roots-v2
申請者,しんせいしゃ,person_job,auto,wnja:1.1-compatible-roots-v2
申込者,もうしこみしゃ,person_job,auto,wnja:1.1-compatible-roots-v2
略奪者,りゃくだつしゃ,person_job,auto,wnja:1.1-compatible-roots-v2
異分子,いぶんし,person_job,auto,wnja:1.1-compatible-roots-v2
異国人,いこくにん,person_job,auto,wnja:1.1-compatible-roots-v2
病害虫,びょうがいちゅう,animal|nature,auto,wnja:1.1-compatible-roots-v2
病院船,びょういんせん,vehicle,reviewed,wnja:03541269-n
痴れ者,しれもの,person_job,auto,wnja:1.1-compatible-roots-v2
療法士,りょうほうし,person_job,auto,wnja:1.1-compatible-roots-v2
発案者,はつあんしゃ,person_job,auto,wnja:1.1-compatible-roots-v2
発行者,はっこうしゃ,person_job,auto,wnja:1.1-compatible-roots-v2
発言者,はつげんしゃ,person_job,auto,wnja:1.1-compatible-roots-v2
発起人,ほっきにん,person_job,auto,wnja:1.1-compatible-roots-v2
発酵乳,はっこうにゅう,food,auto,wnja:1.1-compatible-roots-v2
登山家,とざんか,person_job,auto,wnja:1.1-compatible-roots-v2
白頭鷲,はくとうわし,animal|nature,auto,wnja:1.1-compatible-roots-v2
百合木,ゆりのき,plant|nature,auto,wnja:1.1-compatible-roots-v2
百日紅,さるすべり,plant|nature,reviewed,wnja:12329260-n
百日草,ひゃくにちそう,plant|nature,auto,wnja:1.1-compatible-roots-v2
皮脂腺,ひしせん,body,auto,wnja:1.1-compatible-roots-v2
盗っ人,ぬすっと,person_job,auto,wnja:1.1-compatible-roots-v2
監察医,かんさつい,person_job,auto,wnja:1.1-compatible-roots-v2
監察官,かんさつかん,person_job,auto,wnja:1.1-compatible-roots-v2
監督官,かんとくかん,person_job,auto,wnja:1.1-compatible-roots-v2
監督者,かんとくしゃ,person_job,auto,wnja:1.1-compatible-roots-v2
目医者,めいしゃ,person_job,auto,wnja:1.1-compatible-roots-v2
目明し,めあかし,person_job,auto,wnja:1.1-compatible-roots-v2
直翅類,ちょくしるい,animal|nature,auto,wnja:1.1-compatible-roots-v2
相撲取,すもうとり,person_job,auto,wnja:1.1-compatible-roots-v2
看護人,かんごにん,person_job,auto,wnja:1.1-compatible-roots-v2
真田虫,さなだむし,animal|nature,auto,wnja:1.1-compatible-roots-v2
眠り姫,ねむりひめ,person_job,auto,wnja:1.1-compatible-roots-v2
眼鏡猿,めがねざる,animal|nature,auto,wnja:1.1-compatible-roots-v2
知り人,しりびと,person_job,auto,wnja:1.1-compatible-roots-v2
短パン,たんぱん,clothing,auto,wnja:1.1-compatible-roots-v2
石切り,いしきり,person_job,auto,wnja:1.1-compatible-roots-v2
石菖藻,せきしょうも,plant|nature,auto,wnja:1.1-compatible-roots-v2
研修医,けんしゅうい,person_job,auto,wnja:1.1-compatible-roots-v2
研修生,けんしゅうせい,person_job,auto,wnja:1.1-compatible-roots-v2
研究員,けんきゅういん,person_job,auto,wnja:1.1-compatible-roots-v2
研究家,けんきゅうか,person_job,auto,wnja:1.1-compatible-roots-v2
破落戸,ごろつき,person_job,auto,wnja:1.1-compatible-roots-v2
磨き布,みがきぬの,daily_tools,auto,wnja:1.1-compatible-roots-v2
磯巾着,いそぎんちゃく,person_job,auto,wnja:1.1-compatible-roots-v2
神学生,しんがくせい,person_job,auto,wnja:1.1-compatible-roots-v2
神学者,しんがくしゃ,person_job,auto,wnja:1.1-compatible-roots-v2
神経管,しんけいかん,body,auto,wnja:1.1-compatible-roots-v2
禾穀類,かこくるい,food,auto,wnja:1.1-compatible-roots-v2
私生児,しせいじ,person_job,auto,wnja:1.1-compatible-roots-v2
科の木,しなのき,plant|nature,auto,wnja:1.1-compatible-roots-v2
移住者,いじゅうしゃ,person_job,auto,wnja:1.1-compatible-roots-v2
種子骨,しゅしこつ,body,auto,wnja:1.1-compatible-roots-v2
稼ぎ手,かせぎて,person_job,auto,wnja:1.1-compatible-roots-v2
稽古着,けいこぎ,clothing,auto,wnja:1.1-compatible-roots-v2
穀潰し,ごくつぶし,person_job,auto,wnja:1.1-compatible-roots-v2
積載車,せきさいしゃ,vehicle,auto,wnja:1.1-compatible-roots-v2
空け者,うつけもの,person_job,auto,wnja:1.1-compatible-roots-v2
空ろ舟,うつろぶね,vehicle,auto,wnja:1.1-compatible-roots-v2
穿孔機,せんこうき,daily_tools,auto,wnja:1.1-compatible-roots-v2
窃盗犯,せっとうはん,person_job,auto,wnja:1.1-compatible-roots-v2
立て者,だてもの,person_job,auto,wnja:1.1-compatible-roots-v2
立会人,たちあいにん,person_job,auto,wnja:1.1-compatible-roots-v2
立案者,りつあんしゃ,person_job,auto,wnja:1.1-compatible-roots-v2
竜舌蘭,りゅうぜつらん,plant|nature,reviewed,wnja:12476510-n
竜騎兵,りゅうきへい,person_job,auto,wnja:1.1-compatible-roots-v2
端武者,はむしゃ,person_job,auto,wnja:1.1-compatible-roots-v2
競技者,きょうぎしゃ,person_job,auto,wnja:1.1-compatible-roots-v2
競走馬,きょうそうば,animal|nature,auto,wnja:1.1-compatible-roots-v2
竹の子,たけのこ,food|vegetable,reviewed,wnja:07719330-n
笛ふき,ふえふき,person_job,auto,wnja:1.1-compatible-roots-v2
笹竜胆,ささりんどう,plant|nature,auto,wnja:1.1-compatible-roots-v2
策略家,さくりゃくか,person_job,auto,wnja:1.1-compatible-roots-v2
管財人,かんざいにん,person_job,auto,wnja:1.1-compatible-roots-v2
箱河豚,はこふぐ,animal|nature,auto,wnja:1.1-compatible-roots-v2
箱馬車,はこばしゃ,vehicle,auto,wnja:1.1-compatible-roots-v2
節約家,せつやくか,person_job,auto,wnja:1.1-compatible-roots-v2
篤志家,とくしか,person_job,auto,wnja:1.1-compatible-roots-v2
粉砂糖,こなざとう,food,auto,wnja:1.1-compatible-roots-v2
粗飼料,そしりょう,food,auto,wnja:1.1-compatible-roots-v2
精白米,せいはくまい,food,auto,wnja:1.1-compatible-roots-v2
精細管,せいさいかん,body,auto,wnja:1.1-compatible-roots-v2
糊空木,のりうつぎ,plant|nature,auto,wnja:1.1-compatible-roots-v2
糸球体,しきゅうたい,body,auto,wnja:1.1-compatible-roots-v2
紅蜜柑,べにみかん,food|fruit,auto,wnja:1.1-compatible-roots-v2
紋白蝶,もんしろちょう,animal|nature,auto,wnja:1.1-compatible-roots-v2
納税者,のうぜいしゃ,person_job,auto,wnja:1.1-compatible-roots-v2
素っ首,そっくび,body,auto,wnja:1.1-compatible-roots-v2
細胞核,さいぼうかく,body,auto,wnja:1.1-compatible-roots-v2
細胞膜,さいぼうまく,body,auto,wnja:1.1-compatible-roots-v2
組合員,くみあいいん,person_job,auto,wnja:1.1-compatible-roots-v2
経済家,けいざいか,person_job,auto,wnja:1.1-compatible-roots-v2
給水池,きゅうすいち,nature|place_building,auto,wnja:1.1-compatible-roots-v2
給油艦,きゅうゆかん,vehicle,auto,wnja:1.1-compatible-roots-v2
綿菓子,わたがし,food,auto,wnja:1.1-compatible-roots-v2
総大将,そうだいしょう,person_job,auto,wnja:1.1-compatible-roots-v2
総監督,そうかんとく,person_job,auto,wnja:1.1-compatible-roots-v2
総胆管,そうたんかん,body,auto,wnja:1.1-compatible-roots-v2
線条体,せんじょうたい,body,auto,wnja:1.1-compatible-roots-v2
編曲者,へんきょくしゃ,person_job,auto,wnja:1.1-compatible-roots-v2
編集人,へんしゅうにん,person_job,auto,wnja:1.1-compatible-roots-v2
緩衝国,かんしょうこく,country,auto,wnja:1.1-compatible-roots-v2
練習船,れんしゅうせん,vehicle,auto,wnja:1.1-compatible-roots-v2
縞栗鼠,しまりす,animal|nature,auto,wnja:1.1-compatible-roots-v2
縫工筋,ほうこうきん,body,auto,wnja:1.1-compatible-roots-v2
美女桜,びじょざくら,plant|nature,auto,wnja:1.1-compatible-roots-v2
美術商,びじゅつしょう,person_job,auto,wnja:1.1-compatible-roots-v2
義勇兵,ぎゆうへい,person_job,auto,wnja:1.1-compatible-roots-v2
翻車魚,まんぼう,animal|nature,reviewed,wnja:02656670-n
老大家,ろうたいか,person_job,auto,wnja:1.1-compatible-roots-v2
耳たぶ,みみたぶ,body,auto,wnja:1.1-compatible-roots-v2
耳下腺,じかせん,body,auto,wnja:1.1-compatible-roots-v2
聖処女,せいしょじょ,person_job,auto,wnja:1.1-compatible-roots-v2
聞き方,ききかた,person_job,auto,wnja:1.1-compatible-roots-v2
聴取者,ちょうしゅしゃ,person_job,auto,wnja:1.1-compatible-roots-v2
聴講生,ちょうこうせい,person_job,auto,wnja:1.1-compatible-roots-v2
肉切れ,にくぎれ,food,auto,wnja:1.1-compatible-roots-v2
肋軟骨,あばらなんこつ,body,auto,wnja:1.1-compatible-roots-v2
肋間筋,ろっかんきん,body,auto,wnja:1.1-compatible-roots-v2
肌付き,はだつき,clothing,auto,wnja:1.1-compatible-roots-v2
肘関節,ちゅうかんせつ,body,auto,wnja:1.1-compatible-roots-v2
肩関節,かたかんせつ,body,auto,wnja:1.1-compatible-roots-v2
育て親,そだておや,person_job,auto,wnja:1.1-compatible-roots-v2
育種家,いくしゅか,person_job,auto,wnja:1.1-compatible-roots-v2
肺動脈,はいどうみゃく,body,auto,wnja:1.1-compatible-roots-v2
肺静脈,はいじょうみゃく,body,auto,wnja:1.1-compatible-roots-v2
胃の腑,いのふ,body,auto,wnja:1.1-compatible-roots-v2
胞子体,ほうしたい,plant|nature,auto,wnja:1.1-compatible-roots-v2
胴回り,どうまわり,body,auto,wnja:1.1-compatible-roots-v2
胸当て,むねあて,clothing,auto,wnja:1.1-compatible-roots-v2
能楽堂,のうがくどう,place_building,auto,wnja:1.1-compatible-roots-v2
脈管系,みゃっかんけい,body,auto,wnja:1.1-compatible-roots-v2
脈絡膜,みゃくらくまく,body,auto,wnja:1.1-compatible-roots-v2
脊柱管,せきちゅうかん,body,auto,wnja:1.1-compatible-roots-v2
脱走兵,だっそうへい,person_job,auto,wnja:1.1-compatible-roots-v2
脳珊瑚,のうさんご,animal|nature,auto,wnja:1.1-compatible-roots-v2
腎小体,じんしょうたい,body,auto,wnja:1.1-compatible-roots-v2
腓腹筋,ひふくきん,body,auto,wnja:1.1-compatible-roots-v2
腸間膜,ちょうかんまく,body,auto,wnja:1.1-compatible-roots-v2
腹変り,はらがわり,person_job,auto,wnja:1.1-compatible-roots-v2
腹横筋,ふくおうきん,body,auto,wnja:1.1-compatible-roots-v2
腹足類,ふくそくるい,animal|nature,auto,wnja:1.1-compatible-roots-v2
膝蓋骨,しつがいこつ,body,auto,wnja:1.1-compatible-roots-v2
臍曲り,へそまがり,person_job,auto,wnja:1.1-compatible-roots-v2
臨床医,りんしょうい,person_job,auto,wnja:1.1-compatible-roots-v2
自然石,じねんせき,plant|nature,auto,wnja:1.1-compatible-roots-v2
興醒し,きょうざまし,person_job,auto,wnja:1.1-compatible-roots-v2
舌下腺,ぜっかせん,body,auto,wnja:1.1-compatible-roots-v2
舎利別,しゃりべつ,food,auto,wnja:1.1-compatible-roots-v2
航海士,こうかいし,person_job,auto,wnja:1.1-compatible-roots-v2
航空兵,こうくうへい,person_job,auto,wnja:1.1-compatible-roots-v2
船乗り,ふなのり,person_job,auto,wnja:1.1-compatible-roots-v2
色狂い,いろぐるい,person_job,auto,wnja:1.1-compatible-roots-v2
艶福家,えんぷくか,person_job,auto,wnja:1.1-compatible-roots-v2
花屋敷,はなやしき,place_building,auto,wnja:1.1-compatible-roots-v2
花水木,はなみずき,plant|nature,reviewed,wnja:12947313-n
花菖蒲,はなあやめ,plant|nature,auto,wnja:1.1-compatible-roots-v2
花菱草,はなびしそう,plant|nature,auto,wnja:1.1-compatible-roots-v2
花虎魚,はなおこぜ,animal|nature,auto,wnja:1.1-compatible-roots-v2
若年者,じゃくねんしゃ,person_job,auto,wnja:1.1-compatible-roots-v2
茶の子,ちゃのこ,food,auto,wnja:1.1-compatible-roots-v2
草木瓜,くさぼけ,plant|nature,auto,wnja:1.1-compatible-roots-v2
草鞋虫,わらじむし,animal|nature,auto,wnja:1.1-compatible-roots-v2
荒れ野,あれの,place_building,auto,wnja:1.1-compatible-roots-v2
荒法師,あらほうし,person_job,auto,wnja:1.1-compatible-roots-v2
荷物車,にもつしゃ,vehicle,auto,wnja:1.1-compatible-roots-v2
莫大小,めりやす,clothing,auto,wnja:1.1-compatible-roots-v2
菩提樹,ぼだいじゅ,plant|nature,auto,wnja:1.1-compatible-roots-v2
華鬘草,けまんそう,plant|nature,auto,wnja:1.1-compatible-roots-v2
落ち人,おちびと,person_job,auto,wnja:1.1-compatible-roots-v2
落伍者,らくごしゃ,person_job,auto,wnja:1.1-compatible-roots-v2
落葉松,からまつ,plant|nature,auto,wnja:1.1-compatible-roots-v2
著作家,ちょさくか,person_job,auto,wnja:1.1-compatible-roots-v2
著作者,ちょさくしゃ,person_job,auto,wnja:1.1-compatible-roots-v2
著述家,ちょじゅつか,person_job,auto,wnja:1.1-compatible-roots-v2
葦切鮫,よしきりざめ,animal|nature,auto,wnja:1.1-compatible-roots-v2
葬儀屋,そうぎや,person_job,auto,wnja:1.1-compatible-roots-v2
葬送曲,そうそうきょく,music,auto,wnja:1.1-compatible-roots-v2
蒸気船,じょうきせん,vehicle,auto,wnja:1.1-compatible-roots-v2
蔓梅擬,つるうめもどき,plant|nature,auto,wnja:1.1-compatible-roots-v2
薄ばか,うすばか,person_job,auto,wnja:1.1-compatible-roots-v2
薄荷油,はっかゆ,food,auto,wnja:1.1-compatible-roots-v2
薩摩芋,さつまいも,food|vegetable,reviewed,wnja:07712063-n
薪割り,まきわり,daily_tools,auto,wnja:1.1-compatible-roots-v2
藤四郎,とうしろう,person_job,auto,wnja:1.1-compatible-roots-v2
藻塩草,もしおぐさ,plant|nature,auto,wnja:1.1-compatible-roots-v2
蚊食鳥,かくいどり,animal|nature,auto,wnja:1.1-compatible-roots-v2
蛇使い,へびつかい,person_job,auto,wnja:1.1-compatible-roots-v2
蛇蜻蛉,へびとんぼ,animal|nature,reviewed,wnja:02266050-n
蝶形骨,ちょうけいこつ,body,auto,wnja:1.1-compatible-roots-v2
蟹食猿,かにくいざる,animal|nature,auto,wnja:1.1-compatible-roots-v2
行政官,ぎょうせいかん,person_job,auto,wnja:1.1-compatible-roots-v2
行進曲,こうしんきょく,music,auto,wnja:1.1-compatible-roots-v2
衒学者,げんがくしゃ,person_job,auto,wnja:1.1-compatible-roots-v2
衛生士,えいせいし,person_job,auto,wnja:1.1-compatible-roots-v2
袋蟻食,ふくろありくい,animal|nature,auto,wnja:1.1-compatible-roots-v2
袖乞い,そでごい,person_job,auto,wnja:1.1-compatible-roots-v2
被り物,かぶりもの,clothing,auto,wnja:1.1-compatible-roots-v2
被り笠,かぶりがさ,clothing,auto,wnja:1.1-compatible-roots-v2
被傭者,ひようしゃ,person_job,auto,wnja:1.1-compatible-roots-v2
被食者,ひしょくしゃ,animal|nature,auto,wnja:1.1-compatible-roots-v2
裁判員,さいばんいん,person_job,auto,wnja:1.1-compatible-roots-v2
装甲車,そうこうしゃ,vehicle,reviewed,wnja:02739889-n|wnja:02740061-n|wnja:02740533-n
裏書人,うらがきにん,person_job,auto,wnja:1.1-compatible-roots-v2
補佐人,ほさにん,person_job,auto,wnja:1.1-compatible-roots-v2
補佐役,ほさやく,person_job,auto,wnja:1.1-compatible-roots-v2
補助者,ほじょしゃ,person_job,auto,wnja:1.1-compatible-roots-v2
製作者,せいさくしゃ,person_job,auto,wnja:1.1-compatible-roots-v2
裾除け,すそよけ,clothing,auto,wnja:1.1-compatible-roots-v2
複葉機,ふくようき,vehicle,reviewed,wnja:02842573-n
褌担ぎ,ふんどしかつぎ,person_job,auto,wnja:1.1-compatible-roots-v2
西半球,にしはんきゅう,place_building,auto,wnja:1.1-compatible-roots-v2
西洋梨,せいようなし,food|fruit,auto,wnja:1.1-compatible-roots-v2
要撃機,ようげきき,vehicle,auto,wnja:1.1-compatible-roots-v2
覆い布,おおいぬの,daily_tools,auto,wnja:1.1-compatible-roots-v2
見巧者,みごうしゃ,person_job,auto,wnja:1.1-compatible-roots-v2
視神経,ししんけい,body,auto,wnja:1.1-compatible-roots-v2
視覚野,しかくや,body,auto,wnja:1.1-compatible-roots-v2
角目鳥,つのめどり,animal|nature,auto,wnja:1.1-compatible-roots-v2
解体屋,かいたいや,person_job,auto,wnja:1.1-compatible-roots-v2
設立者,せつりつしゃ,person_job,auto,wnja:1.1-compatible-roots-v2
訳知り,わけしり,person_job,auto,wnja:1.1-compatible-roots-v2
評価者,ひょうかしゃ,person_job,auto,wnja:1.1-compatible-roots-v2
評議員,ひょうぎいん,person_job,auto,wnja:1.1-compatible-roots-v2
試験台,しけんだい,person_job,auto,wnja:1.1-compatible-roots-v2
試験官,しけんかん,person_job,auto,wnja:1.1-compatible-roots-v2
誘導弾,ゆうどうだん,vehicle,auto,wnja:1.1-compatible-roots-v2
誘拐犯,ゆうかいはん,person_job,auto,wnja:1.1-compatible-roots-v2
説教師,せっきょうし,person_job,auto,wnja:1.1-compatible-roots-v2
説教者,せっきょうしゃ,person_job,auto,wnja:1.1-compatible-roots-v2
読書家,どくしょか,person_job,auto,wnja:1.1-compatible-roots-v2
調度品,ちょうどひん,daily_tools,auto,wnja:1.1-compatible-roots-v2
調教師,ちょうきょうし,person_job,auto,wnja:1.1-compatible-roots-v2
調査員,ちょうさいん,person_job,auto,wnja:1.1-compatible-roots-v2
調査官,ちょうさかん,person_job,auto,wnja:1.1-compatible-roots-v2
請求者,せいきゅうしゃ,person_job,auto,wnja:1.1-compatible-roots-v2
請負人,うけおいにん,person_job,auto,wnja:1.1-compatible-roots-v2
請負師,うけおいし,person_job,auto,wnja:1.1-compatible-roots-v2
請願者,せいがんしゃ,person_job,auto,wnja:1.1-compatible-roots-v2
諜報員,ちょうほういん,person_job,auto,wnja:1.1-compatible-roots-v2
講談師,こうだんし,person_job,auto,wnja:1.1-compatible-roots-v2
講釈師,こうしゃくし,person_job,auto,wnja:1.1-compatible-roots-v2
譲渡人,ゆずりわたしにん,person_job,auto,wnja:1.1-compatible-roots-v2
護民官,ごみんかん,person_job,auto,wnja:1.1-compatible-roots-v2
護送車,ごそうしゃ,vehicle,reviewed,wnja:03977966-n
讃美歌,さんびか,music,auto,wnja:1.1-compatible-roots-v2
象海豹,ぞうあざらし,animal|nature,auto,wnja:1.1-compatible-roots-v2
貝殻骨,かいがらぼね,body,auto,wnja:1.1-compatible-roots-v2
負い革,おいかわ,clothing,auto,wnja:1.1-compatible-roots-v2
財政家,ざいせいか,person_job,auto,wnja:1.1-compatible-roots-v2
財界人,ざいかいじん,person_job,auto,wnja:1.1-compatible-roots-v2
貧乏人,びんぼうにん,person_job,auto,wnja:1.1-compatible-roots-v2
貫の木,かんのき,daily_tools,auto,wnja:1.1-compatible-roots-v2
買い方,かいかた,person_job,auto,wnja:1.1-compatible-roots-v2
貿易風,ぼうえきふう,nature,auto,wnja:1.1-compatible-roots-v2
賃借人,ちんしゃくにん,person_job,auto,wnja:1.1-compatible-roots-v2
賃貸人,ちんたいにん,person_job,auto,wnja:1.1-compatible-roots-v2
資本家,しほんか,person_job,auto,wnja:1.1-compatible-roots-v2
賭博師,とばくし,person_job,auto,wnja:1.1-compatible-roots-v2
赤なす,あかなす,food|vegetable,auto,wnja:1.1-compatible-roots-v2
赤毛猿,あかげざる,animal|nature,auto,wnja:1.1-compatible-roots-v2
赤海亀,あかうみがめ,animal|nature,auto,wnja:1.1-compatible-roots-v2
超党派,ちょうとうは,person_job,auto,wnja:1.1-compatible-roots-v2
超新星,ちょうしんせい,nature,auto,wnja:1.1-compatible-roots-v2
越中褌,えっちゅうふんどし,clothing,auto,wnja:1.1-compatible-roots-v2
足根骨,そっこんこつ,body,auto,wnja:1.1-compatible-roots-v2
足萎え,あしなえ,person_job,auto,wnja:1.1-compatible-roots-v2
踊り手,おどりて,person_job,auto,wnja:1.1-compatible-roots-v2
蹴合い,けあい,sport,auto,wnja:1.1-compatible-roots-v2
車回し,くるままわし,place_building,auto,wnja:1.1-compatible-roots-v2
車大工,くるまだいく,person_job,auto,wnja:1.1-compatible-roots-v2
車葉草,くるまばそう,food|plant,auto,wnja:1.1-compatible-roots-v2
軍用機,ぐんようき,vehicle,auto,wnja:1.1-compatible-roots-v2
軽歌劇,けいかげき,music,auto,wnja:1.1-compatible-roots-v2
軽気球,けいききゅう,vehicle,auto,wnja:1.1-compatible-roots-v2
輪タク,りんたく,vehicle,auto,wnja:1.1-compatible-roots-v2
輪投げ,わなげ,sport,reviewed,wnja:00467320-n
農業家,のうぎょうか,person_job,auto,wnja:1.1-compatible-roots-v2
辺縁系,へんえんけい,body,auto,wnja:1.1-compatible-roots-v2
辻強盗,つじごうとう,person_job,auto,wnja:1.1-compatible-roots-v2
迎撃機,げいげきき,vehicle,auto,wnja:1.1-compatible-roots-v2
近代人,きんだいじん,person_job,auto,wnja:1.1-compatible-roots-v2
追い手,おいて,person_job,auto,wnja:1.1-compatible-roots-v2
追落し,おいおとし,person_job,auto,wnja:1.1-compatible-roots-v2
追跡者,ついせきしゃ,person_job,auto,wnja:1.1-compatible-roots-v2
送り手,おくりて,person_job,auto,wnja:1.1-compatible-roots-v2
逃げ馬,にげうま,person_job,auto,wnja:1.1-compatible-roots-v2
逆剥け,さかむけ,body,auto,wnja:1.1-compatible-roots-v2
透明帯,とうめいたい,body,auto,wnja:1.1-compatible-roots-v2
通信員,つうしんいん,person_job,auto,wnja:1.1-compatible-roots-v2
通訳者,つうやくしゃ,person_job,auto,wnja:1.1-compatible-roots-v2
速記者,そっきしゃ,person_job,auto,wnja:1.1-compatible-roots-v2
連合野,れんごうや,body,auto,wnja:1.1-compatible-roots-v2
進行係,しんこうがかり,person_job,auto,wnja:1.1-compatible-roots-v2
遊び人,あそびにん,person_job,auto,wnja:1.1-compatible-roots-v2
遊び敵,あそびがたき,person_job,auto,wnja:1.1-compatible-roots-v2
遊撃手,ゆうげきしゅ,person_job,auto,wnja:1.1-compatible-roots-v2
運動員,うんどういん,person_job,auto,wnja:1.1-compatible-roots-v2
運動家,うんどうか,person_job,auto,wnja:1.1-compatible-roots-v2
運動野,うんどうや,body,auto,wnja:1.1-compatible-roots-v2
運搬船,うんぱんせん,vehicle,auto,wnja:1.1-compatible-roots-v2
道具方,どうぐかた,person_job,auto,wnja:1.1-compatible-roots-v2
道化者,どうけもの,person_job,auto,wnja:1.1-compatible-roots-v2
道楽者,どうらくもの,person_job,auto,wnja:1.1-compatible-roots-v2
選挙人,せんきょにん,person_job,auto,wnja:1.1-compatible-roots-v2
遺家族,いかぞく,person_job,auto,wnja:1.1-compatible-roots-v2
避難者,ひなんしゃ,person_job,auto,wnja:1.1-compatible-roots-v2
都市圏,としけん,place_building,auto,wnja:1.1-compatible-roots-v2
配偶体,はいぐうたい,plant|nature,auto,wnja:1.1-compatible-roots-v2
酒呑み,さけのみ,person_job,auto,wnja:1.1-compatible-roots-v2
醜業婦,しゅうぎょうふ,person_job,auto,wnja:1.1-compatible-roots-v2
醸造酒,じょうぞうしゅ,food,auto,wnja:1.1-compatible-roots-v2
野ガモ,のがも,animal|nature,auto,wnja:1.1-compatible-roots-v2
野大根,のだいこん,plant|nature,auto,wnja:1.1-compatible-roots-v2
野蛮人,やばんじん,person_job,auto,wnja:1.1-compatible-roots-v2
金盞花,きんせんか,plant|nature,auto,wnja:1.1-compatible-roots-v2
金糸梅,きんしばい,plant|nature,auto,wnja:1.1-compatible-roots-v2
金蓮花,きんれんか,food|plant,auto,wnja:1.1-compatible-roots-v2
金魚草,きんぎょそう,plant|nature,auto,wnja:1.1-compatible-roots-v2
針仕事,はりしごと,person_job,auto,wnja:1.1-compatible-roots-v2
針千本,はりせんぼん,animal|nature,auto,wnja:1.1-compatible-roots-v2
鈍つく,どんつく,person_job,auto,wnja:1.1-compatible-roots-v2
銘酒屋,めいしゅや,place_building,auto,wnja:1.1-compatible-roots-v2
錐体路,すいたいろ,body,auto,wnja:1.1-compatible-roots-v2
鍵っ子,かぎっこ,person_job,auto,wnja:1.1-compatible-roots-v2
鎮魂曲,ちんこんきょく,music,auto,wnja:1.1-compatible-roots-v2
鎮魂歌,ちんこんか,music,auto,wnja:1.1-compatible-roots-v2
鑑定人,かんていにん,person_job,auto,wnja:1.1-compatible-roots-v2
鑑定官,かんていかん,person_job,auto,wnja:1.1-compatible-roots-v2
鑑定家,かんていか,person_job,auto,wnja:1.1-compatible-roots-v2
鑽孔機,さんこうき,daily_tools,auto,wnja:1.1-compatible-roots-v2
長いす,ながいす,daily_tools,auto,wnja:1.1-compatible-roots-v2
長鳴鶏,ながなきとり,animal|nature,auto,wnja:1.1-compatible-roots-v2
門弟子,もんていし,person_job,auto,wnja:1.1-compatible-roots-v2
開業医,かいぎょうい,person_job,auto,wnja:1.1-compatible-roots-v2
闘牛士,とうぎゅうし,person_job,auto,wnja:1.1-compatible-roots-v2
陣がさ,じんがさ,person_job,auto,wnja:1.1-compatible-roots-v2
除雪車,じょせつしゃ,vehicle,auto,wnja:1.1-compatible-roots-v2
陪審員,ばいしんいん,person_job,auto,wnja:1.1-compatible-roots-v2
隊商宿,たいしょうやど,place_building,auto,wnja:1.1-compatible-roots-v2
随意筋,ずいいきん,body,auto,wnja:1.1-compatible-roots-v2
随筆家,ずいひつか,person_job,auto,wnja:1.1-compatible-roots-v2
隙間風,すきまかぜ,nature,auto,wnja:1.1-compatible-roots-v2
雄陽皺,おひしば,plant|nature,auto,wnja:1.1-compatible-roots-v2
集金人,しゅうきんにん,person_job,auto,wnja:1.1-compatible-roots-v2
雇用主,こようぬし,person_job,auto,wnja:1.1-compatible-roots-v2
雇用者,こようしゃ,person_job,auto,wnja:1.1-compatible-roots-v2
雌ウシ,めすうし,animal|nature,auto,wnja:1.1-compatible-roots-v2
雑種犬,ざっしゅけん,animal|nature,auto,wnja:1.1-compatible-roots-v2
雨合羽,あまがっぱ,clothing,auto,wnja:1.1-compatible-roots-v2
雨曇り,あまぐもり,nature,auto,wnja:1.1-compatible-roots-v2
雪の下,ゆきのした,plant|nature,auto,wnja:1.1-compatible-roots-v2
雪ふり,ゆきふり,nature,auto,wnja:1.1-compatible-roots-v2
霊安室,れいあんしつ,place_building,auto,wnja:1.1-compatible-roots-v2
霊柩車,れいきゅうしゃ,vehicle,auto,wnja:1.1-compatible-roots-v2
霊能者,れいのうしゃ,person_job,auto,wnja:1.1-compatible-roots-v2
露出狂,ろしゅつきょう,person_job,auto,wnja:1.1-compatible-roots-v2
青懸巣,あおかけす,animal|nature,auto,wnja:1.1-compatible-roots-v2
青梗菜,ちんげんさい,food|plant|vegetable,reviewed,wnja:07714448-n
静脈洞,じょうみゃくどう,body,auto,wnja:1.1-compatible-roots-v2
革命家,かくめいか,person_job,auto,wnja:1.1-compatible-roots-v2
革新系,かくしんけい,person_job,auto,wnja:1.1-compatible-roots-v2
革新者,かくしんしゃ,person_job,auto,wnja:1.1-compatible-roots-v2
韓国人,かんこくじん,person_job,auto,wnja:1.1-compatible-roots-v2
頬っぺ,ほっぺ,body,auto,wnja:1.1-compatible-roots-v2
頭索類,とうさくるい,animal|nature,auto,wnja:1.1-compatible-roots-v2
頭蓋骨,ずがいこつ,body,auto,wnja:1.1-compatible-roots-v2
頭頂葉,とうちょうよう,body,auto,wnja:1.1-compatible-roots-v2
頭頂骨,とうちょうこつ,body,auto,wnja:1.1-compatible-roots-v2
顎下腺,がっかせん,body,auto,wnja:1.1-compatible-roots-v2
顎動脈,がくどうみゃく,body,auto,wnja:1.1-compatible-roots-v2
顎関節,がくかんせつ,body,auto,wnja:1.1-compatible-roots-v2
顔面筋,がんめんきん,body,auto,wnja:1.1-compatible-roots-v2
風船葛,ふうせんかずら,plant|nature,auto,wnja:1.1-compatible-roots-v2
風鈴草,ふうりんそう,plant|nature,auto,wnja:1.1-compatible-roots-v2
風雲児,ふううんじ,person_job,auto,wnja:1.1-compatible-roots-v2
飛燕草,ひえんそう,plant|nature,auto,wnja:1.1-compatible-roots-v2
飛行船,ひこうせん,vehicle,auto,wnja:1.1-compatible-roots-v2
飛行艇,ひこうてい,vehicle,reviewed,wnja:03373611-n
食卓塩,しょくたくえん,food,auto,wnja:1.1-compatible-roots-v2
飲み料,のみりょう,food,auto,wnja:1.1-compatible-roots-v2
飲兵衛,のんべえ,person_job,auto,wnja:1.1-compatible-roots-v2
養い親,やしないおや,person_job,auto,wnja:1.1-compatible-roots-v2
養蜂家,ようほうか,person_job,auto,wnja:1.1-compatible-roots-v2
養魚場,ようぎょじょう,place_building,auto,wnja:1.1-compatible-roots-v2
饂飩粉,うどんこ,food,auto,wnja:1.1-compatible-roots-v2
首っ玉,くびったま,body,auto,wnja:1.1-compatible-roots-v2
馬のり,うまのり,person_job,auto,wnja:1.1-compatible-roots-v2
馬小屋,うまごや,place_building,auto,wnja:1.1-compatible-roots-v2
馬鹿者,ばかもの,person_job,auto,wnja:1.1-compatible-roots-v2
馴染客,なじみきゃく,person_job,auto,wnja:1.1-compatible-roots-v2
駅馬車,えきばしゃ,vehicle,auto,wnja:1.1-compatible-roots-v2
骨付き,ほねつき,body,auto,wnja:1.1-compatible-roots-v2
高御座,たかみくら,daily_tools,auto,wnja:1.1-compatible-roots-v2
高瀬舟,たかせぶね,vehicle,auto,wnja:1.1-compatible-roots-v2
高祖父,こうそふ,person_job,auto,wnja:1.1-compatible-roots-v2
高粱酒,こうりょうしゅ,nature,auto,wnja:1.1-compatible-roots-v2
高跳び,たかとび,sport,auto,wnja:1.1-compatible-roots-v2
高野槙,こうやまき,plant|nature,auto,wnja:1.1-compatible-roots-v2
高麗芝,こうらいしば,plant|nature,auto,wnja:1.1-compatible-roots-v2
魔術師,まじゅつし,person_job,auto,wnja:1.1-compatible-roots-v2
魚つり,さかなつり,sport,auto,wnja:1.1-compatible-roots-v2
魚雷艇,ぎょらいてい,vehicle,auto,wnja:1.1-compatible-roots-v2
鳥モツ,とりもつ,food,auto,wnja:1.1-compatible-roots-v2
鳥撃ち,とりうち,person_job,auto,wnja:1.1-compatible-roots-v2
鳳仙花,ほうせんか,plant|nature,auto,wnja:1.1-compatible-roots-v2
鳴禽類,めいきんるい,animal|nature,auto,wnja:1.1-compatible-roots-v2
鴨の嘴,かものはし,animal|nature,auto,wnja:1.1-compatible-roots-v2
鸚鵡貝,おうむがい,animal|nature,auto,wnja:1.1-compatible-roots-v2
麝香鹿,じゃこうじか,animal|nature,auto,wnja:1.1-compatible-roots-v2
麻酔医,ますいい,person_job,auto,wnja:1.1-compatible-roots-v2
黄菖蒲,きしょうぶ,plant|nature,auto,wnja:1.1-compatible-roots-v2
黒ん坊,くろんぼう,person_job,auto,wnja:1.1-compatible-roots-v2
黒パン,くろぱん,food,auto,wnja:1.1-compatible-roots-v2
黒牡丹,こくぼたん,animal|nature,auto,wnja:1.1-compatible-roots-v2
黒猩々,くろしょうじょう,animal|nature,auto,wnja:1.1-compatible-roots-v2
黒胡椒,くろこしょう,plant|nature,auto,wnja:1.1-compatible-roots-v2
黙示録,もくしろく,music,auto,wnja:1.1-compatible-roots-v2
鼠海豚,ねずみいるか,animal|nature,auto,wnja:1.1-compatible-roots-v2
鼻摘み,はなつまみ,person_job,auto,wnja:1.1-compatible-roots-v2
鼻曲り,はなまがり,person_job,auto,wnja:1.1-compatible-roots-v2
あきんど,あきんど,person_job,auto,wnja:1.1-compatible-roots-v2
あそび女,あそびめ,person_job,auto,wnja:1.1-compatible-roots-v2
あばら骨,あばらぼね,body,auto,wnja:1.1-compatible-roots-v2
いちじく,いちじく,food|fruit,reviewed,wnja:07753113-n
いちびり,いちびり,person_job,auto,wnja:1.1-compatible-roots-v2
うっそり,うっそり,person_job,auto,wnja:1.1-compatible-roots-v2
うるさ型,うるさがた,person_job,auto,wnja:1.1-compatible-roots-v2
おぼろ雲,おぼろぐも,nature,auto,wnja:1.1-compatible-roots-v2
お下がり,おさがり,food,auto,wnja:1.1-compatible-roots-v2
お玉杓子,おたまじゃくし,animal|nature,auto,wnja:1.1-compatible-roots-v2
かごの鳥,かごのとり,person_job,auto,wnja:1.1-compatible-roots-v2
きんたま,きんたま,body,auto,wnja:1.1-compatible-roots-v2
ぎっちょ,ぎっちょ,person_job,auto,wnja:1.1-compatible-roots-v2
ごった煮,ごったに,food,auto,wnja:1.1-compatible-roots-v2
すかたん,すかたん,person_job,auto,wnja:1.1-compatible-roots-v2
ちびっ子,ちびっこ,person_job,auto,wnja:1.1-compatible-roots-v2
つわもの,つわもの,person_job,auto,wnja:1.1-compatible-roots-v2
でくの坊,でくのぼう,person_job,auto,wnja:1.1-compatible-roots-v2
とんかち,とんかち,daily_tools,auto,wnja:1.1-compatible-roots-v2
とんちき,とんちき,person_job,auto,wnja:1.1-compatible-roots-v2
どんけつ,どんけつ,body,auto,wnja:1.1-compatible-roots-v2
ならず者,ならずもの,person_job,auto,wnja:1.1-compatible-roots-v2
にこぽん,にこぽん,person_job,auto,wnja:1.1-compatible-roots-v2
はたご屋,はたごや,place_building,auto,wnja:1.1-compatible-roots-v2
はたはた,はたはた,animal|nature,auto,wnja:1.1-compatible-roots-v2
ひと泳ぎ,ひとおよぎ,sport,auto,wnja:1.1-compatible-roots-v2
へっぽこ,へっぽこ,person_job,auto,wnja:1.1-compatible-roots-v2
ぺてん師,ぺてんし,person_job,auto,wnja:1.1-compatible-roots-v2
ぽんつく,ぽんつく,person_job,auto,wnja:1.1-compatible-roots-v2
まとめ役,まとめやく,person_job,auto,wnja:1.1-compatible-roots-v2
みなし子,みなしご,person_job,auto,wnja:1.1-compatible-roots-v2
もらい手,もらいて,person_job,auto,wnja:1.1-compatible-roots-v2
やたら漬,やたらづけ,food,auto,wnja:1.1-compatible-roots-v2
よそ行き,よそいき,clothing,auto,wnja:1.1-compatible-roots-v2
よろず屋,よろずや,person_job,auto,wnja:1.1-compatible-roots-v2
わんわん,わんわん,animal|nature,auto,wnja:1.1-compatible-roots-v2
アイアイ,あいあい,animal|nature,auto,wnja:1.1-compatible-roots-v2
アイナメ,あいなめ,animal|nature,auto,wnja:1.1-compatible-roots-v2
アイリス,あいりす,plant|nature,auto,wnja:1.1-compatible-roots-v2
アオギリ,あおぎり,plant|nature,auto,wnja:1.1-compatible-roots-v2
アオゲラ,あおげら,animal|nature,auto,wnja:1.1-compatible-roots-v2
アオサギ,あおさぎ,animal|nature,reviewed,wnja:02008041-n
アオザメ,あおざめ,animal|nature,auto,wnja:1.1-compatible-roots-v2
アカエイ,あかえい,animal|nature,auto,wnja:1.1-compatible-roots-v2
アカシア,あかしあ,plant|nature,reviewed,wnja:11756092-n
アカシカ,あかしか,animal|nature,auto,wnja:1.1-compatible-roots-v2
アカマツ,あかまつ,plant|nature,auto,wnja:1.1-compatible-roots-v2
アキニレ,あきにれ,plant|nature,auto,wnja:1.1-compatible-roots-v2
アクター,あくたー,person_job,auto,wnja:1.1-compatible-roots-v2
アグーチ,あぐーち,animal|nature,auto,wnja:1.1-compatible-roots-v2
アサシン,あさしん,person_job,auto,wnja:1.1-compatible-roots-v2
アサツキ,あさつき,food|plant,auto,wnja:1.1-compatible-roots-v2
アザレア,あざれあ,plant|nature,auto,wnja:1.1-compatible-roots-v2
アジア人,あじあじん,person_job,auto,wnja:1.1-compatible-roots-v2
アジサシ,あじさし,animal|nature,auto,wnja:1.1-compatible-roots-v2
アスター,あすたー,plant|nature,auto,wnja:1.1-compatible-roots-v2
アスナロ,あすなろ,plant|nature,auto,wnja:1.1-compatible-roots-v2
アセロラ,あせろら,food|fruit,reviewed,wnja:07746334-n
アダルト,あだると,person_job,auto,wnja:1.1-compatible-roots-v2
アドマン,あどまん,person_job,auto,wnja:1.1-compatible-roots-v2
アナグマ,あなぐま,animal|nature,auto,wnja:1.1-compatible-roots-v2
アニマル,あにまる,animal|nature,auto,wnja:1.1-compatible-roots-v2
アネモネ,あねもね,plant|nature,auto,wnja:1.1-compatible-roots-v2
アパレル,あぱれる,clothing,auto,wnja:1.1-compatible-roots-v2
アブサン,あぶさん,food,reviewed,wnja:07908411-n
アマサギ,あまさぎ,animal|nature,auto,wnja:1.1-compatible-roots-v2
アミーゴ,あみーご,person_job,auto,wnja:1.1-compatible-roots-v2
アメフト,あめふと,sport,reviewed,wnja:00469651-n
アメラグ,あめらぐ,sport,auto,wnja:1.1-compatible-roots-v2
アラブ人,あらぶじん,person_job,auto,wnja:1.1-compatible-roots-v2
アルビノ,あるびの,person_job,auto,wnja:1.1-compatible-roots-v2
アーミン,あーみん,person_job,auto,wnja:1.1-compatible-roots-v2
イイズナ,いいずな,animal|nature,auto,wnja:1.1-compatible-roots-v2
イカナゴ,いかなご,animal|nature,auto,wnja:1.1-compatible-roots-v2
イグアナ,いぐあな,animal|nature,auto,wnja:1.1-compatible-roots-v2
イシモチ,いしもち,animal|nature,auto,wnja:1.1-compatible-roots-v2
イチハツ,いちはつ,plant|nature,auto,wnja:1.1-compatible-roots-v2
イトスギ,いとすぎ,plant|nature,auto,wnja:1.1-compatible-roots-v2
イヌビエ,いぬびえ,plant|nature,auto,wnja:1.1-compatible-roots-v2
イヌワシ,いぬわし,animal|nature,auto,wnja:1.1-compatible-roots-v2
イノシシ,いのしし,animal|nature,auto,wnja:1.1-compatible-roots-v2
イマーム,いまーむ,person_job,auto,wnja:1.1-compatible-roots-v2
イラクサ,いらくさ,plant|nature,auto,wnja:1.1-compatible-roots-v2
インジゴ,いんじご,plant|nature,auto,wnja:1.1-compatible-roots-v2
イントラ,いんとら,person_job,auto,wnja:1.1-compatible-roots-v2
インドリ,いんどり,animal|nature,auto,wnja:1.1-compatible-roots-v2
インパラ,いんぱら,animal|nature,auto,wnja:1.1-compatible-roots-v2
ウィドー,うぃどー,person_job,auto,wnja:1.1-compatible-roots-v2
ウィンド,うぃんど,nature,auto,wnja:1.1-compatible-roots-v2
ウイドー,ういどー,person_job,auto,wnja:1.1-compatible-roots-v2
ウイナー,ういなー,person_job,auto,wnja:1.1-compatible-roots-v2
ウェザー,うぇざー,nature,auto,wnja:1.1-compatible-roots-v2
ウェハー,うぇはー,food,auto,wnja:1.1-compatible-roots-v2
ウエザー,うえざー,nature,auto,wnja:1.1-compatible-roots-v2
ウエハー,うえはー,food,auto,wnja:1.1-compatible-roots-v2
ウォッカ,うぉっか,food,reviewed,wnja:07906111-n
ウォーク,うぉーく,person_job,auto,wnja:1.1-compatible-roots-v2
ウクレレ,うくれれ,instrument|music,reviewed,wnja:04506289-n
ウシバエ,うしばえ,animal|nature,auto,wnja:1.1-compatible-roots-v2
ウバザメ,うばざめ,animal|nature,auto,wnja:1.1-compatible-roots-v2
ウミシダ,うみしだ,animal|nature,auto,wnja:1.1-compatible-roots-v2
ウミユリ,うみゆり,animal|nature,auto,wnja:1.1-compatible-roots-v2
ウーマン,うーまん,person_job,auto,wnja:1.1-compatible-roots-v2
エアカー,えあかー,vehicle,auto,wnja:1.1-compatible-roots-v2
エクレア,えくれあ,food,auto,wnja:1.1-compatible-roots-v2
エゴノキ,えごのき,plant|nature,auto,wnja:1.1-compatible-roots-v2
エニシダ,えにしだ,plant|nature,auto,wnja:1.1-compatible-roots-v2
エランド,えらんど,animal|nature,auto,wnja:1.1-compatible-roots-v2
エルボー,えるぼー,body,auto,wnja:1.1-compatible-roots-v2
オオタカ,おおたか,animal|nature,auto,wnja:1.1-compatible-roots-v2
オオハシ,おおはし,animal|nature,auto,wnja:1.1-compatible-roots-v2
オオバン,おおばん,animal|nature,auto,wnja:1.1-compatible-roots-v2
オオワシ,おおわし,animal|nature,auto,wnja:1.1-compatible-roots-v2
オカリナ,おかりな,instrument|music,reviewed,wnja:03840681-n
オキアミ,おきあみ,animal|nature,auto,wnja:1.1-compatible-roots-v2
オコジョ,おこじょ,animal|nature,reviewed,wnja:02442172-n|wnja:02442336-n
オシドリ,おしどり,animal|nature,auto,wnja:1.1-compatible-roots-v2
オタリア,おたりあ,animal|nature,auto,wnja:1.1-compatible-roots-v2
オナモミ,おなもみ,plant|nature,auto,wnja:1.1-compatible-roots-v2
オニユリ,おにゆり,plant|nature,reviewed,wnja:12427184-n|wnja:12427566-n
オヒョウ,おひょう,animal|nature,auto,wnja:1.1-compatible-roots-v2
オルガン,おるがん,instrument|music,reviewed,wnja:03494537-n|wnja:03854065-n
オルメカ,おるめか,person_job,auto,wnja:1.1-compatible-roots-v2
オーサー,おーさー,person_job,auto,wnja:1.1-compatible-roots-v2
オーパス,おーぱす,music,auto,wnja:1.1-compatible-roots-v2
オーボエ,おーぼえ,instrument|music,reviewed,wnja:03838899-n
オーボー,おーぼー,instrument|music,auto,wnja:1.1-compatible-roots-v2
オーロラ,おーろら,nature,auto,wnja:1.1-compatible-roots-v2
オーヴン,おーゔん,daily_tools,auto,wnja:1.1-compatible-roots-v2
カイゼル,かいぜる,person_job,auto,wnja:1.1-compatible-roots-v2
カイマン,かいまん,animal|nature,auto,wnja:1.1-compatible-roots-v2
カウンタ,かうんた,daily_tools,auto,wnja:1.1-compatible-roots-v2
カクタス,かくたす,plant|nature,auto,wnja:1.1-compatible-roots-v2
カシュー,かしゅー,plant|fruit,auto,wnja:1.1-compatible-roots-v2
カジノキ,かじのき,plant|nature,auto,wnja:1.1-compatible-roots-v2
カタバミ,かたばみ,plant|nature,auto,wnja:1.1-compatible-roots-v2
カダヤシ,かだやし,animal|nature,auto,wnja:1.1-compatible-roots-v2
カトレア,かとれあ,plant|nature,auto,wnja:1.1-compatible-roots-v2
カナッペ,かなっぺ,food,auto,wnja:1.1-compatible-roots-v2
カナリヤ,かなりや,person_job,auto,wnja:1.1-compatible-roots-v2
カピタン,かぴたん,person_job,auto,wnja:1.1-compatible-roots-v2
カピバラ,かぴばら,animal|nature,reviewed,wnja:02365480-n
カベルネ,かべるね,food,auto,wnja:1.1-compatible-roots-v2
カボチャ,かぼちゃ,food|plant|vegetable,reviewed,wnja:12158798-n
カムルチ,かむるち,plant|nature,auto,wnja:1.1-compatible-roots-v2
カモシカ,かもしか,animal|nature,auto,wnja:1.1-compatible-roots-v2
カライモ,からいも,plant|nature,auto,wnja:1.1-compatible-roots-v2
カラカル,からかる,animal|nature,auto,wnja:1.1-compatible-roots-v2
カラシナ,からしな,food|plant|vegetable,reviewed,wnja:07713763-n
カラタチ,からたち,plant|nature,auto,wnja:1.1-compatible-roots-v2
カラムシ,からむし,plant|nature,reviewed,wnja:12393269-n
カラメル,からめる,food,auto,wnja:1.1-compatible-roots-v2
カラント,からんと,food|fruit,auto,wnja:1.1-compatible-roots-v2
カラード,からーど,person_job,auto,wnja:1.1-compatible-roots-v2
カリプソ,かりぷそ,plant|nature,auto,wnja:1.1-compatible-roots-v2
カリヨン,かりよん,instrument,reviewed,wnja:02965529-n
カルデラ,かるでら,nature|place_building,auto,wnja:1.1-compatible-roots-v2
カルミア,かるみあ,plant|nature,auto,wnja:1.1-compatible-roots-v2
カルメラ,かるめら,food,auto,wnja:1.1-compatible-roots-v2
カレンズ,かれんず,food|fruit,auto,wnja:1.1-compatible-roots-v2
カレー粉,かれーこ,food,auto,wnja:1.1-compatible-roots-v2
カワウソ,かわうそ,animal|nature,reviewed,wnja:02444819-n
カワセミ,かわせみ,animal|nature,auto,wnja:1.1-compatible-roots-v2
カワハギ,かわはぎ,animal|nature,auto,wnja:1.1-compatible-roots-v2
カワホネ,かわほね,plant|nature,auto,wnja:1.1-compatible-roots-v2
ガウチョ,がうちょ,person_job,auto,wnja:1.1-compatible-roots-v2
ガザニア,がざにあ,plant|nature,auto,wnja:1.1-compatible-roots-v2
ガマズミ,がまずみ,plant|nature,auto,wnja:1.1-compatible-roots-v2
ガランス,がらんす,plant|nature,auto,wnja:1.1-compatible-roots-v2
ガルソン,がるそん,person_job,auto,wnja:1.1-compatible-roots-v2
ガーデン,がーでん,place_building,auto,wnja:1.1-compatible-roots-v2
ガードル,がーどる,clothing,auto,wnja:1.1-compatible-roots-v2
キアズマ,きあずま,body,auto,wnja:1.1-compatible-roots-v2
キイチゴ,きいちご,plant|nature,auto,wnja:1.1-compatible-roots-v2
キクイモ,きくいも,plant|nature,auto,wnja:1.1-compatible-roots-v2
キッカー,きっかー,person_job,auto,wnja:1.1-compatible-roots-v2
キッシュ,きっしゅ,food,auto,wnja:1.1-compatible-roots-v2
キツツキ,きつつき,animal|nature,auto,wnja:1.1-compatible-roots-v2
キバシリ,きばしり,animal|nature,auto,wnja:1.1-compatible-roots-v2
キャメル,きゃめる,animal|nature,auto,wnja:1.1-compatible-roots-v2
キルシュ,きるしゅ,food,auto,wnja:1.1-compatible-roots-v2
ギシギシ,ぎしぎし,food|plant|vegetable,reviewed,wnja:07736371-n
ギボウシ,ぎぼうし,plant|nature,reviewed,wnja:12457771-n
ギンドロ,ぎんどろ,plant|nature,auto,wnja:1.1-compatible-roots-v2
クアッガ,くあっが,animal|nature,auto,wnja:1.1-compatible-roots-v2
クサフジ,くさふじ,plant|nature,auto,wnja:1.1-compatible-roots-v2
クスクス,くすくす,food|animal,reviewed,wnja:01881171-n|wnja:01881564-n|wnja:07701597-n|wnja:07937461-n
クスノキ,くすのき,plant|nature,auto,wnja:1.1-compatible-roots-v2
クマノミ,くまのみ,animal|nature,auto,wnja:1.1-compatible-roots-v2
クモガニ,くもがに,animal|nature,auto,wnja:1.1-compatible-roots-v2
クモザル,くもざる,animal|nature,auto,wnja:1.1-compatible-roots-v2
クランク,くらんく,daily_tools,auto,wnja:1.1-compatible-roots-v2
クランケ,くらんけ,person_job,auto,wnja:1.1-compatible-roots-v2
クラーク,くらーく,person_job,auto,wnja:1.1-compatible-roots-v2
クリープ,くりーぷ,person_job,auto,wnja:1.1-compatible-roots-v2
クルトン,くるとん,food,auto,wnja:1.1-compatible-roots-v2
クレソン,くれそん,food|vegetable,reviewed,wnja:07732904-n
クレヨン,くれよん,daily_tools,auto,wnja:1.1-compatible-roots-v2
クロカワ,くろかわ,animal|nature,auto,wnja:1.1-compatible-roots-v2
クロガモ,くろがも,animal|nature,auto,wnja:1.1-compatible-roots-v2
クロクマ,くろくま,animal|nature,auto,wnja:1.1-compatible-roots-v2
クロサイ,くろさい,animal|nature,auto,wnja:1.1-compatible-roots-v2
クロテン,くろてん,animal|nature,auto,wnja:1.1-compatible-roots-v2
クロトン,くろとん,plant|nature,auto,wnja:1.1-compatible-roots-v2
クロマツ,くろまつ,plant|nature,auto,wnja:1.1-compatible-roots-v2
クローブ,くろーぶ,food|plant,auto,wnja:1.1-compatible-roots-v2
クローヴ,くろーゔ,food|plant,auto,wnja:1.1-compatible-roots-v2
クーパー,くーぱー,person_job,auto,wnja:1.1-compatible-roots-v2
クーリー,くーりー,person_job,auto,wnja:1.1-compatible-roots-v2
クーロン,くーろん,person_job,auto,wnja:1.1-compatible-roots-v2
グアナコ,ぐあなこ,animal|nature,auto,wnja:1.1-compatible-roots-v2
グッピー,ぐっぴー,animal|nature,auto,wnja:1.1-compatible-roots-v2
グラッパ,ぐらっぱ,food,auto,wnja:1.1-compatible-roots-v2
グラント,ぐらんと,person_job,auto,wnja:1.1-compatible-roots-v2
グルマン,ぐるまん,person_job,auto,wnja:1.1-compatible-roots-v2
グレイン,ぐれいん,food,auto,wnja:1.1-compatible-roots-v2
グレープ,ぐれーぷ,food|fruit,auto,wnja:1.1-compatible-roots-v2
ケジラミ,けじらみ,animal|nature,auto,wnja:1.1-compatible-roots-v2
ケットル,けっとる,daily_tools,auto,wnja:1.1-compatible-roots-v2
ケミスト,けみすと,person_job,auto,wnja:1.1-compatible-roots-v2
ケルト人,けるとじん,person_job,auto,wnja:1.1-compatible-roots-v2
ケンネル,けんねる,place_building,auto,wnja:1.1-compatible-roots-v2
ゲットウ,げっとう,plant|nature,auto,wnja:1.1-compatible-roots-v2
ゲルマン,げるまん,person_job,auto,wnja:1.1-compatible-roots-v2
コウイカ,こういか,animal|nature,auto,wnja:1.1-compatible-roots-v2
コカノキ,こかのき,plant|nature,auto,wnja:1.1-compatible-roots-v2
コケット,こけっと,person_job,auto,wnja:1.1-compatible-roots-v2
ココナツ,ここなつ,fruit,auto,wnja:1.1-compatible-roots-v2
ココヤシ,ここやし,plant|nature,auto,wnja:1.1-compatible-roots-v2
コサック,こさっく,person_job,auto,wnja:1.1-compatible-roots-v2
コブラー,こぶらー,food,auto,wnja:1.1-compatible-roots-v2
コヨーテ,こよーて,animal|nature,reviewed,wnja:02114855-n
コラール,こらーる,music,auto,wnja:1.1-compatible-roots-v2
コリウス,こりうす,plant|nature,auto,wnja:1.1-compatible-roots-v2
コレクタ,これくた,person_job,auto,wnja:1.1-compatible-roots-v2
コロブス,ころぶす,animal|nature,auto,wnja:1.1-compatible-roots-v2
コンサバ,こんさば,person_job,auto,wnja:1.1-compatible-roots-v2
コンソメ,こんそめ,food,auto,wnja:1.1-compatible-roots-v2
コンドル,こんどる,animal|nature,auto,wnja:1.1-compatible-roots-v2
コースト,こーすと,nature|place_building,auto,wnja:1.1-compatible-roots-v2
ゴルジュ,ごるじゅ,nature|place_building,auto,wnja:1.1-compatible-roots-v2
サイダー,さいだー,food,auto,wnja:1.1-compatible-roots-v2
サバラン,さばらん,food,auto,wnja:1.1-compatible-roots-v2
サポジラ,さぽじら,food|plant|fruit,auto,wnja:1.1-compatible-roots-v2
サルタン,さるたん,person_job,auto,wnja:1.1-compatible-roots-v2
サルビア,さるびあ,food|plant,auto,wnja:1.1-compatible-roots-v2
サントス,さんとす,place_building,auto,wnja:1.1-compatible-roots-v2
シェーレ,しぇーれ,person_job,auto,wnja:1.1-compatible-roots-v2
シスター,しすたー,person_job,auto,wnja:1.1-compatible-roots-v2
シタール,したーる,instrument|music,reviewed,wnja:04224842-n
シトラス,しとらす,food|fruit,auto,wnja:1.1-compatible-roots-v2
シトロン,しとろん,food|fruit,reviewed,wnja:07750449-n
シャッド,しゃっど,animal|nature,auto,wnja:1.1-compatible-roots-v2
シャッポ,しゃっぽ,clothing,auto,wnja:1.1-compatible-roots-v2
シャベル,しゃべる,daily_tools,auto,wnja:1.1-compatible-roots-v2
シャポー,しゃぽー,clothing,auto,wnja:1.1-compatible-roots-v2
シャム猫,しゃむねこ,animal|nature,auto,wnja:1.1-compatible-roots-v2
シャモア,しゃもあ,animal|nature,auto,wnja:1.1-compatible-roots-v2
シュガー,しゅがー,food,auto,wnja:1.1-compatible-roots-v2
ショベル,しょべる,daily_tools,auto,wnja:1.1-compatible-roots-v2
ショーツ,しょーつ,clothing,auto,wnja:1.1-compatible-roots-v2
シリアル,しりある,food,auto,wnja:1.1-compatible-roots-v2
シロッコ,しろっこ,nature,auto,wnja:1.1-compatible-roots-v2
シロホン,しろほん,instrument|music,auto,wnja:1.1-compatible-roots-v2
シンガー,しんがー,person_job,auto,wnja:1.1-compatible-roots-v2
シンバル,しんばる,instrument|music,reviewed,wnja:03157348-n
シーズー,しーずー,animal|nature,auto,wnja:1.1-compatible-roots-v2
ジェリィ,じぇりぃ,food,auto,wnja:1.1-compatible-roots-v2
ジッター,じったー,person_job,auto,wnja:1.1-compatible-roots-v2
ジャイブ,じゃいぶ,music,auto,wnja:1.1-compatible-roots-v2
ジャップ,じゃっぷ,person_job,auto,wnja:1.1-compatible-roots-v2
ジャージ,じゃーじ,clothing,auto,wnja:1.1-compatible-roots-v2
ジュゴン,じゅごん,animal|nature,auto,wnja:1.1-compatible-roots-v2
ジュニア,じゅにあ,person_job,auto,wnja:1.1-compatible-roots-v2
ジュバン,じゅばん,clothing,auto,wnja:1.1-compatible-roots-v2
ジョガー,じょがー,person_job,auto,wnja:1.1-compatible-roots-v2
ジングル,じんぐる,nature|place_building,auto,wnja:1.1-compatible-roots-v2
スイマー,すいまー,person_job,auto,wnja:1.1-compatible-roots-v2
スカラベ,すからべ,animal|nature,auto,wnja:1.1-compatible-roots-v2
スカンク,すかんく,animal|nature,auto,wnja:1.1-compatible-roots-v2
スカンピ,すかんぴ,food,auto,wnja:1.1-compatible-roots-v2
スカーフ,すかーふ,clothing,auto,wnja:1.1-compatible-roots-v2
スキート,すきーと,person_job,auto,wnja:1.1-compatible-roots-v2
スクータ,すくーた,vehicle,reviewed,wnja:03791053-n
スコッチ,すこっち,food,auto,wnja:1.1-compatible-roots-v2
スコート,すこーと,clothing,auto,wnja:1.1-compatible-roots-v2
スコール,すこーる,nature,auto,wnja:1.1-compatible-roots-v2
スコーン,すこーん,food,auto,wnja:1.1-compatible-roots-v2
スズシロ,すずしろ,food|vegetable,reviewed,wnja:07735687-n
スツール,すつーる,daily_tools,auto,wnja:1.1-compatible-roots-v2
ステッキ,すてっき,daily_tools,auto,wnja:1.1-compatible-roots-v2
ステビア,すてびあ,plant|nature,auto,wnja:1.1-compatible-roots-v2
ステルス,すてるす,vehicle,auto,wnja:1.1-compatible-roots-v2
ストーム,すとーむ,nature,auto,wnja:1.1-compatible-roots-v2
スネーク,すねーく,animal|nature,auto,wnja:1.1-compatible-roots-v2
スノッブ,すのっぶ,person_job,auto,wnja:1.1-compatible-roots-v2
スピッツ,すぴっつ,animal|nature,auto,wnja:1.1-compatible-roots-v2
スピーク,すぴーく,person_job,auto,wnja:1.1-compatible-roots-v2
スブラキ,すぶらき,food,auto,wnja:1.1-compatible-roots-v2
スポック,すぽっく,person_job,auto,wnja:1.1-compatible-roots-v2
スモック,すもっく,clothing,auto,wnja:1.1-compatible-roots-v2
スリップ,すりっぷ,clothing,auto,wnja:1.1-compatible-roots-v2
スリング,すりんぐ,food,auto,wnja:1.1-compatible-roots-v2
スルタン,するたん,person_job,auto,wnja:1.1-compatible-roots-v2
スループ,するーぷ,vehicle,reviewed,wnja:04242408-n
スレイブ,すれいぶ,person_job,auto,wnja:1.1-compatible-roots-v2
スレイヴ,すれいゔ,person_job,auto,wnja:1.1-compatible-roots-v2
スレーブ,すれーぶ,person_job,auto,wnja:1.1-compatible-roots-v2
スロープ,すろーぷ,nature|place_building,auto,wnja:1.1-compatible-roots-v2
スーフィ,すーふぃ,person_job,auto,wnja:1.1-compatible-roots-v2
ズボン下,ずぼんした,clothing,auto,wnja:1.1-compatible-roots-v2
セイウチ,せいうち,animal|nature,auto,wnja:1.1-compatible-roots-v2
セッター,せったー,animal|nature,auto,wnja:1.1-compatible-roots-v2
セミプロ,せみぷろ,person_job,auto,wnja:1.1-compatible-roots-v2
セモリナ,せもりな,food,auto,wnja:1.1-compatible-roots-v2
セロジネ,せろじね,plant|nature,auto,wnja:1.1-compatible-roots-v2
セーブル,せーぶる,clothing,auto,wnja:1.1-compatible-roots-v2
セーラー,せーらー,person_job,auto,wnja:1.1-compatible-roots-v2
ソナチネ,そなちね,music,auto,wnja:1.1-compatible-roots-v2
ソフト帽,そふとぼう,clothing,auto,wnja:1.1-compatible-roots-v2
ソムリエ,そむりえ,person_job,auto,wnja:1.1-compatible-roots-v2
ソラマメ,そらまめ,plant|nature,auto,wnja:1.1-compatible-roots-v2
ソリスト,そりすと,person_job,auto,wnja:1.1-compatible-roots-v2
ソルガム,そるがむ,plant|nature,auto,wnja:1.1-compatible-roots-v2
ソルバー,そるばー,person_job,auto,wnja:1.1-compatible-roots-v2
ソレイユ,それいゆ,nature,auto,wnja:1.1-compatible-roots-v2
ゾウガメ,ぞうがめ,animal|nature,auto,wnja:1.1-compatible-roots-v2
ゾウムシ,ぞうむし,animal|nature,auto,wnja:1.1-compatible-roots-v2
タイゴン,たいごん,animal|nature,auto,wnja:1.1-compatible-roots-v2
タイパン,たいぱん,animal|nature,auto,wnja:1.1-compatible-roots-v2
タイマイ,たいまい,animal|nature,auto,wnja:1.1-compatible-roots-v2
タガラシ,たがらし,plant|nature,auto,wnja:1.1-compatible-roots-v2
タコノキ,たこのき,plant|nature,auto,wnja:1.1-compatible-roots-v2
タヒバリ,たひばり,animal|nature,auto,wnja:1.1-compatible-roots-v2
タフィー,たふぃー,food,auto,wnja:1.1-compatible-roots-v2
タブキー,たぶきー,daily_tools,auto,wnja:1.1-compatible-roots-v2
タマバエ,たまばえ,animal|nature,auto,wnja:1.1-compatible-roots-v2
タマバチ,たまばち,animal|nature,auto,wnja:1.1-compatible-roots-v2
タムタム,たむたむ,instrument|music,reviewed,wnja:03447721-n
タラゴン,たらごん,food|plant,auto,wnja:1.1-compatible-roots-v2
タラノキ,たらのき,plant|nature,auto,wnja:1.1-compatible-roots-v2
タンカー,たんかー,vehicle,reviewed,wnja:03845190-n
タンク車,たんくしゃ,vehicle,auto,wnja:1.1-compatible-roots-v2
ターキー,たーきー,animal|nature,auto,wnja:1.1-compatible-roots-v2
ターナー,たーなー,person_job,auto,wnja:1.1-compatible-roots-v2
ターバン,たーばん,clothing,auto,wnja:1.1-compatible-roots-v2
ダイキリ,だいきり,food,auto,wnja:1.1-compatible-roots-v2
ダブルス,だぶるす,sport,reviewed,wnja:00483508-n|wnja:00483605-n
ダンディ,だんでぃ,person_job,auto,wnja:1.1-compatible-roots-v2
ダーチャ,だーちゃ,place_building,auto,wnja:1.1-compatible-roots-v2
ダーリン,だーりん,person_job,auto,wnja:1.1-compatible-roots-v2
チアミン,ちあみん,food,auto,wnja:1.1-compatible-roots-v2
チェイス,ちぇいす,person_job,auto,wnja:1.1-compatible-roots-v2
チェリー,ちぇりー,food|fruit,auto,wnja:1.1-compatible-roots-v2
チカーノ,ちかーの,person_job,auto,wnja:1.1-compatible-roots-v2
チャイブ,ちゃいぶ,plant|nature,auto,wnja:1.1-compatible-roots-v2
チャツネ,ちゃつね,food,auto,wnja:1.1-compatible-roots-v2
チャペル,ちゃぺる,place_building,auto,wnja:1.1-compatible-roots-v2
チャーチ,ちゃーち,place_building,auto,wnja:1.1-compatible-roots-v2
チュチュ,ちゅちゅ,clothing,auto,wnja:1.1-compatible-roots-v2
チューバ,ちゅーば,instrument|music,reviewed,wnja:02804252-n
チョッキ,ちょっき,clothing,auto,wnja:1.1-compatible-roots-v2
チョリソ,ちょりそ,food,auto,wnja:1.1-compatible-roots-v2
ツァーリ,つぁーり,person_job,auto,wnja:1.1-compatible-roots-v2
ツィター,つぃたー,instrument|music,reviewed,wnja:04615226-n
ツユクサ,つゆくさ,plant|nature,auto,wnja:1.1-compatible-roots-v2
ツリアブ,つりあぶ,animal|nature,auto,wnja:1.1-compatible-roots-v2
ティアラ,てぃあら,clothing,auto,wnja:1.1-compatible-roots-v2
ティティ,てぃてぃ,animal|nature,auto,wnja:1.1-compatible-roots-v2
ティーチ,てぃーち,person_job,auto,wnja:1.1-compatible-roots-v2
ティーン,てぃーん,person_job,auto,wnja:1.1-compatible-roots-v2
テキーラ,てきーら,food,reviewed,wnja:07905979-n
テディー,てでぃー,clothing,auto,wnja:1.1-compatible-roots-v2
テューバ,てゅーば,instrument|music,auto,wnja:1.1-compatible-roots-v2
テリーヌ,てりーぬ,food,auto,wnja:1.1-compatible-roots-v2
テーラー,てーらー,person_job,auto,wnja:1.1-compatible-roots-v2
ディアー,でぃあー,person_job,auto,wnja:1.1-compatible-roots-v2
ディンゴ,でぃんご,animal|nature,auto,wnja:1.1-compatible-roots-v2
ディーン,でぃーん,person_job,auto,wnja:1.1-compatible-roots-v2
デカダン,でかだん,person_job,auto,wnja:1.1-compatible-roots-v2
デッカー,でっかー,person_job,auto,wnja:1.1-compatible-roots-v2
デネボラ,でねぼら,nature,auto,wnja:1.1-compatible-roots-v2
デューク,でゅーく,person_job,auto,wnja:1.1-compatible-roots-v2
デージー,でーじー,plant|nature,auto,wnja:1.1-compatible-roots-v2
トウキビ,とうきび,food|plant|fruit,auto,wnja:1.1-compatible-roots-v2
トウワタ,とうわた,plant|nature,auto,wnja:1.1-compatible-roots-v2
トゲウオ,とげうお,animal|nature,auto,wnja:1.1-compatible-roots-v2
トコブシ,とこぶし,animal|nature,auto,wnja:1.1-compatible-roots-v2
トビウオ,とびうお,animal|nature,auto,wnja:1.1-compatible-roots-v2
トビハゼ,とびはぜ,animal|nature,auto,wnja:1.1-compatible-roots-v2
トビムシ,とびむし,animal|nature,auto,wnja:1.1-compatible-roots-v2
トボガン,とぼがん,vehicle,auto,wnja:1.1-compatible-roots-v2
トラクタ,とらくた,vehicle,auto,wnja:1.1-compatible-roots-v2
トラノオ,とらのお,plant|nature,auto,wnja:1.1-compatible-roots-v2
トリガイ,とりがい,animal|nature,auto,wnja:1.1-compatible-roots-v2
トリガー,とりがー,daily_tools,auto,wnja:1.1-compatible-roots-v2
トリトマ,とりとま,plant|nature,auto,wnja:1.1-compatible-roots-v2
トリュフ,とりゅふ,vegetable,reviewed,wnja:07736971-n
トルコ帽,とるこぼう,clothing,auto,wnja:1.1-compatible-roots-v2
トロイカ,とろいか,vehicle,reviewed,wnja:04486616-n
トロリー,とろりー,vehicle,auto,wnja:1.1-compatible-roots-v2
トワラー,とわらー,person_job,auto,wnja:1.1-compatible-roots-v2
ドイツ人,どいつじん,person_job,auto,wnja:1.1-compatible-roots-v2
ドゥオモ,どぅおも,place_building,auto,wnja:1.1-compatible-roots-v2
ドクゼリ,どくぜり,plant|nature,auto,wnja:1.1-compatible-roots-v2
ドクトル,どくとる,person_job,auto,wnja:1.1-compatible-roots-v2
ドミンゴ,どみんご,person_job,auto,wnja:1.1-compatible-roots-v2
ドラセナ,どらせな,plant|nature,auto,wnja:1.1-compatible-roots-v2
ドリアン,どりあん,food|plant|fruit,reviewed,wnja:07762913-n|wnja:12190869-n
ドルイド,どるいど,person_job,auto,wnja:1.1-compatible-roots-v2
ドルマン,どるまん,clothing,auto,wnja:1.1-compatible-roots-v2
ドードー,どーどー,animal|nature,reviewed,wnja:01811243-n
ナイター,ないたー,sport,reviewed,wnja:00456563-n
ナツメグ,なつめぐ,food|plant,auto,wnja:1.1-compatible-roots-v2
ナベコウ,なべこう,animal|nature,auto,wnja:1.1-compatible-roots-v2
ナミヘビ,なみへび,animal|nature,auto,wnja:1.1-compatible-roots-v2
ナメクジ,なめくじ,animal|nature,auto,wnja:1.1-compatible-roots-v2
ナンキン,なんきん,place_building,auto,wnja:1.1-compatible-roots-v2
ニクズク,にくずく,food,auto,wnja:1.1-compatible-roots-v2
ニッカー,にっかー,clothing,auto,wnja:1.1-compatible-roots-v2
ニョッキ,にょっき,food,auto,wnja:1.1-compatible-roots-v2
ニワトコ,にわとこ,food,auto,wnja:1.1-compatible-roots-v2
ニードル,にーどる,daily_tools,auto,wnja:1.1-compatible-roots-v2
ヌードル,ぬーどる,food,auto,wnja:1.1-compatible-roots-v2
ネクター,ねくたー,food,auto,wnja:1.1-compatible-roots-v2
ネズッポ,ねずっぽ,animal|nature,auto,wnja:1.1-compatible-roots-v2
ネフロン,ねふろん,body,auto,wnja:1.1-compatible-roots-v2
ネムノキ,ねむのき,plant|nature,reviewed,wnja:11759404-n
ネーブル,ねーぶる,food|fruit,auto,wnja:1.1-compatible-roots-v2
ノロジカ,のろじか,animal|nature,auto,wnja:1.1-compatible-roots-v2
ノンプロ,のんぷろ,person_job,auto,wnja:1.1-compatible-roots-v2
ハイエナ,はいえな,animal|nature,auto,wnja:1.1-compatible-roots-v2
ハイタク,はいたく,vehicle,auto,wnja:1.1-compatible-roots-v2
ハイテク,はいてく,person_job,auto,wnja:1.1-compatible-roots-v2
ハシバミ,はしばみ,plant|nature,auto,wnja:1.1-compatible-roots-v2
ハッカー,はっかー,person_job,auto,wnja:1.1-compatible-roots-v2
ハナウド,はなうど,plant|nature,auto,wnja:1.1-compatible-roots-v2
ハナバチ,はなばち,animal|nature,auto,wnja:1.1-compatible-roots-v2
ハマシギ,はましぎ,animal|nature,auto,wnja:1.1-compatible-roots-v2
ハラール,はらーる,food,auto,wnja:1.1-compatible-roots-v2
ハリビユ,はりびゆ,plant|nature,auto,wnja:1.1-compatible-roots-v2
ハンドラ,はんどら,person_job,auto,wnja:1.1-compatible-roots-v2
ハーラー,はーらー,person_job,auto,wnja:1.1-compatible-roots-v2
バイカモ,ばいかも,plant|nature,auto,wnja:1.1-compatible-roots-v2
バイソン,ばいそん,animal|nature,auto,wnja:1.1-compatible-roots-v2
バイヤー,ばいやー,person_job,auto,wnja:1.1-compatible-roots-v2
バゲット,ばげっと,food,auto,wnja:1.1-compatible-roots-v2
バシリカ,ばしりか,place_building,auto,wnja:1.1-compatible-roots-v2
バジリカ,ばじりか,place_building,auto,wnja:1.1-compatible-roots-v2
バスーン,ばすーん,instrument|music,auto,wnja:1.1-compatible-roots-v2
バッテラ,ばってら,vehicle,auto,wnja:1.1-compatible-roots-v2
バトラー,ばとらー,person_job,auto,wnja:1.1-compatible-roots-v2
バビルサ,ばびるさ,animal|nature,auto,wnja:1.1-compatible-roots-v2
バリケン,ばりけん,animal|nature,auto,wnja:1.1-compatible-roots-v2
バリトン,ばりとん,instrument,reviewed,wnja:02793089-n
バンブー,ばんぶー,plant|nature,auto,wnja:1.1-compatible-roots-v2
バージン,ばーじん,person_job,auto,wnja:1.1-compatible-roots-v2
バーテン,ばーてん,person_job,auto,wnja:1.1-compatible-roots-v2
バーベナ,ばーべな,plant|nature,auto,wnja:1.1-compatible-roots-v2
バーボン,ばーぼん,food,auto,wnja:1.1-compatible-roots-v2
パイプ役,ぱいぷやく,person_job,auto,wnja:1.1-compatible-roots-v2
パエリャ,ぱえりゃ,food,reviewed,wnja:07591961-n
パナマ帽,ぱなまぼう,clothing,auto,wnja:1.1-compatible-roots-v2
パパイヤ,ぱぱいや,food|plant|fruit,reviewed,wnja:07762244-n
パピヨン,ぱぴよん,animal|nature,auto,wnja:1.1-compatible-roots-v2
パリサイ,ぱりさい,person_job,auto,wnja:1.1-compatible-roots-v2
パルサー,ぱるさー,nature,auto,wnja:1.1-compatible-roots-v2
パンジー,ぱんじー,plant|nature,auto,wnja:1.1-compatible-roots-v2
パンスト,ぱんすと,clothing,auto,wnja:1.1-compatible-roots-v2
パンティ,ぱんてぃ,clothing,auto,wnja:1.1-compatible-roots-v2
パンパス,ぱんぱす,place_building,auto,wnja:1.1-compatible-roots-v2
パンパン,ぱんぱん,person_job,auto,wnja:1.1-compatible-roots-v2
パン生地,ぱんきじ,food,auto,wnja:1.1-compatible-roots-v2
パーセル,ぱーせる,person_job,auto,wnja:1.1-compatible-roots-v2
パードレ,ぱーどれ,person_job,auto,wnja:1.1-compatible-roots-v2
ヒッピー,ひっぴー,person_job,auto,wnja:1.1-compatible-roots-v2
ヒナゲシ,ひなげし,plant|nature,auto,wnja:1.1-compatible-roots-v2
ヒラメ筋,ひらめきん,body,auto,wnja:1.1-compatible-roots-v2
ヒーラー,ひーらー,person_job,auto,wnja:1.1-compatible-roots-v2
ビオチン,びおちん,food,auto,wnja:1.1-compatible-roots-v2
ビオロン,びおろん,instrument|music,auto,wnja:1.1-compatible-roots-v2
ビギナー,びぎなー,person_job,auto,wnja:1.1-compatible-roots-v2
ビジター,びじたー,person_job,auto,wnja:1.1-compatible-roots-v2
ビストロ,びすとろ,place_building,auto,wnja:1.1-compatible-roots-v2
ビターズ,びたーず,food,auto,wnja:1.1-compatible-roots-v2
ビネガー,びねがー,food,auto,wnja:1.1-compatible-roots-v2
ビバップ,びばっぷ,music,auto,wnja:1.1-compatible-roots-v2
ビフテキ,びふてき,food,auto,wnja:1.1-compatible-roots-v2
ビュフェ,びゅふぇ,food,auto,wnja:1.1-compatible-roots-v2
ビルダー,びるだー,person_job,auto,wnja:1.1-compatible-roots-v2
ビーグル,びーぐる,animal|nature,auto,wnja:1.1-compatible-roots-v2
ビージー,びーじー,person_job,auto,wnja:1.1-compatible-roots-v2
ビーバー,びーばー,animal|nature,reviewed,wnja:02363005-n
ピケット,ぴけっと,person_job,auto,wnja:1.1-compatible-roots-v2
ピザパイ,ぴざぱい,food,auto,wnja:1.1-compatible-roots-v2
ピッケル,ぴっける,daily_tools,auto,wnja:1.1-compatible-roots-v2
ピッツァ,ぴっつぁ,food,auto,wnja:1.1-compatible-roots-v2
ピッツア,ぴっつあ,food,auto,wnja:1.1-compatible-roots-v2
ピメント,ぴめんと,food|vegetable,reviewed,wnja:07721195-n
ピューマ,ぴゅーま,animal|nature,reviewed,wnja:02125311-n
ピューレ,ぴゅーれ,food,auto,wnja:1.1-compatible-roots-v2
ピロシキ,ぴろしき,food,auto,wnja:1.1-compatible-roots-v2
ピンキー,ぴんきー,body,auto,wnja:1.1-compatible-roots-v2
ピーナツ,ぴーなつ,fruit,auto,wnja:1.1-compatible-roots-v2
ファラオ,ふぁらお,person_job,auto,wnja:1.1-compatible-roots-v2
フィドル,ふぃどる,instrument|music,auto,wnja:1.1-compatible-roots-v2
フィンチ,ふぃんち,animal|nature,auto,wnja:1.1-compatible-roots-v2
フォーブ,ふぉーぶ,person_job,auto,wnja:1.1-compatible-roots-v2
フクシア,ふくしあ,plant|nature,auto,wnja:1.1-compatible-roots-v2
フッカー,ふっかー,person_job,auto,wnja:1.1-compatible-roots-v2
フラッペ,ふらっぺ,food,reviewed,wnja:07614198-n
フリント,ふりんと,place_building,auto,wnja:1.1-compatible-roots-v2
フレンチ,ふれんち,person_job,auto,wnja:1.1-compatible-roots-v2
フレンド,ふれんど,person_job,auto,wnja:1.1-compatible-roots-v2
フロック,ふろっく,clothing,auto,wnja:1.1-compatible-roots-v2
ブイヨン,ぶいよん,food,auto,wnja:1.1-compatible-roots-v2
ブギウギ,ぶぎうぎ,music,auto,wnja:1.1-compatible-roots-v2
ブタクサ,ぶたくさ,plant|nature,auto,wnja:1.1-compatible-roots-v2
ブラザー,ぶらざー,person_job,auto,wnja:1.1-compatible-roots-v2
ブリッグ,ぶりっぐ,vehicle,auto,wnja:1.1-compatible-roots-v2
ブリュレ,ぶりゅれ,person_job,auto,wnja:1.1-compatible-roots-v2
ブルマー,ぶるまー,clothing,auto,wnja:1.1-compatible-roots-v2
ブルース,ぶるーす,music,auto,wnja:1.1-compatible-roots-v2
ブレッド,ぶれっど,food,auto,wnja:1.1-compatible-roots-v2
ブロガー,ぶろがー,person_job,auto,wnja:1.1-compatible-roots-v2
プラトー,ぷらとー,nature|place_building,auto,wnja:1.1-compatible-roots-v2
プラヌラ,ぷらぬら,animal|nature,auto,wnja:1.1-compatible-roots-v2
プリンス,ぷりんす,person_job,auto,wnja:1.1-compatible-roots-v2
プルーン,ぷるーん,food|fruit,reviewed,wnja:07752602-n
プードル,ぷーどる,animal|nature,auto,wnja:1.1-compatible-roots-v2
ヘビー級,へびーきゅう,person_job,auto,wnja:1.1-compatible-roots-v2
ヘラサギ,へらさぎ,animal|nature,auto,wnja:1.1-compatible-roots-v2
ヘラジカ,へらじか,animal|nature,reviewed,wnja:02432983-n
ヘラルド,へらるど,person_job,auto,wnja:1.1-compatible-roots-v2
ベイビー,べいびー,person_job,auto,wnja:1.1-compatible-roots-v2
ベクレル,べくれる,person_job,auto,wnja:1.1-compatible-roots-v2
ベゴニア,べごにあ,plant|nature,auto,wnja:1.1-compatible-roots-v2
ベネット,べねっと,person_job,auto,wnja:1.1-compatible-roots-v2
ベルマン,べるまん,person_job,auto,wnja:1.1-compatible-roots-v2
ベンダー,べんだー,person_job,auto,wnja:1.1-compatible-roots-v2
ベーグル,べーぐる,food,reviewed,wnja:07693725-n
ペミカン,ぺみかん,food,auto,wnja:1.1-compatible-roots-v2
ペリカン,ぺりかん,animal|nature,auto,wnja:1.1-compatible-roots-v2
ペンキ屋,ぺんきや,person_job,auto,wnja:1.1-compatible-roots-v2
ホエザル,ほえざる,animal|nature,auto,wnja:1.1-compatible-roots-v2
ホステス,ほすてす,person_job,auto,wnja:1.1-compatible-roots-v2
ホッケー,ほっけー,sport,auto,wnja:1.1-compatible-roots-v2
ボウフラ,ぼうふら,animal|nature,reviewed,wnja:02200509-n
ボルシチ,ぼるしち,food,reviewed,wnja:07584423-n
ボルゾイ,ぼるぞい,animal|nature,auto,wnja:1.1-compatible-roots-v2
ボンボン,ぼんぼん,food,auto,wnja:1.1-compatible-roots-v2
ボーゲン,ぼーげん,daily_tools,auto,wnja:1.1-compatible-roots-v2
ボースン,ぼーすん,person_job,auto,wnja:1.1-compatible-roots-v2
ボータイ,ぼーたい,clothing,auto,wnja:1.1-compatible-roots-v2
ボーラー,ぼーらー,clothing,auto,wnja:1.1-compatible-roots-v2
ポップス,ぽっぷす,music,auto,wnja:1.1-compatible-roots-v2
ポリッジ,ぽりっじ,food,auto,wnja:1.1-compatible-roots-v2
ポレンタ,ぽれんた,food,auto,wnja:1.1-compatible-roots-v2
ポンチョ,ぽんちょ,clothing,auto,wnja:1.1-compatible-roots-v2
マイマイ,まいまい,animal|nature,reviewed,wnja:01944390-n
マイルカ,まいるか,animal|nature,auto,wnja:1.1-compatible-roots-v2
マシマロ,ましまろ,food,auto,wnja:1.1-compatible-roots-v2
マスチフ,ますちふ,animal|nature,auto,wnja:1.1-compatible-roots-v2
マテガイ,まてがい,animal|nature,auto,wnja:1.1-compatible-roots-v2
マドロス,まどろす,person_job,auto,wnja:1.1-compatible-roots-v2
マハディ,まはでぃ,person_job,auto,wnja:1.1-compatible-roots-v2
マハトマ,まはとま,person_job,auto,wnja:1.1-compatible-roots-v2
マフィン,まふぃん,food,auto,wnja:1.1-compatible-roots-v2
マペット,まぺっと,person_job,auto,wnja:1.1-compatible-roots-v2
マメジカ,まめじか,animal|nature,auto,wnja:1.1-compatible-roots-v2
マラーノ,まらーの,person_job,auto,wnja:1.1-compatible-roots-v2
マリンバ,まりんば,instrument|music,reviewed,wnja:03721384-n
マリーン,まりーん,person_job,auto,wnja:1.1-compatible-roots-v2
マルメロ,まるめろ,food|plant|fruit,reviewed,wnja:07769584-n
マロニエ,まろにえ,plant|nature,auto,wnja:1.1-compatible-roots-v2
マンゴー,まんごー,food|plant|fruit,reviewed,wnja:07764155-n|wnja:12761284-n
マンテル,まんてる,person_job,auto,wnja:1.1-compatible-roots-v2
マンモス,まんもす,animal|nature,reviewed,wnja:02504770-n
マーゲイ,まーげい,animal|nature,auto,wnja:1.1-compatible-roots-v2
ミジンコ,みじんこ,animal|nature,reviewed,wnja:01994910-n
ミスター,みすたー,person_job,auto,wnja:1.1-compatible-roots-v2
ミソハギ,みそはぎ,plant|nature,auto,wnja:1.1-compatible-roots-v2
ミッシー,みっしー,person_job,auto,wnja:1.1-compatible-roots-v2
ミツスイ,みつすい,animal|nature,auto,wnja:1.1-compatible-roots-v2
ミミズク,みみずく,animal|nature,auto,wnja:1.1-compatible-roots-v2
ミミック,みみっく,person_job,auto,wnja:1.1-compatible-roots-v2
ムジナモ,むじなも,plant|nature,auto,wnja:1.1-compatible-roots-v2
ムスカリ,むすかり,plant|nature,auto,wnja:1.1-compatible-roots-v2
ムッター,むったー,person_job,auto,wnja:1.1-compatible-roots-v2
ムラート,むらーと,person_job,auto,wnja:1.1-compatible-roots-v2
ムロアジ,むろあじ,animal|nature,auto,wnja:1.1-compatible-roots-v2
ムーア人,むーあじん,person_job,auto,wnja:1.1-compatible-roots-v2
ムートン,むーとん,food,auto,wnja:1.1-compatible-roots-v2
ムーバー,むーばー,person_job,auto,wnja:1.1-compatible-roots-v2
ムームー,むーむー,clothing,auto,wnja:1.1-compatible-roots-v2
メリケン,めりけん,body,auto,wnja:1.1-compatible-roots-v2
メルロー,めるろー,food|plant,auto,wnja:1.1-compatible-roots-v2
モテット,もてっと,music,auto,wnja:1.1-compatible-roots-v2
モノディ,ものでぃ,music,auto,wnja:1.1-compatible-roots-v2
モビール,もびーる,place_building,auto,wnja:1.1-compatible-roots-v2
モンキー,もんきー,animal|nature,auto,wnja:1.1-compatible-roots-v2
モーテル,もーてる,place_building,auto,wnja:1.1-compatible-roots-v2
モーリー,もーりー,person_job,auto,wnja:1.1-compatible-roots-v2
ヤッピー,やっぴー,person_job,auto,wnja:1.1-compatible-roots-v2
ヤマシギ,やましぎ,animal|nature,auto,wnja:1.1-compatible-roots-v2
ヤママユ,やままゆ,animal|nature,auto,wnja:1.1-compatible-roots-v2
ヤマユリ,やまゆり,plant|nature,auto,wnja:1.1-compatible-roots-v2
ヤンキー,やんきー,person_job,auto,wnja:1.1-compatible-roots-v2
ユウガオ,ゆうがお,plant|nature,reviewed,wnja:12166128-n
ユグノー,ゆぐのー,person_job,auto,wnja:1.1-compatible-roots-v2
ユダヤ人,ゆだやじん,person_job,auto,wnja:1.1-compatible-roots-v2
ユンカー,ゆんかー,person_job,auto,wnja:1.1-compatible-roots-v2
ライアー,らいあー,instrument|music,auto,wnja:1.1-compatible-roots-v2
ライガー,らいがー,animal|nature,auto,wnja:1.1-compatible-roots-v2
ライダー,らいだー,person_job,auto,wnja:1.1-compatible-roots-v2
ライト級,らいときゅう,person_job,auto,wnja:1.1-compatible-roots-v2
ライムギ,らいむぎ,plant|nature,auto,wnja:1.1-compatible-roots-v2
ラクロス,らくろす,sport,reviewed,wnja:00477392-n
ラグビー,らぐびー,sport,reviewed,wnja:00470966-n
ラグラン,らぐらん,clothing,auto,wnja:1.1-compatible-roots-v2
ラグーン,らぐーん,nature|place_building,auto,wnja:1.1-compatible-roots-v2
ラザニア,らざにあ,food,auto,wnja:1.1-compatible-roots-v2
ラッソー,らっそー,person_job,auto,wnja:1.1-compatible-roots-v2
ラビオリ,らびおり,food,auto,wnja:1.1-compatible-roots-v2
ラビット,らびっと,animal|nature,auto,wnja:1.1-compatible-roots-v2
ランタナ,らんたな,plant|nature,auto,wnja:1.1-compatible-roots-v2
ランダー,らんだー,place_building,auto,wnja:1.1-compatible-roots-v2
ラヴァー,らゔぁー,person_job,auto,wnja:1.1-compatible-roots-v2
リザード,りざーど,animal|nature,auto,wnja:1.1-compatible-roots-v2
リスザル,りすざる,animal|nature,auto,wnja:1.1-compatible-roots-v2
リゾット,りぞっと,food,auto,wnja:1.1-compatible-roots-v2
リッパー,りっぱー,person_job,auto,wnja:1.1-compatible-roots-v2
リムジン,りむじん,vehicle,reviewed,wnja:03670208-n
リンクス,りんくす,animal|nature,auto,wnja:1.1-compatible-roots-v2
リンパ管,りんぱかん,body,auto,wnja:1.1-compatible-roots-v2
リンパ節,りんぱせつ,body,auto,wnja:1.1-compatible-roots-v2
リンパ系,りんぱけい,body,auto,wnja:1.1-compatible-roots-v2
リンボク,りんぼく,plant|nature,auto,wnja:1.1-compatible-roots-v2
リーマン,りーまん,person_job,auto,wnja:1.1-compatible-roots-v2
リーマー,りーまー,daily_tools,auto,wnja:1.1-compatible-roots-v2
ルイボス,るいぼす,plant|nature,reviewed,wnja:12507823-n
ルッコラ,るっこら,plant|nature,auto,wnja:1.1-compatible-roots-v2
ルバーブ,るばーぶ,food|vegetable,reviewed,wnja:07713267-n
ルピナス,るぴなす,plant|nature,auto,wnja:1.1-compatible-roots-v2
レイヨウ,れいよう,animal|nature,auto,wnja:1.1-compatible-roots-v2
レスラー,れすらー,person_job,auto,wnja:1.1-compatible-roots-v2
レッカー,れっかー,vehicle,reviewed,wnja:04461696-n
レディー,れでぃー,person_job,auto,wnja:1.1-compatible-roots-v2
レフリー,れふりー,person_job,auto,wnja:1.1-compatible-roots-v2
レポータ,れぽーた,person_job,auto,wnja:1.1-compatible-roots-v2
レミング,れみんぐ,animal|nature,auto,wnja:1.1-compatible-roots-v2
レモン水,れもんすい,food,auto,wnja:1.1-compatible-roots-v2
レンズ核,れんずかく,body,auto,wnja:1.1-compatible-roots-v2
ロシア人,ろしあじん,person_job,auto,wnja:1.1-compatible-roots-v2
ロベリア,ろべりあ,plant|nature,auto,wnja:1.1-compatible-roots-v2
ロースト,ろーすと,food,auto,wnja:1.1-compatible-roots-v2
ローゼル,ろーぜる,plant|nature,auto,wnja:1.1-compatible-roots-v2
ローリエ,ろーりえ,food,auto,wnja:1.1-compatible-roots-v2
ワカモレ,わかもれ,food,reviewed,wnja:07583066-n
ワッフル,わっふる,food,auto,wnja:1.1-compatible-roots-v2
ワラビー,わらびー,animal|nature,auto,wnja:1.1-compatible-roots-v2
ワレカラ,われから,animal|nature,auto,wnja:1.1-compatible-roots-v2
ワンタン,わんたん,food,auto,wnja:1.1-compatible-roots-v2
ヴァニラ,ゔぁにら,food,auto,wnja:1.1-compatible-roots-v2
ヴァンプ,ゔぁんぷ,person_job,auto,wnja:1.1-compatible-roots-v2
ヴィオラ,ゔぃおら,instrument|music,auto,wnja:1.1-compatible-roots-v2
ヴェイル,ゔぇいる,clothing,auto,wnja:1.1-compatible-roots-v2
ヴェール,ゔぇーる,clothing,auto,wnja:1.1-compatible-roots-v2
一代貴族,いちだいきぞく,person_job,auto,wnja:1.1-compatible-roots-v2
七つの海,ななつのうみ,nature|place_building,auto,wnja:1.1-compatible-roots-v2
三角帽子,さんかくぼうし,clothing,auto,wnja:1.1-compatible-roots-v2
上っ張り,うわっぱり,clothing,auto,wnja:1.1-compatible-roots-v2
上昇気流,じょうしょうきりゅう,nature,auto,wnja:1.1-compatible-roots-v2
不良少年,ふりょうしょうねん,person_job,auto,wnja:1.1-compatible-roots-v2
不随意筋,ふずいいきん,body,auto,wnja:1.1-compatible-roots-v2
中性子星,ちゅうせいしせい,nature,auto,wnja:1.1-compatible-roots-v2
丸太小屋,まるたこや,place_building,auto,wnja:1.1-compatible-roots-v2
丸葉朝顔,まるばあさがお,plant|nature,auto,wnja:1.1-compatible-roots-v2
乗合馬車,のりあいばしゃ,vehicle,auto,wnja:1.1-compatible-roots-v2
乳飲み子,ちのみご,person_job,auto,wnja:1.1-compatible-roots-v2
事務局長,じむきょくちょう,person_job,auto,wnja:1.1-compatible-roots-v2
事務次官,じむじかん,person_job,auto,wnja:1.1-compatible-roots-v2
二従兄弟,ふたいとこ,person_job,auto,wnja:1.1-compatible-roots-v2
二角帽子,にかくぼうし,clothing,auto,wnja:1.1-compatible-roots-v2
仕出し屋,しだしや,person_job,auto,wnja:1.1-compatible-roots-v2
仕込み杖,しこみづえ,daily_tools,auto,wnja:1.1-compatible-roots-v2
代替医療,だいたいいりょう,person_job,auto,wnja:1.1-compatible-roots-v2
代理業者,だいりぎょうしゃ,person_job,auto,wnja:1.1-compatible-roots-v2
会計業務,かいけいぎょうむ,person_job,auto,wnja:1.1-compatible-roots-v2
低脂肪乳,ていしぼうにゅう,food,auto,wnja:1.1-compatible-roots-v2
偕老同穴,かいろうどうけつ,animal|nature,auto,wnja:1.1-compatible-roots-v2
兄ちゃん,にいちゃん,person_job,auto,wnja:1.1-compatible-roots-v2
内分泌腺,ないぶんぴつせん,body,auto,wnja:1.1-compatible-roots-v2
内股膏薬,うちまたごうやく,person_job,auto,wnja:1.1-compatible-roots-v2
再従兄弟,はとこ,person_job,auto,wnja:1.1-compatible-roots-v2
冠状縫合,かんじょうほうごう,body,auto,wnja:1.1-compatible-roots-v2
准看護婦,じゅんかんごふ,person_job,auto,wnja:1.1-compatible-roots-v2
出刃包丁,でばぼうちょう,daily_tools,auto,wnja:1.1-compatible-roots-v2
出来合い,できあい,clothing,auto,wnja:1.1-compatible-roots-v2
副大統領,ふくだいとうりょう,person_job,auto,wnja:1.1-compatible-roots-v2
副甲状腺,ふくこうじょうせん,body,auto,wnja:1.1-compatible-roots-v2
副腎皮質,ふくじんひしつ,body,auto,wnja:1.1-compatible-roots-v2
副腎髄質,ふくじんずいしつ,body,auto,wnja:1.1-compatible-roots-v2
加糖練乳,かとうれんにゅう,food,auto,wnja:1.1-compatible-roots-v2
千両役者,せんりょうやくしゃ,person_job,auto,wnja:1.1-compatible-roots-v2
博打打ち,ばくちうち,person_job,auto,wnja:1.1-compatible-roots-v2
原価計算,げんかけいさん,person_job,auto,wnja:1.1-compatible-roots-v2
同姓同名,どうせいどうめい,person_job,auto,wnja:1.1-compatible-roots-v2
同性愛者,どうせいあいしゃ,person_job,auto,wnja:1.1-compatible-roots-v2
吟遊詩人,ぎんゆうしじん,person_job,auto,wnja:1.1-compatible-roots-v2
呼吸器系,こきゅうきけい,body,auto,wnja:1.1-compatible-roots-v2
囚われ人,とらわれびと,person_job,auto,wnja:1.1-compatible-roots-v2
団体競技,だんたいきょうぎ,sport,auto,wnja:1.1-compatible-roots-v2
図書館員,としょかんいん,person_job,auto,wnja:1.1-compatible-roots-v2
国務長官,こくむちょうかん,person_job,auto,wnja:1.1-compatible-roots-v2
土手っ腹,どてっぱら,body,auto,wnja:1.1-compatible-roots-v2
地理学者,ちりがくしゃ,person_job,auto,wnja:1.1-compatible-roots-v2
外務大臣,がいむだいじん,person_job,auto,wnja:1.1-compatible-roots-v2
外来患者,がいらいかんじゃ,person_job,auto,wnja:1.1-compatible-roots-v2
大動脈弁,だいどうみゃくべん,body,auto,wnja:1.1-compatible-roots-v2
大根役者,だいこんやくしゃ,person_job,auto,wnja:1.1-compatible-roots-v2
大脳皮質,だいのうひしつ,body,auto,wnja:1.1-compatible-roots-v2
大腿動脈,だいたいどうみゃく,body,auto,wnja:1.1-compatible-roots-v2
大腿神経,だいたいしんけい,body,auto,wnja:1.1-compatible-roots-v2
大黒頭巾,だいこくずきん,clothing,auto,wnja:1.1-compatible-roots-v2
天候不順,てんこうふじゅん,nature,auto,wnja:1.1-compatible-roots-v2
太っちょ,ふとっちょ,person_job,auto,wnja:1.1-compatible-roots-v2
女たらし,おんなたらし,person_job,auto,wnja:1.1-compatible-roots-v2
如何様師,いかさまし,person_job,auto,wnja:1.1-compatible-roots-v2
婦人科医,ふじんかい,person_job,auto,wnja:1.1-compatible-roots-v2
婦人警官,ふじんけいかん,person_job,auto,wnja:1.1-compatible-roots-v2
子宮内膜,しきゅうないまく,body,auto,wnja:1.1-compatible-roots-v2
学生食堂,がくせいしょくどう,place_building,auto,wnja:1.1-compatible-roots-v2
安楽いす,あんらくいす,daily_tools,auto,wnja:1.1-compatible-roots-v2
宗教音楽,しゅうきょうおんがく,music,auto,wnja:1.1-compatible-roots-v2
宵っぱり,よいっぱり,person_job,auto,wnja:1.1-compatible-roots-v2
対立教皇,たいりつきょうこう,person_job,auto,wnja:1.1-compatible-roots-v2
専制君主,せんせいくんしゅ,person_job,auto,wnja:1.1-compatible-roots-v2
小わっぱ,こわっぱ,person_job,auto,wnja:1.1-compatible-roots-v2
小児科医,しょうにかい,person_job,auto,wnja:1.1-compatible-roots-v2
小料理屋,こりょうりや,place_building,auto,wnja:1.1-compatible-roots-v2
尺骨神経,しゃっこつしんけい,body,auto,wnja:1.1-compatible-roots-v2
尿道球腺,にょうどうきゅうせん,body,auto,wnja:1.1-compatible-roots-v2
山岳地帯,さんがくちたい,nature|place_building,auto,wnja:1.1-compatible-roots-v2
山葵大根,わさびだいこん,plant|nature,auto,wnja:1.1-compatible-roots-v2
山高帽子,やまたかぼうし,clothing,auto,wnja:1.1-compatible-roots-v2
州財務官,しゅうざいむかん,person_job,auto,wnja:1.1-compatible-roots-v2
巡査部長,じゅんさぶちょう,person_job,auto,wnja:1.1-compatible-roots-v2
常緑植物,じょうりょくしょくぶつ,plant|nature,auto,wnja:1.1-compatible-roots-v2
引き剥ぎ,ひきはぎ,person_job,auto,wnja:1.1-compatible-roots-v2
彫り物師,ほりものし,person_job,auto,wnja:1.1-compatible-roots-v2
御用聞き,ごようきき,person_job,auto,wnja:1.1-compatible-roots-v2
心理学者,しんりがくしゃ,person_job,auto,wnja:1.1-compatible-roots-v2
忘れん坊,わすれんぼう,person_job,auto,wnja:1.1-compatible-roots-v2
性犯罪者,せいはんざいしゃ,person_job,auto,wnja:1.1-compatible-roots-v2
恒温動物,こうおんどうぶつ,animal|nature,auto,wnja:1.1-compatible-roots-v2
悲観論者,ひかんろんしゃ,person_job,auto,wnja:1.1-compatible-roots-v2
感覚器官,かんかくきかん,body,auto,wnja:1.1-compatible-roots-v2
成人女性,せいじんじょせい,person_job,auto,wnja:1.1-compatible-roots-v2
成人男性,せいじんだんせい,person_job,auto,wnja:1.1-compatible-roots-v2
所有権者,しょゆうけんしゃ,person_job,auto,wnja:1.1-compatible-roots-v2
扶養家族,ふようかぞく,person_job,auto,wnja:1.1-compatible-roots-v2
押し送り,おしおくり,sport,auto,wnja:1.1-compatible-roots-v2
捕りもの,とりもの,person_job,auto,wnja:1.1-compatible-roots-v2
掃き溜め,はきだめ,place_building,auto,wnja:1.1-compatible-roots-v2
掻っ払い,かっぱらい,person_job,auto,wnja:1.1-compatible-roots-v2
支払い人,しはらいにん,person_job,auto,wnja:1.1-compatible-roots-v2
旋毛曲り,つむじまがり,person_job,auto,wnja:1.1-compatible-roots-v2
日本晴れ,にほんばれ,nature,auto,wnja:1.1-compatible-roots-v2
暴れん坊,あばれんぼう,person_job,auto,wnja:1.1-compatible-roots-v2
暴力団員,ぼうりょくだんいん,person_job,auto,wnja:1.1-compatible-roots-v2
書き物机,かきものづくえ,daily_tools,auto,wnja:1.1-compatible-roots-v2
月下美人,げっかびじん,plant|nature,auto,wnja:1.1-compatible-roots-v2
木登り魚,きのぼりうお,animal|nature,auto,wnja:1.1-compatible-roots-v2
木綿付け,ゆうつけ,animal|nature,auto,wnja:1.1-compatible-roots-v2
未婚男性,みこんだんせい,person_job,auto,wnja:1.1-compatible-roots-v2
桂冠詩人,けいかんしじん,person_job,auto,wnja:1.1-compatible-roots-v2
棒手振り,ぼてふり,person_job,auto,wnja:1.1-compatible-roots-v2
歯科医師,しかいし,person_job,auto,wnja:1.1-compatible-roots-v2
殿様蝗虫,とのさまばった,animal|nature,auto,wnja:1.1-compatible-roots-v2
母ちゃん,かあちゃん,person_job,auto,wnja:1.1-compatible-roots-v2
民族学者,みんぞくがくしゃ,person_job,auto,wnja:1.1-compatible-roots-v2
民族音楽,みんぞくおんがく,music,auto,wnja:1.1-compatible-roots-v2
水中翼船,すいちゅうよくせん,vehicle,reviewed,wnja:03552749-n
水先案内,みずさきあんない,person_job,auto,wnja:1.1-compatible-roots-v2
洋服箪笥,ようふくだんす,daily_tools,auto,wnja:1.1-compatible-roots-v2
洟垂らし,はなたらし,person_job,auto,wnja:1.1-compatible-roots-v2
流域面積,りゅういきめんせき,place_building,auto,wnja:1.1-compatible-roots-v2
消防署長,しょうぼうしょちょう,person_job,auto,wnja:1.1-compatible-roots-v2
烏帽子貝,えぼしがい,animal|nature,auto,wnja:1.1-compatible-roots-v2
無神論者,むしんろんしゃ,person_job,auto,wnja:1.1-compatible-roots-v2
父ちゃん,とうちゃん,person_job,auto,wnja:1.1-compatible-roots-v2
物理学者,ぶつりがくしゃ,person_job,auto,wnja:1.1-compatible-roots-v2
猫かぶり,ねこかぶり,person_job,auto,wnja:1.1-compatible-roots-v2
生みの親,うみのおや,person_job,auto,wnja:1.1-compatible-roots-v2
百万長者,ひゃくまんちょうじゃ,person_job,auto,wnja:1.1-compatible-roots-v2
皇后陛下,こうごうへいか,person_job,auto,wnja:1.1-compatible-roots-v2
皮膚科医,ひふかい,person_job,auto,wnja:1.1-compatible-roots-v2
目鼻立ち,めはなだち,body,auto,wnja:1.1-compatible-roots-v2
研修期間,けんしゅうきかん,person_job,auto,wnja:1.1-compatible-roots-v2
神がかり,かみがかり,person_job,auto,wnja:1.1-compatible-roots-v2
突っ掛け,つっかけ,clothing,auto,wnja:1.1-compatible-roots-v2
立て役者,たてやくしゃ,person_job,auto,wnja:1.1-compatible-roots-v2
立候補者,りっこうほしゃ,person_job,auto,wnja:1.1-compatible-roots-v2
競争相手,きょうそうあいて,person_job,auto,wnja:1.1-compatible-roots-v2
第一人者,だいいちにんしゃ,person_job,auto,wnja:1.1-compatible-roots-v2
精神科医,せいしんかい,person_job,auto,wnja:1.1-compatible-roots-v2
総支配人,そうしはいにん,person_job,auto,wnja:1.1-compatible-roots-v2
美術監督,びじゅつかんとく,person_job,auto,wnja:1.1-compatible-roots-v2
耳鼻科医,じびかい,person_job,auto,wnja:1.1-compatible-roots-v2
肺動脈弁,はいどうみゃくべん,body,auto,wnja:1.1-compatible-roots-v2
脳下垂体,のうかすいたい,body,auto,wnja:1.1-compatible-roots-v2
腔腸動物,こうちょうどうぶつ,animal|nature,auto,wnja:1.1-compatible-roots-v2
自分自身,じぶんじしん,person_job,auto,wnja:1.1-compatible-roots-v2
芝居好き,しばいずき,person_job,auto,wnja:1.1-compatible-roots-v2
荒くれ者,あらくれもの,person_job,auto,wnja:1.1-compatible-roots-v2
菜食主義,さいしょくしゅぎ,food,auto,wnja:1.1-compatible-roots-v2
落とし卵,おとしたまご,food,auto,wnja:1.1-compatible-roots-v2
被子植物,ひししょくぶつ,plant|nature,auto,wnja:1.1-compatible-roots-v2
被雇用者,ひこようしゃ,person_job,auto,wnja:1.1-compatible-roots-v2
複式簿記,ふくしきぼき,person_job,auto,wnja:1.1-compatible-roots-v2
西洋酸塊,せいようすぐり,food|plant|fruit,auto,wnja:1.1-compatible-roots-v2
視床下部,ししょうかぶ,body,auto,wnja:1.1-compatible-roots-v2
言語学者,げんごがくしゃ,person_job,auto,wnja:1.1-compatible-roots-v2
調理道具,ちょうりどうぐ,daily_tools,auto,wnja:1.1-compatible-roots-v2
論説委員,ろんせついいん,person_job,auto,wnja:1.1-compatible-roots-v2
貸し座敷,かしざしき,place_building,auto,wnja:1.1-compatible-roots-v2
赤すぐり,あかすぐり,food|fruit,auto,wnja:1.1-compatible-roots-v2
走り使い,はしりづかい,person_job,auto,wnja:1.1-compatible-roots-v2
軍事顧問,ぐんじこもん,person_job,auto,wnja:1.1-compatible-roots-v2
軍医総監,ぐんいそうかん,person_job,auto,wnja:1.1-compatible-roots-v2
軍配昼顔,ぐんばいひるがお,plant|nature,auto,wnja:1.1-compatible-roots-v2
輸送業者,ゆそうぎょうしゃ,person_job,auto,wnja:1.1-compatible-roots-v2
退役軍人,たいえきぐんじん,person_job,auto,wnja:1.1-compatible-roots-v2
連れっ子,つれっこ,person_job,auto,wnja:1.1-compatible-roots-v2
遊び仲間,あそびなかま,person_job,auto,wnja:1.1-compatible-roots-v2
運命論者,うんめいろんじゃ,person_job,auto,wnja:1.1-compatible-roots-v2
配管工事,はいかんこうじ,person_job,auto,wnja:1.1-compatible-roots-v2
重要人物,じゅうようじんぶつ,person_job,auto,wnja:1.1-compatible-roots-v2
野イチゴ,のいちご,plant|nature,auto,wnja:1.1-compatible-roots-v2
野戦病院,やせんびょういん,place_building,auto,wnja:1.1-compatible-roots-v2
鈴懸の木,すずかけのき,plant|nature,auto,wnja:1.1-compatible-roots-v2
鉄砲百合,てっぽうゆり,plant|nature,auto,wnja:1.1-compatible-roots-v2
鉄道車両,てつどうしゃりょう,vehicle,reviewed,wnja:02959942-n
鉄道馬車,てつどうばしゃ,vehicle,reviewed,wnja:03538300-n
阿亀鸚哥,おかめいんこ,animal|nature,auto,wnja:1.1-compatible-roots-v2
阿婆擦れ,あばずれ,person_job,auto,wnja:1.1-compatible-roots-v2
院内総務,いんないそうむ,person_job,auto,wnja:1.1-compatible-roots-v2
陸軍軍人,りくぐんぐんじん,person_job,auto,wnja:1.1-compatible-roots-v2
難波薔薇,なにわいばら,plant|nature,auto,wnja:1.1-compatible-roots-v2
非喫煙者,ひきつえんしゃ,person_job,auto,wnja:1.1-compatible-roots-v2
非国教徒,ひこっきょうと,person_job,auto,wnja:1.1-compatible-roots-v2
非戦闘員,ひせんとういん,person_job,auto,wnja:1.1-compatible-roots-v2
音楽作品,おんがくさくひん,music,auto,wnja:1.1-compatible-roots-v2
音楽監督,おんがくかんとく,person_job,auto,wnja:1.1-compatible-roots-v2
頬っぺた,ほっぺた,body,auto,wnja:1.1-compatible-roots-v2
顔面神経,がんめんしんけい,body,auto,wnja:1.1-compatible-roots-v2
食い余し,くいあまし,food,auto,wnja:1.1-compatible-roots-v2
食べ残し,たべのこし,food,auto,wnja:1.1-compatible-roots-v2
食わせ物,くわせもの,person_job,auto,wnja:1.1-compatible-roots-v2
馬鹿野郎,ばかやろう,person_job,auto,wnja:1.1-compatible-roots-v2
高利貸し,こうりがし,person_job,auto,wnja:1.1-compatible-roots-v2
鳥もも肉,とりももにく,food,auto,wnja:1.1-compatible-roots-v2
鳥打ち帽,とりうちぼう,clothing,auto,wnja:1.1-compatible-roots-v2
麦藁帽子,むぎわらぼうし,clothing,auto,wnja:1.1-compatible-roots-v2
あばずれ女,あばずれおんな,person_job,auto,wnja:1.1-compatible-roots-v2
おたんちん,おたんちん,person_job,auto,wnja:1.1-compatible-roots-v2
お巡りさん,おまわりさん,person_job,auto,wnja:1.1-compatible-roots-v2
お父ちゃん,おとうちゃん,person_job,auto,wnja:1.1-compatible-roots-v2
お相撲さん,おすもうさん,person_job,auto,wnja:1.1-compatible-roots-v2
お笑い芸人,おわらいげいにん,person_job,auto,wnja:1.1-compatible-roots-v2
かばん持ち,かばんもち,person_job,auto,wnja:1.1-compatible-roots-v2
かんかん帽,かんかんぼう,clothing,auto,wnja:1.1-compatible-roots-v2
ごみ収集車,ごみしゅうしゅうしゃ,vehicle,auto,wnja:1.1-compatible-roots-v2
されこうべ,されこうべ,body,auto,wnja:1.1-compatible-roots-v2
ちゃりんこ,ちゃりんこ,vehicle,auto,wnja:1.1-compatible-roots-v2
でんでん虫,でんでんむし,animal|nature,auto,wnja:1.1-compatible-roots-v2
のんだくれ,のんだくれ,person_job,auto,wnja:1.1-compatible-roots-v2
はやりっ子,はやりっこ,person_job,auto,wnja:1.1-compatible-roots-v2
やかまし屋,やかましや,person_job,auto,wnja:1.1-compatible-roots-v2
アウトロー,あうとろー,person_job,auto,wnja:1.1-compatible-roots-v2
アカイエカ,あかいえか,animal|nature,auto,wnja:1.1-compatible-roots-v2
アカンサス,あかんさす,plant|nature,auto,wnja:1.1-compatible-roots-v2
アキメネス,あきめねす,plant|nature,auto,wnja:1.1-compatible-roots-v2
アクトレス,あくとれす,person_job,auto,wnja:1.1-compatible-roots-v2
アザミウマ,あざみうま,animal|nature,auto,wnja:1.1-compatible-roots-v2
アスチルベ,あすちるべ,plant|nature,auto,wnja:1.1-compatible-roots-v2
アスピック,あすぴっく,food,auto,wnja:1.1-compatible-roots-v2
アスリート,あすりーと,person_job,auto,wnja:1.1-compatible-roots-v2
アダージョ,あだーじょ,music,auto,wnja:1.1-compatible-roots-v2
アテローム,あてろーむ,body,auto,wnja:1.1-compatible-roots-v2
アデノイド,あでのいど,body,auto,wnja:1.1-compatible-roots-v2
アナキスト,あなきすと,person_job,auto,wnja:1.1-compatible-roots-v2
アナコンダ,あなこんだ,animal|nature,auto,wnja:1.1-compatible-roots-v2
アナリスト,あなりすと,person_job,auto,wnja:1.1-compatible-roots-v2
アニゼット,あにぜっと,food,auto,wnja:1.1-compatible-roots-v2
アノラック,あのらっく,clothing,auto,wnja:1.1-compatible-roots-v2
アフリカ象,あふりかぞう,animal|nature,auto,wnja:1.1-compatible-roots-v2
アブラヤシ,あぶらやし,plant|nature,auto,wnja:1.1-compatible-roots-v2
アペリチフ,あぺりちふ,food,auto,wnja:1.1-compatible-roots-v2
アホウドリ,あほうどり,animal|nature,auto,wnja:1.1-compatible-roots-v2
アボリジニ,あぼりじに,person_job,auto,wnja:1.1-compatible-roots-v2
アマツバメ,あまつばめ,animal|nature,auto,wnja:1.1-compatible-roots-v2
アマリリス,あまりりす,plant|nature,auto,wnja:1.1-compatible-roots-v2
アマレット,あまれっと,food,auto,wnja:1.1-compatible-roots-v2
アメリカン,あめりかん,person_job,auto,wnja:1.1-compatible-roots-v2
アルチザン,あるちざん,person_job,auto,wnja:1.1-compatible-roots-v2
アルテミア,あるてみあ,animal|nature,auto,wnja:1.1-compatible-roots-v2
アルマジロ,あるまじろ,animal|nature,auto,wnja:1.1-compatible-roots-v2
アルマンド,あるまんど,food,auto,wnja:1.1-compatible-roots-v2
アロカシア,あろかしあ,plant|nature,auto,wnja:1.1-compatible-roots-v2
アンゼリカ,あんぜりか,food|plant,auto,wnja:1.1-compatible-roots-v2
アンパイア,あんぱいあ,person_job,auto,wnja:1.1-compatible-roots-v2
アンパイヤ,あんぱいや,person_job,auto,wnja:1.1-compatible-roots-v2
アヴォカド,あゔぉかど,food|plant|fruit,auto,wnja:1.1-compatible-roots-v2
アーチスト,あーちすと,person_job,auto,wnja:1.1-compatible-roots-v2
アーリア人,あーりあじん,person_job,auto,wnja:1.1-compatible-roots-v2
イタリア人,いたりあじん,person_job,auto,wnja:1.1-compatible-roots-v2
イナゴマメ,いなごまめ,food|plant|fruit,auto,wnja:1.1-compatible-roots-v2
イレーザー,いれーざー,daily_tools,auto,wnja:1.1-compatible-roots-v2
イワボタン,いわぼたん,plant|nature,auto,wnja:1.1-compatible-roots-v2
インディオ,いんでぃお,person_job,auto,wnja:1.1-compatible-roots-v2
ウィザード,うぃざーど,person_job,auto,wnja:1.1-compatible-roots-v2
ウィスキー,うぃすきー,food,reviewed,wnja:07906284-n
ウイザード,ういざーど,person_job,auto,wnja:1.1-compatible-roots-v2
ウェーター,うぇーたー,person_job,auto,wnja:1.1-compatible-roots-v2
ウエイター,うえいたー,person_job,auto,wnja:1.1-compatible-roots-v2
ウエハース,うえはーす,food,auto,wnja:1.1-compatible-roots-v2
ウエーター,うえーたー,person_job,auto,wnja:1.1-compatible-roots-v2
ウシガエル,うしがえる,animal|nature,reviewed,wnja:01641577-n
ウシノシタ,うしのした,nature,auto,wnja:1.1-compatible-roots-v2
ウミガラス,うみがらす,animal|nature,auto,wnja:1.1-compatible-roots-v2
ウミタナゴ,うみたなご,animal|nature,auto,wnja:1.1-compatible-roots-v2
ウメケムシ,うめけむし,animal|nature,auto,wnja:1.1-compatible-roots-v2
エキストラ,えきすとら,person_job,auto,wnja:1.1-compatible-roots-v2
エクリン腺,えくりんせん,body,auto,wnja:1.1-compatible-roots-v2
エクルビス,えくるびす,animal|nature,auto,wnja:1.1-compatible-roots-v2
エゴイスト,えごいすと,person_job,auto,wnja:1.1-compatible-roots-v2
エスカルゴ,えすかるご,food,reviewed,wnja:07782475-n
エチュード,えちゅーど,music,auto,wnja:1.1-compatible-roots-v2
エトランゼ,えとらんぜ,person_job,auto,wnja:1.1-compatible-roots-v2
エピグラフ,えぴぐらふ,music,auto,wnja:1.1-compatible-roots-v2
エピスシア,えぴすしあ,plant|nature,auto,wnja:1.1-compatible-roots-v2
エンダイブ,えんだいぶ,food|plant|vegetable,reviewed,wnja:07731587-n
エンバシー,えんばしー,place_building,auto,wnja:1.1-compatible-roots-v2
エンプレス,えんぷれす,person_job,auto,wnja:1.1-compatible-roots-v2
オオグルマ,おおぐるま,plant|nature,auto,wnja:1.1-compatible-roots-v2
オオケタデ,おおけたで,plant|nature,auto,wnja:1.1-compatible-roots-v2
オジロワシ,おじろわし,animal|nature,auto,wnja:1.1-compatible-roots-v2
オセロット,おせろっと,animal|nature,auto,wnja:1.1-compatible-roots-v2
オナガガモ,おなががも,animal|nature,auto,wnja:1.1-compatible-roots-v2
オナガザメ,おながざめ,animal|nature,auto,wnja:1.1-compatible-roots-v2
オニアザミ,おにあざみ,plant|nature,auto,wnja:1.1-compatible-roots-v2
オフィサー,おふぃさー,person_job,auto,wnja:1.1-compatible-roots-v2
オブザーバ,おぶざーば,person_job,auto,wnja:1.1-compatible-roots-v2
オブラート,おぶらーと,person_job,auto,wnja:1.1-compatible-roots-v2
オペレッタ,おぺれった,music,auto,wnja:1.1-compatible-roots-v2
オポッサム,おぽっさむ,animal|nature,auto,wnja:1.1-compatible-roots-v2
オラトリオ,おらとりお,music,auto,wnja:1.1-compatible-roots-v2
オランダ苺,おらんだいちご,food|fruit,auto,wnja:1.1-compatible-roots-v2
オリックス,おりっくす,animal|nature,auto,wnja:1.1-compatible-roots-v2
オーシャン,おーしゃん,nature|place_building,auto,wnja:1.1-compatible-roots-v2
オードブル,おーどぶる,food,auto,wnja:1.1-compatible-roots-v2
オービット,おーびっと,person_job,auto,wnja:1.1-compatible-roots-v2
カイツブリ,かいつぶり,animal|nature,auto,wnja:1.1-compatible-roots-v2
カスタマー,かすたまー,person_job,auto,wnja:1.1-compatible-roots-v2
カセドラル,かせどらる,place_building,auto,wnja:1.1-compatible-roots-v2
カテドラル,かてどらる,place_building,auto,wnja:1.1-compatible-roots-v2
カデンツァ,かでんつぁ,music,auto,wnja:1.1-compatible-roots-v2
カトリック,かとりっく,person_job,auto,wnja:1.1-compatible-roots-v2
カナムグラ,かなむぐら,plant|nature,auto,wnja:1.1-compatible-roots-v2
カノコソウ,かのこそう,plant|nature,auto,wnja:1.1-compatible-roots-v2
カブリオレ,かぶりおれ,vehicle,reviewed,wnja:02931013-n
カプチーノ,かぷちーの,food,auto,wnja:1.1-compatible-roots-v2
カモミール,かもみーる,plant|nature,auto,wnja:1.1-compatible-roots-v2
カラクール,からくーる,animal|nature,auto,wnja:1.1-compatible-roots-v2
カラスムギ,からすむぎ,food|plant,auto,wnja:1.1-compatible-roots-v2
カラリスト,からりすと,person_job,auto,wnja:1.1-compatible-roots-v2
カリビアン,かりびあん,place_building,auto,wnja:1.1-compatible-roots-v2
カルダモン,かるだもん,food|plant,reviewed,wnja:07822323-n|wnja:12358293-n
カルティエ,かるてぃえ,person_job,auto,wnja:1.1-compatible-roots-v2
カルデア人,かるであじん,person_job,auto,wnja:1.1-compatible-roots-v2
カワガラス,かわがらす,animal|nature,auto,wnja:1.1-compatible-roots-v2
カワヤナギ,かわやなぎ,plant|nature,auto,wnja:1.1-compatible-roots-v2
カンタータ,かんたーた,music,auto,wnja:1.1-compatible-roots-v2
カージナル,かーじなる,person_job,auto,wnja:1.1-compatible-roots-v2
ガスパチョ,がすぱちょ,food,reviewed,wnja:07585758-n
ガスレンジ,がすれんじ,daily_tools,auto,wnja:1.1-compatible-roots-v2
ガレオン船,がれおんせん,vehicle,auto,wnja:1.1-compatible-roots-v2
ガンギエイ,がんぎえい,animal|nature,auto,wnja:1.1-compatible-roots-v2
ガードマン,がーどまん,person_job,auto,wnja:1.1-compatible-roots-v2
ガーリック,がーりっく,food,auto,wnja:1.1-compatible-roots-v2
キャディー,きゃでぃー,person_job,auto,wnja:1.1-compatible-roots-v2
キャラバン,きゃらばん,vehicle,reviewed,wnja:04520382-n
キャンティ,きゃんてぃ,food,auto,wnja:1.1-compatible-roots-v2
キャンディ,きゃんでぃ,food,auto,wnja:1.1-compatible-roots-v2
キャンデー,きゃんでー,food,auto,wnja:1.1-compatible-roots-v2
キャンパー,きゃんぱー,person_job,auto,wnja:1.1-compatible-roots-v2
キャンプ場,きゃんぷじょう,place_building,auto,wnja:1.1-compatible-roots-v2
キャンベル,きゃんべる,person_job,auto,wnja:1.1-compatible-roots-v2
キュビスト,きゅびすと,person_job,auto,wnja:1.1-compatible-roots-v2
キュロット,きゅろっと,clothing,auto,wnja:1.1-compatible-roots-v2
キュンメル,きゅんめる,food,auto,wnja:1.1-compatible-roots-v2
キランソウ,きらんそう,plant|nature,auto,wnja:1.1-compatible-roots-v2
ギムレット,ぎむれっと,food,auto,wnja:1.1-compatible-roots-v2
ギャルソン,ぎゃるそん,person_job,auto,wnja:1.1-compatible-roots-v2
ギャレージ,ぎゃれーじ,place_building,auto,wnja:1.1-compatible-roots-v2
クエーサー,くえーさー,nature,auto,wnja:1.1-compatible-roots-v2
クサソテツ,くさそてつ,plant|nature,auto,wnja:1.1-compatible-roots-v2
クチュリエ,くちゅりえ,person_job,auto,wnja:1.1-compatible-roots-v2
クマネズミ,くまねずみ,animal|nature,auto,wnja:1.1-compatible-roots-v2
クモヒトデ,くもひとで,animal|nature,auto,wnja:1.1-compatible-roots-v2
クライマー,くらいまー,person_job,auto,wnja:1.1-compatible-roots-v2
クラリオン,くらりおん,instrument|music,reviewed,wnja:03037899-n
クリケット,くりけっと,sport,reviewed,wnja:00476389-n
クリトリス,くりとりす,body,auto,wnja:1.1-compatible-roots-v2
クルーガー,くるーがー,person_job,auto,wnja:1.1-compatible-roots-v2
クルーラー,くるーらー,food,auto,wnja:1.1-compatible-roots-v2
クレオール,くれおーる,person_job,auto,wnja:1.1-compatible-roots-v2
クレマチス,くれまちす,plant|nature,auto,wnja:1.1-compatible-roots-v2
クロケット,くろけっと,person_job,auto,wnja:1.1-compatible-roots-v2
クロッカス,くろっかす,plant|nature,auto,wnja:1.1-compatible-roots-v2
クロッケー,くろっけー,sport,reviewed,wnja:00466880-n
グヤーシュ,ぐやーしゅ,food,auto,wnja:1.1-compatible-roots-v2
グライダー,ぐらいだー,vehicle,reviewed,wnja:03439814-n
グラノーラ,ぐらのーら,food,auto,wnja:1.1-compatible-roots-v2
グラハム粉,ぐらはむこ,food,auto,wnja:1.1-compatible-roots-v2
グルーピー,ぐるーぴー,person_job,auto,wnja:1.1-compatible-roots-v2
グレービー,ぐれーびー,food,auto,wnja:1.1-compatible-roots-v2
ケイジャン,けいじゃん,person_job,auto,wnja:1.1-compatible-roots-v2
コウノトリ,こうのとり,animal|nature,reviewed,wnja:02002556-n
コククジラ,こくくじら,animal|nature,auto,wnja:1.1-compatible-roots-v2
コクチョウ,こくちょう,animal|nature,auto,wnja:1.1-compatible-roots-v2
ココナッツ,ここなっつ,fruit,auto,wnja:1.1-compatible-roots-v2
コッペパン,こっぺぱん,food,auto,wnja:1.1-compatible-roots-v2
コニャック,こにゃっく,food,auto,wnja:1.1-compatible-roots-v2
コノハズク,このはずく,animal|nature,auto,wnja:1.1-compatible-roots-v2
コルセット,こるせっと,clothing,auto,wnja:1.1-compatible-roots-v2
コルネット,こるねっと,instrument|music,reviewed,wnja:03110669-n
コルベット,こるべっと,vehicle,reviewed,wnja:03113035-n
コロニアル,ころにある,person_job,auto,wnja:1.1-compatible-roots-v2
コンテナ船,こんてなせん,vehicle,auto,wnja:1.1-compatible-roots-v2
コンビーフ,こんびーふ,food,auto,wnja:1.1-compatible-roots-v2
コンフリー,こんふりー,food|plant,auto,wnja:1.1-compatible-roots-v2
コンポート,こんぽーと,food,auto,wnja:1.1-compatible-roots-v2
コンロッド,こんろっど,daily_tools,auto,wnja:1.1-compatible-roots-v2
コーチャー,こーちゃー,person_job,auto,wnja:1.1-compatible-roots-v2
コールラビ,こーるらび,food|plant|vegetable,reviewed,wnja:07733567-n
ゴルファー,ごるふぁー,person_job,auto,wnja:1.1-compatible-roots-v2
ゴーカート,ごーかーと,vehicle,auto,wnja:1.1-compatible-roots-v2
サイクロン,さいくろん,nature,auto,wnja:1.1-compatible-roots-v2
サイボーグ,さいぼーぐ,person_job,auto,wnja:1.1-compatible-roots-v2
サイレージ,さいれーじ,food,auto,wnja:1.1-compatible-roots-v2
サウスポー,さうすぽー,person_job,auto,wnja:1.1-compatible-roots-v2
サキソホン,さきそほん,instrument|music,auto,wnja:1.1-compatible-roots-v2
サクソルン,さくそるん,instrument|music,reviewed,wnja:04141198-n
サクラソウ,さくらそう,plant|nature,auto,wnja:1.1-compatible-roots-v2
サッカリン,さっかりん,food,auto,wnja:1.1-compatible-roots-v2
サディスト,さでぃすと,person_job,auto,wnja:1.1-compatible-roots-v2
サブマリン,さぶまりん,vehicle,auto,wnja:1.1-compatible-roots-v2
サモワール,さもわーる,daily_tools,auto,wnja:1.1-compatible-roots-v2
サロペット,さろぺっと,clothing,auto,wnja:1.1-compatible-roots-v2
サンドレス,さんどれす,clothing,auto,wnja:1.1-compatible-roots-v2
サーチャー,さーちゃー,animal|nature,auto,wnja:1.1-compatible-roots-v2
サーバント,さーばんと,person_job,auto,wnja:1.1-compatible-roots-v2
サーロイン,さーろいん,food,auto,wnja:1.1-compatible-roots-v2
ザゼンソウ,ざぜんそう,plant|nature,auto,wnja:1.1-compatible-roots-v2
シェイバー,しぇいばー,daily_tools,auto,wnja:1.1-compatible-roots-v2
シェリー酒,しぇりーしゅ,food,auto,wnja:1.1-compatible-roots-v2
シェーバー,しぇーばー,daily_tools,auto,wnja:1.1-compatible-roots-v2
シオニスト,しおにすと,person_job,auto,wnja:1.1-compatible-roots-v2
シカクマメ,しかくまめ,plant|nature,auto,wnja:1.1-compatible-roots-v2
シクラメン,しくらめん,plant|nature,auto,wnja:1.1-compatible-roots-v2
シクリッド,しくりっど,animal|nature,auto,wnja:1.1-compatible-roots-v2
シシカバブ,ししかばぶ,food,auto,wnja:1.1-compatible-roots-v2
シタビラメ,したびらめ,food,auto,wnja:1.1-compatible-roots-v2
シデコブシ,しでこぶし,plant|nature,auto,wnja:1.1-compatible-roots-v2
シナゴーグ,しなごーぐ,place_building,auto,wnja:1.1-compatible-roots-v2
シネラリア,しねらりあ,plant|nature,auto,wnja:1.1-compatible-roots-v2
シビリアン,しびりあん,person_job,auto,wnja:1.1-compatible-roots-v2
シビレエイ,しびれえい,animal|nature,auto,wnja:1.1-compatible-roots-v2
シマアオジ,しまあおじ,animal|nature,auto,wnja:1.1-compatible-roots-v2
シャペロン,しゃぺろん,person_job,auto,wnja:1.1-compatible-roots-v2
シャロット,しゃろっと,vegetable,reviewed,wnja:07723177-n
シャンペン,しゃんぺん,food,auto,wnja:1.1-compatible-roots-v2
シャーマン,しゃーまん,person_job,auto,wnja:1.1-compatible-roots-v2
シュミーズ,しゅみーず,clothing,auto,wnja:1.1-compatible-roots-v2
シュリンプ,しゅりんぷ,food,auto,wnja:1.1-compatible-roots-v2
シロフォン,しろふぉん,instrument|music,auto,wnja:1.1-compatible-roots-v2
シンクイガ,しんくいが,animal|nature,auto,wnja:1.1-compatible-roots-v2
シングルス,しんぐるす,sport,auto,wnja:1.1-compatible-roots-v2
シンホニー,しんほにー,music,auto,wnja:1.1-compatible-roots-v2
シーサイド,しーさいど,nature|place_building,auto,wnja:1.1-compatible-roots-v2
シーホース,しーほーす,animal|nature,auto,wnja:1.1-compatible-roots-v2
ジェネラル,じぇねらる,person_job,auto,wnja:1.1-compatible-roots-v2
ジギタリス,じぎたりす,plant,reviewed,wnja:12882779-n
ジッグラト,じっぐらと,place_building,auto,wnja:1.1-compatible-roots-v2
ジャグラー,じゃぐらー,person_job,auto,wnja:1.1-compatible-roots-v2
ジャズマン,じゃずまん,person_job,auto,wnja:1.1-compatible-roots-v2
ジャッカル,じゃっかる,animal|nature,auto,wnja:1.1-compatible-roots-v2
ジャンキー,じゃんきー,person_job,auto,wnja:1.1-compatible-roots-v2
ジャンバー,じゃんばー,clothing,auto,wnja:1.1-compatible-roots-v2
ジャーキー,じゃーきー,food,auto,wnja:1.1-compatible-roots-v2
ジャーマン,じゃーまん,person_job,auto,wnja:1.1-compatible-roots-v2
ジュンサイ,じゅんさい,plant|nature,auto,wnja:1.1-compatible-roots-v2
ジョーカー,じょーかー,person_job,auto,wnja:1.1-compatible-roots-v2
ジンジャー,じんじゃー,food|plant,auto,wnja:1.1-compatible-roots-v2
スイカズラ,すいかずら,plant|nature,auto,wnja:1.1-compatible-roots-v2
スイミング,すいみんぐ,sport,auto,wnja:1.1-compatible-roots-v2
スインガー,すいんがー,person_job,auto,wnja:1.1-compatible-roots-v2
スエーター,すえーたー,clothing,auto,wnja:1.1-compatible-roots-v2
スキッパー,すきっぱー,person_job,auto,wnja:1.1-compatible-roots-v2
スキャット,すきゃっと,music,auto,wnja:1.1-compatible-roots-v2
スキャッブ,すきゃっぶ,person_job,auto,wnja:1.1-compatible-roots-v2
スキーヤー,すきーやー,person_job,auto,wnja:1.1-compatible-roots-v2
スケルツォ,すけるつぉ,music,auto,wnja:1.1-compatible-roots-v2
スケーター,すけーたー,person_job,auto,wnja:1.1-compatible-roots-v2
スタペリア,すたぺりあ,plant|nature,auto,wnja:1.1-compatible-roots-v2
スターチス,すたーちす,plant|nature,auto,wnja:1.1-compatible-roots-v2
スティック,すてぃっく,daily_tools,auto,wnja:1.1-compatible-roots-v2
ステイヤー,すていやー,animal|nature,auto,wnja:1.1-compatible-roots-v2
ステッカー,すてっかー,person_job,auto,wnja:1.1-compatible-roots-v2
ストゥール,すとぅーる,daily_tools,auto,wnja:1.1-compatible-roots-v2
ストマック,すとまっく,body,auto,wnja:1.1-compatible-roots-v2
ストリッパ,すとりっぱ,person_job,auto,wnja:1.1-compatible-roots-v2
ストーカー,すとーかー,person_job,auto,wnja:1.1-compatible-roots-v2
スナイパー,すないぱー,person_job,auto,wnja:1.1-compatible-roots-v2
スナッパー,すなっぱー,person_job,auto,wnja:1.1-compatible-roots-v2
スパゲティ,すぱげてぃ,food,auto,wnja:1.1-compatible-roots-v2
スパチュラ,すぱちゅら,daily_tools,auto,wnja:1.1-compatible-roots-v2
スパニエル,すぱにえる,animal|nature,auto,wnja:1.1-compatible-roots-v2
スピリッツ,すぴりっつ,food,auto,wnja:1.1-compatible-roots-v2
スプロール,すぷろーる,place_building,auto,wnja:1.1-compatible-roots-v2
スベリヒユ,すべりひゆ,plant|nature,reviewed,wnja:11857320-n|wnja:11857696-n|wnja:11858077-n
スペアリブ,すぺありぶ,food,auto,wnja:1.1-compatible-roots-v2
スペイン人,すぺいんじん,person_job,auto,wnja:1.1-compatible-roots-v2
スペリオル,すぺりおる,place_building,auto,wnja:1.1-compatible-roots-v2
スモーカー,すもーかー,person_job,auto,wnja:1.1-compatible-roots-v2
スラッガー,すらっがー,person_job,auto,wnja:1.1-compatible-roots-v2
スロージン,すろーじん,food,auto,wnja:1.1-compatible-roots-v2
スワーミー,すわーみー,person_job,auto,wnja:1.1-compatible-roots-v2
ズッキーニ,ずっきーに,food|plant|vegetable,reviewed,wnja:07716358-n|wnja:12159804-n
セイボリー,せいぼりー,plant|nature,auto,wnja:1.1-compatible-roots-v2
セクレタリ,せくれたり,person_job,auto,wnja:1.1-compatible-roots-v2
セミクジラ,せみくじら,animal|nature,auto,wnja:1.1-compatible-roots-v2
セラピスト,せらぴすと,person_job,auto,wnja:1.1-compatible-roots-v2
セルビア人,せるびあじん,person_job,auto,wnja:1.1-compatible-roots-v2
セルリアク,せるりあく,food|plant|vegetable,auto,wnja:1.1-compatible-roots-v2
セレナーデ,せれなーで,music,auto,wnja:1.1-compatible-roots-v2
セレナード,せれなーど,music,auto,wnja:1.1-compatible-roots-v2
ソルジャー,そるじゃー,person_job,auto,wnja:1.1-compatible-roots-v2
ソロイスト,そろいすと,person_job,auto,wnja:1.1-compatible-roots-v2
ソーイング,そーいんぐ,person_job,auto,wnja:1.1-compatible-roots-v2
ソースパン,そーすぱん,daily_tools,auto,wnja:1.1-compatible-roots-v2
タイピスト,たいぴすと,person_job,auto,wnja:1.1-compatible-roots-v2
タイラント,たいらんと,person_job,auto,wnja:1.1-compatible-roots-v2
タカラガイ,たからがい,animal|nature,auto,wnja:1.1-compatible-roots-v2
タグボート,たぐぼーと,vehicle,auto,wnja:1.1-compatible-roots-v2
タシロイモ,たしろいも,plant|nature,auto,wnja:1.1-compatible-roots-v2
タッフィー,たっふぃー,food,auto,wnja:1.1-compatible-roots-v2
タマリンド,たまりんど,food|plant|fruit,reviewed,wnja:07764630-n
タンバリン,たんばりん,instrument|music,reviewed,wnja:04387400-n
ダルシマー,だるしまー,instrument|music,reviewed,wnja:03254737-n|wnja:03254862-n
ダンディー,だんでぃー,person_job,auto,wnja:1.1-compatible-roots-v2
ダンプカー,だんぷかー,vehicle,reviewed,wnja:03256166-n
チェアマン,ちぇあまん,person_job,auto,wnja:1.1-compatible-roots-v2
チェイサー,ちぇいさー,person_job,auto,wnja:1.1-compatible-roots-v2
チェリスト,ちぇりすと,person_job,auto,wnja:1.1-compatible-roots-v2
チェレスタ,ちぇれすた,instrument|music,reviewed,wnja:02990758-n
チェンバロ,ちぇんばろ,instrument|music,reviewed,wnja:03496296-n
チェーサー,ちぇーさー,person_job,auto,wnja:1.1-compatible-roots-v2
チャウダー,ちゃうだー,food,auto,wnja:1.1-compatible-roots-v2
チャパティ,ちゃぱてぃ,food,auto,wnja:1.1-compatible-roots-v2
チャプスイ,ちゃぷすい,food,auto,wnja:1.1-compatible-roots-v2
チャプター,ちゃぷたー,music,auto,wnja:1.1-compatible-roots-v2
チュニック,ちゅにっく,clothing,auto,wnja:1.1-compatible-roots-v2
チューター,ちゅーたー,person_job,auto,wnja:1.1-compatible-roots-v2
チョウザメ,ちょうざめ,animal|nature,auto,wnja:1.1-compatible-roots-v2
チョッパー,ちょっぱー,daily_tools,auto,wnja:1.1-compatible-roots-v2
チョンガー,ちょんがー,person_job,auto,wnja:1.1-compatible-roots-v2
チョーサー,ちょーさー,person_job,auto,wnja:1.1-compatible-roots-v2
チングルマ,ちんぐるま,plant|nature,auto,wnja:1.1-compatible-roots-v2
ツルレイシ,つるれいし,plant|nature,auto,wnja:1.1-compatible-roots-v2
ツーピース,つーぴーす,clothing,auto,wnja:1.1-compatible-roots-v2
ツーリスト,つーりすと,person_job,auto,wnja:1.1-compatible-roots-v2
ティラミス,てぃらみす,food,auto,wnja:1.1-compatible-roots-v2
ティンパニ,てぃんぱに,instrument|music,auto,wnja:1.1-compatible-roots-v2
テクノロジ,てくのろじ,person_job,auto,wnja:1.1-compatible-roots-v2
テコドント,てこどんと,animal|nature,auto,wnja:1.1-compatible-roots-v2
テナガエビ,てながえび,animal|nature,auto,wnja:1.1-compatible-roots-v2
テナガザル,てながざる,animal|nature,auto,wnja:1.1-compatible-roots-v2
テラコッタ,てらこった,daily_tools,auto,wnja:1.1-compatible-roots-v2
テロリスト,てろりすと,person_job,auto,wnja:1.1-compatible-roots-v2
テングザル,てんぐざる,animal|nature,auto,wnja:1.1-compatible-roots-v2
ディゾルブ,でぃぞるぶ,music,auto,wnja:1.1-compatible-roots-v2
ディレクタ,でぃれくた,person_job,auto,wnja:1.1-compatible-roots-v2
ディンギー,でぃんぎー,vehicle,auto,wnja:1.1-compatible-roots-v2
ディーゼル,でぃーぜる,person_job,auto,wnja:1.1-compatible-roots-v2
デニッシュ,でにっしゅ,food,auto,wnja:1.1-compatible-roots-v2
デマゴーグ,でまごーぐ,person_job,auto,wnja:1.1-compatible-roots-v2
デンジソウ,でんじそう,plant|nature,auto,wnja:1.1-compatible-roots-v2
トケイソウ,とけいそう,plant|nature,auto,wnja:1.1-compatible-roots-v2
トチカガミ,とちかがみ,plant|nature,auto,wnja:1.1-compatible-roots-v2
トッカータ,とっかーた,music,auto,wnja:1.1-compatible-roots-v2
トビネズミ,とびねずみ,animal|nature,auto,wnja:1.1-compatible-roots-v2
トラクター,とらくたー,vehicle,reviewed,wnja:04465501-n|wnja:04465666-n
トラベラー,とらべらー,person_job,auto,wnja:1.1-compatible-roots-v2
トリカブト,とりかぶと,plant,reviewed,wnja:11722982-n|wnja:11723452-n
トリマラン,とりまらん,vehicle,reviewed,wnja:04483307-n
トルネード,とるねーど,nature,auto,wnja:1.1-compatible-roots-v2
トレッカー,とれっかー,person_job,auto,wnja:1.1-compatible-roots-v2
トロール船,とろーるせん,vehicle,reviewed,wnja:04476116-n
ドゥオーモ,どぅおーも,place_building,auto,wnja:1.1-compatible-roots-v2
ドゥーチェ,どぅーちぇ,person_job,auto,wnja:1.1-compatible-roots-v2
ドクウツギ,どくうつぎ,clothing,auto,wnja:1.1-compatible-roots-v2
ドクカマス,どくかます,animal|nature,auto,wnja:1.1-compatible-roots-v2
ドブネズミ,どぶねずみ,animal|nature,auto,wnja:1.1-compatible-roots-v2
ドリーマー,どりーまー,person_job,auto,wnja:1.1-compatible-roots-v2
ドルフィン,どるふぃん,animal|nature,auto,wnja:1.1-compatible-roots-v2
ナイアシン,ないあしん,food,auto,wnja:1.1-compatible-roots-v2
ナイティー,ないてぃー,clothing,auto,wnja:1.1-compatible-roots-v2
ナキウサギ,なきうさぎ,animal|nature,auto,wnja:1.1-compatible-roots-v2
ナギイカダ,なぎいかだ,plant|nature,auto,wnja:1.1-compatible-roots-v2
ナツメッグ,なつめっぐ,food,auto,wnja:1.1-compatible-roots-v2
ナポリタン,なぽりたん,person_job,auto,wnja:1.1-compatible-roots-v2
ナマケモノ,なまけもの,animal|nature,auto,wnja:1.1-compatible-roots-v2
ナルシスト,なるしすと,person_job,auto,wnja:1.1-compatible-roots-v2
ニガヨモギ,にがよもぎ,plant|nature,auto,wnja:1.1-compatible-roots-v2
ニコチン酸,にこちんさん,food,auto,wnja:1.1-compatible-roots-v2
ニシキヘビ,にしきへび,animal|nature,auto,wnja:1.1-compatible-roots-v2
ニッカーズ,にっかーず,clothing,auto,wnja:1.1-compatible-roots-v2
ニッパ椰子,にっぱやし,plant|nature,auto,wnja:1.1-compatible-roots-v2
ヌートリア,ぬーとりあ,animal|nature,reviewed,wnja:02366959-n
ネイティヴ,ねいてぃゔ,person_job,auto,wnja:1.1-compatible-roots-v2
ネクタリン,ねくたりん,food|plant|fruit,auto,wnja:1.1-compatible-roots-v2
ネグリジェ,ねぐりじぇ,clothing,auto,wnja:1.1-compatible-roots-v2
ネグロイド,ねぐろいど,person_job,auto,wnja:1.1-compatible-roots-v2
ノクターン,のくたーん,music,auto,wnja:1.1-compatible-roots-v2
ノボロギク,のぼろぎく,plant|nature,auto,wnja:1.1-compatible-roots-v2
ハイアライ,はいあらい,sport,reviewed,wnja:00480366-n
ハイブラウ,はいぶらう,person_job,auto,wnja:1.1-compatible-roots-v2
ハイブロー,はいぶろー,person_job,auto,wnja:1.1-compatible-roots-v2
ハイランド,はいらんど,nature|place_building,auto,wnja:1.1-compatible-roots-v2
ハキリバチ,はきりばち,animal|nature,auto,wnja:1.1-compatible-roots-v2
ハサミムシ,はさみむし,animal|nature,auto,wnja:1.1-compatible-roots-v2
ハズバンド,はずばんど,person_job,auto,wnja:1.1-compatible-roots-v2
ハダカムギ,はだかむぎ,plant|nature,auto,wnja:1.1-compatible-roots-v2
ハナキリン,はなきりん,plant|nature,auto,wnja:1.1-compatible-roots-v2
ハハコグサ,ははこぐさ,plant|nature,auto,wnja:1.1-compatible-roots-v2
ハムスター,はむすたー,animal|nature,reviewed,wnja:02342885-n
ハリケーン,はりけーん,nature,auto,wnja:1.1-compatible-roots-v2
ハリジャン,はりじゃん,person_job,auto,wnja:1.1-compatible-roots-v2
ハリモグラ,はりもぐら,animal|nature,auto,wnja:1.1-compatible-roots-v2
ハルジオン,はるじおん,plant|nature,reviewed,wnja:11966896-n
ハンドベル,はんどべる,instrument|music,reviewed,wnja:03483230-n
ハンモック,はんもっく,daily_tools,auto,wnja:1.1-compatible-roots-v2
ハープーン,はーぷーん,daily_tools,auto,wnja:1.1-compatible-roots-v2
ハーモニカ,はーもにか,instrument|music,reviewed,wnja:03494278-n
バインダー,ばいんだー,daily_tools,auto,wnja:1.1-compatible-roots-v2
バガボンド,ばがぼんど,person_job,auto,wnja:1.1-compatible-roots-v2
バグパイプ,ばぐぱいぷ,instrument|music,reviewed,wnja:02775483-n
バチェラー,ばちぇらー,person_job,auto,wnja:1.1-compatible-roots-v2
バッテーラ,ばってーら,vehicle,auto,wnja:1.1-compatible-roots-v2
バプテスト,ばぷてすと,person_job,auto,wnja:1.1-compatible-roots-v2
バラライカ,ばららいか,instrument|music,reviewed,wnja:02776978-n
バレリーナ,ばれりーな,person_job,auto,wnja:1.1-compatible-roots-v2
バンジョー,ばんじょー,instrument|music,reviewed,wnja:02787622-n
バンジロウ,ばんじろう,plant|nature,auto,wnja:1.1-compatible-roots-v2
バーミセリ,ばーみせり,food,auto,wnja:1.1-compatible-roots-v2
パイオニア,ぱいおにあ,person_job,auto,wnja:1.1-compatible-roots-v2
パイレーツ,ぱいれーつ,person_job,auto,wnja:1.1-compatible-roots-v2
パスティス,ぱすてぃす,food,auto,wnja:1.1-compatible-roots-v2
パストラミ,ぱすとらみ,food,auto,wnja:1.1-compatible-roots-v2
パストラル,ぱすとらる,music,auto,wnja:1.1-compatible-roots-v2
パッセージ,ぱっせーじ,music,auto,wnja:1.1-compatible-roots-v2
パネリスト,ぱねりすと,person_job,auto,wnja:1.1-compatible-roots-v2
パリッシュ,ぱりっしゅ,person_job,auto,wnja:1.1-compatible-roots-v2
パルメザン,ぱるめざん,food,auto,wnja:1.1-compatible-roots-v2
パンティー,ぱんてぃー,clothing,auto,wnja:1.1-compatible-roots-v2
パンプキン,ぱんぷきん,food|vegetable,auto,wnja:1.1-compatible-roots-v2
ヒキガエル,ひきがえる,animal|nature,auto,wnja:1.1-compatible-roots-v2
ヒクイドリ,ひくいどり,animal|nature,auto,wnja:1.1-compatible-roots-v2
ヒメハジロ,ひめはじろ,animal|nature,auto,wnja:1.1-compatible-roots-v2
ヒルビリー,ひるびりー,music,auto,wnja:1.1-compatible-roots-v2
ビューロー,びゅーろー,daily_tools,auto,wnja:1.1-compatible-roots-v2
ビルジング,びるじんぐ,place_building,auto,wnja:1.1-compatible-roots-v2
ビンテージ,びんてーじ,food,auto,wnja:1.1-compatible-roots-v2
ビートニク,びーとにく,person_job,auto,wnja:1.1-compatible-roots-v2
ピアッフェ,ぴあっふぇ,sport,auto,wnja:1.1-compatible-roots-v2
ピカドール,ぴかどーる,person_job,auto,wnja:1.1-compatible-roots-v2
ピスタチオ,ぴすたちお,plant|fruit,reviewed,wnja:07775050-n|wnja:12761702-n
ピチカート,ぴちかーと,music,auto,wnja:1.1-compatible-roots-v2
ピットマン,ぴっとまん,person_job,auto,wnja:1.1-compatible-roots-v2
ピラカンサ,ぴらかんさ,plant|nature,auto,wnja:1.1-compatible-roots-v2
ピルグリム,ぴるぐりむ,person_job,auto,wnja:1.1-compatible-roots-v2
ファイター,ふぁいたー,vehicle,auto,wnja:1.1-compatible-roots-v2
ファゴット,ふぁごっと,instrument|music,reviewed,wnja:02804610-n
ファシスト,ふぁしすと,person_job,auto,wnja:1.1-compatible-roots-v2
ファーザー,ふぁーざー,person_job,auto,wnja:1.1-compatible-roots-v2
ファーマー,ふぁーまー,person_job,auto,wnja:1.1-compatible-roots-v2
フィアンセ,ふぃあんせ,person_job,auto,wnja:1.1-compatible-roots-v2
フィクサー,ふぃくさー,person_job,auto,wnja:1.1-compatible-roots-v2
フィヨルド,ふぃよるど,nature|place_building,auto,wnja:1.1-compatible-roots-v2
フィラリア,ふぃらりあ,animal|nature,auto,wnja:1.1-compatible-roots-v2
フェザー級,ふぇざーきゅう,person_job,auto,wnja:1.1-compatible-roots-v2
フェレット,ふぇれっと,animal|nature,auto,wnja:1.1-compatible-roots-v2
フェンネル,ふぇんねる,food|vegetable,reviewed,wnja:07817871-n
フォアグラ,ふぉあぐら,food,auto,wnja:1.1-compatible-roots-v2
フォアマン,ふぉあまん,person_job,auto,wnja:1.1-compatible-roots-v2
フォワグラ,ふぉわぐら,food,auto,wnja:1.1-compatible-roots-v2
フォンダン,ふぉんだん,food,auto,wnja:1.1-compatible-roots-v2
フォンデュ,ふぉんでゅ,food,auto,wnja:1.1-compatible-roots-v2
フラッパー,ふらっぱー,person_job,auto,wnja:1.1-compatible-roots-v2
フラミンゴ,ふらみんご,animal|nature,auto,wnja:1.1-compatible-roots-v2
フランカー,ふらんかー,person_job,auto,wnja:1.1-compatible-roots-v2
フリカッセ,ふりかっせ,food,auto,wnja:1.1-compatible-roots-v2
フリゲート,ふりげーと,vehicle,auto,wnja:1.1-compatible-roots-v2
フリッター,ふりったー,food,auto,wnja:1.1-compatible-roots-v2
フリュート,ふりゅーと,instrument|music,auto,wnja:1.1-compatible-roots-v2
フリーザー,ふりーざー,daily_tools,auto,wnja:1.1-compatible-roots-v2
フリージア,ふりーじあ,plant|nature,auto,wnja:1.1-compatible-roots-v2
フロックス,ふろっくす,plant|nature,auto,wnja:1.1-compatible-roots-v2
フーリガン,ふーりがん,person_job,auto,wnja:1.1-compatible-roots-v2
ブッドレア,ぶっどれあ,plant|nature,auto,wnja:1.1-compatible-roots-v2
ブラスリー,ぶらすりー,place_building,auto,wnja:1.1-compatible-roots-v2
ブラッシュ,ぶらっしゅ,daily_tools,auto,wnja:1.1-compatible-roots-v2
ブランデー,ぶらんでー,food,auto,wnja:1.1-compatible-roots-v2
ブリザード,ぶりざーど,nature,auto,wnja:1.1-compatible-roots-v2
ブルドッグ,ぶるどっぐ,animal|nature,auto,wnja:1.1-compatible-roots-v2
ブルドーザ,ぶるどーざ,vehicle,auto,wnja:1.1-compatible-roots-v2
ブルネット,ぶるねっと,person_job,auto,wnja:1.1-compatible-roots-v2
ブルーマー,ぶるーまー,clothing,auto,wnja:1.1-compatible-roots-v2
ブロッカー,ぶろっかー,person_job,auto,wnja:1.1-compatible-roots-v2
ブロッコリ,ぶろっこり,food|plant|vegetable,reviewed,wnja:07714990-n|wnja:11876803-n
ブローカー,ぶろーかー,person_job,auto,wnja:1.1-compatible-roots-v2
プディング,ぷでぃんぐ,food,auto,wnja:1.1-compatible-roots-v2
プラエトル,ぷらえとる,person_job,auto,wnja:1.1-compatible-roots-v2
プラナリア,ぷらなりあ,animal|nature,auto,wnja:1.1-compatible-roots-v2
プランナー,ぷらんなー,person_job,auto,wnja:1.1-compatible-roots-v2
プリンセス,ぷりんせす,person_job,auto,wnja:1.1-compatible-roots-v2
プルメリア,ぷるめりあ,plant|nature,auto,wnja:1.1-compatible-roots-v2
プレーリー,ぷれーりー,place_building,auto,wnja:1.1-compatible-roots-v2
プログラマ,ぷろぐらま,person_job,auto,wnja:1.1-compatible-roots-v2
プロローグ,ぷろろーぐ,music,auto,wnja:1.1-compatible-roots-v2
ヘアピース,へあぴーす,clothing,auto,wnja:1.1-compatible-roots-v2
ヘリコプタ,へりこぷた,vehicle,reviewed,wnja:03512147-n
ヘンルーダ,へんるーだ,food|plant,auto,wnja:1.1-compatible-roots-v2
ベジタブル,べじたぶる,food|plant|vegetable,auto,wnja:1.1-compatible-roots-v2
ベニスズメ,べにすずめ,animal|nature,auto,wnja:1.1-compatible-roots-v2
ベルセルク,べるせるく,person_job,auto,wnja:1.1-compatible-roots-v2
ベルモット,べるもっと,food,auto,wnja:1.1-compatible-roots-v2
ベーシスト,べーしすと,person_job,auto,wnja:1.1-compatible-roots-v2
ペアレント,ぺあれんと,person_job,auto,wnja:1.1-compatible-roots-v2
ペキニーズ,ぺきにーず,animal|nature,auto,wnja:1.1-compatible-roots-v2
ペシミスト,ぺしみすと,person_job,auto,wnja:1.1-compatible-roots-v2
ペストリー,ぺすとりー,food,auto,wnja:1.1-compatible-roots-v2
ペチコート,ぺちこーと,clothing,auto,wnja:1.1-compatible-roots-v2
ペチュニア,ぺちゅにあ,plant|nature,auto,wnja:1.1-compatible-roots-v2
ペッカリー,ぺっかりー,animal|nature,auto,wnja:1.1-compatible-roots-v2
ペペロミア,ぺぺろみあ,plant|nature,auto,wnja:1.1-compatible-roots-v2
ホシガラス,ほしがらす,animal|nature,auto,wnja:1.1-compatible-roots-v2
ホシハジロ,ほしはじろ,animal|nature,auto,wnja:1.1-compatible-roots-v2
ホスピタル,ほすぴたる,place_building,auto,wnja:1.1-compatible-roots-v2
ホテイラン,ほていらん,plant|nature,auto,wnja:1.1-compatible-roots-v2
ホライモリ,ほらいもり,animal|nature,auto,wnja:1.1-compatible-roots-v2
ホリホック,ほりほっく,plant|nature,auto,wnja:1.1-compatible-roots-v2
ボックス席,ぼっくすせき,daily_tools,auto,wnja:1.1-compatible-roots-v2
ボブスレー,ぼぶすれー,vehicle,reviewed,wnja:02860847-n|wnja:02861022-n
ボブテール,ぼぶてーる,animal|nature,auto,wnja:1.1-compatible-roots-v2
ボヘミアン,ぼへみあん,person_job,auto,wnja:1.1-compatible-roots-v2
ポタージュ,ぽたーじゅ,food,auto,wnja:1.1-compatible-roots-v2
ポピュラー,ぽぴゅらー,music,auto,wnja:1.1-compatible-roots-v2
ポロネーズ,ぽろねーず,clothing,auto,wnja:1.1-compatible-roots-v2
ポンツーン,ぽんつーん,vehicle,reviewed,wnja:03981566-n
ポーリング,ぽーりんぐ,person_job,auto,wnja:1.1-compatible-roots-v2
マウンテン,まうんてん,nature|place_building,auto,wnja:1.1-compatible-roots-v2
マカダミア,まかだみあ,plant|nature,auto,wnja:1.1-compatible-roots-v2
マシュマロ,ましゅまろ,food,auto,wnja:1.1-compatible-roots-v2
マジシャン,まじしゃん,person_job,auto,wnja:1.1-compatible-roots-v2
マジョリカ,まじょりか,daily_tools,auto,wnja:1.1-compatible-roots-v2
マスカット,ますかっと,fruit,reviewed,wnja:07760153-n
マスタード,ますたーど,food|plant,auto,wnja:1.1-compatible-roots-v2
マストドン,ますとどん,animal|nature,auto,wnja:1.1-compatible-roots-v2
マゾヒスト,まぞひすと,person_job,auto,wnja:1.1-compatible-roots-v2
マタドール,またどーる,person_job,auto,wnja:1.1-compatible-roots-v2
マダラシミ,まだらしみ,animal|nature,auto,wnja:1.1-compatible-roots-v2
マッシャー,まっしゃー,daily_tools,auto,wnja:1.1-compatible-roots-v2
マティーニ,まてぃーに,food,reviewed,wnja:07916041-n
マドリガル,まどりがる,music,auto,wnja:1.1-compatible-roots-v2
マナティー,まなてぃー,animal|nature,auto,wnja:1.1-compatible-roots-v2
マネジャー,まねじゃー,person_job,auto,wnja:1.1-compatible-roots-v2
マネージャ,まねーじゃ,person_job,auto,wnja:1.1-compatible-roots-v2
ママレード,ままれーど,food,auto,wnja:1.1-compatible-roots-v2
マリネード,まりねーど,food,auto,wnja:1.1-compatible-roots-v2
マルスグリ,まるすぐり,food|plant|fruit,auto,wnja:1.1-compatible-roots-v2
マングース,まんぐーす,animal|nature,auto,wnja:1.1-compatible-roots-v2
マンダリン,まんだりん,fruit,reviewed,wnja:07747951-n
マンドリル,まんどりる,animal|nature,auto,wnja:1.1-compatible-roots-v2
マンドリン,まんどりん,instrument|music,reviewed,wnja:03716966-n
マンドレル,まんどれる,daily_tools,auto,wnja:1.1-compatible-roots-v2
マーモット,まーもっと,animal|nature,reviewed,wnja:02361337-n
ミストラル,みすとらる,nature,auto,wnja:1.1-compatible-roots-v2
ミストレス,みすとれす,person_job,auto,wnja:1.1-compatible-roots-v2
ミソサザイ,みそさざい,animal|nature,auto,wnja:1.1-compatible-roots-v2
ミニバイク,みにばいく,vehicle,auto,wnja:1.1-compatible-roots-v2
ミノカサゴ,みのかさご,animal|nature,auto,wnja:1.1-compatible-roots-v2
ミヤコグサ,みやこぐさ,plant|nature,auto,wnja:1.1-compatible-roots-v2
ミヤコドリ,みやこどり,animal|nature,auto,wnja:1.1-compatible-roots-v2
ミュゼット,みゅぜっと,instrument|music,reviewed,wnja:03800371-n
ミユビシギ,みゆびしぎ,animal|nature,auto,wnja:1.1-compatible-roots-v2
ミンチパイ,みんちぱい,food,auto,wnja:1.1-compatible-roots-v2
ムスタング,むすたんぐ,animal|nature,auto,wnja:1.1-compatible-roots-v2
ムッシュー,むっしゅー,person_job,auto,wnja:1.1-compatible-roots-v2
メキシコ人,めきしこじん,person_job,auto,wnja:1.1-compatible-roots-v2
メソジスト,めそじすと,person_job,auto,wnja:1.1-compatible-roots-v2
メッチェン,めっちぇん,person_job,auto,wnja:1.1-compatible-roots-v2
メリケン粉,めりけんこ,food,auto,wnja:1.1-compatible-roots-v2
モダニスト,もだにすと,person_job,auto,wnja:1.1-compatible-roots-v2
モルモット,もるもっと,animal,reviewed,wnja:02361337-n|wnja:02364520-n|wnja:02364673-n|wnja:02364840-n
モンステラ,もんすてら,food|fruit,auto,wnja:1.1-compatible-roots-v2
ヤエムグラ,やえむぐら,plant|nature,auto,wnja:1.1-compatible-roots-v2
ヤコウボク,やこうぼく,plant|nature,auto,wnja:1.1-compatible-roots-v2
ヤマアラシ,やまあらし,animal|nature,auto,wnja:1.1-compatible-roots-v2
ヤマノイモ,やまのいも,vegetable,reviewed,wnja:07711907-n
ユニホーム,ゆにほーむ,clothing,auto,wnja:1.1-compatible-roots-v2
ヨウジウオ,ようじうお,animal|nature,auto,wnja:1.1-compatible-roots-v2
ライラック,らいらっく,plant|nature,reviewed,wnja:12310349-n
ライヴァル,らいゔぁる,person_job,auto,wnja:1.1-compatible-roots-v2
ラグタイム,らぐたいむ,music,auto,wnja:1.1-compatible-roots-v2
ラザーニャ,らざーにゃ,food,auto,wnja:1.1-compatible-roots-v2
ラズベリー,らずべりー,food|fruit,reviewed,wnja:07745466-n
ラベンダー,らべんだー,plant|nature,reviewed,wnja:12849717-n
ランセット,らんせっと,daily_tools,auto,wnja:1.1-compatible-roots-v2
ランチョン,らんちょん,food,auto,wnja:1.1-compatible-roots-v2
ランティエ,らんてぃえ,person_job,auto,wnja:1.1-compatible-roots-v2
リアリスト,りありすと,person_job,auto,wnja:1.1-compatible-roots-v2
リガトーニ,りがとーに,food,auto,wnja:1.1-compatible-roots-v2
リキュール,りきゅーる,food,auto,wnja:1.1-compatible-roots-v2
リソソーム,りそそーむ,body,auto,wnja:1.1-compatible-roots-v2
リバティ船,りばてぃせん,vehicle,auto,wnja:1.1-compatible-roots-v2
リボソーム,りぼそーむ,body,auto,wnja:1.1-compatible-roots-v2
リポソーム,りぽそーむ,body,auto,wnja:1.1-compatible-roots-v2
リポーター,りぽーたー,person_job,auto,wnja:1.1-compatible-roots-v2
リュージュ,りゅーじゅ,vehicle,auto,wnja:1.1-compatible-roots-v2
リョクトウ,りょくとう,plant|nature,auto,wnja:1.1-compatible-roots-v2
ルリノジコ,るりのじこ,animal|nature,auto,wnja:1.1-compatible-roots-v2
レイディー,れいでぃー,person_job,auto,wnja:1.1-compatible-roots-v2
レオタード,れおたーど,clothing,auto,wnja:1.1-compatible-roots-v2
レクイエム,れくいえむ,music,auto,wnja:1.1-compatible-roots-v2
レジデンス,れじでんす,place_building,auto,wnja:1.1-compatible-roots-v2
レズビアン,れずびあん,person_job,auto,wnja:1.1-compatible-roots-v2
レセプター,れせぷたー,body,auto,wnja:1.1-compatible-roots-v2
レチノール,れちのーる,food,auto,wnja:1.1-compatible-roots-v2
レッカー車,れっかーしゃ,vehicle,auto,wnja:1.1-compatible-roots-v2
レフェリー,れふぇりー,person_job,auto,wnja:1.1-compatible-roots-v2
レモネード,れもねーど,food,auto,wnja:1.1-compatible-roots-v2
レンギョウ,れんぎょう,plant|nature,auto,wnja:1.1-compatible-roots-v2
レンジャク,れんじゃく,animal|nature,auto,wnja:1.1-compatible-roots-v2
レンジャー,れんじゃー,person_job,auto,wnja:1.1-compatible-roots-v2
レンズマメ,れんずまめ,food|vegetable,auto,wnja:1.1-compatible-roots-v2
レントラー,れんとらー,music,auto,wnja:1.1-compatible-roots-v2
ロカビリー,ろかびりー,music,auto,wnja:1.1-compatible-roots-v2
ロケット弾,ろけっとだん,vehicle,auto,wnja:1.1-compatible-roots-v2
ロビイスト,ろびいすと,person_job,auto,wnja:1.1-compatible-roots-v2
ロブスター,ろぶすたー,food,reviewed,wnja:07792725-n
ローブラウ,ろーぶらう,person_job,auto,wnja:1.1-compatible-roots-v2
ヴァージン,ゔぁーじん,person_job,auto,wnja:1.1-compatible-roots-v2
ヴィタミン,ゔぃたみん,food,auto,wnja:1.1-compatible-roots-v2
ヴェテラン,ゔぇてらん,person_job,auto,wnja:1.1-compatible-roots-v2
上腕三頭筋,じょうわんさんとうきん,body,auto,wnja:1.1-compatible-roots-v2
中枢神経系,ちゅうすうしんけいけい,body,auto,wnja:1.1-compatible-roots-v2
交感神経系,こうかんしんけいけい,body,auto,wnja:1.1-compatible-roots-v2
人文主義者,じんぶんしゅぎしゃ,person_job,auto,wnja:1.1-compatible-roots-v2
保守主義者,ほしゅしゅぎしゃ,person_job,auto,wnja:1.1-compatible-roots-v2
保険代理店,ほけんだいりてん,person_job,auto,wnja:1.1-compatible-roots-v2
共和主義者,きょうわしゅぎしゃ,person_job,auto,wnja:1.1-compatible-roots-v2
共産主義者,きょうさんしゅぎしゃ,person_job,auto,wnja:1.1-compatible-roots-v2
化学受容器,かがくじゅようき,body,auto,wnja:1.1-compatible-roots-v2
医療従事者,いりょうじゅうじしゃ,person_job,auto,wnja:1.1-compatible-roots-v2
十二指腸虫,じゅうにしちょうちゅう,animal|nature,auto,wnja:1.1-compatible-roots-v2
単純労働者,たんじゅんろうどうしゃ,person_job,auto,wnja:1.1-compatible-roots-v2
原理主義者,げんりしゅぎしゃ,person_job,auto,wnja:1.1-compatible-roots-v2
双子葉植物,そうしようしょくぶつ,plant|nature,auto,wnja:1.1-compatible-roots-v2
古典派音楽,こてんはおんがく,music,auto,wnja:1.1-compatible-roots-v2
合奏協奏曲,がっそうきょうそうきょく,music,auto,wnja:1.1-compatible-roots-v2
回想シーン,かいそうしーん,music,auto,wnja:1.1-compatible-roots-v2
国粋主義者,こくすいしゅぎしゃ,person_job,auto,wnja:1.1-compatible-roots-v2
士官候補生,しかんこうほせい,person_job,auto,wnja:1.1-compatible-roots-v2
多年生植物,たねんせいしょくぶつ,plant|nature,auto,wnja:1.1-compatible-roots-v2
大リーガー,だいりーがー,person_job,auto,wnja:1.1-compatible-roots-v2
大気電気学,たいきでんきがく,nature,auto,wnja:1.1-compatible-roots-v2
大脳辺縁系,だいのうへんえんけい,body,auto,wnja:1.1-compatible-roots-v2
完全主義者,かんぜんしゅぎしゃ,person_job,auto,wnja:1.1-compatible-roots-v2
家事手伝い,かじてつだい,person_job,auto,wnja:1.1-compatible-roots-v2
専務取締役,せんむとりしまりやく,person_job,auto,wnja:1.1-compatible-roots-v2
小型ボート,こがたぼーと,vehicle,auto,wnja:1.1-compatible-roots-v2
小型自動車,こがたじどうしゃ,vehicle,reviewed,wnja:03079136-n
工場労働者,こうじょうろうどうしゃ,person_job,auto,wnja:1.1-compatible-roots-v2
左ぎっちょ,ひだりぎっちょ,person_job,auto,wnja:1.1-compatible-roots-v2
巨大結腸症,きょだいけっちょうしょう,body,auto,wnja:1.1-compatible-roots-v2
常務取締役,じょうむとりしまりやく,person_job,auto,wnja:1.1-compatible-roots-v2
年金受給者,ねんきんじゅきゅうしゃ,person_job,auto,wnja:1.1-compatible-roots-v2
悲観主義者,ひかんしゅぎしゃ,person_job,auto,wnja:1.1-compatible-roots-v2
排外主義者,はいがいしゅぎしゃ,person_job,auto,wnja:1.1-compatible-roots-v2
放射線科医,ほうしゃせんかい,person_job,auto,wnja:1.1-compatible-roots-v2
救命ボート,きゅうめいぼーと,vehicle,auto,wnja:1.1-compatible-roots-v2
末梢神経系,まっしょうしんけいけい,body,auto,wnja:1.1-compatible-roots-v2
機雷敷設艦,きらいふせつかん,vehicle,auto,wnja:1.1-compatible-roots-v2
歯科技工士,しかぎこうし,person_job,auto,wnja:1.1-compatible-roots-v2
歯科衛生士,しかえいせいし,person_job,auto,wnja:1.1-compatible-roots-v2
現実主義者,げんじつしゅぎしゃ,person_job,auto,wnja:1.1-compatible-roots-v2
理学療法士,りがくりょうほうし,person_job,auto,wnja:1.1-compatible-roots-v2
理想主義者,りそうしゅぎしゃ,person_job,auto,wnja:1.1-compatible-roots-v2
破産管財人,はさんかんざいにん,person_job,auto,wnja:1.1-compatible-roots-v2
社会主義者,しゃかいしゅぎしゃ,person_job,auto,wnja:1.1-compatible-roots-v2
秋の野芥子,あきののげし,plant|nature,auto,wnja:1.1-compatible-roots-v2
米国大統領,べいこくだいとうりょう,person_job,auto,wnja:1.1-compatible-roots-v2
自動車工学,じどうしゃこうがく,person_job,auto,wnja:1.1-compatible-roots-v2
自己中心性,じこちゅうしんせい,person_job,auto,wnja:1.1-compatible-roots-v2
自律神経系,じりつしんけいけい,body,auto,wnja:1.1-compatible-roots-v2
自由主義者,じゆうしゅぎしゃ,person_job,auto,wnja:1.1-compatible-roots-v2
茶飲み仲間,ちゃのみなかま,person_job,auto,wnja:1.1-compatible-roots-v2
茶飲み友達,ちゃのみともだち,person_job,auto,wnja:1.1-compatible-roots-v2
菜食主義者,さいしょくしゅぎしゃ,person_job,auto,wnja:1.1-compatible-roots-v2
虚無主義者,きょむしゅぎしゃ,person_job,auto,wnja:1.1-compatible-roots-v2
西洋わさび,せいようわさび,plant|nature,auto,wnja:1.1-compatible-roots-v2
護衛駆逐艦,ごえいくちくかん,vehicle,auto,wnja:1.1-compatible-roots-v2
軍国主義者,ぐんこくしゅぎしゃ,person_job,auto,wnja:1.1-compatible-roots-v2
進歩主義者,しんぽしゅぎしゃ,person_job,auto,wnja:1.1-compatible-roots-v2
遺体安置所,いたいあんちじょ,place_building,auto,wnja:1.1-compatible-roots-v2
電気ギター,でんきぎたー,instrument|music,reviewed,wnja:03272010-n
電気機関車,でんききかんしゃ,vehicle,auto,wnja:1.1-compatible-roots-v2
音楽評論家,おんがくひょうろんか,person_job,auto,wnja:1.1-compatible-roots-v2
高等弁務官,こうとうべんむかん,person_job,auto,wnja:1.1-compatible-roots-v2
鰹の烏帽子,かつおのえぼし,animal|nature,auto,wnja:1.1-compatible-roots-v2
あんぽんたん,あんぽんたん,person_job,auto,wnja:1.1-compatible-roots-v2
いたずらっ子,いたずらっこ,person_job,auto,wnja:1.1-compatible-roots-v2
おたんこなす,おたんこなす,person_job,auto,wnja:1.1-compatible-roots-v2
しゃれこうべ,しゃれこうべ,body,auto,wnja:1.1-compatible-roots-v2
ちんちくりん,ちんちくりん,person_job,auto,wnja:1.1-compatible-roots-v2
にゃんにゃん,にゃんにゃん,animal|nature,auto,wnja:1.1-compatible-roots-v2
アイスティー,あいすてぃー,food,auto,wnja:1.1-compatible-roots-v2
アイスピック,あいすぴっく,daily_tools,auto,wnja:1.1-compatible-roots-v2
アイスリンク,あいすりんく,place_building,auto,wnja:1.1-compatible-roots-v2
アオアシシギ,あおあししぎ,animal|nature,auto,wnja:1.1-compatible-roots-v2
アカオノスリ,あかおのすり,animal|nature,auto,wnja:1.1-compatible-roots-v2
アガパンサス,あがぱんさす,plant|nature,reviewed,wnja:12429148-n|wnja:12429352-n
アキカラマツ,あきからまつ,plant|nature,auto,wnja:1.1-compatible-roots-v2
アクアノート,あくあのーと,person_job,auto,wnja:1.1-compatible-roots-v2
アクアビット,あくあびっと,food,auto,wnja:1.1-compatible-roots-v2
アクロバット,あくろばっと,sport,reviewed,wnja:00434075-n
アコーデオン,あこーでおん,instrument|music,auto,wnja:1.1-compatible-roots-v2
アジテーター,あじてーたー,person_job,auto,wnja:1.1-compatible-roots-v2
アスパラガス,あすぱらがす,food|plant|vegetable,reviewed,wnja:07719213-n
アッシリア人,あっしりあじん,person_job,auto,wnja:1.1-compatible-roots-v2
アップルパイ,あっぷるぱい,food,auto,wnja:1.1-compatible-roots-v2
アツモリソウ,あつもりそう,plant|nature,auto,wnja:1.1-compatible-roots-v2
アテンダント,あてんだんと,person_job,auto,wnja:1.1-compatible-roots-v2
アドバイザー,あどばいざー,person_job,auto,wnja:1.1-compatible-roots-v2
アナーキスト,あなーきすと,person_job,auto,wnja:1.1-compatible-roots-v2
アペタイザー,あぺたいざー,food,auto,wnja:1.1-compatible-roots-v2
アペリティフ,あぺりてぃふ,food,auto,wnja:1.1-compatible-roots-v2
アホロートル,あほろーとる,animal|nature,auto,wnja:1.1-compatible-roots-v2
アリゲーター,ありげーたー,animal|nature,auto,wnja:1.1-compatible-roots-v2
アルバトロス,あるばとろす,animal|nature,auto,wnja:1.1-compatible-roots-v2
アルピニスト,あるぴにすと,person_job,auto,wnja:1.1-compatible-roots-v2
アレンジャー,あれんじゃー,person_job,auto,wnja:1.1-compatible-roots-v2
アロサウルス,あろさうるす,animal|nature,auto,wnja:1.1-compatible-roots-v2
アンスリウム,あんすりうむ,plant|nature,auto,wnja:1.1-compatible-roots-v2
アンバサダー,あんばさだー,person_job,auto,wnja:1.1-compatible-roots-v2
アーキテクト,あーきてくと,person_job,auto,wnja:1.1-compatible-roots-v2
アーチェリー,あーちぇりー,sport,reviewed,wnja:00446980-n
アーミッシュ,あーみっしゅ,person_job,auto,wnja:1.1-compatible-roots-v2
アームチェア,あーむちぇあ,daily_tools,auto,wnja:1.1-compatible-roots-v2
イグアノドン,いぐあのどん,animal|nature,auto,wnja:1.1-compatible-roots-v2
イスラエル人,いすらえるじん,person_job,auto,wnja:1.1-compatible-roots-v2
イスラム教徒,いすらむきょうと,person_job,auto,wnja:1.1-compatible-roots-v2
イトマキエイ,いとまきえい,animal|nature,auto,wnja:1.1-compatible-roots-v2
イヌサフラン,いぬさふらん,plant|nature,auto,wnja:1.1-compatible-roots-v2
イヌノフグリ,いぬのふぐり,plant|nature,auto,wnja:1.1-compatible-roots-v2
イノシトール,いのしとーる,food,auto,wnja:1.1-compatible-roots-v2
イノモトソウ,いのもとそう,plant|nature,auto,wnja:1.1-compatible-roots-v2
イランイラン,いらんいらん,plant|nature,auto,wnja:1.1-compatible-roots-v2
インゲンマメ,いんげんまめ,food|plant|vegetable,reviewed,wnja:07726796-n|wnja:07727048-n|wnja:12556793-n|wnja:12557064-n
インサイダー,いんさいだー,person_job,auto,wnja:1.1-compatible-roots-v2
インディアン,いんでぃあん,person_job,auto,wnja:1.1-compatible-roots-v2
インベーダー,いんべーだー,person_job,auto,wnja:1.1-compatible-roots-v2
ウェートレス,うぇーとれす,person_job,auto,wnja:1.1-compatible-roots-v2
ウエイトレス,うえいとれす,person_job,auto,wnja:1.1-compatible-roots-v2
ウエートレス,うえーとれす,person_job,auto,wnja:1.1-compatible-roots-v2
ウォッシャー,うぉっしゃー,daily_tools,auto,wnja:1.1-compatible-roots-v2
ウォンバット,うぉんばっと,animal|nature,reviewed,wnja:01883070-n
ウメバチソウ,うめばちそう,plant|nature,auto,wnja:1.1-compatible-roots-v2
エアクラフト,えあくらふと,vehicle,auto,wnja:1.1-compatible-roots-v2
エアプランツ,えあぷらんつ,plant|nature,auto,wnja:1.1-compatible-roots-v2
エアプレイン,えあぷれいん,vehicle,auto,wnja:1.1-compatible-roots-v2
エアプレーン,えあぷれーん,vehicle,auto,wnja:1.1-compatible-roots-v2
エアホステス,えあほすてす,person_job,auto,wnja:1.1-compatible-roots-v2
エアポケット,えあぽけっと,nature,auto,wnja:1.1-compatible-roots-v2
エイジェント,えいじぇんと,person_job,auto,wnja:1.1-compatible-roots-v2
エオラプトル,えおらぷとる,animal|nature,auto,wnja:1.1-compatible-roots-v2
エクスパート,えくすぱーと,person_job,auto,wnja:1.1-compatible-roots-v2
エクソシスト,えくそしすと,person_job,auto,wnja:1.1-compatible-roots-v2
エコノミスト,えこのみすと,person_job,auto,wnja:1.1-compatible-roots-v2
エコロジスト,えころじすと,person_job,auto,wnja:1.1-compatible-roots-v2
エシャロット,えしゃろっと,plant|nature,auto,wnja:1.1-compatible-roots-v2
エスクワイア,えすくわいあ,person_job,auto,wnja:1.1-compatible-roots-v2
エスプレッソ,えすぷれっそ,food,auto,wnja:1.1-compatible-roots-v2
エゾムラサキ,えぞむらさき,plant|nature,auto,wnja:1.1-compatible-roots-v2
エッグノッグ,えっぐのっぐ,food,auto,wnja:1.1-compatible-roots-v2
エッセイスト,えっせいすと,person_job,auto,wnja:1.1-compatible-roots-v2
エトランジェ,えとらんじぇ,person_job,auto,wnja:1.1-compatible-roots-v2
エトルリア人,えとるりあじん,person_job,auto,wnja:1.1-compatible-roots-v2
エノコログサ,えのころぐさ,plant|nature,auto,wnja:1.1-compatible-roots-v2
エレキギター,えれきぎたー,instrument|music,auto,wnja:1.1-compatible-roots-v2
エレキベース,えれきべーす,instrument|music,auto,wnja:1.1-compatible-roots-v2
エレクトーン,えれくとーん,instrument|music,reviewed,wnja:03273551-n
エンコウソウ,えんこうそう,plant|nature,auto,wnja:1.1-compatible-roots-v2
エンチラーダ,えんちらーだ,food,auto,wnja:1.1-compatible-roots-v2
エンドウマメ,えんどうまめ,food|plant|fruit|vegetable,auto,wnja:1.1-compatible-roots-v2
エンドユーザ,えんどゆーざ,person_job,auto,wnja:1.1-compatible-roots-v2
エンレイソウ,えんれいそう,plant|nature,auto,wnja:1.1-compatible-roots-v2
オイルスキン,おいるすきん,clothing,auto,wnja:1.1-compatible-roots-v2
オオコウモリ,おおこうもり,animal|nature,auto,wnja:1.1-compatible-roots-v2
オオヤマネコ,おおやまねこ,animal|nature,auto,wnja:1.1-compatible-roots-v2
オストリッチ,おすとりっち,animal|nature,auto,wnja:1.1-compatible-roots-v2
オドリコソウ,おどりこそう,plant|nature,auto,wnja:1.1-compatible-roots-v2
オブザーバー,おぶざーばー,person_job,auto,wnja:1.1-compatible-roots-v2
オブリガート,おぶりがーと,music,auto,wnja:1.1-compatible-roots-v2
オプチミスト,おぷちみすと,person_job,auto,wnja:1.1-compatible-roots-v2
オリエンタル,おりえんたる,person_job,auto,wnja:1.1-compatible-roots-v2
オルガニスト,おるがにすと,person_job,auto,wnja:1.1-compatible-roots-v2
オンブズマン,おんぶずまん,person_job,auto,wnja:1.1-compatible-roots-v2
オーチャード,おーちゃーど,place_building,auto,wnja:1.1-compatible-roots-v2
オートマット,おーとまっと,place_building,auto,wnja:1.1-compatible-roots-v2
オートミール,おーとみーる,food,auto,wnja:1.1-compatible-roots-v2
オートモビル,おーともびる,vehicle,auto,wnja:1.1-compatible-roots-v2
オーバチュア,おーばちゅあ,music,auto,wnja:1.1-compatible-roots-v2
オープンカー,おーぷんかー,vehicle,reviewed,wnja:03100240-n
オールディー,おーるでぃー,music,auto,wnja:1.1-compatible-roots-v2
カウンセラー,かうんせらー,person_job,auto,wnja:1.1-compatible-roots-v2
カオジロガン,かおじろがん,animal|nature,auto,wnja:1.1-compatible-roots-v2
カスタネット,かすたねっと,instrument|music,reviewed,wnja:02869249-n
カップケーキ,かっぷけーき,food,auto,wnja:1.1-compatible-roots-v2
カフェテリア,かふぇてりあ,place_building,auto,wnja:1.1-compatible-roots-v2
カムシャフト,かむしゃふと,daily_tools,auto,wnja:1.1-compatible-roots-v2
カヤツリグサ,かやつりぐさ,plant|nature,auto,wnja:1.1-compatible-roots-v2
カリフラワー,かりふらわー,food|plant|vegetable,reviewed,wnja:07715103-n
カルビニスト,かるびにすと,person_job,auto,wnja:1.1-compatible-roots-v2
カルボナーラ,かるぼなーら,food,reviewed,wnja:07831146-n
カーペンター,かーぺんたー,person_job,auto,wnja:1.1-compatible-roots-v2
ガラガラヘビ,がらがらへび,animal|nature,auto,wnja:1.1-compatible-roots-v2
キクイタダキ,きくいただき,animal|nature,auto,wnja:1.1-compatible-roots-v2
キャミソール,きゃみそーる,clothing,auto,wnja:1.1-compatible-roots-v2
キャラウェー,きゃらうぇー,food,auto,wnja:1.1-compatible-roots-v2
キュレーター,きゅれーたー,person_job,auto,wnja:1.1-compatible-roots-v2
キレンジャク,きれんじゃく,animal|nature,auto,wnja:1.1-compatible-roots-v2
キンカジュー,きんかじゅー,animal|nature,auto,wnja:1.1-compatible-roots-v2
キンカチョウ,きんかちょう,animal|nature,auto,wnja:1.1-compatible-roots-v2
キングコブラ,きんぐこぶら,animal|nature,auto,wnja:1.1-compatible-roots-v2
キンミズヒキ,きんみずひき,plant|nature,auto,wnja:1.1-compatible-roots-v2
クジャクソウ,くじゃくそう,plant|nature,auto,wnja:1.1-compatible-roots-v2
クラスメイト,くらすめいと,person_job,auto,wnja:1.1-compatible-roots-v2
クラビコード,くらびこーど,instrument|music,reviewed,wnja:03038870-n
クラフトマン,くらふとまん,person_job,auto,wnja:1.1-compatible-roots-v2
クラブハウス,くらぶはうす,place_building,auto,wnja:1.1-compatible-roots-v2
クランベリー,くらんべりー,food|plant|fruit,reviewed,wnja:07743902-n|wnja:12245695-n
クリッピング,くりっぴんぐ,music,auto,wnja:1.1-compatible-roots-v2
クロコダイル,くろこだいる,animal|nature,auto,wnja:1.1-compatible-roots-v2
クロワッサン,くろわっさん,food,auto,wnja:1.1-compatible-roots-v2
グリッサンド,ぐりっさんど,music,auto,wnja:1.1-compatible-roots-v2
グリッシーニ,ぐりっしーに,food,auto,wnja:1.1-compatible-roots-v2
グレートデン,ぐれーとでん,animal|nature,auto,wnja:1.1-compatible-roots-v2
グロリオーサ,ぐろりおーさ,plant|nature,auto,wnja:1.1-compatible-roots-v2
グンカンドリ,ぐんかんどり,animal|nature,auto,wnja:1.1-compatible-roots-v2
グンバイムシ,ぐんばいむし,animal|nature,auto,wnja:1.1-compatible-roots-v2
グーズベリー,ぐーずべりー,food|plant|fruit,reviewed,wnja:07744430-n
ケータリング,けーたりんぐ,person_job,auto,wnja:1.1-compatible-roots-v2
ゲッケイジュ,げっけいじゅ,plant|nature,auto,wnja:1.1-compatible-roots-v2
コショウソウ,こしょうそう,food|vegetable,reviewed,wnja:07733005-n
コタニワタリ,こたにわたり,plant|nature,auto,wnja:1.1-compatible-roots-v2
コックローチ,こっくろーち,animal|nature,auto,wnja:1.1-compatible-roots-v2
コハクチョウ,こはくちょう,animal|nature,auto,wnja:1.1-compatible-roots-v2
コミュニスト,こみゅにすと,person_job,auto,wnja:1.1-compatible-roots-v2
コメツキムシ,こめつきむし,animal|nature,auto,wnja:1.1-compatible-roots-v2
コメディアン,こめでぃあん,person_job,auto,wnja:1.1-compatible-roots-v2
コリアンダー,こりあんだー,food|plant,reviewed,wnja:07817315-n|wnja:07817465-n|wnja:12936469-n
コンチェルト,こんちぇると,music,auto,wnja:1.1-compatible-roots-v2
コンツェルト,こんつぇると,music,auto,wnja:1.1-compatible-roots-v2
コンパニオン,こんぱにおん,person_job,auto,wnja:1.1-compatible-roots-v2
コンポーザー,こんぽーざー,person_job,auto,wnja:1.1-compatible-roots-v2
コーヒーノキ,こーひーのき,plant|nature,auto,wnja:1.1-compatible-roots-v2
コールガール,こーるがーる,person_job,auto,wnja:1.1-compatible-roots-v2
コールドロン,こーるどろん,person_job,auto,wnja:1.1-compatible-roots-v2
コーンビーフ,こーんびーふ,food,auto,wnja:1.1-compatible-roots-v2
コーンミール,こーんみーる,food,auto,wnja:1.1-compatible-roots-v2
ゴジュウカラ,ごじゅうから,animal|nature,auto,wnja:1.1-compatible-roots-v2
サイクリスト,さいくりすと,person_job,auto,wnja:1.1-compatible-roots-v2
サキソフォン,さきそふぉん,instrument|music,auto,wnja:1.1-compatible-roots-v2
サクソフォン,さくそふぉん,instrument|music,auto,wnja:1.1-compatible-roots-v2
サクランボウ,さくらんぼう,food|fruit,auto,wnja:1.1-compatible-roots-v2
サスペンダー,さすぺんだー,clothing,auto,wnja:1.1-compatible-roots-v2
サックリング,さっくりんぐ,person_job,auto,wnja:1.1-compatible-roots-v2
サッサフラス,さっさふらす,food|plant,auto,wnja:1.1-compatible-roots-v2
サプライヤー,さぷらいやー,person_job,auto,wnja:1.1-compatible-roots-v2
サプリカント,さぷりかんと,person_job,auto,wnja:1.1-compatible-roots-v2
サマーハウス,さまーはうす,place_building,auto,wnja:1.1-compatible-roots-v2
サラブレッド,さらぶれっど,animal,reviewed,wnja:01323599-n
サンセベリア,さんせべりあ,plant|nature,auto,wnja:1.1-compatible-roots-v2
サンチュール,さんちゅーる,clothing,auto,wnja:1.1-compatible-roots-v2
サージェント,さーじぇんと,person_job,auto,wnja:1.1-compatible-roots-v2
ザトウクジラ,ざとうくじら,animal|nature,auto,wnja:1.1-compatible-roots-v2
ザバイヨーネ,ざばいよーね,food,auto,wnja:1.1-compatible-roots-v2
シャープナー,しゃーぷなー,daily_tools,auto,wnja:1.1-compatible-roots-v2
シュナウザー,しゅなうざー,animal|nature,auto,wnja:1.1-compatible-roots-v2
シュヴァリエ,しゅゔぁりえ,person_job,auto,wnja:1.1-compatible-roots-v2
ショーボート,しょーぼーと,vehicle,auto,wnja:1.1-compatible-roots-v2
シルクハット,しるくはっと,clothing,auto,wnja:1.1-compatible-roots-v2
シロツメクサ,しろつめくさ,plant|nature,auto,wnja:1.1-compatible-roots-v2
シンビジウム,しんびじうむ,plant|nature,auto,wnja:1.1-compatible-roots-v2
シンフォニー,しんふぉにー,music,auto,wnja:1.1-compatible-roots-v2
シーズニング,しーずにんぐ,food,auto,wnja:1.1-compatible-roots-v2
シーラカンス,しーらかんす,animal|nature,reviewed,wnja:02515713-n
ジェット気流,じぇっときりゅう,nature,auto,wnja:1.1-compatible-roots-v2
ジャコウネコ,じゃこうねこ,animal|nature,auto,wnja:1.1-compatible-roots-v2
ジャンケット,じゃんけっと,food,auto,wnja:1.1-compatible-roots-v2
ジャンダルム,じゃんだるむ,person_job,auto,wnja:1.1-compatible-roots-v2
ジョッパーズ,じょっぱーず,clothing,auto,wnja:1.1-compatible-roots-v2
ジレッタント,じれったんと,person_job,auto,wnja:1.1-compatible-roots-v2
スイートピー,すいーとぴー,plant|nature,auto,wnja:1.1-compatible-roots-v2
スウィミング,すうぃみんぐ,sport,auto,wnja:1.1-compatible-roots-v2
スウェーター,すうぇーたー,clothing,auto,wnja:1.1-compatible-roots-v2
スキンヘッド,すきんへっど,person_job,auto,wnja:1.1-compatible-roots-v2
スクレーパー,すくれーぱー,daily_tools,auto,wnja:1.1-compatible-roots-v2
スズメノヒエ,すずめのひえ,plant|nature,auto,wnja:1.1-compatible-roots-v2
スタイリスト,すたいりすと,person_job,auto,wnja:1.1-compatible-roots-v2
スタントマン,すたんとまん,person_job,auto,wnja:1.1-compatible-roots-v2
スターアニス,すたーあにす,food,auto,wnja:1.1-compatible-roots-v2
スターレット,すたーれっと,nature,auto,wnja:1.1-compatible-roots-v2
スチュワード,すちゅわーど,person_job,auto,wnja:1.1-compatible-roots-v2
スティンガー,すてぃんがー,food,auto,wnja:1.1-compatible-roots-v2
ステーツマン,すてーつまん,person_job,auto,wnja:1.1-compatible-roots-v2
ストライカー,すとらいかー,person_job,auto,wnja:1.1-compatible-roots-v2
ストリッパー,すとりっぱー,person_job,auto,wnja:1.1-compatible-roots-v2
ストロベリー,すとろべりー,food|plant|fruit,auto,wnja:1.1-compatible-roots-v2
スナック菓子,すなっくがし,food,auto,wnja:1.1-compatible-roots-v2
スネアドラム,すねあどらむ,instrument|music,reviewed,wnja:04249415-n
スパゲッティ,すぱげってぃ,food,auto,wnja:1.1-compatible-roots-v2
スパゲティー,すぱげてぃー,food,auto,wnja:1.1-compatible-roots-v2
スパーリング,すぱーりんぐ,sport,reviewed,wnja:00446804-n
スプリンター,すぷりんたー,person_job,auto,wnja:1.1-compatible-roots-v2
スペアタイヤ,すぺあたいや,body,auto,wnja:1.1-compatible-roots-v2
スペアミント,すぺあみんと,plant|nature,auto,wnja:1.1-compatible-roots-v2
スペランカー,すぺらんかー,person_job,auto,wnja:1.1-compatible-roots-v2
スペースバー,すぺーすばー,daily_tools,auto,wnja:1.1-compatible-roots-v2
スペースマン,すぺーすまん,person_job,auto,wnja:1.1-compatible-roots-v2
スポーツカー,すぽーつかー,vehicle,auto,wnja:1.1-compatible-roots-v2
スポーツマン,すぽーつまん,person_job,auto,wnja:1.1-compatible-roots-v2
スーパーマン,すーぱーまん,person_job,auto,wnja:1.1-compatible-roots-v2
セイタカシギ,せいたかしぎ,animal|nature,auto,wnja:1.1-compatible-roots-v2
セクレタリー,せくれたりー,person_job,auto,wnja:1.1-compatible-roots-v2
セグロカモメ,せぐろかもめ,animal|nature,auto,wnja:1.1-compatible-roots-v2
セールスマン,せーるすまん,person_job,auto,wnja:1.1-compatible-roots-v2
ゼントルマン,ぜんとるまん,person_job,auto,wnja:1.1-compatible-roots-v2
ソードテール,そーどてーる,animal|nature,auto,wnja:1.1-compatible-roots-v2
タイマツバナ,たいまつばな,plant|nature,auto,wnja:1.1-compatible-roots-v2
タランチュラ,たらんちゅら,animal|nature,auto,wnja:1.1-compatible-roots-v2
タリアテッレ,たりあてっれ,food,auto,wnja:1.1-compatible-roots-v2
タンブリング,たんぶりんぐ,sport,auto,wnja:1.1-compatible-roots-v2
ダブルベッド,だぶるべっど,daily_tools,auto,wnja:1.1-compatible-roots-v2
ダブルベース,だぶるべーす,instrument|music,auto,wnja:1.1-compatible-roots-v2
ダルメシアン,だるめしあん,person_job,auto,wnja:1.1-compatible-roots-v2
ダンプリング,だんぷりんぐ,food,auto,wnja:1.1-compatible-roots-v2
チアリーダー,ちありーだー,person_job,auto,wnja:1.1-compatible-roots-v2
チェーンソー,ちぇーんそー,daily_tools,auto,wnja:1.1-compatible-roots-v2
チャウチャウ,ちゃうちゃう,animal|nature,auto,wnja:1.1-compatible-roots-v2
チャパティー,ちゃぱてぃー,food,auto,wnja:1.1-compatible-roots-v2
チャリオット,ちゃりおっと,vehicle,reviewed,wnja:03009111-n|wnja:03009269-n
チョウジノキ,ちょうじのき,plant|nature,auto,wnja:1.1-compatible-roots-v2
チームメイト,ちーむめいと,person_job,auto,wnja:1.1-compatible-roots-v2
チームメート,ちーむめーと,person_job,auto,wnja:1.1-compatible-roots-v2
ツインベッド,ついんべっど,daily_tools,auto,wnja:1.1-compatible-roots-v2
ツキノワグマ,つきのわぐま,animal|nature,auto,wnja:1.1-compatible-roots-v2
ツルコケモモ,つるこけもも,plant|nature,auto,wnja:1.1-compatible-roots-v2
ティーシャツ,てぃーしゃつ,clothing,auto,wnja:1.1-compatible-roots-v2
ティーチャー,てぃーちゃー,person_job,auto,wnja:1.1-compatible-roots-v2
ティーハウス,てぃーはうす,place_building,auto,wnja:1.1-compatible-roots-v2
ティーポット,てぃーぽっと,daily_tools,auto,wnja:1.1-compatible-roots-v2
ティールーム,てぃーるーむ,place_building,auto,wnja:1.1-compatible-roots-v2
テクニシャン,てくにしゃん,person_job,auto,wnja:1.1-compatible-roots-v2
テッポウウオ,てっぽううお,animal|nature,auto,wnja:1.1-compatible-roots-v2
テニスコート,てにすこーと,place_building,auto,wnja:1.1-compatible-roots-v2
デイノニクス,でいのにくす,animal|nature,auto,wnja:1.1-compatible-roots-v2
デスペラード,ですぺらーど,person_job,auto,wnja:1.1-compatible-roots-v2
デモクラット,でもくらっと,person_job,auto,wnja:1.1-compatible-roots-v2
デンキナマズ,でんきなまず,animal|nature,auto,wnja:1.1-compatible-roots-v2
デンマーク人,でんまーくじん,person_job,auto,wnja:1.1-compatible-roots-v2
トップコート,とっぷこーと,clothing,auto,wnja:1.1-compatible-roots-v2
トマトソース,とまとそーす,food,auto,wnja:1.1-compatible-roots-v2
トライシクル,とらいしくる,vehicle,auto,wnja:1.1-compatible-roots-v2
トリプレット,とりぷれっと,person_job,auto,wnja:1.1-compatible-roots-v2
トルティーヤ,とるてぃーや,food,reviewed,wnja:07880583-n
トロツキスト,とろつきすと,person_job,auto,wnja:1.1-compatible-roots-v2
ドゥーワップ,どぅーわっぷ,music,auto,wnja:1.1-compatible-roots-v2
ドライミルク,どらいみるく,food,auto,wnja:1.1-compatible-roots-v2
ドレスシャツ,どれすしゃつ,clothing,auto,wnja:1.1-compatible-roots-v2
ドーミトリー,どーみとりー,place_building,auto,wnja:1.1-compatible-roots-v2
ナイトウエア,ないとうえあ,clothing,auto,wnja:1.1-compatible-roots-v2
ナイトドレス,ないとどれす,clothing,auto,wnja:1.1-compatible-roots-v2
ナガスクジラ,ながすくじら,animal|nature,auto,wnja:1.1-compatible-roots-v2
ナスタチウム,なすたちうむ,food,auto,wnja:1.1-compatible-roots-v2
ナビゲーター,なびげーたー,person_job,auto,wnja:1.1-compatible-roots-v2
ナフトキノン,なふときのん,food,auto,wnja:1.1-compatible-roots-v2
ナメクジウオ,なめくじうお,animal|nature,auto,wnja:1.1-compatible-roots-v2
ニオイスミレ,においすみれ,plant|nature,auto,wnja:1.1-compatible-roots-v2
ニッカボッカ,にっかぼっか,clothing,auto,wnja:1.1-compatible-roots-v2
ニットウェア,にっとうぇあ,clothing,auto,wnja:1.1-compatible-roots-v2
ニットウエア,にっとうえあ,clothing,auto,wnja:1.1-compatible-roots-v2
ニューカマー,にゅーかまー,person_job,auto,wnja:1.1-compatible-roots-v2
ニンフェット,にんふぇっと,person_job,auto,wnja:1.1-compatible-roots-v2
ヌスビトハギ,ぬすびとはぎ,plant|nature,auto,wnja:1.1-compatible-roots-v2
ヌーディスト,ぬーでぃすと,person_job,auto,wnja:1.1-compatible-roots-v2
ネクロポリス,ねくろぽりす,place_building,auto,wnja:1.1-compatible-roots-v2
ネッカチーフ,ねっかちーふ,clothing,auto,wnja:1.1-compatible-roots-v2
ノミノフスマ,のみのふすま,plant|nature,auto,wnja:1.1-compatible-roots-v2
ハイイロガン,はいいろがん,animal|nature,auto,wnja:1.1-compatible-roots-v2
ハイラックス,はいらっくす,animal|nature,auto,wnja:1.1-compatible-roots-v2
ハシビロコウ,はしびろこう,animal|nature,auto,wnja:1.1-compatible-roots-v2
ハッチバック,はっちばっく,vehicle,reviewed,wnja:03498781-n
ハナゴンドウ,はなごんどう,animal|nature,auto,wnja:1.1-compatible-roots-v2
ハナダイコン,はなだいこん,plant|nature,auto,wnja:1.1-compatible-roots-v2
ハナツメクサ,はなつめくさ,plant|nature,auto,wnja:1.1-compatible-roots-v2
ハマカンザシ,はまかんざし,plant|nature,auto,wnja:1.1-compatible-roots-v2
ハリエンジュ,はりえんじゅ,plant|nature,auto,wnja:1.1-compatible-roots-v2
ハルマッタン,はるまったん,nature,auto,wnja:1.1-compatible-roots-v2
ハンティング,はんてぃんぐ,sport,auto,wnja:1.1-compatible-roots-v2
ハンテンボク,はんてんぼく,plant|nature,auto,wnja:1.1-compatible-roots-v2
ハンドボール,はんどぼーる,sport,reviewed,wnja:00479440-n
ハードトップ,はーどとっぷ,vehicle,reviewed,wnja:03493219-n
ハーフパンツ,はーふぱんつ,clothing,auto,wnja:1.1-compatible-roots-v2
ハーブティー,はーぶてぃー,food,auto,wnja:1.1-compatible-roots-v2
バイオレット,ばいおれっと,plant|nature,auto,wnja:1.1-compatible-roots-v2
バイリンガル,ばいりんがる,person_job,auto,wnja:1.1-compatible-roots-v2
バターナイフ,ばたーないふ,daily_tools,auto,wnja:1.1-compatible-roots-v2
バターミルク,ばたーみるく,food,auto,wnja:1.1-compatible-roots-v2
バニーガール,ばにーがーる,person_job,auto,wnja:1.1-compatible-roots-v2
バンドネオン,ばんどねおん,instrument|music,auto,wnja:1.1-compatible-roots-v2
バーテンダー,ばーてんだー,person_job,auto,wnja:1.1-compatible-roots-v2
バートレット,ばーとれっと,person_job,auto,wnja:1.1-compatible-roots-v2
パイナップル,ぱいなっぷる,food|plant|fruit,reviewed,wnja:07753275-n|wnja:12607456-n
パフューマー,ぱふゅーまー,person_job,auto,wnja:1.1-compatible-roots-v2
パリジェンヌ,ぱりじぇんぬ,person_job,auto,wnja:1.1-compatible-roots-v2
パルティータ,ぱるてぃーた,music,auto,wnja:1.1-compatible-roots-v2
パンクロック,ぱんくろっく,music,auto,wnja:1.1-compatible-roots-v2
パントテン酸,ぱんとてんさん,food,auto,wnja:1.1-compatible-roots-v2
パースニップ,ぱーすにっぷ,food|vegetable,reviewed,wnja:07735404-n
ヒゲナデシコ,ひげなでしこ,plant|nature,auto,wnja:1.1-compatible-roots-v2
ヒップパッド,ひっぷぱっど,clothing,auto,wnja:1.1-compatible-roots-v2
ヒメウミガメ,ひめうみがめ,animal|nature,auto,wnja:1.1-compatible-roots-v2
ヒメジョオン,ひめじょおん,plant|nature,auto,wnja:1.1-compatible-roots-v2
ヒメハナバチ,ひめはなばち,animal|nature,auto,wnja:1.1-compatible-roots-v2
ヒンズー教徒,ひんずーきょうと,person_job,auto,wnja:1.1-compatible-roots-v2
ビジネスマン,びじねすまん,person_job,auto,wnja:1.1-compatible-roots-v2
ビネグレット,びねぐれっと,food,auto,wnja:1.1-compatible-roots-v2
ビブラフォン,びぶらふぉん,instrument|music,reviewed,wnja:04532831-n
ビルディング,びるでぃんぐ,place_building,auto,wnja:1.1-compatible-roots-v2
ビーチハウス,びーちはうす,place_building,auto,wnja:1.1-compatible-roots-v2
ファイアマン,ふぁいあまん,person_job,auto,wnja:1.1-compatible-roots-v2
ファニチャー,ふぁにちゃー,daily_tools,auto,wnja:1.1-compatible-roots-v2
ファンタジア,ふぁんたじあ,music,auto,wnja:1.1-compatible-roots-v2
フィッシング,ふぃっしんぐ,sport,auto,wnja:1.1-compatible-roots-v2
フィリピン人,ふぃりぴんじん,person_job,auto,wnja:1.1-compatible-roots-v2
フェアウェイ,ふぇあうぇい,place_building,auto,wnja:1.1-compatible-roots-v2
フェアウェー,ふぇあうぇー,place_building,auto,wnja:1.1-compatible-roots-v2
フェアウエイ,ふぇあうえい,place_building,auto,wnja:1.1-compatible-roots-v2
フェアウエー,ふぇあうえー,place_building,auto,wnja:1.1-compatible-roots-v2
フォレスター,ふぉれすたー,person_job,auto,wnja:1.1-compatible-roots-v2
フォンデュー,ふぉんでゅー,food,auto,wnja:1.1-compatible-roots-v2
フナクイムシ,ふなくいむし,animal|nature,auto,wnja:1.1-compatible-roots-v2
フランスパン,ふらんすぱん,food,auto,wnja:1.1-compatible-roots-v2
フリカンドー,ふりかんどー,food,auto,wnja:1.1-compatible-roots-v2
フロマージュ,ふろまーじゅ,food,auto,wnja:1.1-compatible-roots-v2
フロンティア,ふろんてぃあ,place_building,auto,wnja:1.1-compatible-roots-v2
ブイヤベース,ぶいやべーす,food,auto,wnja:1.1-compatible-roots-v2
ブチハイエナ,ぶちはいえな,animal|nature,auto,wnja:1.1-compatible-roots-v2
ブックケース,ぶっくけーす,daily_tools,auto,wnja:1.1-compatible-roots-v2
ブラックバス,ぶらっくばす,animal|nature,auto,wnja:1.1-compatible-roots-v2
ブラマンジェ,ぶらまんじぇ,food,auto,wnja:1.1-compatible-roots-v2
ブリオッシュ,ぶりおっしゅ,food,auto,wnja:1.1-compatible-roots-v2
ブリスケット,ぶりすけっと,food,auto,wnja:1.1-compatible-roots-v2
ブルドーザー,ぶるどーざー,vehicle,auto,wnja:1.1-compatible-roots-v2
ブルーチーズ,ぶるーちーず,food,auto,wnja:1.1-compatible-roots-v2
プリマドンナ,ぷりまどんな,person_job,auto,wnja:1.1-compatible-roots-v2
プルオーバー,ぷるおーばー,clothing,auto,wnja:1.1-compatible-roots-v2
プレジデント,ぷれじでんと,person_job,auto,wnja:1.1-compatible-roots-v2
プレッツェル,ぷれっつぇる,food,reviewed,wnja:07695742-n
プロモーター,ぷろもーたー,person_job,auto,wnja:1.1-compatible-roots-v2
プロレタリア,ぷろれたりあ,person_job,auto,wnja:1.1-compatible-roots-v2
プロレタリヤ,ぷろれたりや,person_job,auto,wnja:1.1-compatible-roots-v2
ヘルスフード,へるすふーど,food,auto,wnja:1.1-compatible-roots-v2
ヘレフォード,へれふぉーど,animal|nature,auto,wnja:1.1-compatible-roots-v2
ベルガモット,べるがもっと,plant|nature,auto,wnja:1.1-compatible-roots-v2
ベンジャミン,べんじゃみん,person_job,auto,wnja:1.1-compatible-roots-v2
ベースボール,べーすぼーる,sport,auto,wnja:1.1-compatible-roots-v2
ペットフード,ぺっとふーど,food,auto,wnja:1.1-compatible-roots-v2
ペパーミント,ぺぱーみんと,food|plant,auto,wnja:1.1-compatible-roots-v2
ペポカボチャ,ぺぽかぼちゃ,food|plant|vegetable,reviewed,wnja:07715721-n|wnja:07735510-n
ペンフレンド,ぺんふれんど,person_job,auto,wnja:1.1-compatible-roots-v2
ホウオウボク,ほうおうぼく,plant|nature,auto,wnja:1.1-compatible-roots-v2
ホウネンエビ,ほうねんえび,animal|nature,auto,wnja:1.1-compatible-roots-v2
ホタルブクロ,ほたるぶくろ,plant|nature,auto,wnja:1.1-compatible-roots-v2
ホットケーキ,ほっとけーき,food,auto,wnja:1.1-compatible-roots-v2
ホットソース,ほっとそーす,food,auto,wnja:1.1-compatible-roots-v2
ホットパンツ,ほっとぱんつ,clothing,auto,wnja:1.1-compatible-roots-v2
ホムンクルス,ほむんくるす,person_job,auto,wnja:1.1-compatible-roots-v2
ボブキャット,ぼぶきゃっと,animal|nature,auto,wnja:1.1-compatible-roots-v2
ボリシェビキ,ぼりしぇびき,person_job,auto,wnja:1.1-compatible-roots-v2
ボルシェビキ,ぼるしぇびき,person_job,auto,wnja:1.1-compatible-roots-v2
ボーカリスト,ぼーかりすと,person_job,auto,wnja:1.1-compatible-roots-v2
ボートハウス,ぼーとはうす,place_building,auto,wnja:1.1-compatible-roots-v2
ポインセチア,ぽいんせちあ,plant|nature,auto,wnja:1.1-compatible-roots-v2
ポピュリスト,ぽぴゅりすと,person_job,auto,wnja:1.1-compatible-roots-v2
ポピュリスム,ぽぴゅりすむ,music,auto,wnja:1.1-compatible-roots-v2
ポリフォニー,ぽりふぉにー,music,auto,wnja:1.1-compatible-roots-v2
マスクメロン,ますくめろん,food|plant|fruit,reviewed,wnja:07755707-n|wnja:07755929-n
マスクラット,ますくらっと,animal|nature,auto,wnja:1.1-compatible-roots-v2
マッチプレー,まっちぷれー,sport,reviewed,wnja:00466630-n
マツムシソウ,まつむしそう,plant|nature,auto,wnja:1.1-compatible-roots-v2
マニフィカト,まにふぃかと,music,auto,wnja:1.1-compatible-roots-v2
マネタリスト,まねたりすと,person_job,auto,wnja:1.1-compatible-roots-v2
マハラージャ,まはらーじゃ,person_job,auto,wnja:1.1-compatible-roots-v2
マリゴールド,まりごーるど,plant|nature,auto,wnja:1.1-compatible-roots-v2
マングローブ,まんぐろーぶ,plant|nature,auto,wnja:1.1-compatible-roots-v2
マンゴスチン,まんごすちん,food|plant|fruit,reviewed,wnja:07763987-n|wnja:12366675-n
マンドレーク,まんどれーく,plant,reviewed,wnja:12906498-n
マンネンスギ,まんねんすぎ,plant|nature,auto,wnja:1.1-compatible-roots-v2
マーガレット,まーがれっと,plant|nature,auto,wnja:1.1-compatible-roots-v2
マージョラム,まーじょらむ,food|plant,auto,wnja:1.1-compatible-roots-v2
マーチャント,まーちゃんと,person_job,auto,wnja:1.1-compatible-roots-v2
マーモセット,まーもせっと,animal|nature,auto,wnja:1.1-compatible-roots-v2
ミシマオコゼ,みしまおこぜ,animal|nature,auto,wnja:1.1-compatible-roots-v2
ミズナギドリ,みずなぎどり,animal|nature,auto,wnja:1.1-compatible-roots-v2
ミズバショウ,みずばしょう,plant|nature,auto,wnja:1.1-compatible-roots-v2
ミッドランド,みっどらんど,place_building,auto,wnja:1.1-compatible-roots-v2
ミニマリスト,みにまりすと,person_job,auto,wnja:1.1-compatible-roots-v2
ミリタリスト,みりたりすと,person_job,auto,wnja:1.1-compatible-roots-v2
ミートボール,みーとぼーる,food,auto,wnja:1.1-compatible-roots-v2
ミートローフ,みーとろーふ,food,auto,wnja:1.1-compatible-roots-v2
メガロポリス,めがろぽりす,place_building,auto,wnja:1.1-compatible-roots-v2
メタセコイア,めたせこいあ,plant|nature,auto,wnja:1.1-compatible-roots-v2
モクセイソウ,もくせいそう,plant|nature,auto,wnja:1.1-compatible-roots-v2
モダンジャズ,もだんじゃず,music,auto,wnja:1.1-compatible-roots-v2
モーターカー,もーたーかー,vehicle,reviewed,wnja:02958343-n
ヤツメウナギ,やつめうなぎ,animal|nature,auto,wnja:1.1-compatible-roots-v2
ユニフォーム,ゆにふぉーむ,clothing,auto,wnja:1.1-compatible-roots-v2
ユートピアン,ゆーとぴあん,person_job,auto,wnja:1.1-compatible-roots-v2
ユーモリスト,ゆーもりすと,person_job,auto,wnja:1.1-compatible-roots-v2
ヨーロッパ人,よーろっぱじん,person_job,auto,wnja:1.1-compatible-roots-v2
ライトニング,らいとにんぐ,nature,auto,wnja:1.1-compatible-roots-v2
ラディッシュ,らでぃっしゅ,food|vegetable,auto,wnja:1.1-compatible-roots-v2
ランジェリー,らんじぇりー,clothing,auto,wnja:1.1-compatible-roots-v2
ランナウェイ,らんなうぇい,person_job,auto,wnja:1.1-compatible-roots-v2
ランブータン,らんぶーたん,food|plant|fruit,reviewed,wnja:07769731-n
リクルーター,りくるーたー,person_job,auto,wnja:1.1-compatible-roots-v2
リバタリアン,りばたりあん,person_job,auto,wnja:1.1-compatible-roots-v2
リバーシブル,りばーしぶる,clothing,auto,wnja:1.1-compatible-roots-v2
リベラリスト,りべらりすと,person_job,auto,wnja:1.1-compatible-roots-v2
レインジャー,れいんじゃー,person_job,auto,wnja:1.1-compatible-roots-v2
レストハウス,れすとはうす,place_building,auto,wnja:1.1-compatible-roots-v2
レビューワー,れびゅーわー,person_job,auto,wnja:1.1-compatible-roots-v2
レーンジャー,れーんじゃー,person_job,auto,wnja:1.1-compatible-roots-v2
ログキャビン,ろぐきゃびん,place_building,auto,wnja:1.1-compatible-roots-v2
ロマンチスト,ろまんちすと,person_job,auto,wnja:1.1-compatible-roots-v2
ローズヒップ,ろーずひっぷ,fruit,reviewed,wnja:12620546-n
ローズマリー,ろーずまりー,food|plant,reviewed,wnja:12864160-n
ローンテニス,ろーんてにす,sport,auto,wnja:1.1-compatible-roots-v2
ワタリガラス,わたりがらす,animal|nature,auto,wnja:1.1-compatible-roots-v2
ワークソング,わーくそんぐ,music,auto,wnja:1.1-compatible-roots-v2
ヴァイオリン,ゔぁいおりん,instrument|music,auto,wnja:1.1-compatible-roots-v2
ヴァイキング,ゔぁいきんぐ,person_job,auto,wnja:1.1-compatible-roots-v2
ヴァージナル,ゔぁーじなる,instrument|music,auto,wnja:1.1-compatible-roots-v2
内閣総理大臣,ないかくそうりだいじん,person_job,auto,wnja:1.1-compatible-roots-v2
副交感神経系,ふくこうかんしんけいけい,body,auto,wnja:1.1-compatible-roots-v2
原子力潜水艦,げんしりょくせんすいかん,vehicle,auto,wnja:1.1-compatible-roots-v2
巡航ミサイル,じゅんこうみさいる,vehicle,auto,wnja:1.1-compatible-roots-v2
弾道ミサイル,だんどうみさいる,vehicle,auto,wnja:1.1-compatible-roots-v2
急降下爆撃機,きゅうこうかばくげきき,vehicle,auto,wnja:1.1-compatible-roots-v2
無政府主義者,むせいふしゅぎしゃ,person_job,auto,wnja:1.1-compatible-roots-v2
防弾チョッキ,ぼうだんちょっき,clothing,auto,wnja:1.1-compatible-roots-v2
電動歯ブラシ,でんどうはぶらし,daily_tools,auto,wnja:1.1-compatible-roots-v2
電子オルガン,でんしおるがん,instrument|music,auto,wnja:1.1-compatible-roots-v2
電気スタンド,でんきすたんど,daily_tools,auto,wnja:1.1-compatible-roots-v2
アイスコーヒー,あいすこーひー,food,auto,wnja:1.1-compatible-roots-v2
アイスホッケー,あいすほっけー,sport,reviewed,wnja:00463543-n
アイスボックス,あいすぼっくす,daily_tools,auto,wnja:1.1-compatible-roots-v2
アイデアリスト,あいでありすと,person_job,auto,wnja:1.1-compatible-roots-v2
アウターウエア,あうたーうえあ,clothing,auto,wnja:1.1-compatible-roots-v2
アウトサイダー,あうとさいだー,person_job,auto,wnja:1.1-compatible-roots-v2
アカデミシャン,あかでみしゃん,person_job,auto,wnja:1.1-compatible-roots-v2
アクチュアリー,あくちゅありー,person_job,auto,wnja:1.1-compatible-roots-v2
アコーディオン,あこーでぃおん,instrument|music,auto,wnja:1.1-compatible-roots-v2
アシッドヘッド,あしっどへっど,person_job,auto,wnja:1.1-compatible-roots-v2
アスコルビン酸,あすこるびんさん,food,auto,wnja:1.1-compatible-roots-v2
アスパルテーム,あすぱるてーむ,food,auto,wnja:1.1-compatible-roots-v2
アップルソース,あっぷるそーす,food,auto,wnja:1.1-compatible-roots-v2
アドバタイザー,あどばたいざー,person_job,auto,wnja:1.1-compatible-roots-v2
アドヴァイザー,あどゔぁいざー,person_job,auto,wnja:1.1-compatible-roots-v2
アルコール飲料,あるこーるいんりょう,food,auto,wnja:1.1-compatible-roots-v2
アルゼンチン人,あるぜんちんじん,person_job,auto,wnja:1.1-compatible-roots-v2
アルファルファ,あるふぁるふぁ,food|plant,auto,wnja:1.1-compatible-roots-v2
アンダーウェア,あんだーうぇあ,clothing,auto,wnja:1.1-compatible-roots-v2
アンダーウエア,あんだーうえあ,clothing,auto,wnja:1.1-compatible-roots-v2
アンダーシャツ,あんだーしゃつ,clothing,auto,wnja:1.1-compatible-roots-v2
インスペクター,いんすぺくたー,person_job,auto,wnja:1.1-compatible-roots-v2
インタビュアー,いんたびゅあー,person_job,auto,wnja:1.1-compatible-roots-v2
インタヴュアー,いんたゔゅあー,person_job,auto,wnja:1.1-compatible-roots-v2
インフィールド,いんふぃーるど,place_building,auto,wnja:1.1-compatible-roots-v2
インフォーマー,いんふぉーまー,person_job,auto,wnja:1.1-compatible-roots-v2
ウェストライン,うぇすとらいん,body,auto,wnja:1.1-compatible-roots-v2
ウエストライン,うえすとらいん,body,auto,wnja:1.1-compatible-roots-v2
ウエットスーツ,うえっとすーつ,clothing,auto,wnja:1.1-compatible-roots-v2
ウォーターポロ,うぉーたーぽろ,sport,reviewed,wnja:00464478-n
ウッドクラフト,うっどくらふと,person_job,auto,wnja:1.1-compatible-roots-v2
ウッドペッカー,うっどぺっかー,animal|nature,auto,wnja:1.1-compatible-roots-v2
エキノコックス,えきのこっくす,animal|nature,reviewed,wnja:01927928-n
エグゼクティブ,えぐぜくてぃぶ,person_job,auto,wnja:1.1-compatible-roots-v2
エグゼクティヴ,えぐぜくてぃゔ,person_job,auto,wnja:1.1-compatible-roots-v2
エコノマイザー,えこのまいざー,person_job,auto,wnja:1.1-compatible-roots-v2
エバーグリーン,えばーぐりーん,plant|nature,auto,wnja:1.1-compatible-roots-v2
エピキュリアン,えぴきゅりあん,person_job,auto,wnja:1.1-compatible-roots-v2
エンタテイナー,えんたていなー,person_job,auto,wnja:1.1-compatible-roots-v2
エンドユーザー,えんどゆーざー,person_job,auto,wnja:1.1-compatible-roots-v2
エーデルワイス,えーでるわいす,plant|nature,auto,wnja:1.1-compatible-roots-v2
オオウミガラス,おおうみがらす,animal|nature,auto,wnja:1.1-compatible-roots-v2
オオシマザクラ,おおしまざくら,plant|fruit,auto,wnja:1.1-compatible-roots-v2
オオホシハジロ,おおほしはじろ,animal|nature,auto,wnja:1.1-compatible-roots-v2
オスティナート,おすてぃなーと,music,auto,wnja:1.1-compatible-roots-v2
オックステール,おっくすてーる,body,auto,wnja:1.1-compatible-roots-v2
オブザーヴァー,おぶざーゔぁー,person_job,auto,wnja:1.1-compatible-roots-v2
オポチュニスト,おぽちゅにすと,person_job,auto,wnja:1.1-compatible-roots-v2
オランダカイウ,おらんだかいう,plant|nature,auto,wnja:1.1-compatible-roots-v2
オルガナイザー,おるがないざー,person_job,auto,wnja:1.1-compatible-roots-v2
オレンジエード,おれんじえーど,food,auto,wnja:1.1-compatible-roots-v2
オンシジューム,おんしじゅーむ,plant|nature,auto,wnja:1.1-compatible-roots-v2
オーガナイザー,おーがないざー,person_job,auto,wnja:1.1-compatible-roots-v2
オーストリッチ,おーすとりっち,animal|nature,auto,wnja:1.1-compatible-roots-v2
オートジャイロ,おーとじゃいろ,vehicle,reviewed,wnja:02759387-n
オーニソプター,おーにそぷたー,vehicle,reviewed,wnja:03857156-n
オーバーオール,おーばーおーる,clothing,auto,wnja:1.1-compatible-roots-v2
オーバーコート,おーばーこーと,clothing,auto,wnja:1.1-compatible-roots-v2
オーバーチュア,おーばーちゅあ,music,auto,wnja:1.1-compatible-roots-v2
オールスパイス,おーるすぱいす,food|plant,auto,wnja:1.1-compatible-roots-v2
カクテルドレス,かくてるどれす,clothing,auto,wnja:1.1-compatible-roots-v2
カタクチイワシ,かたくちいわし,animal|nature,auto,wnja:1.1-compatible-roots-v2
カルセオラリア,かるせおらりあ,plant|nature,auto,wnja:1.1-compatible-roots-v2
カーネーション,かーねーしょん,plant|nature,auto,wnja:1.1-compatible-roots-v2
ガーターベルト,がーたーべると,clothing,auto,wnja:1.1-compatible-roots-v2
ガールフレンド,がーるふれんど,person_job,auto,wnja:1.1-compatible-roots-v2
キウイフルーツ,きういふるーつ,food|fruit,reviewed,wnja:07763629-n
キャフェテリア,きゃふぇてりあ,place_building,auto,wnja:1.1-compatible-roots-v2
キャプテンシー,きゃぷてんしー,person_job,auto,wnja:1.1-compatible-roots-v2
キングメーカー,きんぐめーかー,person_job,auto,wnja:1.1-compatible-roots-v2
キンチャクソウ,きんちゃくそう,plant|nature,auto,wnja:1.1-compatible-roots-v2
クジャクチョウ,くじゃくちょう,animal|nature,auto,wnja:1.1-compatible-roots-v2
クラヴィコード,くらゔぃこーど,instrument|music,auto,wnja:1.1-compatible-roots-v2
クリームソース,くりーむそーす,food,auto,wnja:1.1-compatible-roots-v2
クリームソーダ,くりーむそーだ,food,auto,wnja:1.1-compatible-roots-v2
クレアトゥール,くれあとぅーる,person_job,auto,wnja:1.1-compatible-roots-v2
クロチョウガイ,くろちょうがい,animal|nature,auto,wnja:1.1-compatible-roots-v2
クロライチョウ,くろらいちょう,animal|nature,auto,wnja:1.1-compatible-roots-v2
グリーンピース,ぐりーんぴーす,food|vegetable,reviewed,wnja:07725531-n
ケースワーカー,けーすわーかー,person_job,auto,wnja:1.1-compatible-roots-v2
コエロフィシス,こえろふぃしす,animal|nature,auto,wnja:1.1-compatible-roots-v2
コスモポリタン,こすもぽりたん,person_job,auto,wnja:1.1-compatible-roots-v2
コナベーション,こなべーしょん,place_building,auto,wnja:1.1-compatible-roots-v2
コピーライター,こぴーらいたー,person_job,auto,wnja:1.1-compatible-roots-v2
コミッショナー,こみっしょなー,person_job,auto,wnja:1.1-compatible-roots-v2
コンサルタント,こんさるたんと,person_job,auto,wnja:1.1-compatible-roots-v2
コンシェルジェ,こんしぇるじぇ,person_job,auto,wnja:1.1-compatible-roots-v2
コンシェルジュ,こんしぇるじゅ,person_job,auto,wnja:1.1-compatible-roots-v2
コンシューマー,こんしゅーまー,person_job,auto,wnja:1.1-compatible-roots-v2
コンストラクタ,こんすとらくた,person_job,auto,wnja:1.1-compatible-roots-v2
コンバーチブル,こんばーちぶる,vehicle,auto,wnja:1.1-compatible-roots-v2
コンパクトカー,こんぱくとかー,vehicle,auto,wnja:1.1-compatible-roots-v2
コーディネータ,こーでぃねーた,person_job,auto,wnja:1.1-compatible-roots-v2
コーヒーポット,こーひーぽっと,daily_tools,auto,wnja:1.1-compatible-roots-v2
コールセンター,こーるせんたー,place_building,auto,wnja:1.1-compatible-roots-v2
ゴンドウクジラ,ごんどうくじら,animal|nature,auto,wnja:1.1-compatible-roots-v2
ゴーストタウン,ごーすとたうん,place_building,auto,wnja:1.1-compatible-roots-v2
サイコロジスト,さいころじすと,person_job,auto,wnja:1.1-compatible-roots-v2
サワークリーム,さわーくりーむ,food,auto,wnja:1.1-compatible-roots-v2
サンドウィッチ,さんどうぃっち,food,auto,wnja:1.1-compatible-roots-v2
シャツブラウス,しゃつぶらうす,clothing,auto,wnja:1.1-compatible-roots-v2
シュニッツェル,しゅにっつぇる,food,auto,wnja:1.1-compatible-roots-v2
ショートパンツ,しょーとぱんつ,clothing,auto,wnja:1.1-compatible-roots-v2
シロイヌナズナ,しろいぬなずな,plant|nature,auto,wnja:1.1-compatible-roots-v2
シングルベッド,しんぐるべっど,daily_tools,auto,wnja:1.1-compatible-roots-v2
シンパサイザー,しんぱさいざー,person_job,auto,wnja:1.1-compatible-roots-v2
ジェネラリスト,じぇねらりすと,person_job,auto,wnja:1.1-compatible-roots-v2
ジェントルマン,じぇんとるまん,person_job,auto,wnja:1.1-compatible-roots-v2
ジャコウネズミ,じゃこうねずみ,animal|nature,auto,wnja:1.1-compatible-roots-v2
ジャックナイフ,じゃっくないふ,daily_tools,auto,wnja:1.1-compatible-roots-v2
ジャンクフード,じゃんくふーど,food,auto,wnja:1.1-compatible-roots-v2
ジャンプスーツ,じゃんぷすーつ,clothing,auto,wnja:1.1-compatible-roots-v2
ジャーナリスト,じゃーなりすと,person_job,auto,wnja:1.1-compatible-roots-v2
スイートコーン,すいーとこーん,food|plant,reviewed,wnja:07732168-n|wnja:12144742-n
スウェーデン人,すうぇーでんじん,person_job,auto,wnja:1.1-compatible-roots-v2
スエットスーツ,すえっとすーつ,clothing,auto,wnja:1.1-compatible-roots-v2
スカイダイバー,すかいだいばー,person_job,auto,wnja:1.1-compatible-roots-v2
スクールメート,すくーるめーと,person_job,auto,wnja:1.1-compatible-roots-v2
スケプティック,すけぷてぃっく,person_job,auto,wnja:1.1-compatible-roots-v2
スケートボード,すけーとぼーど,vehicle,reviewed,wnja:04225987-n
スケープゴート,すけーぷごーと,person_job,auto,wnja:1.1-compatible-roots-v2
ストリートカー,すとりーとかー,vehicle,auto,wnja:1.1-compatible-roots-v2
ストレンジャー,すとれんじゃー,person_job,auto,wnja:1.1-compatible-roots-v2
スネークウッド,すねーくうっど,plant|nature,auto,wnja:1.1-compatible-roots-v2
スパゲッティー,すぱげってぃー,food,auto,wnja:1.1-compatible-roots-v2
スピリチュアル,すぴりちゅある,music,auto,wnja:1.1-compatible-roots-v2
スペシャリスト,すぺしゃりすと,person_job,auto,wnja:1.1-compatible-roots-v2
スポークスマン,すぽーくすまん,person_job,auto,wnja:1.1-compatible-roots-v2
スポーツウエア,すぽーつうえあ,clothing,auto,wnja:1.1-compatible-roots-v2
スポーツシャツ,すぽーつしゃつ,clothing,auto,wnja:1.1-compatible-roots-v2
スーパースター,すーぱーすたー,person_job,auto,wnja:1.1-compatible-roots-v2
セカンドハウス,せかんどはうす,place_building,auto,wnja:1.1-compatible-roots-v2
ゼリービーンズ,ぜりーびーんず,food,auto,wnja:1.1-compatible-roots-v2
ソファーベッド,そふぁーべっど,daily_tools,auto,wnja:1.1-compatible-roots-v2
ソングライター,そんぐらいたー,person_job,auto,wnja:1.1-compatible-roots-v2
ソーラーハウス,そーらーはうす,place_building,auto,wnja:1.1-compatible-roots-v2
タイムキーパー,たいむきーぱー,person_job,auto,wnja:1.1-compatible-roots-v2
タンデム自転車,たんでむじてんしゃ,vehicle,auto,wnja:1.1-compatible-roots-v2
ターボプロップ,たーぼぷろっぷ,vehicle,reviewed,wnja:04012482-n
ダックスフント,だっくすふんと,animal|nature,reviewed,wnja:02089232-n
ダッフルコート,だっふるこーと,clothing,auto,wnja:1.1-compatible-roots-v2
ダンプトラック,だんぷとらっく,vehicle,auto,wnja:1.1-compatible-roots-v2
チュウインガム,ちゅういんがむ,food,auto,wnja:1.1-compatible-roots-v2
チューベローズ,ちゅーべろーず,plant|nature,auto,wnja:1.1-compatible-roots-v2
チョウゲンボウ,ちょうげんぼう,animal|nature,auto,wnja:1.1-compatible-roots-v2
ツーリングカー,つーりんぐかー,vehicle,auto,wnja:1.1-compatible-roots-v2
テクノクラート,てくのくらーと,person_job,auto,wnja:1.1-compatible-roots-v2
テンダーロイン,てんだーろいん,food,auto,wnja:1.1-compatible-roots-v2
テンナンショウ,てんなんしょう,plant|nature,auto,wnja:1.1-compatible-roots-v2
テーブルナイフ,てーぶるないふ,daily_tools,auto,wnja:1.1-compatible-roots-v2
ディプロドクス,でぃぷろどくす,animal|nature,auto,wnja:1.1-compatible-roots-v2
ディメトロドン,でぃめとろどん,animal|nature,auto,wnja:1.1-compatible-roots-v2
ディレッタント,でぃれったんと,person_job,auto,wnja:1.1-compatible-roots-v2
デンドロビウム,でんどろびうむ,plant|nature,auto,wnja:1.1-compatible-roots-v2
トコフェロール,とこふぇろーる,food,auto,wnja:1.1-compatible-roots-v2
トマトジュース,とまとじゅーす,food,auto,wnja:1.1-compatible-roots-v2
トマトペースト,とまとぺーすと,food,auto,wnja:1.1-compatible-roots-v2
トランペッター,とらんぺったー,person_job,auto,wnja:1.1-compatible-roots-v2
トリケラトプス,とりけらとぷす,animal|nature,reviewed,wnja:01704323-n
ドレスメーカー,どれすめーかー,person_job,auto,wnja:1.1-compatible-roots-v2
ナイチンゲール,ないちんげーる,animal|nature,auto,wnja:1.1-compatible-roots-v2
ナショナリスト,なしょなりすと,person_job,auto,wnja:1.1-compatible-roots-v2
ナチュラリスト,なちゅらりすと,person_job,auto,wnja:1.1-compatible-roots-v2
ナヴィゲーター,なゔぃげーたー,person_job,auto,wnja:1.1-compatible-roots-v2
ニオイヤグルマ,においやぐるま,plant|nature,auto,wnja:1.1-compatible-roots-v2
ニューヨーカー,にゅーよーかー,person_job,auto,wnja:1.1-compatible-roots-v2
ニワゼキショウ,にわぜきしょう,plant|nature,auto,wnja:1.1-compatible-roots-v2
ハイジャッカー,はいじゃっかー,person_job,auto,wnja:1.1-compatible-roots-v2
ハウスキーパー,はうすきーぱー,person_job,auto,wnja:1.1-compatible-roots-v2
ハゴロモガラス,はごろもがらす,animal|nature,auto,wnja:1.1-compatible-roots-v2
ハシボソガラス,はしぼそがらす,animal|nature,auto,wnja:1.1-compatible-roots-v2
ハンドウイルカ,はんどういるか,animal|nature,auto,wnja:1.1-compatible-roots-v2
ハープシコード,はーぷしこーど,instrument|music,auto,wnja:1.1-compatible-roots-v2
バックナンバー,ばっくなんばー,person_job,auto,wnja:1.1-compatible-roots-v2
バックパッカー,ばっくぱっかー,person_job,auto,wnja:1.1-compatible-roots-v2
バトントワラー,ばとんとわらー,person_job,auto,wnja:1.1-compatible-roots-v2
バレエダンサー,ばれえだんさー,person_job,auto,wnja:1.1-compatible-roots-v2
パイプオルガン,ぱいぷおるがん,instrument|music,reviewed,wnja:03854065-n
パインジュース,ぱいんじゅーす,food,reviewed,wnja:07925116-n
パウンドケーキ,ぱうんどけーき,food,auto,wnja:1.1-compatible-roots-v2
パッセンジャー,ぱっせんじゃー,person_job,auto,wnja:1.1-compatible-roots-v2
パレットナイフ,ぱれっとないふ,daily_tools,auto,wnja:1.1-compatible-roots-v2
パンパスグラス,ぱんぱすぐらす,plant|nature,auto,wnja:1.1-compatible-roots-v2
パーカッション,ぱーかっしょん,instrument|music,reviewed,wnja:03915437-n
パーコレーター,ぱーこれーたー,daily_tools,auto,wnja:1.1-compatible-roots-v2
パートタイマー,ぱーとたいまー,person_job,auto,wnja:1.1-compatible-roots-v2
ヒッチハイカー,ひっちはいかー,person_job,auto,wnja:1.1-compatible-roots-v2
ヒメウミスズメ,ひめうみすずめ,animal|nature,auto,wnja:1.1-compatible-roots-v2
ヒメレンジャク,ひめれんじゃく,animal|nature,auto,wnja:1.1-compatible-roots-v2
ヒューマニスト,ひゅーまにすと,person_job,auto,wnja:1.1-compatible-roots-v2
ヒンドゥー教徒,ひんどぅーきょうと,person_job,auto,wnja:1.1-compatible-roots-v2
ビーフィーター,びーふぃーたー,person_job,auto,wnja:1.1-compatible-roots-v2
ビーフシチュー,びーふしちゅー,food,auto,wnja:1.1-compatible-roots-v2
ビーフステーキ,びーふすてーき,food,auto,wnja:1.1-compatible-roots-v2
ピッチフォーク,ぴっちふぉーく,daily_tools,auto,wnja:1.1-compatible-roots-v2
ピリドキサール,ぴりどきさーる,food,auto,wnja:1.1-compatible-roots-v2
ピンクレディー,ぴんくれでぃー,food,auto,wnja:1.1-compatible-roots-v2
ファイアーマン,ふぁいあーまん,person_job,auto,wnja:1.1-compatible-roots-v2
ファイヤーマン,ふぁいやーまん,person_job,auto,wnja:1.1-compatible-roots-v2
ファルファッレ,ふぁるふぁっれ,food,auto,wnja:1.1-compatible-roots-v2
ファーニチャー,ふぁーにちゃー,daily_tools,auto,wnja:1.1-compatible-roots-v2
フィトナジオン,ふぃとなじおん,food,auto,wnja:1.1-compatible-roots-v2
フェットチーネ,ふぇっとちーね,food,auto,wnja:1.1-compatible-roots-v2
フェデラリスト,ふぇでらりすと,person_job,auto,wnja:1.1-compatible-roots-v2
フェリーボート,ふぇりーぼーと,vehicle,auto,wnja:1.1-compatible-roots-v2
フォークソング,ふぉーくそんぐ,music,auto,wnja:1.1-compatible-roots-v2
フォークリフト,ふぉーくりふと,vehicle,reviewed,wnja:03384352-n
フクロオオカミ,ふくろおおかみ,animal|nature,auto,wnja:1.1-compatible-roots-v2
フットボーラー,ふっとぼーらー,person_job,auto,wnja:1.1-compatible-roots-v2
フルーツケーキ,ふるーつけーき,food,auto,wnja:1.1-compatible-roots-v2
フルーツサラダ,ふるーつさらだ,food,auto,wnja:1.1-compatible-roots-v2
フルーツポンチ,ふるーつぽんち,food,auto,wnja:1.1-compatible-roots-v2
フレッシュマン,ふれっしゅまん,person_job,auto,wnja:1.1-compatible-roots-v2
フレンチホルン,ふれんちほるん,instrument|music,auto,wnja:1.1-compatible-roots-v2
フロアスタンド,ふろあすたんど,daily_tools,auto,wnja:1.1-compatible-roots-v2
フロックコート,ふろっくこーと,clothing,auto,wnja:1.1-compatible-roots-v2
ブックメーカー,ぶっくめーかー,person_job,auto,wnja:1.1-compatible-roots-v2
ブラウンスイス,ぶらうんすいす,animal|nature,auto,wnja:1.1-compatible-roots-v2
ブラウンソース,ぶらうんそーす,food,auto,wnja:1.1-compatible-roots-v2
ブラックベリー,ぶらっくべりー,food|fruit,reviewed,wnja:07744811-n
ブーゲンビリア,ぶーげんびりあ,plant|nature,auto,wnja:1.1-compatible-roots-v2
プシロフィトン,ぷしろふぃとん,plant|nature,auto,wnja:1.1-compatible-roots-v2
プラネタリウム,ぷらねたりうむ,place_building,auto,wnja:1.1-compatible-roots-v2
プロトプラスト,ぷろとぷらすと,body,auto,wnja:1.1-compatible-roots-v2
プロフェッサー,ぷろふぇっさー,person_job,auto,wnja:1.1-compatible-roots-v2
プロレスリング,ぷろれすりんぐ,sport,auto,wnja:1.1-compatible-roots-v2
ヘアドレッサー,へあどれっさー,person_job,auto,wnja:1.1-compatible-roots-v2
ヘッドライナー,へっどらいなー,person_job,auto,wnja:1.1-compatible-roots-v2
ヘーゼルナッツ,へーぜるなっつ,fruit,reviewed,wnja:07772788-n
ベニハシガラス,べにはしがらす,animal|nature,auto,wnja:1.1-compatible-roots-v2
ベビーシッター,べびーしったー,person_job,auto,wnja:1.1-compatible-roots-v2
ベークドポテト,べーくどぽてと,food,auto,wnja:1.1-compatible-roots-v2
ペデストリアン,ぺですとりあん,person_job,auto,wnja:1.1-compatible-roots-v2
ホッキョクグマ,ほっきょくぐま,animal|nature,auto,wnja:1.1-compatible-roots-v2
ホットプレート,ほっとぷれーと,daily_tools,auto,wnja:1.1-compatible-roots-v2
ホバークラフト,ほばーくらふと,vehicle,reviewed,wnja:03547229-n
ホモセクシャル,ほもせくしゃる,person_job,auto,wnja:1.1-compatible-roots-v2
ホワイトソース,ほわいとそーす,food,auto,wnja:1.1-compatible-roots-v2
ホームグランド,ほーむぐらんど,place_building,auto,wnja:1.1-compatible-roots-v2
ボリシェヴィキ,ぼりしぇゔぃき,person_job,auto,wnja:1.1-compatible-roots-v2
ボルシェヴィキ,ぼるしぇゔぃき,person_job,auto,wnja:1.1-compatible-roots-v2
ボードビリアン,ぼーどびりあん,person_job,auto,wnja:1.1-compatible-roots-v2
ポケットナイフ,ぽけっとないふ,daily_tools,auto,wnja:1.1-compatible-roots-v2
ポケットバイク,ぽけっとばいく,vehicle,auto,wnja:1.1-compatible-roots-v2
ポップオーバー,ぽっぷおーばー,food,auto,wnja:1.1-compatible-roots-v2
ポピュラー音楽,ぽぴゅらーおんがく,music,auto,wnja:1.1-compatible-roots-v2
ポリティシャン,ぽりてぃしゃん,person_job,auto,wnja:1.1-compatible-roots-v2
マスカルポーネ,ますかるぽーね,food,auto,wnja:1.1-compatible-roots-v2
マッコウクジラ,まっこうくじら,animal|nature,reviewed,wnja:02067240-n
マッシュポテト,まっしゅぽてと,food,auto,wnja:1.1-compatible-roots-v2
マッシュルーム,まっしゅるーむ,vegetable,reviewed,wnja:07734744-n
マーブルケーキ,まーぶるけーき,food,auto,wnja:1.1-compatible-roots-v2
ミザントロープ,みざんとろーぷ,person_job,auto,wnja:1.1-compatible-roots-v2
ミトコンドリア,みとこんどりあ,body,auto,wnja:1.1-compatible-roots-v2
ミネストローネ,みねすとろーね,food,auto,wnja:1.1-compatible-roots-v2
ミュージシャン,みゅーじしゃん,person_job,auto,wnja:1.1-compatible-roots-v2
ミーアキャット,みーあきゃっと,animal|nature,reviewed,wnja:02138441-n
ムラサキツバメ,むらさきつばめ,animal|nature,auto,wnja:1.1-compatible-roots-v2
メッセンジャー,めっせんじゃー,person_job,auto,wnja:1.1-compatible-roots-v2
メンシェヴィキ,めんしぇゔぃき,person_job,auto,wnja:1.1-compatible-roots-v2
モッツァレッラ,もっつぁれっら,food,auto,wnja:1.1-compatible-roots-v2
モルネーソース,もるねーそーす,food,auto,wnja:1.1-compatible-roots-v2
モーターバイク,もーたーばいく,vehicle,auto,wnja:1.1-compatible-roots-v2
モーターホーム,もーたーほーむ,vehicle,reviewed,wnja:02946348-n
ライトフライ級,らいとふらいきゅう,person_job,auto,wnja:1.1-compatible-roots-v2
ライトモチーフ,らいともちーふ,music,auto,wnja:1.1-compatible-roots-v2
ライブラリアン,らいぶらりあん,person_job,auto,wnja:1.1-compatible-roots-v2
ライムジュース,らいむじゅーす,food,auto,wnja:1.1-compatible-roots-v2
ラインバッカー,らいんばっかー,person_job,auto,wnja:1.1-compatible-roots-v2
ラクトフラビン,らくとふらびん,food,auto,wnja:1.1-compatible-roots-v2
リコッタチーズ,りこったちーず,food,auto,wnja:1.1-compatible-roots-v2
ルーフガーデン,るーふがーでん,place_building,auto,wnja:1.1-compatible-roots-v2
レッサーパンダ,れっさーぱんだ,animal|nature,reviewed,wnja:02509815-n
レモンジュース,れもんじゅーす,food,reviewed,wnja:07925229-n
レーシングカー,れーしんぐかー,vehicle,reviewed,wnja:04037443-n
ロックガーデン,ろっくがーでん,place_building,auto,wnja:1.1-compatible-roots-v2
ロックンロール,ろっくんろーる,music,auto,wnja:1.1-compatible-roots-v2
ロマンティスト,ろまんてぃすと,person_job,auto,wnja:1.1-compatible-roots-v2
ローストビーフ,ろーすとびーふ,food,auto,wnja:1.1-compatible-roots-v2
ワイドボディ機,わいどぼでぃき,vehicle,auto,wnja:1.1-compatible-roots-v2
ワイルドライス,わいるどらいす,plant|nature,auto,wnja:1.1-compatible-roots-v2
ワーカホリック,わーかほりっく,person_job,auto,wnja:1.1-compatible-roots-v2
ヴァイオレット,ゔぁいおれっと,plant|nature,auto,wnja:1.1-compatible-roots-v2
ヴィシソワーズ,ゔぃしそわーず,food,auto,wnja:1.1-compatible-roots-v2
ヴォーカリスト,ゔぉーかりすと,person_job,auto,wnja:1.1-compatible-roots-v2
地対空ミサイル,ちたいくうみさいる,vehicle,auto,wnja:1.1-compatible-roots-v2
アイディアリスト,あいでぃありすと,person_job,auto,wnja:1.1-compatible-roots-v2
アウトフィールド,あうとふぃーるど,place_building,auto,wnja:1.1-compatible-roots-v2
アクセラレーター,あくせられーたー,daily_tools,auto,wnja:1.1-compatible-roots-v2
アフガンハウンド,あふがんはうんど,animal|nature,auto,wnja:1.1-compatible-roots-v2
アンキロサウルス,あんきろさうるす,animal|nature,auto,wnja:1.1-compatible-roots-v2
アンタッチャブル,あんたっちゃぶる,person_job,auto,wnja:1.1-compatible-roots-v2
アンプロンプチュ,あんぷろんぷちゅ,music,auto,wnja:1.1-compatible-roots-v2
アーティチョーク,あーてぃちょーく,food|vegetable,reviewed,wnja:07718747-n
イクチオサウルス,いくちおさうるす,animal|nature,auto,wnja:1.1-compatible-roots-v2
イチモンジチョウ,いちもんじちょう,animal|nature,auto,wnja:1.1-compatible-roots-v2
イブニングドレス,いぶにんぐどれす,clothing,auto,wnja:1.1-compatible-roots-v2
インスツルメント,いんすつるめんと,instrument|music,auto,wnja:1.1-compatible-roots-v2
インストラクター,いんすとらくたー,person_job,auto,wnja:1.1-compatible-roots-v2
インストルメント,いんすとるめんと,instrument|music,auto,wnja:1.1-compatible-roots-v2
インタビューアー,いんたびゅーあー,person_job,auto,wnja:1.1-compatible-roots-v2
インフォーマント,いんふぉーまんと,person_job,auto,wnja:1.1-compatible-roots-v2
イースターエッグ,いーすたーえっぐ,food,auto,wnja:1.1-compatible-roots-v2
ウィンザーチェア,うぃんざーちぇあ,daily_tools,auto,wnja:1.1-compatible-roots-v2
ウェルウィッチア,うぇるうぃっちあ,plant|nature,auto,wnja:1.1-compatible-roots-v2
エバンジェリスト,えばんじぇりすと,person_job,auto,wnja:1.1-compatible-roots-v2
エンターテイナー,えんたーていなー,person_job,auto,wnja:1.1-compatible-roots-v2
オレンジジュース,おれんじじゅーす,food,auto,wnja:1.1-compatible-roots-v2
カイロプラクター,かいろぷらくたー,person_job,auto,wnja:1.1-compatible-roots-v2
カラスノエンドウ,からすのえんどう,plant|nature,auto,wnja:1.1-compatible-roots-v2
カラフトフクロウ,からふとふくろう,animal|nature,auto,wnja:1.1-compatible-roots-v2
カルシフェロール,かるしふぇろーる,food,auto,wnja:1.1-compatible-roots-v2
キツネノテブクロ,きつねのてぶくろ,plant|nature,auto,wnja:1.1-compatible-roots-v2
キュウカンチョウ,きゅうかんちょう,animal|nature,auto,wnja:1.1-compatible-roots-v2
キーボーディスト,きーぼーでぃすと,person_job,auto,wnja:1.1-compatible-roots-v2
ギャザースカート,ぎゃざーすかーと,clothing,auto,wnja:1.1-compatible-roots-v2
クオーターバック,くおーたーばっく,person_job,auto,wnja:1.1-compatible-roots-v2
クランクシャフト,くらんくしゃふと,daily_tools,auto,wnja:1.1-compatible-roots-v2
クリスマスケーキ,くりすますけーき,food,auto,wnja:1.1-compatible-roots-v2
クリスマスローズ,くりすますろーず,plant|nature,auto,wnja:1.1-compatible-roots-v2
グラディエーター,ぐらでぃえーたー,person_job,auto,wnja:1.1-compatible-roots-v2
グラハムブレッド,ぐらはむぶれっど,food,auto,wnja:1.1-compatible-roots-v2
グレープジュース,ぐれーぷじゅーす,food,auto,wnja:1.1-compatible-roots-v2
ココナッツミルク,ここなっつみるく,food,auto,wnja:1.1-compatible-roots-v2
コナーベーション,こなーべーしょん,place_building,auto,wnja:1.1-compatible-roots-v2
コミュニケーター,こみゅにけーたー,person_job,auto,wnja:1.1-compatible-roots-v2
コリオグラファー,こりおぐらふぁー,person_job,auto,wnja:1.1-compatible-roots-v2
コレスポンデント,これすぽんでんと,person_job,auto,wnja:1.1-compatible-roots-v2
コンキスタドール,こんきすたどーる,person_job,auto,wnja:1.1-compatible-roots-v2
コンサーバティブ,こんさーばてぃぶ,person_job,auto,wnja:1.1-compatible-roots-v2
コンビネーション,こんびねーしょん,clothing,auto,wnja:1.1-compatible-roots-v2
コーディネーター,こーでぃねーたー,person_job,auto,wnja:1.1-compatible-roots-v2
コーヒークリーム,こーひーくりーむ,food,auto,wnja:1.1-compatible-roots-v2
コーヒーショップ,こーひーしょっぷ,place_building,auto,wnja:1.1-compatible-roots-v2
コーヒーブレイク,こーひーぶれいく,food,auto,wnja:1.1-compatible-roots-v2
コーヒーブレーク,こーひーぶれーく,food,auto,wnja:1.1-compatible-roots-v2
コーヒーメーカー,こーひーめーかー,daily_tools,auto,wnja:1.1-compatible-roots-v2
サイエンティスト,さいえんてぃすと,person_job,auto,wnja:1.1-compatible-roots-v2
サイコセラピスト,さいこせらぴすと,person_job,auto,wnja:1.1-compatible-roots-v2
シアノコバラミン,しあのこばらみん,food,auto,wnja:1.1-compatible-roots-v2
シナリオライター,しなりおらいたー,person_job,auto,wnja:1.1-compatible-roots-v2
シャクジョウソウ,しゃくじょうそう,plant|nature,auto,wnja:1.1-compatible-roots-v2
シャッフルボード,しゃっふるぼーど,sport,reviewed,wnja:00467536-n
シャワーカーテン,しゃわーかーてん,daily_tools,auto,wnja:1.1-compatible-roots-v2
ショウジョウソウ,しょうじょうそう,plant|nature,auto,wnja:1.1-compatible-roots-v2
ショウジョウバエ,しょうじょうばえ,animal|nature,auto,wnja:1.1-compatible-roots-v2
ショルダーパッド,しょるだーぱっど,clothing,auto,wnja:1.1-compatible-roots-v2
ショートブレッド,しょーとぶれっど,food,auto,wnja:1.1-compatible-roots-v2
シングルブレスト,しんぐるぶれすと,clothing,auto,wnja:1.1-compatible-roots-v2
スウェットスーツ,すうぇっとすーつ,clothing,auto,wnja:1.1-compatible-roots-v2
スコットランド人,すこっとらんどじん,person_job,auto,wnja:1.1-compatible-roots-v2
スタッフドエッグ,すたっふどえっぐ,food,auto,wnja:1.1-compatible-roots-v2
スチームアイロン,すちーむあいろん,daily_tools,auto,wnja:1.1-compatible-roots-v2
ストロークプレー,すとろーくぷれー,sport,auto,wnja:1.1-compatible-roots-v2
スピードスケート,すぴーどすけーと,sport,reviewed,wnja:00449168-n
スペキュレーター,すぺきゅれーたー,person_job,auto,wnja:1.1-compatible-roots-v2
スポーツウーマン,すぽーつうーまん,person_job,auto,wnja:1.1-compatible-roots-v2
スモーガスボード,すもーがすぼーど,food,auto,wnja:1.1-compatible-roots-v2
スモークサーモン,すもーくさーもん,food,auto,wnja:1.1-compatible-roots-v2
スーパータンカー,すーぱーたんかー,vehicle,auto,wnja:1.1-compatible-roots-v2
セイヨウタンポポ,せいようたんぽぽ,plant|nature,auto,wnja:1.1-compatible-roots-v2
セールスウーマン,せーるすうーまん,person_job,auto,wnja:1.1-compatible-roots-v2
ソシアルワーカー,そしあるわーかー,person_job,auto,wnja:1.1-compatible-roots-v2
チョウセンアザミ,ちょうせんあざみ,plant|nature,auto,wnja:1.1-compatible-roots-v2
ティラノサウルス,てぃらのさうるす,animal|nature,reviewed,wnja:01713764-n
ティーグラウンド,てぃーぐらうんど,place_building,auto,wnja:1.1-compatible-roots-v2
テストパイロット,てすとぱいろっと,person_job,auto,wnja:1.1-compatible-roots-v2
デモンストレータ,でもんすとれーた,person_job,auto,wnja:1.1-compatible-roots-v2
トレーラーハウス,とれーらーはうす,vehicle,reviewed,wnja:04467099-n|wnja:04520382-n
ドリップコーヒー,どりっぷこーひー,food,reviewed,wnja:07919894-n
ドレスメーキング,どれすめーきんぐ,person_job,auto,wnja:1.1-compatible-roots-v2
ニッカーボッカー,にっかーぼっかー,clothing,auto,wnja:1.1-compatible-roots-v2
ハイドロプレーン,はいどろぷれーん,vehicle,auto,wnja:1.1-compatible-roots-v2
ハジロカイツブリ,はじろかいつぶり,animal|nature,auto,wnja:1.1-compatible-roots-v2
ハモンドオルガン,はもんどおるがん,instrument|music,auto,wnja:1.1-compatible-roots-v2
ハワイアンギター,はわいあんぎたー,instrument|music,auto,wnja:1.1-compatible-roots-v2
バスクラリネット,ばすくらりねっと,instrument|music,reviewed,wnja:02803539-n
パイロットボート,ぱいろっとぼーと,vehicle,auto,wnja:1.1-compatible-roots-v2
ヒョウモンチョウ,ひょうもんちょう,animal|nature,auto,wnja:1.1-compatible-roots-v2
ピテカントロプス,ぴてかんとろぷす,animal|nature,auto,wnja:1.1-compatible-roots-v2
ピーナッツバター,ぴーなっつばたー,food,auto,wnja:1.1-compatible-roots-v2
ファーストレディ,ふぁーすとれでぃ,person_job,auto,wnja:1.1-compatible-roots-v2
フィロデンドロン,ふぃろでんどろん,plant|nature,auto,wnja:1.1-compatible-roots-v2
フォックステリア,ふぉっくすてりあ,animal|nature,auto,wnja:1.1-compatible-roots-v2
フランクフルター,ふらんくふるたー,food,auto,wnja:1.1-compatible-roots-v2
フルーツカクテル,ふるーつかくてる,food,auto,wnja:1.1-compatible-roots-v2
フルーツジュース,ふるーつじゅーす,food,auto,wnja:1.1-compatible-roots-v2
フレンチトースト,ふれんちとーすと,food,auto,wnja:1.1-compatible-roots-v2
ブラックペッパー,ぶらっくぺっぱー,plant|nature,auto,wnja:1.1-compatible-roots-v2
プリマバレリーナ,ぷりまばれりーな,person_job,auto,wnja:1.1-compatible-roots-v2
プルークボーゲン,ぷるーくぼーげん,vehicle,auto,wnja:1.1-compatible-roots-v2
プレーリードッグ,ぷれーりーどっぐ,animal|nature,auto,wnja:1.1-compatible-roots-v2
プロトケラトプス,ぷろとけらとぷす,animal|nature,auto,wnja:1.1-compatible-roots-v2
ホッキョクギツネ,ほっきょくぎつね,animal|nature,auto,wnja:1.1-compatible-roots-v2
ホモセクシュアル,ほもせくしゅある,person_job,auto,wnja:1.1-compatible-roots-v2
ホワイトペッパー,ほわいとぺっぱー,food|plant,reviewed,wnja:07815956-n
ホームグラウンド,ほーむぐらうんど,place_building,auto,wnja:1.1-compatible-roots-v2
マウンテンゴリラ,まうんてんごりら,animal|nature,auto,wnja:1.1-compatible-roots-v2
マウンテンバイク,まうんてんばいく,vehicle,reviewed,wnja:03792782-n
マスタードソース,ますたーどそーす,food,auto,wnja:1.1-compatible-roots-v2
マッキントッシュ,まっきんとっしゅ,food|fruit,auto,wnja:1.1-compatible-roots-v2
ミニッツステーキ,みにっつすてーき,food,auto,wnja:1.1-compatible-roots-v2
ミュージッシャン,みゅーじっしゃん,person_job,auto,wnja:1.1-compatible-roots-v2
ムシトリナデシコ,むしとりなでしこ,plant|nature,auto,wnja:1.1-compatible-roots-v2
メープルシロップ,めーぷるしろっぷ,food,auto,wnja:1.1-compatible-roots-v2
モルトウイスキー,もるとういすきー,food,reviewed,wnja:07907548-n
モーターサイクル,もーたーさいくる,vehicle,auto,wnja:1.1-compatible-roots-v2
ライトモティーフ,らいともてぃーふ,music,auto,wnja:1.1-compatible-roots-v2
レチタティーヴォ,れちたてぃーゔぉ,music,auto,wnja:1.1-compatible-roots-v2
レバーソーセージ,ればーそーせーじ,food,auto,wnja:1.1-compatible-roots-v2
ロッキングチェア,ろっきんぐちぇあ,daily_tools,auto,wnja:1.1-compatible-roots-v2
ロードデンドロン,ろーどでんどろん,plant|nature,auto,wnja:1.1-compatible-roots-v2
ヴァイオリニスト,ゔぁいおりにすと,person_job,auto,wnja:1.1-compatible-roots-v2
匂いあらせいとう,においあらせいとう,plant|nature,auto,wnja:1.1-compatible-roots-v2
アイスランドポピー,あいすらんどぽぴー,plant|nature,auto,wnja:1.1-compatible-roots-v2
アフタヌーンティー,あふたぬーんてぃー,food,auto,wnja:1.1-compatible-roots-v2
アートディレクター,あーとでぃれくたー,person_job,auto,wnja:1.1-compatible-roots-v2
インストゥルメント,いんすとぅるめんと,instrument|music,auto,wnja:1.1-compatible-roots-v2
インディペンデンス,いんでぃぺんでんす,place_building,auto,wnja:1.1-compatible-roots-v2
インディペンデント,いんでぃぺんでんと,person_job,auto,wnja:1.1-compatible-roots-v2
ウインドブレーカー,ういんどぶれーかー,clothing,auto,wnja:1.1-compatible-roots-v2
ウエディングケーキ,うえでぃんぐけーき,food,auto,wnja:1.1-compatible-roots-v2
ウエディングドレス,うえでぃんぐどれす,clothing,auto,wnja:1.1-compatible-roots-v2
ウォータープルーフ,うぉーたーぷるーふ,clothing,auto,wnja:1.1-compatible-roots-v2
エドモントサウルス,えどもんとさうるす,animal|nature,auto,wnja:1.1-compatible-roots-v2
エヴァンジェリスト,えゔぁんじぇりすと,person_job,auto,wnja:1.1-compatible-roots-v2
オオサンショウウオ,おおさんしょううお,animal|nature,reviewed,wnja:01633781-n
オオハシウミガラス,おおはしうみがらす,animal|nature,auto,wnja:1.1-compatible-roots-v2
グラウンドキーパー,ぐらうんどきーぱー,person_job,auto,wnja:1.1-compatible-roots-v2
コッカースパニエル,こっかーすぱにえる,animal|nature,auto,wnja:1.1-compatible-roots-v2
コントラファゴット,こんとらふぁごっと,instrument|music,reviewed,wnja:03096439-n
サラダドレッシング,さらだどれっしんぐ,food,auto,wnja:1.1-compatible-roots-v2
サーロインステーキ,さーろいんすてーき,food,auto,wnja:1.1-compatible-roots-v2
システムアナリスト,しすてむあなりすと,person_job,auto,wnja:1.1-compatible-roots-v2
シベリアンハスキー,しべりあんはすきー,animal|nature,auto,wnja:1.1-compatible-roots-v2
シュールレアリスト,しゅーるれありすと,person_job,auto,wnja:1.1-compatible-roots-v2
ショッピングカート,しょっぴんぐかーと,vehicle,auto,wnja:1.1-compatible-roots-v2
ジャイアントパンダ,じゃいあんとぱんだ,animal|nature,reviewed,wnja:02510455-n
ジュニアフェザー級,じゅにあふぇざーきゅう,person_job,auto,wnja:1.1-compatible-roots-v2
ジンジャーブレッド,じんじゃーぶれっど,food,auto,wnja:1.1-compatible-roots-v2
スコッチウイスキー,すこっちういすきー,food,auto,wnja:1.1-compatible-roots-v2
スティラコサウルス,すてぃらこさうるす,animal|nature,auto,wnja:1.1-compatible-roots-v2
ステージマネジャー,すてーじまねじゃー,person_job,auto,wnja:1.1-compatible-roots-v2
スパティフィラム属,すぱてぃふぃらむぞく,plant|nature,auto,wnja:1.1-compatible-roots-v2
スポークスパーソン,すぽーくすぱーそん,person_job,auto,wnja:1.1-compatible-roots-v2
スポーツキャスター,すぽーつきゃすたー,person_job,auto,wnja:1.1-compatible-roots-v2
スポーツジャケット,すぽーつじゃけっと,clothing,auto,wnja:1.1-compatible-roots-v2
センチメンタリスト,せんちめんたりすと,person_job,auto,wnja:1.1-compatible-roots-v2
ソーシャルワーカー,そーしゃるわーかー,person_job,auto,wnja:1.1-compatible-roots-v2
ダイニングテーブル,だいにんぐてーぶる,daily_tools,auto,wnja:1.1-compatible-roots-v2
チェーンスモーカー,ちぇーんすもーかー,person_job,auto,wnja:1.1-compatible-roots-v2
ティーンエイジャー,てぃーんえいじゃー,person_job,auto,wnja:1.1-compatible-roots-v2
ティーンエージャー,てぃーんえーじゃー,person_job,auto,wnja:1.1-compatible-roots-v2
ディスクジョッキー,でぃすくじょっきー,person_job,auto,wnja:1.1-compatible-roots-v2
ディベルティメント,でぃべるてぃめんと,music,auto,wnja:1.1-compatible-roots-v2
デモンストレーター,でもんすとれーたー,person_job,auto,wnja:1.1-compatible-roots-v2
トニックウォーター,とにっくうぉーたー,food,reviewed,wnja:07929172-n
トニックウオーター,とにっくうおーたー,food,auto,wnja:1.1-compatible-roots-v2
ニッカーボッカーズ,にっかーぼっかーず,clothing,auto,wnja:1.1-compatible-roots-v2
ニュースキャスター,にゅーすきゃすたー,person_job,auto,wnja:1.1-compatible-roots-v2
ネアンデルタール人,ねあんでるたーるじん,animal|nature,auto,wnja:1.1-compatible-roots-v2
ハンバーグステーキ,はんばーぐすてーき,food,reviewed,wnja:07664121-n
バレンシアオレンジ,ばれんしあおれんじ,food|fruit,auto,wnja:1.1-compatible-roots-v2
バーベキューソース,ばーべきゅーそーす,food,auto,wnja:1.1-compatible-roots-v2
パッションフルーツ,ぱっしょんふるーつ,food|fruit,reviewed,wnja:07753743-n
ビネグレットソース,びねぐれっとそーす,food,auto,wnja:1.1-compatible-roots-v2
ビリヤードテーブル,びりやーどてーぶる,daily_tools,auto,wnja:1.1-compatible-roots-v2
ビーフストロガノフ,びーふすとろがのふ,food,auto,wnja:1.1-compatible-roots-v2
ファッションモデル,ふぁっしょんもでる,person_job,auto,wnja:1.1-compatible-roots-v2
フォックスハウンド,ふぉっくすはうんど,animal|nature,auto,wnja:1.1-compatible-roots-v2
ブロードキャスター,ぶろーどきゃすたー,person_job,auto,wnja:1.1-compatible-roots-v2
プロスティテュート,ぷろすてぃてゅーと,person_job,auto,wnja:1.1-compatible-roots-v2
ホットチョコレート,ほっとちょこれーと,food,auto,wnja:1.1-compatible-roots-v2
マクロビオティック,まくろびおてぃっく,food,auto,wnja:1.1-compatible-roots-v2
マーチャンダイザー,まーちゃんだいざー,person_job,auto,wnja:1.1-compatible-roots-v2
ミネラルウオーター,みねらるうおーたー,food,auto,wnja:1.1-compatible-roots-v2
ヨークシャーテリア,よーくしゃーてりあ,animal|nature,auto,wnja:1.1-compatible-roots-v2
ロックミュージック,ろっくみゅーじっく,music,auto,wnja:1.1-compatible-roots-v2
アイリッシュコーヒー,あいりっしゅこーひー,food,auto,wnja:1.1-compatible-roots-v2
アイリッシュシチュー,あいりっしゅしちゅー,food,auto,wnja:1.1-compatible-roots-v2
イングリッシュホルン,いんぐりっしゅほるん,instrument|music,reviewed,wnja:03288742-n
インスタントコーヒー,いんすたんとこーひー,food,auto,wnja:1.1-compatible-roots-v2
インターネットカフェ,いんたーねっとかふぇ,place_building,auto,wnja:1.1-compatible-roots-v2
インテリアデザイナー,いんてりあでざいなー,person_job,auto,wnja:1.1-compatible-roots-v2
ウインナーソーセージ,ういんなーそーせーじ,food,reviewed,wnja:07676855-n
オープンサンドイッチ,おーぷんさんどいっち,food,auto,wnja:1.1-compatible-roots-v2
コミュニティセンター,こみゅにてぃせんたー,place_building,auto,wnja:1.1-compatible-roots-v2
コレカルシフェロール,これかるしふぇろーる,food,auto,wnja:1.1-compatible-roots-v2
ステージマネージャー,すてーじまねーじゃー,person_job,auto,wnja:1.1-compatible-roots-v2
ゼネラルマネージャー,ぜねらるまねーじゃー,person_job,auto,wnja:1.1-compatible-roots-v2
チェスターフィールド,ちぇすたーふぃーるど,person_job,auto,wnja:1.1-compatible-roots-v2
ネイティブスピーカー,ねいてぃぶすぴーかー,person_job,auto,wnja:1.1-compatible-roots-v2
バキュームクリーナー,ばきゅーむくりーなー,daily_tools,auto,wnja:1.1-compatible-roots-v2
バードサンクチュアリ,ばーどさんくちゅあり,place_building,auto,wnja:1.1-compatible-roots-v2
フレンチドレッシング,ふれんちどれっしんぐ,food,auto,wnja:1.1-compatible-roots-v2
リクライニングチェア,りくらいにんぐちぇあ,daily_tools,auto,wnja:1.1-compatible-roots-v2
リズムアンドブルース,りずむあんどぶるーす,music,auto,wnja:1.1-compatible-roots-v2
アコースティックギター,あこーすてぃっくぎたー,instrument|music,reviewed,wnja:02676566-n
アメリカンフットボール,あめりかんふっとぼーる,sport,auto,wnja:1.1-compatible-roots-v2
インターナショナリスト,いんたーなしょなりすと,person_job,auto,wnja:1.1-compatible-roots-v2
エルゴカルシフェロール,えるごかるしふぇろーる,food,auto,wnja:1.1-compatible-roots-v2
カントリーミュージック,かんとりーみゅーじっく,music,auto,wnja:1.1-compatible-roots-v2
グラフィックデザイナー,ぐらふぃっくでざいなー,person_job,auto,wnja:1.1-compatible-roots-v2
スパーリングパートナー,すぱーりんぐぱーとなー,person_job,auto,wnja:1.1-compatible-roots-v2
ヒルビリーミュージック,ひるびりーみゅーじっく,music,auto,wnja:1.1-compatible-roots-v2
ポピュラーミュージック,ぽぴゅらーみゅーじっく,music,auto,wnja:1.1-compatible-roots-v2
フィギュアスケーティング,ふぃぎゅあすけーてぃんぐ,sport,auto,wnja:1.1-compatible-roots-v2
フィッシュアンドチップス,ふぃっしゅあんどちっぷす,food,auto,wnja:1.1-compatible-roots-v2
フランクフルトソーセージ,ふらんくふるとそーせーじ,food,reviewed,wnja:07675627-n|wnja:07676602-n
カントリーアンドウエスタン,かんとりーあんどうえすたん,music,auto,wnja:1.1-compatible-roots-v2
システムアドミニストレータ,しすてむあどみにすとれーた,person_job,auto,wnja:1.1-compatible-roots-v2
サウザンドアイランドドレッシング,さうざんどあいらんどどれっしんぐ,food,auto,wnja:1.1-compatible-roots-v2
イラク,いらく,country,reviewed,wnja:08913434-n
イラン,いらん,country,reviewed,wnja:08910668-n
ガンボ,がんぼ,food|vegetable,reviewed,wnja:07733394-n
ガーナ,がーな,country,reviewed,wnja:08946187-n
チェコ,ちぇこ,country,reviewed,wnja:08757264-n
ツバル,つばる,country,reviewed,wnja:08840374-n
ドイツ,どいつ,country,reviewed,wnja:08766988-n
バハマ,ばはま,country,reviewed,wnja:08847268-n
パナマ,ぱなま,country,reviewed,wnja:08739206-n
ペプシ,ぺぷし,food,reviewed,wnja:07928790-n
ペルー,ぺるー,country,reviewed,wnja:08979054-n
モナコ,もなこ,country,reviewed,wnja:08967868-n
味の素,あじのもと,food,reviewed,wnja:07828378-n
アンゴラ,あんごら,country,reviewed,wnja:08707917-n
イエメン,いえめん,country,reviewed,wnja:09164561-n
エアバス,えあばす,vehicle,reviewed,wnja:02686121-n
エジプト,えじぷと,country,reviewed,wnja:08897065-n
ガイアナ,がいあな,country,reviewed,wnja:08948346-n
キプロス,きぷろす,country,reviewed,wnja:08756884-n
キューバ,きゅーば,country,reviewed,wnja:08750334-n
ギリシア,ぎりしあ,country,reviewed,wnja:08780881-n
スペイン,すぺいん,country,reviewed,wnja:09023321-n
スリナム,すりなむ,country,reviewed,wnja:09030752-n
スーダン,すーだん,country,reviewed,wnja:09029457-n
ソマリア,そまりあ,country,reviewed,wnja:08998560-n
タイ王国,たいおうこく,country,reviewed,wnja:09036452-n
タバスコ,たばすこ,food,reviewed,wnja:07826091-n|wnja:07839312-n
チベット,ちべっと,country,reviewed,wnja:08906952-n
バヌアツ,ばぬあつ,country,reviewed,wnja:09160775-n
フィジー,ふぃじー,country,reviewed,wnja:08779149-n
ブラジル,ぶらじる,country,reviewed,wnja:08853741-n
ブルネイ,ぶるねい,country,reviewed,wnja:08896092-n
ブルンジ,ぶるんじ,country,reviewed,wnja:08716219-n
ベトナム,べとなむ,country,reviewed,wnja:09163192-n
モルドバ,もるどば,country,reviewed,wnja:09014586-n
リベリア,りべりあ,country,reviewed,wnja:08959254-n
ルワンダ,るわんだ,country,reviewed,wnja:08815046-n
大韓民国,だいかんみんこく,country,reviewed,wnja:08955626-n
アルメニア,あるめにあ,country,reviewed,wnja:09017526-n
カンボジア,かんぼじあ,country,reviewed,wnja:08716738-n
グアテマラ,ぐあてまら,country,reviewed,wnja:08737041-n
コカコーラ,こかこーら,food,reviewed,wnja:07928696-n
コロンビア,ころんびあ,country,reviewed,wnja:08732116-n
スイス連邦,すいすれんぽう,country,reviewed,wnja:09031653-n
チュニジア,ちゅにじあ,country,reviewed,wnja:09037394-n
デンマーク,でんまーく,country,reviewed,wnja:08761244-n
デーゲーム,でーげーむ,sport,reviewed,wnja:00456465-n
ノルウェー,のるうぇー,country,reviewed,wnja:08764107-n
ハンガリー,はんがりー,country,reviewed,wnja:08952190-n
バスドラム,ばすどらむ,instrument|music,reviewed,wnja:02803666-n
パキスタン,ぱきすたん,country,reviewed,wnja:08975902-n
フィリピン,ふぃりぴん,country,reviewed,wnja:08981244-n
ブルガリア,ぶるがりあ,country,reviewed,wnja:08714132-n
ベネズエラ,べねずえら,country,reviewed,wnja:09161803-n
ミャンマー,みゃんまー,country,reviewed,wnja:08715390-n
南アフリカ,みなみあふりか,country,reviewed,wnja:08999482-n
赤道ギニア,せきどうぎにあ,country,reviewed,wnja:08763500-n
アイスランド,あいすらんど,country,reviewed,wnja:08953324-n
アイルランド,あいるらんど,country,reviewed,wnja:08888676-n
イングランド,いんぐらんど,country,reviewed,wnja:08871007-n
インドネシア,いんどねしあ,country,reviewed,wnja:08907606-n
オランダ王国,おらんだおうこく,country,reviewed,wnja:08949093-n
キルギスタン,きるぎすたん,country,reviewed,wnja:09020440-n
ギニアビサウ,ぎにあびさう,country,reviewed,wnja:08947772-n
ケニア共和国,けにあきょうわこく,country,reviewed,wnja:08928193-n
コンゴ共和国,こんごきょうわこく,country,reviewed,wnja:08734044-n
スウェーデン,すうぇーでん,country,reviewed,wnja:08765890-n
ポテトチップ,ぽてとちっぷ,food,reviewed,wnja:07712559-n
モーリタニア,もーりたにあ,country,reviewed,wnja:08966820-n
アスレチックス,あすれちっくす,sport,reviewed,wnja:00463246-n
ウズベキスタン,うずべきすたん,country,reviewed,wnja:09022265-n
スコットランド,すこっとらんど,country,reviewed,wnja:08890097-n
スチールギター,すちーるぎたー,instrument|music,reviewed,wnja:03499907-n
ハックルベリー,はっくるべりー,food|plant|fruit,reviewed,wnja:07743384-n
マーシャル諸島,まーしゃるしょとう,country,reviewed,wnja:08839092-n
ラケットボール,らけっとぼーる,sport,reviewed,wnja:00479616-n
リードオルガン,りーどおるがん,instrument|music,reviewed,wnja:03494537-n
レッドキャベツ,れっどきゃべつ,food|plant|vegetable,reviewed,wnja:07714802-n
ロードローラー,ろーどろーらー,vehicle,reviewed,wnja:04310157-n
アゼルバイジャン,あぜるばいじゃん,country,reviewed,wnja:09018162-n
コンゴ民主共和国,こんごみんしゅきょうわこく,country,reviewed,wnja:08734385-n
スキンダイビング,すきんだいびんぐ,sport,reviewed,wnja:00444651-n
トルクメニスタン,とるくめにすたん,country,reviewed,wnja:09021503-n
ドイツ連邦共和国,どいつれんぽうきょうわこく,country,reviewed,wnja:08766988-n|wnja:08768881-n
ハンググライダー,はんぐぐらいだー,vehicle,reviewed,wnja:03491032-n
ベラルーシ共和国,べらるーしきょうわこく,country,reviewed,wnja:09011151-n
ポーランド共和国,ぽーらんどきょうわこく,country,reviewed,wnja:08982587-n
アップライトピアノ,あっぷらいとぴあの,instrument|music,reviewed,wnja:04515003-n
ステーションワゴン,すてーしょんわごん,vehicle,reviewed,wnja:02814533-n|wnja:04201733-n
トリニダードトバゴ,とりにだーどとばご,country,reviewed,wnja:08756202-n
パプアニューギニア,ぱぷあにゅーぎにあ,country,reviewed,wnja:08844557-n
フィールドホッケー,ふぃーるどほっけー,sport,reviewed,wnja:00467995-n
フライフィッシング,ふらいふぃっしんぐ,sport,reviewed,wnja:00454395-n
ラオス人民民主共和国,らおすじんみんみんしゅきょうわこく,country,reviewed,wnja:08956760-n
ボスニアヘルツェゴビナ,ぼすにあへるつぇごびな,country,reviewed,wnja:08817630-n
バングラデシュ人民共和国,ばんぐらでしゅじんみんきょうわこく,country,reviewed,wnja:08848731-n
いか,いか,food,reviewed,wnja:07781801-n
アリ,あり,animal,reviewed,wnja:02219486-n
イカ,いか,animal,reviewed,wnja:01971280-n
イヌ,いぬ,animal,reviewed,wnja:02084071-n
ウシ,うし,animal,reviewed,wnja:02402010-n|wnja:02402175-n|wnja:02402425-n
ウマ,うま,animal,reviewed,wnja:02374149-n|wnja:02374451-n
カニ,かに,food,reviewed,wnja:07787715-n
カバ,かば,animal,reviewed,wnja:02398521-n
カメ,かめ,animal,reviewed,wnja:01662622-n|wnja:01662784-n
キジ,きじ,animal,reviewed,wnja:01803078-n
クモ,くも,animal,reviewed,wnja:01772222-n
クワ,くわ,plant,reviewed,wnja:12399132-n
コイ,こい,food,reviewed,wnja:07779123-n
サケ,さけ,food,reviewed,wnja:07795751-n
サメ,さめ,animal,reviewed,wnja:01482330-n
ゾウ,ぞう,animal,reviewed,wnja:02503517-n
テン,てん,animal,reviewed,wnja:02450034-n
トビ,とび,animal,reviewed,wnja:01608432-n
トラ,とら,animal,reviewed,wnja:02129604-n
ナシ,なし,food|fruit,reviewed,wnja:07767847-n
ネコ,ねこ,animal,reviewed,wnja:02121620-n
ハス,はす,plant,reviewed,wnja:11717399-n
バラ,ばら,plant,reviewed,wnja:12620196-n
ブリ,ぶり,animal,reviewed,wnja:02578928-n
ヘビ,へび,animal,reviewed,wnja:01726692-n
マス,ます,food,reviewed,wnja:07794452-n|wnja:07794744-n
モモ,もも,plant|fruit,reviewed,wnja:07751004-n|wnja:12648045-n
ユリ,ゆり,plant,reviewed,wnja:12426248-n
乗物,のりもの,vehicle,reviewed,wnja:04524313-n
乾酪,かんらく,food,reviewed,wnja:07850329-n
仔犬,こいぬ,animal,reviewed,wnja:01322604-n
力車,りきしゃ,vehicle,reviewed,wnja:03599486-n
庭球,ていきゅう,sport,reviewed,wnja:00482298-n
引船,ひきふね,vehicle,reviewed,wnja:04495843-n
戦車,せんしゃ,vehicle,reviewed,wnja:04389033-n
排球,はいきゅう,sport,reviewed,wnja:00480211-n
栴檀,せんだん,plant,reviewed,wnja:12553742-n
楽器,がっき,instrument,reviewed,wnja:03800933-n
漕艇,そうてい,sport,reviewed,wnja:00445351-n
火酒,かしゅ,food,reviewed,wnja:07901587-n
煙草,たばこ,plant,reviewed,wnja:12907465-n
珈琲,こーひー,food,reviewed,wnja:07929519-n
短艇,たんてい,vehicle,reviewed,wnja:02858304-n
競走,きょうそう,sport,reviewed,wnja:00449295-n
籠球,ろうきゅう,sport,reviewed,wnja:00480993-n
胡椒,こしょう,food|plant,reviewed,wnja:07815588-n|wnja:13149506-n
葉物,はもの,vegetable,reviewed,wnja:07709333-n
蝦蛄,しゃこ,animal,reviewed,wnja:01990007-n|wnja:01990516-n
郵船,ゆうせん,vehicle,reviewed,wnja:03710079-n
闘鶏,とうけい,sport,reviewed,wnja:00452152-n
うなぎ,うなぎ,food,reviewed,wnja:07783967-n
わさび,わさび,plant,reviewed,wnja:11899921-n
アカザ,あかざ,vegetable,reviewed,wnja:07733712-n|wnja:07733847-n
イチイ,いちい,plant,reviewed,wnja:11661372-n
イチゴ,いちご,food|plant|fruit,reviewed,wnja:07745940-n|wnja:12630144-n
ウナギ,うなぎ,animal,reviewed,wnja:02526121-n
カイコ,かいこ,animal,reviewed,wnja:02300554-n|wnja:02300797-n|wnja:02302620-n
カエル,かえる,animal,reviewed,wnja:01639765-n
カツオ,かつお,food,reviewed,wnja:07781022-n
キツネ,きつね,animal,reviewed,wnja:02118333-n
クルミ,くるみ,fruit,reviewed,wnja:07771212-n
サクラ,さくら,plant,reviewed,wnja:12641413-n
サソリ,さそり,animal,reviewed,wnja:01770393-n
サンゴ,さんご,animal,reviewed,wnja:01915811-n
シオン,しおん,plant,reviewed,wnja:11934807-n
スイカ,すいか,food|plant|fruit,reviewed,wnja:07756951-n|wnja:12164065-n
スズメ,すずめ,animal,reviewed,wnja:01527347-n|wnja:01539573-n
タヌキ,たぬき,animal,reviewed,wnja:02116450-n
ダイズ,だいず,plant,reviewed,wnja:12532168-n
ツバキ,つばき,plant,reviewed,wnja:12929403-n
ニシン,にしん,food,reviewed,wnja:07784522-n
ヒョウ,ひょう,animal,reviewed,wnja:02128385-n
フヨウ,ふよう,plant,reviewed,wnja:12179122-n
ブドウ,ぶどう,food|fruit,reviewed,wnja:07758680-n
ホタル,ほたる,animal,reviewed,wnja:02168245-n
ミカン,みかん,food,reviewed,wnja:07747607-n
リンゴ,りんご,food,reviewed,wnja:07739125-n
レイシ,れいし,food|fruit,reviewed,wnja:07766173-n
レモン,れもん,food|plant|fruit,reviewed,wnja:07749582-n|wnja:12711596-n
信天翁,あほうどり,animal,reviewed,wnja:02058221-n
公孫樹,いちょう,plant,reviewed,wnja:11664418-n
水上機,すいじょうき,vehicle,reviewed,wnja:04160586-n
油淋鶏,ゆーりんちー,food,reviewed,manual:user-food-v1
法蓮草,ほうれんそう,vegetable,reviewed,wnja:07736692-n
湯豆腐,ゆどうふ,food,reviewed,manual:user-food-v1
玉蜀黍,とうもろこし,plant,reviewed,wnja:12143676-n
輸送船,ゆそうせん,vehicle,reviewed,wnja:04474187-n
じゃが芋,じゃがいも,food|vegetable,reviewed,wnja:07710616-n
アサガオ,あさがお,plant,reviewed,wnja:12826516-n
イチジク,いちじく,plant,reviewed,wnja:12401335-n|wnja:12401684-n
イッカク,いっかく,animal,reviewed,wnja:02072493-n
キュウリ,きゅうり,plant,reviewed,wnja:12165384-n
キンカン,きんかん,fruit,reviewed,wnja:07749446-n
コウモリ,こうもり,animal,reviewed,wnja:02139199-n
スイレン,すいれん,plant,reviewed,wnja:11714853-n
タンポポ,たんぽぽ,plant,reviewed,wnja:12024176-n
ダイダイ,だいだい,fruit,reviewed,wnja:07748753-n
テンサイ,てんさい,plant,reviewed,wnja:11833073-n
ニジマス,にじます,food,reviewed,wnja:07794605-n
ニワトリ,にわとり,animal,reviewed,wnja:01791625-n
ニンニク,にんにく,food|plant,reviewed,wnja:07818277-n|wnja:12434775-n
ハヤブサ,はやぶさ,animal,reviewed,wnja:01610955-n|wnja:01611472-n
フクロウ,ふくろう,animal,reviewed,wnja:01621127-n
リンドウ,りんどう,plant,reviewed,wnja:12293723-n
カブトガニ,かぶとがに,animal,reviewed,wnja:01788291-n
サツマイモ,さつまいも,plant,reviewed,wnja:12827684-n
トウガラシ,とうがらし,vegetable,reviewed,wnja:07722052-n
ヒョウタン,ひょうたん,plant,reviewed,wnja:12157769-n
ヒヨコマメ,ひよこまめ,vegetable,reviewed,wnja:07726095-n
ライチョウ,らいちょう,animal,reviewed,wnja:01796340-n
黒コショウ,くろこしょう,food,reviewed,wnja:07815839-n
ホウレンソウ,ほうれんそう,plant,reviewed,wnja:11835568-n
ユーリンチー,ゆーりんちー,food,reviewed,manual:user-food-v1
